date,open,high,low,close,volume
1980-12-12,0.098122,0.098549,0.098122,0.098122,469033600
1980-12-15,0.093430,0.093430,0.093003,0.093003,175884800
1980-12-16,0.086604,0.086604,0.086177,0.086177,105728000
1980-12-17,0.088310,0.088737,0.088310,0.088310,86441600
1980-12-18,0.090870,0.091297,0.090870,0.090870,73449600
1980-12-19,0.096416,0.096843,0.096416,0.096416,48630400
1980-12-22,0.101109,0.101536,0.101109,0.101109,37363200
1980-12-23,0.105375,0.105802,0.105375,0.105375,46950400
1980-12-24,0.110921,0.111348,0.110921,0.110921,48003200
1980-12-26,0.121160,0.121586,0.121160,0.121160,55574400
1980-12-29,0.122866,0.123293,0.122866,0.122866,93161600
1980-12-30,0.120307,0.120307,0.119880,0.119880,68880000
1980-12-31,0.116894,0.116894,0.116467,0.116467,35750400
1981-01-02,0.117747,0.118600,0.117747,0.117747,21660800
1981-01-05,0.115614,0.115614,0.115188,0.115188,35728000
1981-01-06,0.110494,0.110494,0.110068,0.110068,45158400
1981-01-07,0.105802,0.105802,0.105375,0.105375,55686400
1981-01-08,0.103669,0.103669,0.103242,0.103242,39827200
1981-01-09,0.108788,0.109215,0.108788,0.108788,21504000
1981-01-12,0.108788,0.108788,0.107935,0.107935,23699200
1981-01-13,0.104522,0.104522,0.104095,0.104095,23049600
1981-01-14,0.104522,0.104949,0.104522,0.104522,14291200
1981-01-15,0.106655,0.107508,0.106655,0.106655,14067200
1981-01-16,0.106228,0.106228,0.105802,0.105802,13395200
1981-01-19,0.112201,0.112627,0.112201,0.112201,41574400
1981-01-20,0.109215,0.109215,0.108788,0.108788,30083200
1981-01-21,0.110921,0.111774,0.110921,0.110921,15904000
1981-01-22,0.112201,0.113054,0.112201,0.112201,35548800
1981-01-23,0.112201,0.112627,0.111774,0.111774,11222400
1981-01-26,0.110494,0.110494,0.110068,0.110068,24640000
1981-01-27,0.110068,0.110068,0.109215,0.109215,23699200
1981-01-28,0.106228,0.106228,0.105802,0.105802,28156800
1981-01-29,0.102389,0.102389,0.101962,0.101962,43904000
1981-01-30,0.097269,0.097269,0.096416,0.096416,46188800
1981-02-02,0.091297,0.091297,0.090870,0.090870,23766400
1981-02-03,0.094283,0.094710,0.094283,0.094283,19152000
1981-02-04,0.097696,0.098122,0.097696,0.097696,27865600
1981-02-05,0.097696,0.098549,0.097696,0.097696,7929600
1981-02-06,0.098122,0.098549,0.098122,0.098122,13865600
1981-02-09,0.093856,0.093856,0.093003,0.093003,16755200
1981-02-10,0.093003,0.093430,0.093003,0.093003,18345600
1981-02-11,0.090444,0.090444,0.090017,0.090017,13843200
1981-02-12,0.089591,0.089591,0.089163,0.089163,14560000
1981-02-13,0.087883,0.087883,0.087030,0.087030,11155200
1981-02-17,0.089163,0.089591,0.089163,0.089163,12275200
1981-02-18,0.093003,0.093856,0.093003,0.093003,19241600
1981-02-19,0.087883,0.087883,0.087457,0.087457,22310400
1981-02-20,0.083191,0.083191,0.082764,0.082764,24371200
1981-02-23,0.084044,0.084471,0.084044,0.084044,14112000
1981-02-24,0.081911,0.081911,0.081058,0.081058,16979200
1981-02-25,0.086177,0.086604,0.086177,0.086177,19488000
1981-02-26,0.087457,0.087883,0.087457,0.087457,10841600
1981-02-27,0.090444,0.091297,0.090444,0.090444,14761600
1981-03-02,0.090870,0.091297,0.090870,0.090870,11760000
1981-03-03,0.090017,0.090017,0.089591,0.089591,16172800
1981-03-04,0.089163,0.089163,0.088737,0.088737,13708800
1981-03-05,0.088737,0.088737,0.088310,0.088310,5376000
1981-03-06,0.088310,0.088310,0.087457,0.087457,11603200
1981-03-09,0.081058,0.081058,0.080631,0.080631,15321600
1981-03-10,0.077218,0.077218,0.076791,0.076791,28380800
1981-03-11,0.074658,0.074658,0.073805,0.073805,29859200
1981-03-12,0.076791,0.077218,0.076791,0.076791,59248000
1981-03-13,0.076365,0.076365,0.075938,0.075938,231302400
1981-03-16,0.078925,0.079778,0.078925,0.078925,37228800
1981-03-17,0.082764,0.083617,0.082764,0.082764,43747200
1981-03-18,0.087883,0.088737,0.087883,0.087883,36937600
1981-03-19,0.087457,0.087457,0.087030,0.087030,37811200
1981-03-20,0.087883,0.088737,0.087883,0.087883,14604800
1981-03-23,0.091297,0.092150,0.091297,0.091297,22019200
1981-03-24,0.091297,0.091297,0.090870,0.090870,28156800
1981-03-25,0.090017,0.090017,0.089163,0.089163,7056000
1981-03-26,0.087883,0.087883,0.087457,0.087457,12275200
1981-03-27,0.084897,0.084897,0.084471,0.084471,12252800
1981-03-30,0.084471,0.085324,0.084471,0.084471,9900800
1981-03-31,0.084471,0.084471,0.083617,0.083617,15993600
1981-04-01,0.083191,0.083191,0.082764,0.082764,34070400
1981-04-02,0.090017,0.090444,0.090017,0.090017,31404800
1981-04-03,0.090444,0.090870,0.090444,0.090444,16486400
1981-04-06,0.089163,0.089163,0.088737,0.088737,22803200
1981-04-07,0.088310,0.088310,0.087883,0.087883,10684800
1981-04-08,0.092150,0.093003,0.092150,0.092150,21952000
1981-04-09,0.093856,0.094283,0.093856,0.093856,12499200
1981-04-10,0.095136,0.095563,0.095136,0.095136,33465600
1981-04-13,0.095136,0.095563,0.095136,0.095136,16060800
1981-04-14,0.095136,0.095563,0.095136,0.095136,6652800
1981-04-15,0.090870,0.090870,0.090444,0.090444,34048000
1981-04-16,0.085750,0.085750,0.085324,0.085324,23878400
1981-04-20,0.087883,0.088310,0.087883,0.087883,35347200
1981-04-21,0.093856,0.094283,0.093856,0.093856,28537600
1981-04-22,0.097269,0.097696,0.097269,0.097269,18995200
1981-04-23,0.099829,0.100255,0.099829,0.099829,58016000
1981-04-24,0.099829,0.099829,0.098976,0.098976,35056000
1981-04-27,0.098549,0.098549,0.098122,0.098122,38528000
1981-04-28,0.096843,0.096843,0.096416,0.096416,32188800
1981-04-29,0.095563,0.095563,0.095136,0.095136,13641600
1981-04-30,0.096843,0.097696,0.096843,0.096843,12611200
1981-05-01,0.096843,0.097696,0.096843,0.096843,16553600
1981-05-04,0.096843,0.096843,0.096416,0.096416,14448000
1981-05-05,0.096416,0.096416,0.095989,0.095989,17539200
1981-05-06,0.093856,0.093856,0.093430,0.093430,18950400
1981-05-07,0.094710,0.095136,0.094710,0.094710,9363200
1981-05-08,0.095563,0.095989,0.095563,0.095563,7907200
1981-05-11,0.093856,0.093856,0.093430,0.093430,11939200
1981-05-12,0.093430,0.094710,0.093430,0.093430,4256000
1981-05-13,0.093430,0.094283,0.093003,0.093003,4905600
1981-05-14,0.092577,0.092577,0.091724,0.091724,4928000
1981-05-15,0.093856,0.095136,0.093856,0.093856,4905600
1981-05-18,0.095563,0.096416,0.095563,0.095563,4166400
1981-05-19,0.094283,0.094283,0.093856,0.093856,25424000
1981-05-20,0.096843,0.097696,0.096843,0.096843,13283200
1981-05-21,0.102389,0.102816,0.102389,0.102389,32211200
1981-05-22,0.107082,0.107935,0.107082,0.107082,31427200
1981-05-26,0.107082,0.107082,0.106655,0.106655,85344000
1981-05-27,0.112627,0.113054,0.112627,0.112627,149497600
1981-05-28,0.112627,0.113054,0.112627,0.112627,73987200
1981-05-29,0.113054,0.113481,0.113054,0.113054,59382400
1981-06-01,0.113054,0.113481,0.113054,0.113054,51251200
1981-06-02,0.107935,0.107935,0.107508,0.107508,40432000
1981-06-03,0.107508,0.108361,0.107508,0.107508,39446400
1981-06-04,0.109641,0.110068,0.109641,0.109641,56067200
1981-06-05,0.108361,0.108361,0.107935,0.107935,57680000
1981-06-08,0.104522,0.104522,0.104095,0.104095,93497600
1981-06-09,0.106228,0.106655,0.106228,0.106228,119593600
1981-06-10,0.107508,0.108788,0.107508,0.107508,25222400
1981-06-11,0.112201,0.112627,0.112201,0.112201,38976000
1981-06-12,0.111348,0.111348,0.110921,0.110921,25804800
1981-06-15,0.110921,0.110921,0.110494,0.110494,143763200
1981-06-16,0.108788,0.108788,0.108361,0.108361,37251200
1981-06-17,0.107082,0.107082,0.106655,0.106655,27574400
1981-06-18,0.106655,0.107082,0.106228,0.106228,23049600
1981-06-19,0.103669,0.103669,0.103242,0.103242,27507200
1981-06-22,0.099829,0.099829,0.099402,0.099402,10841600
1981-06-23,0.101109,0.101962,0.101109,0.101109,15030400
1981-06-24,0.099402,0.099402,0.098549,0.098549,23027200
1981-06-25,0.100682,0.101109,0.100682,0.100682,24259200
1981-06-26,0.100255,0.100255,0.099402,0.099402,23788800
1981-06-29,0.096843,0.096843,0.095989,0.095989,10595200
1981-06-30,0.089163,0.089163,0.088737,0.088737,35907200
1981-07-01,0.088310,0.088310,0.087883,0.087883,170464000
1981-07-02,0.087883,0.088310,0.087883,0.087883,30284800
1981-07-06,0.085750,0.085750,0.084897,0.084897,16531200
1981-07-07,0.085750,0.086604,0.085750,0.085750,15836800
1981-07-08,0.089163,0.089591,0.089163,0.089163,16620800
1981-07-09,0.082764,0.082764,0.082338,0.082338,32883200
1981-07-10,0.076365,0.076365,0.075938,0.075938,55171200
1981-07-13,0.077645,0.078072,0.077645,0.077645,45740800
1981-07-14,0.081058,0.081911,0.081058,0.081058,19779200
1981-07-15,0.083191,0.083618,0.083191,0.083191,10953600
1981-07-16,0.085324,0.086177,0.085324,0.085324,15232000
1981-07-17,0.088310,0.088737,0.088310,0.088310,19824000
1981-07-20,0.082764,0.082764,0.082338,0.082338,23654400
1981-07-21,0.082338,0.082338,0.081911,0.081911,31942400
1981-07-22,0.078072,0.078072,0.077218,0.077218,22668800
1981-07-23,0.079352,0.079778,0.079352,0.079352,34451200
1981-07-24,0.081911,0.082338,0.081911,0.081911,28851200
1981-07-27,0.085324,0.085750,0.085324,0.085324,17337600
1981-07-28,0.082764,0.082764,0.082338,0.082338,22848000
1981-07-29,0.081485,0.081485,0.081058,0.081058,15500800
1981-07-30,0.084044,0.084897,0.084044,0.084044,9900800
1981-07-31,0.085324,0.085750,0.085324,0.085324,10953600
1981-08-03,0.085324,0.085324,0.084471,0.084471,12432000
1981-08-04,0.085750,0.086177,0.085750,0.085750,31673600
1981-08-05,0.088310,0.088737,0.088310,0.088310,17494400
1981-08-06,0.086604,0.086604,0.086177,0.086177,10528000
1981-08-07,0.086177,0.086604,0.086177,0.086177,9206400
1981-08-10,0.086177,0.086177,0.086177,0.086177,0
1981-08-11,0.084471,0.084471,0.083617,0.083617,71456000
1981-08-12,0.082338,0.082338,0.081911,0.081911,26275200
1981-08-13,0.079778,0.079778,0.079352,0.079352,27484800
1981-08-14,0.078925,0.078925,0.078072,0.078072,24192000
1981-08-17,0.076365,0.076365,0.075511,0.075511,18905600
1981-08-18,0.074658,0.074658,0.073805,0.073805,17001600
1981-08-19,0.073805,0.073805,0.072952,0.072952,20675200
1981-08-20,0.073805,0.074232,0.073805,0.073805,17113600
1981-08-21,0.069539,0.069539,0.068686,0.068686,41910400
1981-08-24,0.064846,0.064846,0.064419,0.064419,23072000
1981-08-25,0.066126,0.066553,0.066126,0.066126,40700800
1981-08-26,0.065272,0.065272,0.064846,0.064846,33600000
1981-08-27,0.065272,0.065700,0.065272,0.065272,25916800
1981-08-28,0.068686,0.069113,0.068686,0.068686,38035200
1981-08-31,0.068686,0.069113,0.068686,0.068686,40947200
1981-09-01,0.072952,0.073379,0.072952,0.072952,37027200
1981-09-02,0.074232,0.074658,0.074232,0.074232,19376000
1981-09-03,0.071246,0.071246,0.070392,0.070392,37475200
1981-09-04,0.069966,0.069966,0.069539,0.069539,15254400
1981-09-08,0.067833,0.067833,0.067406,0.067406,25446400
1981-09-09,0.067406,0.067833,0.067406,0.067406,30531200
1981-09-10,0.067833,0.068259,0.067833,0.067833,34809600
1981-09-11,0.067406,0.067406,0.066980,0.066980,17539200
1981-09-14,0.065272,0.065272,0.064846,0.064846,27686400
1981-09-15,0.063566,0.063566,0.063139,0.063139,19510400
1981-09-16,0.062286,0.062286,0.061860,0.061860,19353600
1981-09-17,0.060580,0.060580,0.060153,0.060153,19376000
1981-09-18,0.060580,0.061007,0.060580,0.060580,26320000
1981-09-21,0.061007,0.061433,0.061007,0.061007,49033600
1981-09-22,0.058020,0.058020,0.057594,0.057594,47420800
1981-09-23,0.057167,0.057167,0.056314,0.056314,28201600
1981-09-24,0.056314,0.056314,0.055887,0.055887,18300800
1981-09-25,0.049488,0.049488,0.048635,0.048635,34608000
1981-09-28,0.049061,0.049488,0.049061,0.049061,91728000
1981-09-29,0.051621,0.052047,0.051621,0.051621,94684800
1981-09-30,0.052047,0.052474,0.052047,0.052047,49996800
1981-10-01,0.052047,0.052474,0.052047,0.052047,61129600
1981-10-02,0.056314,0.056741,0.056314,0.056314,45046400
1981-10-05,0.058020,0.058874,0.058020,0.058020,43097600
1981-10-06,0.058020,0.058020,0.057594,0.057594,28358400
1981-10-07,0.061007,0.061860,0.061007,0.061007,38841600
1981-10-08,0.063139,0.063566,0.063139,0.063139,31091200
1981-10-09,0.063566,0.064419,0.063566,0.063566,54521600
1981-10-12,0.065700,0.066126,0.065700,0.065700,27350400
1981-10-13,0.065700,0.066553,0.065700,0.065700,44195200
1981-10-14,0.062286,0.062286,0.061860,0.061860,30979200
1981-10-15,0.063139,0.063566,0.063139,0.063139,29433600
1981-10-16,0.062713,0.062713,0.062286,0.062286,36467200
1981-10-19,0.063566,0.063993,0.063566,0.063566,20585600
1981-10-20,0.066980,0.067406,0.066980,0.066980,35728000
1981-10-21,0.066980,0.067406,0.066980,0.066980,76899200
1981-10-22,0.066980,0.066980,0.066553,0.066553,32278400
1981-10-23,0.065272,0.065272,0.064846,0.064846,27910400
1981-10-26,0.064846,0.065272,0.064846,0.064846,27283200
1981-10-27,0.066126,0.066980,0.066126,0.066126,85590400
1981-10-28,0.068259,0.068686,0.068259,0.068259,44172800
1981-10-29,0.067833,0.067833,0.067406,0.067406,30486400
1981-10-30,0.068259,0.068686,0.068259,0.068259,52729600
1981-11-02,0.068259,0.068686,0.068259,0.068259,36915200
1981-11-03,0.067833,0.067833,0.067406,0.067406,28380800
1981-11-04,0.066126,0.066126,0.065700,0.065700,23811200
1981-11-05,0.061433,0.061433,0.061007,0.061007,23363200
1981-11-06,0.061433,0.061860,0.061433,0.061433,24595200
1981-11-09,0.062286,0.062713,0.062286,0.062286,20384000
1981-11-10,0.062713,0.063140,0.062713,0.062713,16755200
1981-11-11,0.064419,0.064846,0.064419,0.064419,27440000
1981-11-12,0.066553,0.066980,0.066553,0.066553,39916800
1981-11-13,0.062286,0.062286,0.061860,0.061860,21011200
1981-11-16,0.061433,0.061433,0.061007,0.061007,22556800
1981-11-17,0.062286,0.062713,0.062286,0.062286,35414400
1981-11-18,0.064419,0.064846,0.064419,0.064419,29142400
1981-11-19,0.064419,0.064846,0.064419,0.064419,40006400
1981-11-20,0.064846,0.065272,0.064846,0.064846,38102400
1981-11-23,0.062713,0.062713,0.061860,0.061860,22960000
1981-11-24,0.061860,0.061860,0.061433,0.061433,22153600
1981-11-25,0.062713,0.063140,0.062713,0.062713,52550400
1981-11-27,0.064419,0.064846,0.064419,0.064419,37251200
1981-11-30,0.063993,0.063993,0.063566,0.063566,23968000
1981-12-01,0.063566,0.063993,0.063566,0.063566,23385600
1981-12-02,0.063993,0.064419,0.063993,0.063993,37564800
1981-12-03,0.063566,0.063566,0.063139,0.063139,20428800
1981-12-04,0.064846,0.065272,0.064846,0.064846,137155200
1981-12-07,0.065272,0.065700,0.065272,0.065272,59292800
1981-12-08,0.064846,0.064846,0.063993,0.063993,50624000
1981-12-09,0.064419,0.064846,0.064419,0.064419,34272000
1981-12-10,0.064419,0.064846,0.064419,0.064419,37408000
1981-12-11,0.064419,0.064846,0.063993,0.063993,76092800
1981-12-14,0.062713,0.062713,0.061860,0.061860,25244800
1981-12-15,0.063566,0.063993,0.063566,0.063566,31315200
1981-12-16,0.066553,0.066980,0.066553,0.066553,65452800
1981-12-17,0.072099,0.072525,0.072099,0.072099,51452800
1981-12-18,0.078072,0.078498,0.078072,0.078072,71724800
1981-12-21,0.075085,0.075085,0.074658,0.074658,56403200
1981-12-22,0.075938,0.076365,0.075938,0.075938,53827200
1981-12-23,0.074658,0.074658,0.074232,0.074232,28896000
1981-12-24,0.074658,0.075085,0.074658,0.074658,28918400
1981-12-28,0.072099,0.072099,0.071246,0.071246,36579200
1981-12-29,0.072525,0.073379,0.072525,0.072525,24236800
1981-12-30,0.075511,0.075938,0.075511,0.075511,32188800
1981-12-31,0.075511,0.075938,0.075511,0.075511,54656000
1982-01-04,0.075511,0.075511,0.075085,0.075085,71254400
1982-01-05,0.072099,0.072099,0.071246,0.071246,35840000
1982-01-06,0.070819,0.070819,0.070392,0.070392,66080000
1982-01-07,0.065700,0.065700,0.064846,0.064846,70044800
1982-01-08,0.067833,0.068259,0.067833,0.067833,56604800
1982-01-11,0.063993,0.063993,0.063566,0.063566,33331200
1982-01-12,0.061860,0.061860,0.061433,0.061433,59920000
1982-01-13,0.061433,0.061433,0.061007,0.061007,41753600
1982-01-14,0.063993,0.064419,0.063993,0.063993,25715200
1982-01-15,0.068259,0.069113,0.068259,0.068259,46704000
1982-01-18,0.069539,0.070392,0.069539,0.069539,28000000
1982-01-19,0.068686,0.068686,0.067833,0.067833,55507200
1982-01-20,0.069113,0.069539,0.069113,0.069113,25827200
1982-01-21,0.070392,0.070819,0.070392,0.070392,33331200
1982-01-22,0.070819,0.071246,0.070819,0.070819,24259200
1982-01-25,0.069113,0.069113,0.068686,0.068686,44710400
1982-01-26,0.066980,0.066980,0.066126,0.066126,21212800
1982-01-27,0.066553,0.067406,0.066553,0.066553,31360000
1982-01-28,0.068686,0.069113,0.068686,0.068686,39603200
1982-01-29,0.069539,0.069966,0.069539,0.069539,53155200
1982-02-01,0.069539,0.069539,0.068686,0.068686,38528000
1982-02-02,0.069113,0.069966,0.069113,0.069113,54275200
1982-02-03,0.069113,0.069539,0.069113,0.069113,31472000
1982-02-04,0.067833,0.067833,0.067406,0.067406,22041600
1982-02-05,0.067406,0.067833,0.067406,0.067406,40297600
1982-02-08,0.063566,0.063566,0.063139,0.063139,31696000
1982-02-09,0.063139,0.063566,0.063139,0.063139,57904000
1982-02-10,0.063993,0.064419,0.063993,0.063993,38796800
1982-02-11,0.063566,0.063566,0.063139,0.063139,24528000
1982-02-12,0.063993,0.064419,0.063993,0.063993,19644800
1982-02-16,0.063140,0.063140,0.062713,0.062713,34316800
1982-02-17,0.063566,0.063993,0.063566,0.063566,25580800
1982-02-18,0.064419,0.064846,0.064419,0.064419,28380800
1982-02-19,0.064419,0.064419,0.063993,0.063993,13596800
1982-02-22,0.063566,0.063566,0.063139,0.063139,26633600
1982-02-23,0.062713,0.062713,0.062286,0.062286,34540800
1982-02-24,0.062713,0.063140,0.062713,0.062713,37945600
1982-02-25,0.062713,0.062713,0.062286,0.062286,30800000
1982-02-26,0.062286,0.062713,0.062286,0.062286,17427200
1982-03-01,0.062713,0.063140,0.062713,0.062713,35302400
1982-03-02,0.062713,0.063140,0.062713,0.062713,34809600
1982-03-03,0.062713,0.063140,0.062713,0.062713,23654400
1982-03-04,0.061860,0.061860,0.061433,0.061433,38371200
1982-03-05,0.057167,0.057167,0.056741,0.056741,45315200
1982-03-08,0.056314,0.056314,0.055887,0.055887,35145600
1982-03-09,0.056314,0.056741,0.056314,0.056314,52505600
1982-03-10,0.055887,0.055887,0.055461,0.055461,86934400
1982-03-11,0.055461,0.056314,0.055461,0.055461,22579200
1982-03-12,0.052474,0.052474,0.052047,0.052047,46547200
1982-03-15,0.052047,0.052047,0.051621,0.051621,51363200
1982-03-16,0.051194,0.051194,0.050768,0.050768,47152000
1982-03-17,0.048635,0.048635,0.048208,0.048208,50489600
1982-03-18,0.052047,0.052474,0.052047,0.052047,56336000
1982-03-19,0.056741,0.057167,0.056741,0.056741,65811200
1982-03-22,0.061007,0.061433,0.061007,0.061007,69193600
1982-03-23,0.060580,0.060580,0.060153,0.060153,55955200
1982-03-24,0.057167,0.057167,0.056741,0.056741,51609600
1982-03-25,0.056741,0.056741,0.056314,0.056314,84112000
1982-03-26,0.055887,0.055887,0.055461,0.055461,50780800
1982-03-29,0.056741,0.057167,0.056741,0.056741,67603200
1982-03-30,0.057594,0.058020,0.057594,0.057594,77952000
1982-03-31,0.057594,0.058020,0.057594,0.057594,50153600
1982-04-01,0.060580,0.061007,0.060580,0.060580,59136000
1982-04-02,0.060580,0.061007,0.060580,0.060580,84806400
1982-04-05,0.060580,0.061007,0.060580,0.060580,86643200
1982-04-06,0.060580,0.060580,0.060153,0.060153,71590400
1982-04-07,0.059727,0.059727,0.059300,0.059300,29097600
1982-04-08,0.059727,0.060153,0.059727,0.059727,23990400
1982-04-12,0.059727,0.060153,0.059300,0.059300,44307200
1982-04-13,0.055034,0.055034,0.054608,0.054608,85299200
1982-04-14,0.055034,0.055461,0.055034,0.055034,113590400
1982-04-15,0.055887,0.056314,0.055887,0.055887,164281600
1982-04-16,0.057594,0.058020,0.057594,0.057594,104048000
1982-04-19,0.057167,0.057167,0.056314,0.056314,41283200
1982-04-20,0.054181,0.054181,0.053754,0.053754,80550400
1982-04-21,0.053754,0.053754,0.053327,0.053327,73024000
1982-04-22,0.052901,0.052901,0.052474,0.052474,52595200
1982-04-23,0.052474,0.052901,0.052474,0.052474,48294400
1982-04-26,0.053754,0.054181,0.053754,0.053754,57926400
1982-04-27,0.052474,0.052474,0.052047,0.052047,70268800
1982-04-28,0.050341,0.050341,0.049914,0.049914,99232000
1982-04-29,0.049914,0.050341,0.049914,0.049914,82230400
1982-04-30,0.050341,0.050768,0.050341,0.050341,277401600
1982-05-03,0.052047,0.052474,0.052047,0.052047,82700800
1982-05-04,0.053754,0.054181,0.053754,0.053754,73987200
1982-05-05,0.053754,0.053754,0.052901,0.052901,53939200
1982-05-06,0.054608,0.055034,0.054608,0.054608,75465600
1982-05-07,0.055461,0.055887,0.055461,0.055461,84716800
1982-05-10,0.055034,0.055034,0.054608,0.054608,31606400
1982-05-11,0.053327,0.053327,0.052901,0.052901,103017600
1982-05-12,0.052047,0.052047,0.051621,0.051621,71008000
1982-05-13,0.052047,0.052474,0.052047,0.052047,54454400
1982-05-14,0.050768,0.050768,0.049914,0.049914,95737600
1982-05-17,0.049488,0.049488,0.049061,0.049061,76204800
1982-05-18,0.048635,0.048635,0.048208,0.048208,122035200
1982-05-19,0.048208,0.048208,0.047781,0.047781,75286400
1982-05-20,0.048208,0.048635,0.048208,0.048208,27619200
1982-05-21,0.048635,0.049061,0.048635,0.048635,38841600
1982-05-24,0.049061,0.049488,0.049061,0.049061,31987200
1982-05-25,0.049061,0.049488,0.049061,0.049061,51564800
1982-05-26,0.049061,0.049061,0.048635,0.048635,43276800
1982-05-27,0.048208,0.048208,0.047781,0.047781,31248000
1982-05-28,0.047781,0.048208,0.047781,0.047781,19196800
1982-06-01,0.047355,0.047355,0.046928,0.046928,47600000
1982-06-02,0.047781,0.048208,0.047781,0.047781,32905600
1982-06-03,0.046928,0.046928,0.046075,0.046075,39760000
1982-06-04,0.045222,0.045222,0.044795,0.044795,37676800
1982-06-07,0.044795,0.045222,0.044795,0.044795,37161600
1982-06-08,0.044795,0.044795,0.044369,0.044369,31404800
1982-06-09,0.043942,0.043942,0.043515,0.043515,33846400
1982-06-10,0.043942,0.044369,0.043942,0.043942,34406400
1982-06-11,0.045648,0.046075,0.045648,0.045648,54633600
1982-06-14,0.045648,0.046075,0.045648,0.045648,29993600
1982-06-15,0.045648,0.046075,0.045648,0.045648,35212800
1982-06-16,0.045648,0.046075,0.045648,0.045648,41731200
1982-06-17,0.045222,0.045222,0.044795,0.044795,29164800
1982-06-18,0.044795,0.044795,0.043942,0.043942,19868800
1982-06-21,0.043942,0.044369,0.043942,0.043942,28537600
1982-06-22,0.045648,0.046502,0.045648,0.045648,17561600
1982-06-23,0.046928,0.047781,0.046928,0.046928,52752000
1982-06-24,0.046928,0.047355,0.046928,0.046928,44150400
1982-06-25,0.045648,0.045648,0.045222,0.045222,26678400
1982-06-28,0.045222,0.045222,0.044795,0.044795,25155200
1982-06-29,0.043942,0.043942,0.043515,0.043515,35817600
1982-06-30,0.043515,0.043942,0.043515,0.043515,67625600
1982-07-01,0.043515,0.043515,0.043089,0.043089,55731200
1982-07-02,0.041382,0.041382,0.040955,0.040955,58105600
1982-07-06,0.039675,0.039675,0.039249,0.039249,87696000
1982-07-07,0.039249,0.039675,0.039249,0.039249,30374400
1982-07-08,0.037969,0.037969,0.037542,0.037542,164326400
1982-07-09,0.038822,0.039249,0.038822,0.038822,128419200
1982-07-12,0.039675,0.040102,0.039675,0.039675,63392000
1982-07-13,0.042236,0.042662,0.042236,0.042236,114374400
1982-07-14,0.042662,0.043515,0.042662,0.042662,71120000
1982-07-15,0.043515,0.043942,0.043515,0.043515,65788800
1982-07-16,0.045222,0.045648,0.045222,0.045222,77011200
1982-07-19,0.045648,0.046075,0.045648,0.045648,83776000
1982-07-20,0.048635,0.049061,0.048635,0.048635,49705600
1982-07-21,0.048635,0.049061,0.048635,0.048635,71702400
1982-07-22,0.049061,0.049488,0.049061,0.049061,35212800
1982-07-23,0.048635,0.048635,0.048208,0.048208,18300800
1982-07-26,0.046502,0.046502,0.046075,0.046075,56851200
1982-07-27,0.046075,0.046502,0.046075,0.046075,32323200
1982-07-28,0.044369,0.044369,0.043942,0.043942,53513600
1982-07-29,0.045648,0.046075,0.045648,0.045648,61868800
1982-07-30,0.046075,0.046502,0.046075,0.046075,38617600
1982-08-02,0.047355,0.047781,0.047355,0.047355,94393600
1982-08-03,0.044795,0.044795,0.044369,0.044369,89868800
1982-08-04,0.044369,0.044369,0.043942,0.043942,83865600
1982-08-05,0.042662,0.042662,0.042236,0.042236,69753600
1982-08-06,0.042236,0.042236,0.041809,0.041809,96835200
1982-08-09,0.042236,0.042662,0.042236,0.042236,56112000
1982-08-10,0.044795,0.045222,0.044795,0.044795,112246400
1982-08-11,0.045222,0.045648,0.045222,0.045222,69888000
1982-08-12,0.045222,0.045222,0.044795,0.044795,30620800
1982-08-13,0.044795,0.045222,0.044795,0.044795,25961600
1982-08-16,0.045648,0.046075,0.045648,0.045648,38416000
1982-08-17,0.048635,0.049488,0.048635,0.048635,47734400
1982-08-18,0.048635,0.049061,0.048635,0.048635,125059200
1982-08-19,0.049061,0.049488,0.049061,0.049061,47622400
1982-08-20,0.050341,0.050768,0.050341,0.050341,54857600
1982-08-23,0.052474,0.052901,0.052474,0.052474,69686400
1982-08-24,0.055034,0.055461,0.055034,0.055034,155769600
1982-08-25,0.058874,0.059300,0.058874,0.058874,357078400
1982-08-26,0.060580,0.061007,0.060580,0.060580,210582400
1982-08-27,0.058020,0.058020,0.057594,0.057594,98649600
1982-08-30,0.058447,0.058874,0.058447,0.058447,80438400
1982-08-31,0.061433,0.061860,0.061433,0.061433,140560000
1982-09-01,0.060153,0.060153,0.059727,0.059727,82566400
1982-09-02,0.062286,0.062713,0.062286,0.062286,75420800
1982-09-03,0.062713,0.063140,0.062713,0.062713,104540800
1982-09-07,0.059727,0.059727,0.059300,0.059300,81379200
1982-09-08,0.061433,0.061860,0.061433,0.061433,72329600
1982-09-09,0.060580,0.060580,0.060153,0.060153,63593600
1982-09-10,0.061860,0.062286,0.061860,0.061860,56067200
1982-09-13,0.062286,0.062713,0.062286,0.062286,58889600
1982-09-14,0.064419,0.064846,0.064419,0.064419,101494400
1982-09-15,0.064419,0.064419,0.063993,0.063993,71747200
1982-09-16,0.062713,0.062713,0.061860,0.061860,80371200
1982-09-17,0.061007,0.061007,0.060580,0.060580,54051200
1982-09-20,0.061007,0.061433,0.061007,0.061007,39132800
1982-09-21,0.062286,0.062713,0.062286,0.062286,36668800
1982-09-22,0.063993,0.064419,0.063993,0.063993,103376000
1982-09-23,0.063993,0.064419,0.063993,0.063993,139820800
1982-09-24,0.062286,0.062286,0.061860,0.061860,178192000
1982-09-27,0.061860,0.062713,0.061860,0.061860,38147200
1982-09-28,0.062713,0.063566,0.062713,0.062713,85523200
1982-09-29,0.062713,0.063140,0.062713,0.062713,65564800
1982-09-30,0.062713,0.062713,0.062286,0.062286,74681600
1982-10-01,0.063139,0.063993,0.063139,0.063139,46256000
1982-10-04,0.063140,0.064419,0.061433,0.063993,69328000
1982-10-05,0.063993,0.065700,0.063993,0.064419,80236800
1982-10-06,0.064419,0.069113,0.064419,0.069113,173532800
1982-10-07,0.069539,0.075085,0.069539,0.074658,311673600
1982-10-08,0.074658,0.080631,0.074232,0.080205,275542400
1982-10-11,0.080205,0.084471,0.080205,0.081911,313734400
1982-10-12,0.081911,0.083191,0.078498,0.079352,258944000
1982-10-13,0.079352,0.082764,0.078498,0.080205,198844800
1982-10-14,0.080205,0.081485,0.078925,0.080631,178662400
1982-10-15,0.080205,0.080205,0.077218,0.078498,144614400
1982-10-18,0.078498,0.080631,0.078498,0.080205,94348800
1982-10-19,0.080205,0.082764,0.080205,0.081911,122841600
1982-10-20,0.081911,0.087457,0.081485,0.086604,242099200
1982-10-21,0.086604,0.091297,0.085324,0.088737,227516800
1982-10-22,0.088737,0.091297,0.088310,0.088310,161683200
1982-10-25,0.088310,0.088737,0.082764,0.083191,184934400
1982-10-26,0.083191,0.084044,0.079352,0.083617,167753600
1982-10-27,0.083618,0.086177,0.083618,0.085750,191161600
1982-10-28,0.085750,0.086604,0.084471,0.085750,217683200
1982-10-29,0.085750,0.086604,0.084471,0.086604,118115200
1982-11-01,0.086604,0.092150,0.085750,0.091297,104361600
1982-11-02,0.092150,0.100682,0.092150,0.097696,310844800
1982-11-03,0.097696,0.104949,0.097696,0.104949,235132800
1982-11-04,0.104949,0.108788,0.104096,0.105802,329078400
1982-11-05,0.104949,0.104949,0.101109,0.102816,141500800
1982-11-08,0.102816,0.103669,0.098122,0.098549,119190400
1982-11-09,0.098549,0.102816,0.098122,0.101962,179782400
1982-11-10,0.102389,0.107508,0.102389,0.105802,202787200
1982-11-11,0.105802,0.112627,0.104095,0.112627,123155200
1982-11-12,0.112627,0.116041,0.110494,0.110494,131107200
1982-11-15,0.110494,0.111774,0.106655,0.107935,124588800
1982-11-16,0.107935,0.108361,0.101963,0.102389,182022400
1982-11-17,0.102389,0.107508,0.102389,0.107082,144144000
1982-11-18,0.107082,0.108788,0.106655,0.107082,152678400
1982-11-19,0.107082,0.107935,0.104949,0.105375,97305600
1982-11-22,0.105375,0.105375,0.095989,0.095989,101248000
1982-11-23,0.097269,0.101536,0.097269,0.098549,88502400
1982-11-24,0.098549,0.104095,0.098122,0.100682,73740800
1982-11-26,0.100682,0.101962,0.096843,0.098976,101987200
1982-11-29,0.098976,0.100255,0.095563,0.098549,49952000
1982-11-30,0.098549,0.109215,0.098122,0.108788,159196800
1982-12-01,0.108788,0.115188,0.108788,0.110921,206841600
1982-12-02,0.110921,0.112627,0.109215,0.110921,164729600
1982-12-03,0.109641,0.109641,0.107082,0.108361,47577600
1982-12-06,0.108361,0.115188,0.107508,0.114334,146585600
1982-12-07,0.114334,0.118174,0.111774,0.115614,167283200
1982-12-08,0.115614,0.119027,0.112627,0.113054,112313600
1982-12-09,0.111348,0.111348,0.105802,0.107508,194656000
1982-12-10,0.105802,0.105802,0.098549,0.099829,167484800
1982-12-13,0.098976,0.098976,0.097696,0.097696,95379200
1982-12-14,0.097696,0.103669,0.095563,0.096843,270054400
1982-12-15,0.096843,0.097269,0.094283,0.096416,130793600
1982-12-16,0.096416,0.099829,0.095563,0.098122,141164800
1982-12-17,0.098122,0.103669,0.097696,0.102816,80729600
1982-12-20,0.102816,0.103242,0.101536,0.102389,69776000
1982-12-21,0.102389,0.103242,0.100682,0.103242,79945600
1982-12-22,0.103669,0.106228,0.103669,0.106228,101225600
1982-12-23,0.106228,0.109215,0.105375,0.109215,86979200
1982-12-27,0.109215,0.112201,0.108361,0.111774,61868800
1982-12-28,0.111774,0.115188,0.109641,0.110921,113366400
1982-12-29,0.110921,0.111348,0.105802,0.107082,80707200
1982-12-30,0.107082,0.108361,0.101109,0.102389,156867200
1982-12-31,0.102389,0.103669,0.101962,0.101962,49660800
1983-01-03,0.101963,0.103242,0.096416,0.097269,112828800
1983-01-04,0.097269,0.103242,0.095563,0.102816,223708800
1983-01-05,0.102816,0.104096,0.101109,0.103242,141545600
1983-01-06,0.103242,0.103669,0.098976,0.099402,97798400
1983-01-07,0.099402,0.100682,0.093856,0.093856,172054400
1983-01-10,0.093856,0.098976,0.093003,0.098122,275340800
1983-01-11,0.098122,0.100682,0.098122,0.099402,1388800
1983-01-12,0.100682,0.107508,0.100682,0.104949,176982400
1983-01-13,0.104949,0.105802,0.103242,0.104949,82275200
1983-01-14,0.105375,0.112627,0.105375,0.112627,184643200
1983-01-17,0.112627,0.118174,0.111774,0.116467,234864000
1983-01-18,0.116467,0.119027,0.110921,0.113908,219788800
1983-01-19,0.113908,0.116041,0.113481,0.114761,169657600
1983-01-20,0.114761,0.127560,0.114761,0.127560,707840000
1983-01-21,0.127560,0.133105,0.126280,0.127560,402595200
1983-01-24,0.127560,0.127560,0.118174,0.120307,315414400
1983-01-25,0.120307,0.127986,0.119454,0.124999,167036800
1983-01-26,0.126280,0.131399,0.126280,0.130119,203212800
1983-01-27,0.130119,0.139931,0.129692,0.139078,104316800
1983-01-28,0.139078,0.143344,0.138225,0.139932,397734400
1983-01-31,0.139932,0.142065,0.136945,0.139505,188003200
1983-02-01,0.139505,0.142491,0.137372,0.142491,210963200
1983-02-02,0.142491,0.149317,0.140358,0.146330,267052800
1983-02-03,0.146330,0.152730,0.145051,0.152303,252537600
1983-02-04,0.152303,0.154863,0.149744,0.150170,214345600
1983-02-07,0.150171,0.152303,0.141638,0.144197,142912000
1983-02-08,0.144197,0.146330,0.141211,0.142918,168112000
1983-02-09,0.142918,0.145051,0.139078,0.144197,180812800
1983-02-10,0.144197,0.154436,0.144197,0.153583,236723200
1983-02-11,0.154863,0.161263,0.154863,0.158702,203548800
1983-02-14,0.158702,0.158702,0.154010,0.157849,126179200
1983-02-15,0.157849,0.159129,0.153157,0.154863,115180800
1983-02-16,0.154863,0.154863,0.151024,0.151877,116569600
1983-02-17,0.151877,0.151877,0.145477,0.150170,136169600
1983-02-18,0.150170,0.156569,0.148463,0.154863,114889600
1983-02-22,0.155716,0.162969,0.155716,0.158702,196784000
1983-02-23,0.158702,0.160835,0.157423,0.159982,108035200
1983-02-24,0.161263,0.165102,0.161263,0.164249,115494400
1983-02-25,0.164249,0.165955,0.158702,0.159556,114688000
1983-02-28,0.159556,0.159982,0.155290,0.155716,132294400
1983-03-01,0.155716,0.159129,0.155290,0.158276,140268800
1983-03-02,0.158276,0.160409,0.157849,0.159556,105952000
1983-03-03,0.159556,0.161263,0.154010,0.154436,131532800
1983-03-04,0.154436,0.154863,0.147610,0.152303,151804800
1983-03-07,0.152303,0.152730,0.145051,0.149317,152678400
1983-03-08,0.148463,0.148463,0.142491,0.144624,220640000
1983-03-09,0.144624,0.148890,0.142064,0.148890,199337600
1983-03-10,0.148890,0.150597,0.145477,0.146757,112604800
1983-03-11,0.146757,0.149317,0.141211,0.144624,87763200
1983-03-14,0.144197,0.144197,0.137799,0.141211,171875200
1983-03-15,0.141211,0.143344,0.136945,0.143344,75062400
1983-03-16,0.143344,0.148463,0.142491,0.143344,110969600
1983-03-17,0.143344,0.144624,0.142918,0.144624,44150400
1983-03-18,0.144624,0.148463,0.144197,0.146757,86128000
1983-03-21,0.146757,0.150597,0.145904,0.150170,104025600
1983-03-22,0.150171,0.154010,0.150171,0.151877,101001600
1983-03-23,0.151877,0.152303,0.144197,0.144624,140761600
1983-03-24,0.144624,0.148890,0.144197,0.147184,102457600
1983-03-25,0.147184,0.149744,0.146757,0.147184,58060800
1983-03-28,0.146757,0.146757,0.142491,0.145051,74569600
1983-03-29,0.145477,0.150597,0.145477,0.149317,103734400
1983-03-30,0.149317,0.151450,0.149317,0.151024,87808000
1983-03-31,0.151024,0.151877,0.144197,0.144197,85142400
1983-04-04,0.144197,0.144197,0.136945,0.140358,127388800
1983-04-05,0.140358,0.143344,0.137799,0.137799,122102400
1983-04-06,0.137798,0.138225,0.134812,0.136518,213987200
1983-04-07,0.136518,0.137372,0.134385,0.135238,145510400
1983-04-08,0.135238,0.136091,0.131826,0.134385,150259200
1983-04-11,0.134385,0.142918,0.132252,0.142065,230473600
1983-04-12,0.142064,0.145477,0.142064,0.145051,174048000
1983-04-13,0.145051,0.150597,0.145051,0.150170,189772800
1983-04-14,0.150170,0.154010,0.148890,0.153583,136371200
1983-04-15,0.153583,0.157423,0.153583,0.156143,115001600
1983-04-18,0.156996,0.163396,0.156996,0.160409,155568000
1983-04-19,0.160409,0.161689,0.157849,0.158702,233878400
1983-04-20,0.158702,0.174061,0.158702,0.172781,288332800
1983-04-21,0.174914,0.180034,0.174914,0.177474,230048000
1983-04-22,0.177474,0.179180,0.173208,0.174061,127187200
1983-04-25,0.174061,0.175341,0.165102,0.165955,125708800
1983-04-26,0.165955,0.172781,0.165529,0.170648,99433600
1983-04-27,0.170648,0.174488,0.167235,0.168941,86038400
1983-04-28,0.168941,0.171501,0.166808,0.170648,79408000
1983-04-29,0.170648,0.173208,0.168515,0.172354,308313600
1983-05-02,0.172354,0.173208,0.165102,0.167235,97081600
1983-05-03,0.167235,0.167662,0.162542,0.165529,105996800
1983-05-04,0.165529,0.175768,0.165529,0.175768,129113600
1983-05-05,0.175768,0.187713,0.175768,0.187286,140492800
1983-05-06,0.187286,0.190273,0.183446,0.188140,100150400
1983-05-09,0.188140,0.188566,0.183873,0.185580,69171200
1983-05-10,0.185580,0.188993,0.184726,0.186860,51900800
1983-05-11,0.186860,0.187713,0.180887,0.182166,55260800
1983-05-12,0.182166,0.182166,0.178754,0.180460,98425600
1983-05-13,0.180460,0.183020,0.180460,0.181313,48966400
1983-05-16,0.181313,0.181313,0.175768,0.176621,69193600
1983-05-17,0.176621,0.177474,0.174488,0.177047,154358400
1983-05-18,0.177047,0.180887,0.177047,0.179180,157001600
1983-05-19,0.179180,0.185153,0.179180,0.184726,70291200
1983-05-20,0.184726,0.194538,0.182166,0.194112,146092800
1983-05-23,0.194112,0.196245,0.190272,0.196245,121744000
1983-05-24,0.196245,0.206484,0.196245,0.206484,107699200
1983-05-25,0.206484,0.208190,0.201791,0.204777,153731200
1983-05-26,0.204777,0.206057,0.200938,0.202644,105571200
1983-05-27,0.202644,0.204777,0.201791,0.202644,56627200
1983-05-31,0.202218,0.202218,0.193259,0.197099,45539200
1983-06-01,0.197099,0.198805,0.195392,0.198379,98089600
1983-06-02,0.198379,0.199658,0.197099,0.199658,79430400
1983-06-03,0.199658,0.210324,0.199658,0.209471,64534400
1983-06-06,0.209471,0.214163,0.209471,0.214163,104092800
1983-06-07,0.214163,0.215870,0.206910,0.206910,98179200
1983-06-08,0.206910,0.207764,0.202645,0.204351,84044800
1983-06-09,0.204351,0.206484,0.199232,0.203071,54790400
1983-06-10,0.203071,0.204351,0.201791,0.202218,37430400
1983-06-13,0.202218,0.202644,0.187713,0.195392,179267200
1983-06-14,0.195392,0.197099,0.190273,0.191126,170531200
1983-06-15,0.190699,0.190699,0.181740,0.185580,193356800
1983-06-16,0.186433,0.195392,0.186433,0.195392,122886400
1983-06-17,0.195392,0.196245,0.191552,0.191552,56044800
1983-06-20,0.191552,0.192832,0.180460,0.182166,139574400
1983-06-21,0.182166,0.184299,0.178754,0.183446,125462400
1983-06-22,0.183873,0.189846,0.183873,0.188993,140963200
1983-06-23,0.188140,0.188140,0.182593,0.183020,133996800
1983-06-24,0.183020,0.185580,0.181313,0.181740,47644800
1983-06-27,0.181740,0.181740,0.171927,0.171927,123043200
1983-06-28,0.171928,0.172781,0.158702,0.159982,349171200
1983-06-29,0.159982,0.169368,0.156143,0.167662,294380800
1983-06-30,0.167662,0.170648,0.165955,0.166808,110566400
1983-07-01,0.166808,0.169795,0.165955,0.168088,172256000
1983-07-05,0.168088,0.168515,0.160835,0.161263,82051200
1983-07-06,0.161263,0.162116,0.158276,0.161689,95916800
1983-07-07,0.161689,0.162116,0.158702,0.159556,89443200
1983-07-08,0.159556,0.159556,0.156996,0.157849,70179200
1983-07-11,0.157849,0.164675,0.157849,0.162116,112918400
1983-07-12,0.162116,0.163822,0.157423,0.158276,75196800
1983-07-13,0.158276,0.158702,0.154863,0.157423,129001600
1983-07-14,0.157423,0.159982,0.156143,0.156996,74905600
1983-07-15,0.156996,0.156996,0.150597,0.151450,67961600
1983-07-18,0.151450,0.151877,0.147610,0.151024,81625600
1983-07-19,0.151024,0.158276,0.148037,0.149317,171136000
1983-07-20,0.149317,0.150597,0.139078,0.140785,304886400
1983-07-21,0.140785,0.151450,0.139931,0.148037,317385600
1983-07-22,0.148037,0.149744,0.147610,0.149317,116435200
1983-07-25,0.149317,0.149317,0.145051,0.147184,76428800
1983-07-26,0.147184,0.148037,0.127986,0.133532,268979200
1983-07-27,0.133532,0.137799,0.122013,0.123719,300316800
1983-07-28,0.123720,0.125427,0.116041,0.116041,270480000
1983-07-29,0.116041,0.120307,0.115614,0.119027,220326400
1983-08-01,0.119027,0.124146,0.116894,0.117747,232444800
1983-08-02,0.117747,0.119454,0.116894,0.117321,101651200
1983-08-03,0.117321,0.121586,0.115614,0.119027,123827200
1983-08-04,0.119027,0.120307,0.108361,0.113481,292118400
1983-08-05,0.113481,0.117747,0.112627,0.115614,131420800
1983-08-08,0.115614,0.118600,0.113054,0.116041,76809600
1983-08-09,0.116041,0.119027,0.115188,0.117321,150371200
1983-08-10,0.117321,0.118174,0.114334,0.116894,161974400
1983-08-11,0.116894,0.118600,0.113481,0.115188,90182400
1983-08-12,0.115188,0.117747,0.113054,0.114334,74636800
1983-08-15,0.114334,0.117321,0.113908,0.117321,152275200
1983-08-16,0.117321,0.118600,0.114334,0.115614,91369600
1983-08-17,0.115614,0.116894,0.111774,0.113054,94438400
1983-08-18,0.113054,0.115614,0.112627,0.114334,81737600
1983-08-19,0.114334,0.116041,0.113481,0.115188,58598400
1983-08-22,0.115188,0.116467,0.113481,0.114761,85366400
1983-08-23,0.114761,0.114761,0.107935,0.108788,93587200
1983-08-24,0.108361,0.108361,0.102816,0.103242,113299200
1983-08-25,0.103242,0.104949,0.102389,0.104095,189772800
1983-08-26,0.104095,0.105802,0.103242,0.105375,93184000
1983-08-29,0.105375,0.107935,0.102389,0.106655,138297600
1983-08-30,0.106655,0.114334,0.106655,0.112201,233945600
1983-08-31,0.113054,0.127133,0.113054,0.127133,200233600
1983-09-01,0.127133,0.131399,0.121160,0.124146,218131200
1983-09-02,0.124146,0.129693,0.123719,0.129693,129337600
1983-09-06,0.132252,0.135665,0.132252,0.134385,181686400
1983-09-07,0.133958,0.133958,0.115614,0.118174,384854400
1983-09-08,0.118174,0.119454,0.106655,0.108361,307059200
1983-09-09,0.108361,0.108788,0.104095,0.104522,212688000
1983-09-12,0.104522,0.110921,0.103242,0.104522,266313600
1983-09-13,0.104522,0.110921,0.103669,0.109215,204176000
1983-09-14,0.109215,0.111774,0.105802,0.107935,181529600
1983-09-15,0.107935,0.108361,0.101536,0.102816,158838400
1983-09-16,0.102816,0.102816,0.099402,0.100255,225747200
1983-09-19,0.100255,0.110068,0.099829,0.109215,201980800
1983-09-20,0.109215,0.114334,0.109215,0.109641,226419200
1983-09-21,0.109641,0.111348,0.107082,0.107508,106355200
1983-09-22,0.107508,0.111348,0.106228,0.110921,144121600
1983-09-23,0.085324,0.085324,0.075938,0.082764,2832345600
1983-09-26,0.083191,0.088310,0.083191,0.084897,768768000
1983-09-27,0.084897,0.085324,0.078498,0.080205,417110400
1983-09-28,0.080205,0.080205,0.075511,0.078072,373497600
1983-09-29,0.078072,0.081058,0.077218,0.077645,282777600
1983-09-30,0.077645,0.080631,0.076791,0.078925,117868800
1983-10-03,0.078925,0.080205,0.077218,0.078925,152902400
1983-10-04,0.078925,0.080631,0.077645,0.078072,169612800
1983-10-05,0.078072,0.079352,0.075511,0.076791,190668800
1983-10-06,0.076791,0.078072,0.074232,0.075938,232937600
1983-10-07,0.075938,0.081058,0.068686,0.069539,246332800
1983-10-10,0.068686,0.068686,0.062713,0.067406,517126400
1983-10-11,0.067406,0.067833,0.065272,0.066126,252761600
1983-10-12,0.066126,0.072525,0.065700,0.072099,472617600
1983-10-13,0.074232,0.081911,0.074232,0.078498,420515200
1983-10-14,0.078498,0.081058,0.076791,0.077645,279260800
1983-10-17,0.077645,0.077645,0.071246,0.071672,219116800
1983-10-18,0.070819,0.070819,0.064419,0.066126,382972800
1983-10-19,0.066126,0.075938,0.065272,0.073379,287392000
1983-10-20,0.073378,0.075511,0.067833,0.069539,131689600
1983-10-21,0.069539,0.071246,0.066980,0.067833,157001600
1983-10-24,0.067833,0.072099,0.061007,0.072099,259392000
1983-10-25,0.072099,0.074658,0.071672,0.072525,168448000
1983-10-26,0.072525,0.073379,0.068259,0.068686,128912000
1983-10-27,0.068686,0.073805,0.068686,0.072099,97843200
1983-10-28,0.072099,0.072952,0.069539,0.071246,81200000
1983-10-31,0.072099,0.078498,0.072099,0.077218,173174400
1983-11-01,0.077218,0.081911,0.073805,0.078498,328384000
1983-11-02,0.078498,0.082338,0.078498,0.080205,202473600
1983-11-03,0.080205,0.080631,0.071672,0.074658,286003200
1983-11-04,0.074658,0.075085,0.071672,0.072099,146742400
1983-11-07,0.072099,0.073805,0.070819,0.071672,152118400
1983-11-08,0.066553,0.066553,0.058874,0.061007,1221516800
1983-11-09,0.061007,0.065700,0.059727,0.065700,353472000
1983-11-10,0.065700,0.068686,0.065700,0.066980,222073600
1983-11-11,0.066980,0.069539,0.066553,0.068259,116032000
1983-11-14,0.068259,0.069113,0.066980,0.067406,108281600
1983-11-15,0.067406,0.067833,0.064846,0.067406,118630400
1983-11-16,0.067406,0.069966,0.066980,0.068259,102278400
1983-11-17,0.068259,0.070819,0.068259,0.069966,90384000
1983-11-18,0.069966,0.071246,0.069113,0.070392,79900800
1983-11-21,0.070392,0.073805,0.070392,0.073379,105011200
1983-11-22,0.073379,0.074232,0.072525,0.073379,105190400
1983-11-23,0.073378,0.073378,0.068259,0.069539,114352000
1983-11-25,0.069539,0.070392,0.069539,0.069966,37296000
1983-11-28,0.069966,0.072099,0.069539,0.071672,72396800
1983-11-29,0.071672,0.073378,0.069966,0.070819,95289600
1983-11-30,0.070819,0.071672,0.069539,0.069539,64332800
1983-12-01,0.069539,0.071246,0.068259,0.069113,76675200
1983-12-02,0.069113,0.069113,0.067406,0.067833,85366400
1983-12-05,0.067833,0.069966,0.067406,0.069539,45158400
1983-12-06,0.069539,0.070392,0.069113,0.069966,51990400
1983-12-07,0.069966,0.073379,0.069113,0.071672,89152000
1983-12-08,0.071672,0.075511,0.071672,0.073379,137625600
1983-12-09,0.073379,0.075511,0.072525,0.073805,82768000
1983-12-12,0.073805,0.074232,0.071672,0.073379,65139200
1983-12-13,0.073379,0.077645,0.072952,0.076791,197545600
1983-12-14,0.076791,0.080631,0.073805,0.079778,201891200
1983-12-15,0.079778,0.084471,0.079778,0.083191,316601600
1983-12-16,0.083191,0.085324,0.082764,0.084471,184867200
1983-12-19,0.084471,0.085324,0.081485,0.081911,173600000
1983-12-20,0.081911,0.081911,0.078498,0.079778,177744000
1983-12-21,0.079778,0.082764,0.079352,0.082764,171785600
1983-12-22,0.082764,0.084471,0.082338,0.084471,130547200
1983-12-23,0.084471,0.084897,0.082764,0.084044,48563200
1983-12-27,0.084044,0.085324,0.084044,0.084471,96432000
1983-12-28,0.084471,0.086177,0.083617,0.085324,128553600
1983-12-29,0.085324,0.086177,0.083191,0.083191,102748800
1983-12-30,0.083191,0.085324,0.082764,0.083191,91862400
1984-01-03,0.083191,0.089163,0.083191,0.087457,150192000
1984-01-04,0.087883,0.095563,0.087883,0.095136,292611200
1984-01-05,0.095136,0.098976,0.094283,0.096416,305715200
1984-01-06,0.096416,0.097696,0.093003,0.094710,168492800
1984-01-09,0.094710,0.094710,0.086604,0.089591,215734400
1984-01-10,0.089591,0.094283,0.089591,0.094283,172188800
1984-01-11,0.094283,0.097269,0.093856,0.095563,175952000
1984-01-12,0.095563,0.096843,0.094283,0.095136,110342400
1984-01-13,0.095136,0.096416,0.091297,0.093003,121744000
1984-01-16,0.093003,0.096416,0.092577,0.095136,137580800
1984-01-17,0.095136,0.098122,0.095136,0.097696,149072000
1984-01-18,0.097696,0.099829,0.095989,0.098122,220505600
1984-01-19,0.098122,0.100682,0.097269,0.098976,149721600
1984-01-20,0.098976,0.099402,0.096416,0.097696,141344000
1984-01-23,0.097696,0.099402,0.096843,0.098549,278364800
1984-01-24,0.098549,0.098976,0.090444,0.093003,320230400
1984-01-25,0.093003,0.098549,0.091724,0.092150,263872000
1984-01-26,0.092150,0.095563,0.092150,0.094283,168492800
1984-01-27,0.094283,0.094710,0.087457,0.089163,194096000
1984-01-30,0.089163,0.090870,0.082338,0.084471,277468800
1984-01-31,0.084471,0.086177,0.078925,0.084471,345094400
1984-02-01,0.084471,0.087030,0.083617,0.084044,163116800
1984-02-02,0.084044,0.085324,0.082338,0.084897,134915200
1984-02-03,0.084897,0.087030,0.083617,0.083617,145488000
1984-02-06,0.083617,0.083617,0.078925,0.079352,165558400
1984-02-07,0.079352,0.082764,0.076365,0.082338,217728000
1984-02-08,0.082338,0.083617,0.079352,0.079352,148220800
1984-02-09,0.079352,0.082338,0.077218,0.080631,234796800
1984-02-10,0.080631,0.085324,0.080631,0.083191,143964800
1984-02-13,0.083191,0.084044,0.081485,0.082764,105728000
1984-02-14,0.082764,0.087883,0.082764,0.087457,209059200
1984-02-15,0.087457,0.091297,0.084897,0.085750,200838400
1984-02-16,0.085750,0.087030,0.083617,0.086604,105235200
1984-02-17,0.086604,0.088737,0.085324,0.085324,134646400
1984-02-21,0.085324,0.089591,0.084897,0.089163,120288000
1984-02-22,0.089591,0.094283,0.089591,0.093430,223372800
1984-02-23,0.093430,0.093430,0.088737,0.091724,155052800
1984-02-24,0.091724,0.093856,0.091724,0.092577,77817600
1984-02-27,0.092577,0.093856,0.090017,0.092150,121564800
1984-02-28,0.092150,0.092577,0.085750,0.087030,169926400
1984-02-29,0.087030,0.091724,0.086177,0.089591,134041600
1984-03-01,0.089591,0.092577,0.087457,0.092150,132361600
1984-03-02,0.092150,0.095563,0.091724,0.093003,191251200
1984-03-05,0.093003,0.093430,0.090017,0.091297,73606400
1984-03-06,0.091297,0.093003,0.087457,0.087883,98985600
1984-03-07,0.087883,0.090870,0.085750,0.090444,96566400
1984-03-08,0.090444,0.092577,0.090444,0.091724,129785600
1984-03-09,0.091723,0.091723,0.089591,0.090017,66057600
1984-03-12,0.090444,0.093856,0.090444,0.093430,125036800
1984-03-13,0.093430,0.094710,0.091297,0.092150,152880000
1984-03-14,0.092150,0.092577,0.090444,0.090870,59606400
1984-03-15,0.090870,0.092150,0.090017,0.091297,55283200
1984-03-16,0.091297,0.094710,0.090017,0.090870,124700800
1984-03-19,0.090444,0.090444,0.088310,0.089591,82588800
1984-03-20,0.089591,0.091297,0.085750,0.088737,100531200
1984-03-21,0.088737,0.090870,0.088310,0.088737,47667200
1984-03-22,0.088737,0.088737,0.085750,0.087030,51184000
1984-03-23,0.087030,0.087883,0.085324,0.087030,61129600
1984-03-26,0.087030,0.089163,0.086177,0.087883,56963200
1984-03-27,0.087883,0.088310,0.084897,0.085324,99299200
1984-03-28,0.085750,0.087457,0.085750,0.087030,75488000
1984-03-29,0.087030,0.087883,0.086177,0.086604,39177600
1984-03-30,0.086604,0.087030,0.083618,0.084471,45740800
1984-04-02,0.084471,0.086177,0.083617,0.084897,54656000
1984-04-03,0.084897,0.085750,0.084044,0.085324,44105600
1984-04-04,0.085324,0.085750,0.083617,0.083617,107676800
1984-04-05,0.083617,0.084897,0.082338,0.082338,82812800
1984-04-06,0.082338,0.083191,0.078498,0.080205,85590400
1984-04-09,0.080205,0.082764,0.080205,0.080205,54252800
1984-04-10,0.081911,0.084471,0.081911,0.084471,57097600
1984-04-11,0.084471,0.086604,0.082764,0.083617,70604800
1984-04-12,0.083618,0.088737,0.082338,0.087883,78400000
1984-04-13,0.087883,0.090017,0.087030,0.087883,103398400
1984-04-16,0.087883,0.090017,0.085750,0.089591,68118400
1984-04-17,0.091297,0.095136,0.091297,0.093856,332953600
1984-04-18,0.093856,0.095989,0.093430,0.095563,199673600
1984-04-19,0.095563,0.096843,0.094710,0.096416,123401600
1984-04-23,0.096416,0.099402,0.095563,0.096843,293865600
1984-04-24,0.096843,0.098549,0.094710,0.095136,281568000
1984-04-25,0.095136,0.095989,0.093430,0.094283,194880000
1984-04-26,0.094710,0.101962,0.094710,0.101536,318505600
1984-04-27,0.101536,0.104949,0.099829,0.102816,371996800
1984-04-30,0.102816,0.107082,0.101963,0.107082,293148800
1984-05-01,0.108361,0.113481,0.108361,0.113481,406515200
1984-05-02,0.113481,0.114334,0.110494,0.112627,317318400
1984-05-03,0.112627,0.112627,0.105802,0.107935,327420800
1984-05-04,0.107935,0.107935,0.102389,0.102816,260444800
1984-05-07,0.102816,0.107082,0.101962,0.106228,160070400
1984-05-08,0.106655,0.113054,0.106655,0.112201,255001600
1984-05-09,0.112201,0.117321,0.110921,0.113054,405014400
1984-05-10,0.113054,0.114761,0.110068,0.113054,238627200
1984-05-11,0.113054,0.113481,0.105802,0.110068,197724800
1984-05-14,0.109641,0.109641,0.106655,0.107935,89286400
1984-05-15,0.107935,0.109641,0.107508,0.108788,102704000
1984-05-16,0.108788,0.109641,0.103669,0.104095,219721600
1984-05-17,0.104095,0.104095,0.098122,0.099402,281948800
1984-05-18,0.099402,0.101962,0.098122,0.101536,193468800
1984-05-21,0.101536,0.110068,0.101109,0.108788,435052800
1984-05-22,0.108788,0.108788,0.102389,0.105375,301257600
1984-05-23,0.105375,0.106228,0.103242,0.103242,168963200
1984-05-24,0.103242,0.103242,0.098549,0.100255,193312000
1984-05-25,0.100255,0.101962,0.099402,0.100682,120108800
1984-05-29,0.100682,0.101536,0.098549,0.100255,156262400
1984-05-30,0.100255,0.100682,0.095563,0.098976,318438400
1984-05-31,0.098976,0.101536,0.098122,0.100255,167014400
1984-06-01,0.100255,0.103669,0.099829,0.103669,242300800
1984-06-04,0.103669,0.104949,0.100255,0.101109,148288000
1984-06-05,0.099402,0.099402,0.094710,0.095136,328428800
1984-06-06,0.095136,0.099402,0.094710,0.098976,161459200
1984-06-07,0.098976,0.099402,0.095989,0.098122,102547200
1984-06-08,0.098122,0.098549,0.095563,0.097696,108976000
1984-06-11,0.097696,0.098549,0.096416,0.097696,84246400
1984-06-12,0.097696,0.100682,0.097269,0.099402,117129600
1984-06-13,0.099829,0.101962,0.099829,0.101536,115718400
1984-06-14,0.101536,0.101536,0.098122,0.098549,100956800
1984-06-15,0.098549,0.100255,0.098549,0.098976,89779200
1984-06-18,0.098976,0.101536,0.096843,0.101109,114598400
1984-06-19,0.101109,0.103669,0.100255,0.100255,160944000
1984-06-20,0.100255,0.103242,0.098122,0.103242,119526400
1984-06-21,0.103242,0.104522,0.098976,0.098976,141904000
1984-06-22,0.098976,0.100682,0.097696,0.097696,84604800
1984-06-25,0.097696,0.098549,0.092150,0.093003,167484800
1984-06-26,0.093003,0.093430,0.088737,0.088737,148646400
1984-06-27,0.088737,0.089591,0.082764,0.086177,377283200
1984-06-28,0.086177,0.091297,0.086177,0.090017,118316800
1984-06-29,0.090017,0.094710,0.090017,0.090444,141993600
1984-07-02,0.090444,0.090870,0.085750,0.087457,159667200
1984-07-03,0.087457,0.087883,0.084897,0.086177,179065600
1984-07-05,0.086177,0.087030,0.083191,0.084471,93184000
1984-07-06,0.084471,0.087030,0.082764,0.085750,95648000
1984-07-09,0.085750,0.090017,0.084471,0.089591,190668800
1984-07-10,0.089591,0.092577,0.089163,0.091724,172300800
1984-07-11,0.091723,0.093003,0.089163,0.090444,121094400
1984-07-12,0.090444,0.092577,0.090017,0.090870,168694400
1984-07-13,0.090870,0.092577,0.088737,0.090017,135945600
1984-07-16,0.090017,0.090017,0.085324,0.087883,202988800
1984-07-17,0.087883,0.088737,0.086604,0.087883,84851200
1984-07-18,0.087883,0.088310,0.086177,0.086604,104025600
1984-07-19,0.086604,0.087883,0.085750,0.086604,77907200
1984-07-20,0.086604,0.087883,0.086177,0.086604,33174400
1984-07-23,0.086604,0.086604,0.083618,0.085750,94035200
1984-07-24,0.085750,0.092150,0.085324,0.090870,179244800
1984-07-25,0.091297,0.093430,0.091297,0.091297,200457600
1984-07-26,0.091297,0.094283,0.090444,0.093003,143337600
1984-07-27,0.093003,0.093856,0.092150,0.092577,73942400
1984-07-30,0.092577,0.093003,0.086177,0.087030,125036800
1984-07-31,0.087030,0.088310,0.084897,0.087030,199628800
1984-08-01,0.087030,0.087883,0.082764,0.085324,285734400
1984-08-02,0.085324,0.086604,0.082338,0.082338,303676800
1984-08-03,0.082338,0.093856,0.081911,0.093430,618060800
1984-08-06,0.093430,0.104095,0.093003,0.099829,626796800
1984-08-07,0.099829,0.102389,0.095136,0.101109,332483200
1984-08-08,0.101109,0.103242,0.096416,0.097269,294403200
1984-08-09,0.097269,0.102389,0.095136,0.101536,257622400
1984-08-10,0.101536,0.105375,0.096843,0.097269,397376000
1984-08-13,0.097269,0.103242,0.095989,0.102389,241449600
1984-08-14,0.102389,0.103242,0.097269,0.098549,174070400
1984-08-15,0.098122,0.098122,0.094283,0.095136,178886400
1984-08-16,0.095136,0.096843,0.093856,0.095989,144816000
1984-08-17,0.095989,0.096416,0.092577,0.093856,153932800
1984-08-20,0.093856,0.094283,0.090870,0.093430,138454400
1984-08-21,0.093430,0.098122,0.093430,0.097269,179536000
1984-08-22,0.097269,0.099829,0.094710,0.095563,220416000
1984-08-23,0.095563,0.097696,0.095563,0.095989,83417600
1984-08-24,0.095989,0.097269,0.095136,0.095989,70896000
1984-08-27,0.095989,0.095989,0.093430,0.095136,87673600
1984-08-28,0.095136,0.096416,0.094283,0.096416,59158400
1984-08-29,0.096416,0.096843,0.093003,0.093856,74121600
1984-08-30,0.093856,0.095136,0.092150,0.092150,50960000
1984-08-31,0.092150,0.092577,0.089163,0.090444,137849600
1984-09-04,0.090444,0.091297,0.088737,0.089591,119840000
1984-09-05,0.089591,0.090870,0.088737,0.089591,103756800
1984-09-06,0.089591,0.091723,0.089591,0.090444,130972800
1984-09-07,0.090444,0.091723,0.089591,0.090444,83260800
1984-09-10,0.090444,0.090870,0.088310,0.090017,64624000
1984-09-11,0.090870,0.093430,0.090870,0.091724,152387200
1984-09-12,0.091724,0.092150,0.089163,0.089163,133123200
1984-09-13,0.093856,0.094283,0.093856,0.093856,207334400
1984-09-14,0.094283,0.097269,0.094283,0.095136,246870400
1984-09-17,0.097696,0.098976,0.097696,0.097696,192752000
1984-09-18,0.097696,0.098549,0.094283,0.094283,97305600
1984-09-19,0.094283,0.095136,0.092150,0.092150,106288000
1984-09-20,0.092577,0.093430,0.092577,0.092577,66169600
1984-09-21,0.092577,0.095136,0.090444,0.091724,99836800
1984-09-24,0.091724,0.092150,0.090870,0.090870,79004800
1984-09-25,0.090444,0.090444,0.089163,0.089163,166790400
1984-09-26,0.089163,0.093003,0.087883,0.087883,110969600
1984-09-27,0.087883,0.088310,0.087883,0.087883,105929600
1984-09-28,0.087883,0.087883,0.084044,0.085750,233408000
1984-10-01,0.085324,0.085324,0.083617,0.083617,97776000
1984-10-02,0.084471,0.087457,0.084471,0.084471,118249600
1984-10-03,0.085750,0.087030,0.085750,0.085750,120422400
1984-10-04,0.086604,0.087457,0.086604,0.086604,125484800
1984-10-05,0.086604,0.086604,0.084471,0.084897,97574400
1984-10-08,0.084897,0.085324,0.084897,0.084897,46972800
1984-10-09,0.084897,0.085324,0.084044,0.084044,125260800
1984-10-10,0.084044,0.084044,0.081485,0.081485,364851200
1984-10-11,0.081485,0.083617,0.081058,0.081058,182761600
1984-10-12,0.081058,0.081485,0.076791,0.077645,265798400
1984-10-15,0.081911,0.082764,0.081911,0.081911,243264000
1984-10-16,0.081911,0.082338,0.081485,0.081485,118025600
1984-10-17,0.084897,0.085324,0.084897,0.084897,156643200
1984-10-18,0.087457,0.087883,0.087457,0.087457,247161600
1984-10-19,0.087457,0.093430,0.087030,0.087457,326121600
1984-10-22,0.087457,0.088737,0.086604,0.086604,114755200
1984-10-23,0.088737,0.089591,0.088737,0.088737,186435200
1984-10-24,0.089591,0.090444,0.089591,0.089591,167014400
1984-10-25,0.089591,0.089591,0.086177,0.086177,158166400
1984-10-26,0.086177,0.086177,0.083617,0.084044,114844800
1984-10-29,0.084471,0.084897,0.084471,0.084471,50646400
1984-10-30,0.085324,0.086177,0.085324,0.085324,74592000
1984-10-31,0.085324,0.086177,0.084897,0.084897,60233600
1984-11-01,0.085324,0.086177,0.085324,0.085324,47040000
1984-11-02,0.085324,0.085750,0.084471,0.084897,27686400
1984-11-05,0.084897,0.086604,0.084471,0.084471,105369600
1984-11-06,0.089591,0.090017,0.089591,0.089591,225321600
1984-11-07,0.089591,0.090017,0.087883,0.087883,231548800
1984-11-08,0.087883,0.087883,0.084471,0.084471,88121600
1984-11-09,0.084471,0.084897,0.078498,0.079352,294134400
1984-11-12,0.082338,0.082764,0.082338,0.082338,113254400
1984-11-13,0.082338,0.084044,0.080205,0.080205,126672000
1984-11-14,0.081058,0.081911,0.081058,0.081058,104339200
1984-11-15,0.081058,0.081911,0.081058,0.081058,106601600
1984-11-16,0.081058,0.082338,0.078925,0.079352,165760000
1984-11-19,0.079352,0.079778,0.074658,0.074658,232982400
1984-11-20,0.077218,0.077645,0.077218,0.077218,263244800
1984-11-21,0.078925,0.079352,0.078925,0.078925,178729600
1984-11-23,0.079778,0.082338,0.079778,0.081058,137088000
1984-11-26,0.081911,0.081911,0.081911,0.081911,100643200
1984-11-27,0.084044,0.084897,0.084044,0.084044,127411200
1984-11-28,0.088310,0.090444,0.088310,0.088310,410524800
1984-11-29,0.088310,0.088310,0.086604,0.086604,174876800
1984-11-30,0.086604,0.087457,0.084044,0.084471,108707200
1984-12-03,0.084471,0.084897,0.083191,0.083191,98000000
1984-12-04,0.084897,0.086604,0.084897,0.084897,120377600
1984-12-05,0.089163,0.089163,0.089163,0.089163,262908800
1984-12-06,0.093430,0.093856,0.093430,0.093430,317273600
1984-12-07,0.093430,0.096843,0.092577,0.093003,494524800
1984-12-10,0.093003,0.093003,0.091297,0.091297,111484800
1984-12-11,0.091297,0.092577,0.090017,0.090017,123782400
1984-12-12,0.090017,0.090017,0.087030,0.087030,110073600
1984-12-13,0.087883,0.089591,0.087883,0.087883,66841600
1984-12-14,0.087883,0.090870,0.087883,0.090017,96140800
1984-12-17,0.092150,0.093003,0.092150,0.092150,125238400
1984-12-18,0.097696,0.098122,0.097696,0.097696,340569600
1984-12-19,0.097696,0.098122,0.093856,0.093856,317497600
1984-12-20,0.093856,0.095563,0.093430,0.093430,139843200
1984-12-21,0.093430,0.093856,0.091297,0.092150,123894400
1984-12-24,0.093856,0.094283,0.093856,0.093856,67536000
1984-12-26,0.094283,0.095136,0.094283,0.094283,67177600
1984-12-27,0.094710,0.095136,0.094710,0.094710,98761600
1984-12-28,0.094710,0.098549,0.094283,0.098122,165334400
1984-12-31,0.099402,0.099829,0.099402,0.099402,207760000
1985-01-02,0.099402,0.099402,0.095136,0.095136,175302400
1985-01-03,0.096843,0.099402,0.096843,0.096843,166611200
1985-01-04,0.096843,0.097269,0.095563,0.096843,137267200
1985-01-07,0.096843,0.097269,0.096416,0.096416,170912000
1985-01-08,0.096416,0.097269,0.095563,0.095563,141120000
1985-01-09,0.098122,0.099402,0.098122,0.098122,166723200
1985-01-10,0.102389,0.102816,0.102389,0.102389,277065600
1985-01-11,0.102389,0.103242,0.100682,0.101536,205049600
1985-01-14,0.104522,0.105375,0.104522,0.104522,270435200
1985-01-15,0.104522,0.106228,0.102389,0.102389,264969600
1985-01-16,0.103242,0.104949,0.103242,0.103242,189884800
1985-01-17,0.103242,0.104949,0.095989,0.095989,547523200
1985-01-18,0.095989,0.099829,0.095563,0.097696,352665600
1985-01-21,0.099829,0.100682,0.099829,0.099829,325427200
1985-01-22,0.102816,0.103242,0.102816,0.102816,424838400
1985-01-23,0.102816,0.103242,0.101109,0.101109,430505600
1985-01-24,0.101109,0.101109,0.098976,0.098976,397062400
1985-01-25,0.098976,0.101109,0.096843,0.101109,318460800
1985-01-28,0.103242,0.104522,0.103242,0.103242,412182400
1985-01-29,0.103242,0.104095,0.101962,0.101962,223731200
1985-01-30,0.101962,0.104095,0.101962,0.101962,492441600
1985-01-31,0.101962,0.102389,0.098976,0.098976,276236800
1985-02-01,0.098976,0.099402,0.096843,0.097696,137737600
1985-02-04,0.099829,0.100255,0.099829,0.099829,218019200
1985-02-05,0.100682,0.102389,0.100682,0.100682,190041600
1985-02-06,0.102389,0.102389,0.102389,0.102389,194432000
1985-02-07,0.102389,0.103669,0.101962,0.101962,245481600
1985-02-08,0.101962,0.102389,0.100682,0.101962,132025600
1985-02-11,0.104095,0.104949,0.104095,0.104095,346953600
1985-02-12,0.104095,0.104522,0.101536,0.101536,226508800
1985-02-13,0.101536,0.101536,0.096843,0.096843,527027200
1985-02-14,0.096843,0.097696,0.094283,0.094283,426832000
1985-02-15,0.094283,0.095989,0.093430,0.095563,173622400
1985-02-19,0.095136,0.095136,0.094283,0.094283,149833600
1985-02-20,0.094283,0.094710,0.090017,0.090017,219968000
1985-02-21,0.091724,0.092150,0.091724,0.091724,308224000
1985-02-22,0.091724,0.095136,0.091724,0.094283,226531200
1985-02-25,0.094283,0.094710,0.093003,0.093003,98537600
1985-02-26,0.093003,0.093430,0.091297,0.091297,188966400
1985-02-27,0.091297,0.091297,0.085750,0.085750,403580800
1985-02-28,0.085750,0.085750,0.084471,0.084471,319065600
1985-03-01,0.084471,0.084897,0.081911,0.084897,247430400
1985-03-04,0.086177,0.088737,0.086177,0.086177,153104000
1985-03-05,0.088310,0.088310,0.088310,0.088310,130771200
1985-03-06,0.088310,0.088310,0.084044,0.084044,193603200
1985-03-07,0.084044,0.084471,0.075511,0.075511,733980800
1985-03-08,0.075511,0.075511,0.070819,0.073379,473558400
1985-03-11,0.075938,0.076365,0.075938,0.075938,286003200
1985-03-12,0.078498,0.079352,0.078498,0.078498,219430400
1985-03-13,0.078498,0.078498,0.074232,0.074232,251126400
1985-03-14,0.074232,0.074658,0.074232,0.074232,241606400
1985-03-15,0.074232,0.078925,0.073805,0.077218,181417600
1985-03-18,0.078072,0.078925,0.078072,0.078072,124768000
1985-03-19,0.078072,0.078925,0.075085,0.075085,171449600
1985-03-20,0.075938,0.077218,0.075938,0.075938,404969600
1985-03-21,0.077218,0.078498,0.077218,0.077218,162467200
1985-03-22,0.077218,0.078498,0.075938,0.075938,80371200
1985-03-25,0.075938,0.075938,0.073805,0.073805,109961600
1985-03-26,0.076791,0.076791,0.076791,0.076791,121430400
1985-03-27,0.076791,0.077645,0.074658,0.074658,111350400
1985-03-28,0.074658,0.075938,0.074658,0.074658,129606400
1985-03-29,0.074658,0.075938,0.074658,0.075511,87180800
1985-04-01,0.075511,0.077218,0.073805,0.073805,114060800
1985-04-02,0.073805,0.074232,0.071672,0.071672,227427200
1985-04-03,0.071672,0.072099,0.071672,0.071672,242659200
1985-04-04,0.071672,0.072099,0.070392,0.071246,161862400
1985-04-08,0.071246,0.071672,0.066980,0.066980,198732800
1985-04-09,0.066980,0.067406,0.066980,0.066980,263894400
1985-04-10,0.071672,0.072525,0.071672,0.071672,226912000
1985-04-11,0.072952,0.075085,0.072952,0.072952,146675200
1985-04-12,0.072952,0.072952,0.070819,0.071246,72531200
1985-04-15,0.072952,0.073805,0.072952,0.072952,59830400
1985-04-16,0.073805,0.074232,0.073805,0.073805,67648000
1985-04-17,0.077218,0.078072,0.077218,0.077218,123244800
1985-04-18,0.078072,0.078498,0.078072,0.078072,202428800
1985-04-19,0.078072,0.078072,0.076365,0.076791,96028800
1985-04-22,0.076791,0.076791,0.073805,0.073805,102592000
1985-04-23,0.075511,0.075938,0.075511,0.075511,118294400
1985-04-24,0.075511,0.076791,0.075085,0.075085,78937600
1985-04-25,0.075085,0.075511,0.075085,0.075085,87628800
1985-04-26,0.075085,0.077218,0.074658,0.074658,119705600
1985-04-29,0.074658,0.075085,0.072099,0.072099,62204800
1985-04-30,0.072525,0.072952,0.072525,0.072525,94729600
1985-05-01,0.072525,0.072952,0.071246,0.071246,57344000
1985-05-02,0.070392,0.070392,0.065700,0.065700,329772800
1985-05-03,0.065700,0.068686,0.065700,0.068259,158121600
1985-05-06,0.068259,0.069113,0.067406,0.067406,56134400
1985-05-07,0.068259,0.068259,0.068259,0.068259,107609600
1985-05-08,0.067833,0.067833,0.067833,0.067833,144390400
1985-05-09,0.068259,0.068686,0.068259,0.068259,127075200
1985-05-10,0.068259,0.069966,0.068259,0.069113,136080000
1985-05-13,0.069113,0.069539,0.068259,0.068259,87225600
1985-05-14,0.068259,0.068686,0.067406,0.067406,121744000
1985-05-15,0.068259,0.069539,0.068259,0.068259,130435200
1985-05-16,0.072952,0.075085,0.072952,0.072952,230540800
1985-05-17,0.072952,0.075511,0.072525,0.074232,211859200
1985-05-20,0.074232,0.075938,0.072952,0.072952,197187200
1985-05-21,0.072525,0.072525,0.070819,0.070819,152544000
1985-05-22,0.070819,0.071246,0.070392,0.070392,120556800
1985-05-23,0.069966,0.069966,0.067406,0.067406,239164800
1985-05-24,0.067406,0.067406,0.061860,0.061860,589478400
1985-05-28,0.061007,0.061007,0.057594,0.057594,510966400
1985-05-29,0.058447,0.058874,0.058447,0.058447,246556800
1985-05-30,0.060153,0.061007,0.060153,0.060153,314921600
1985-05-31,0.060153,0.061433,0.059300,0.059300,369420800
1985-06-03,0.058020,0.058020,0.054608,0.054608,576016000
1985-06-04,0.058874,0.059300,0.058874,0.058874,401923200
1985-06-05,0.058874,0.060580,0.057594,0.057594,286406400
1985-06-06,0.058020,0.058020,0.058020,0.058020,271196800
1985-06-07,0.058020,0.058020,0.055887,0.055887,475238400
1985-06-10,0.055887,0.056314,0.055034,0.055034,316131200
1985-06-11,0.055034,0.056314,0.055034,0.055034,300720000
1985-06-12,0.055034,0.055461,0.053754,0.053754,247990400
1985-06-13,0.053754,0.054181,0.050768,0.050768,379523200
1985-06-14,0.050768,0.053754,0.050341,0.050341,565667200
1985-06-17,0.050768,0.051194,0.050768,0.050768,236342400
1985-06-18,0.052047,0.052901,0.052047,0.052047,265216000
1985-06-19,0.053327,0.054181,0.053327,0.053327,171987200
1985-06-20,0.053754,0.053754,0.053754,0.053754,190803200
1985-06-21,0.055034,0.056314,0.055034,0.055034,166140800
1985-06-24,0.058874,0.059727,0.058874,0.058874,205766400
1985-06-25,0.059727,0.061007,0.059727,0.059727,293910400
1985-06-26,0.061860,0.061860,0.061860,0.061860,132204800
1985-06-27,0.062713,0.063140,0.062713,0.062713,192460800
1985-06-28,0.062713,0.063139,0.061433,0.061433,135744000
1985-07-01,0.061860,0.062286,0.061860,0.061860,103443200
1985-07-02,0.061860,0.062286,0.058874,0.058874,77728000
1985-07-03,0.059727,0.059727,0.059727,0.059727,68499200
1985-07-05,0.060153,0.060580,0.060153,0.060153,36579200
1985-07-08,0.060153,0.060580,0.060153,0.060153,92220800
1985-07-09,0.060153,0.060580,0.060153,0.060153,147907200
1985-07-10,0.061433,0.061433,0.061433,0.061433,106041600
1985-07-11,0.061433,0.061860,0.061433,0.061433,64892800
1985-07-12,0.061433,0.061433,0.061007,0.061007,47040000
1985-07-15,0.061007,0.062286,0.060580,0.060580,77683200
1985-07-16,0.060580,0.061007,0.059727,0.059727,143360000
1985-07-17,0.060153,0.061007,0.060153,0.060153,118182400
1985-07-18,0.060153,0.060153,0.058874,0.058874,179065600
1985-07-19,0.059300,0.059300,0.059300,0.059300,114912000
1985-07-22,0.059300,0.059300,0.057594,0.057594,192304000
1985-07-23,0.057594,0.058447,0.056314,0.056314,168694400
1985-07-24,0.056314,0.057167,0.055461,0.055461,168716800
1985-07-25,0.056741,0.057167,0.056741,0.056741,315078400
1985-07-26,0.056741,0.057167,0.056741,0.056741,130524800
1985-07-29,0.056741,0.056741,0.054608,0.054608,77750400
1985-07-30,0.055461,0.055887,0.055461,0.055461,89465600
1985-07-31,0.055461,0.055887,0.054181,0.054181,80505600
1985-08-01,0.054181,0.055034,0.054181,0.054181,51564800
1985-08-02,0.054181,0.054181,0.053754,0.053754,97417600
1985-08-05,0.053754,0.054181,0.052474,0.052474,92332800
1985-08-06,0.052474,0.053754,0.052047,0.052047,63078400
1985-08-07,0.052047,0.054608,0.050768,0.050768,151737600
1985-08-08,0.051621,0.052047,0.051621,0.051621,147772800
1985-08-09,0.052047,0.052047,0.052047,0.052047,60950400
1985-08-12,0.052047,0.052047,0.051194,0.051194,54992000
1985-08-13,0.052047,0.052901,0.052047,0.052047,42380800
1985-08-14,0.052047,0.052047,0.049914,0.049914,289900800
1985-08-15,0.049914,0.050341,0.049488,0.049488,105190400
1985-08-16,0.049914,0.050768,0.049914,0.049914,83753600
1985-08-19,0.051194,0.052047,0.051194,0.051194,47868800
1985-08-20,0.052047,0.052047,0.052047,0.052047,66953600
1985-08-21,0.052047,0.052047,0.052047,0.052047,77011200
1985-08-22,0.052047,0.052047,0.050768,0.050768,123312000
1985-08-23,0.050768,0.051194,0.050341,0.050341,44016000
1985-08-26,0.051621,0.051621,0.051621,0.051621,35660800
1985-08-27,0.052047,0.052047,0.052047,0.052047,42918400
1985-08-28,0.052047,0.052474,0.052047,0.052047,40947200
1985-08-29,0.052047,0.052047,0.050768,0.050768,56112000
1985-08-30,0.051194,0.051194,0.051194,0.051194,42873600
1985-09-03,0.051194,0.051194,0.050341,0.050341,37452800
1985-09-04,0.050768,0.051621,0.050768,0.050768,47555200
1985-09-05,0.050768,0.051194,0.050768,0.050768,32816000
1985-09-06,0.051194,0.051194,0.051194,0.051194,92803200
1985-09-09,0.052047,0.052474,0.052047,0.052047,132316800
1985-09-10,0.052474,0.053327,0.052474,0.052474,121766400
1985-09-11,0.052901,0.053327,0.052901,0.052901,87091200
1985-09-12,0.055034,0.055034,0.055034,0.055034,111171200
1985-09-13,0.055034,0.055034,0.053754,0.053754,70537600
1985-09-16,0.053754,0.053754,0.052047,0.052047,36982400
1985-09-17,0.052047,0.052047,0.052047,0.052047,183747200
1985-09-18,0.055461,0.055461,0.055461,0.055461,120086400
1985-09-19,0.058020,0.058020,0.058020,0.058020,186323200
1985-09-20,0.058020,0.058447,0.057167,0.057167,135228800
1985-09-23,0.057594,0.058447,0.057594,0.057594,118585600
1985-09-24,0.057594,0.058874,0.056314,0.056314,88099200
1985-09-25,0.056314,0.056314,0.054181,0.054181,104496000
1985-09-26,0.054181,0.054608,0.054181,0.054181,53491200
1985-09-30,0.054181,0.054608,0.053754,0.053754,36646400
1985-10-01,0.053754,0.054181,0.053754,0.053754,88345600
1985-10-02,0.053754,0.054181,0.053327,0.053327,21504000
1985-10-03,0.053327,0.053327,0.052901,0.052901,48921600
1985-10-04,0.052901,0.052901,0.051194,0.051194,69529600
1985-10-07,0.051194,0.052047,0.051194,0.051194,91929600
1985-10-08,0.051621,0.051621,0.051621,0.051621,86979200
1985-10-09,0.051621,0.052047,0.051194,0.051194,82812800
1985-10-10,0.054181,0.054608,0.054181,0.054181,261744000
1985-10-11,0.054608,0.055461,0.054608,0.054608,118294400
1985-10-14,0.056741,0.056741,0.056741,0.056741,155187200
1985-10-15,0.058020,0.058447,0.058020,0.058020,293888000
1985-10-16,0.061433,0.061860,0.061433,0.061433,288444800
1985-10-17,0.062286,0.065272,0.062286,0.062286,348185600
1985-10-18,0.062286,0.062713,0.060580,0.060580,230428800
1985-10-21,0.060580,0.060580,0.058874,0.058874,118876800
1985-10-22,0.061433,0.062286,0.061433,0.061433,424547200
1985-10-23,0.061433,0.063139,0.061433,0.061433,148377600
1985-10-24,0.062713,0.064419,0.062713,0.062713,272630400
1985-10-25,0.062713,0.062713,0.061433,0.061433,63280000
1985-10-28,0.061433,0.061860,0.061433,0.061433,59472000
1985-10-29,0.061433,0.061433,0.061007,0.061007,130883200
1985-10-30,0.064846,0.064846,0.064846,0.064846,226576000
1985-10-31,0.064846,0.065700,0.063566,0.063566,155075200
1985-11-01,0.063566,0.064846,0.063566,0.063566,92556800
1985-11-04,0.063993,0.065272,0.063993,0.063993,155724800
1985-11-05,0.063993,0.065272,0.063566,0.063566,107542400
1985-11-06,0.065700,0.066126,0.065700,0.065700,200457600
1985-11-07,0.066980,0.067833,0.066980,0.066980,317139200
1985-11-08,0.069966,0.070819,0.069966,0.069966,294112000
1985-11-11,0.069966,0.070819,0.068259,0.068259,178774400
1985-11-12,0.068259,0.069113,0.067833,0.067833,173644800
1985-11-13,0.067833,0.067833,0.066126,0.066126,101561600
1985-11-14,0.068259,0.068686,0.068259,0.068259,139507200
1985-11-15,0.068259,0.069113,0.067833,0.067833,81580800
1985-11-18,0.067833,0.068259,0.067833,0.067833,64556800
1985-11-19,0.067833,0.068259,0.065700,0.065700,94326400
1985-11-20,0.065700,0.066126,0.064846,0.064846,99075200
1985-11-21,0.064846,0.065700,0.064846,0.064846,102950400
1985-11-22,0.064846,0.065700,0.064419,0.064846,128755200
1985-11-25,0.064846,0.065700,0.064846,0.065272,97193600
1985-11-26,0.065272,0.066553,0.064846,0.066126,164460800
1985-11-27,0.066126,0.068686,0.065700,0.068259,191721600
1985-11-29,0.068259,0.068686,0.067833,0.068686,99030400
1985-12-02,0.068686,0.069113,0.068259,0.069113,100195200
1985-12-03,0.069113,0.069539,0.068259,0.068686,155075200
1985-12-04,0.068686,0.070392,0.068686,0.069966,165110400
1985-12-05,0.069966,0.070819,0.068259,0.068686,125148800
1985-12-06,0.068686,0.068686,0.066980,0.067406,65452800
1985-12-09,0.067406,0.068259,0.065700,0.066126,139865600
1985-12-10,0.066126,0.066980,0.065700,0.066553,200905600
1985-12-11,0.066553,0.068686,0.066553,0.067406,237619200
1985-12-12,0.067833,0.069113,0.067833,0.068259,125260800
1985-12-13,0.068259,0.069113,0.067406,0.068259,251148800
1985-12-16,0.068259,0.072525,0.068259,0.071246,288915200
1985-12-17,0.071246,0.071672,0.069539,0.070392,109065600
1985-12-18,0.072952,0.078072,0.072952,0.075938,559798400
1985-12-19,0.075938,0.077645,0.075511,0.076791,270121600
1985-12-20,0.076791,0.077645,0.075938,0.076365,206035200
1985-12-23,0.076365,0.076791,0.073805,0.074658,143225600
1985-12-24,0.074658,0.075085,0.073805,0.074232,64601600
1985-12-26,0.074232,0.075085,0.073805,0.074232,45852800
1985-12-27,0.074232,0.077218,0.074232,0.076365,122886400
1985-12-30,0.076365,0.077218,0.075511,0.075938,107676800
1985-12-31,0.075938,0.076365,0.075085,0.075085,87248000
1986-01-02,0.075085,0.075938,0.074232,0.075938,117420800
1986-01-03,0.075938,0.076365,0.075511,0.076365,242166400
1986-01-06,0.076365,0.076365,0.074658,0.075938,185046400
1986-01-07,0.075938,0.078498,0.075511,0.078498,470534400
1986-01-08,0.078498,0.080205,0.077645,0.078072,607600000
1986-01-09,0.078072,0.078498,0.074658,0.077218,447238400
1986-01-10,0.077218,0.078925,0.077218,0.077645,153238400
1986-01-13,0.077645,0.078925,0.076791,0.078498,215420800
1986-01-14,0.078498,0.081058,0.076791,0.079352,272697600
1986-01-15,0.079352,0.081911,0.078925,0.081485,423472000
1986-01-16,0.081485,0.084471,0.081485,0.083617,534777600
1986-01-17,0.083618,0.084471,0.081485,0.081911,345385600
1986-01-20,0.081911,0.081911,0.079778,0.081485,127411200
1986-01-21,0.081485,0.082338,0.081058,0.081911,151961600
1986-01-22,0.081911,0.082338,0.076365,0.079778,143001600
1986-01-23,0.079778,0.080205,0.077645,0.078498,156419200
1986-01-24,0.078498,0.079778,0.077218,0.077218,111977600
1986-01-27,0.077218,0.077645,0.075085,0.075511,389580800
1986-01-28,0.075511,0.076365,0.075085,0.075938,222297600
1986-01-29,0.075938,0.083191,0.075085,0.080631,589568000
1986-01-30,0.080205,0.080205,0.078072,0.078498,236880000
1986-01-31,0.078498,0.079352,0.078072,0.078925,147705600
1986-02-03,0.078925,0.081911,0.078072,0.081485,350022400
1986-02-04,0.081485,0.083191,0.081058,0.081058,260176000
1986-02-05,0.081058,0.081485,0.080205,0.081058,197164800
1986-02-06,0.081058,0.082764,0.080631,0.082338,134220800
1986-02-07,0.082338,0.082338,0.080205,0.081911,129404800
1986-02-10,0.081911,0.083617,0.081058,0.081485,111843200
1986-02-11,0.081485,0.081911,0.080205,0.081485,153462400
1986-02-12,0.081485,0.081911,0.081058,0.081911,133056000
1986-02-13,0.081911,0.081911,0.081058,0.081485,109379200
1986-02-14,0.081485,0.082338,0.081058,0.081058,137513600
1986-02-18,0.081058,0.081911,0.079352,0.081485,148108800
1986-02-19,0.081485,0.087030,0.081485,0.085324,359676800
1986-02-20,0.085324,0.086604,0.084897,0.085750,137916800
1986-02-21,0.085750,0.087883,0.085750,0.086177,189078400
1986-02-24,0.086177,0.087883,0.085324,0.087883,247116800
1986-02-25,0.087883,0.090017,0.085750,0.090017,224739200
1986-02-26,0.090017,0.091297,0.088737,0.088737,164729600
1986-02-27,0.088737,0.089163,0.087030,0.087457,108124800
1986-02-28,0.087457,0.088310,0.084897,0.085324,125126400
1986-03-03,0.085324,0.085750,0.083617,0.084044,108819200
1986-03-04,0.084044,0.085324,0.083617,0.084044,89107200
1986-03-05,0.084044,0.087030,0.082764,0.086177,177027200
1986-03-06,0.086177,0.087883,0.085750,0.086604,101337600
1986-03-07,0.086604,0.086604,0.084471,0.084471,96185600
1986-03-10,0.084471,0.084897,0.084044,0.084044,75488000
1986-03-11,0.084044,0.084897,0.083617,0.084897,103062400
1986-03-12,0.084897,0.085750,0.084471,0.084471,85680000
1986-03-13,0.084471,0.085324,0.083191,0.084471,115964800
1986-03-14,0.084471,0.089591,0.084471,0.089163,384854400
1986-03-17,0.088737,0.088737,0.086604,0.088737,118720000
1986-03-18,0.088737,0.093003,0.088310,0.091724,249356800
1986-03-19,0.091723,0.093003,0.090017,0.090444,189884800
1986-03-20,0.095563,0.101109,0.095563,0.096416,904131200
1986-03-21,0.096416,0.098122,0.093856,0.094283,260377600
1986-03-24,0.094283,0.094283,0.090017,0.091297,294313600
1986-03-25,0.091297,0.095136,0.091297,0.095136,281075200
1986-03-26,0.095136,0.098122,0.095136,0.096416,222140800
1986-03-27,0.096416,0.098976,0.096416,0.096416,219004800
1986-03-31,0.096416,0.097269,0.095563,0.096416,187801600
1986-04-01,0.096416,0.096416,0.092150,0.093003,222723200
1986-04-02,0.093003,0.093430,0.089591,0.093003,325292800
1986-04-03,0.093003,0.094283,0.091724,0.092150,211075200
1986-04-04,0.092150,0.092150,0.090870,0.091297,125955200
1986-04-07,0.091297,0.093856,0.089591,0.093003,120131200
1986-04-08,0.093003,0.094710,0.093003,0.094283,193222400
1986-04-09,0.094283,0.094710,0.091724,0.092577,135318400
1986-04-10,0.092577,0.093430,0.091724,0.093003,109984000
1986-04-11,0.093003,0.093856,0.092150,0.092150,75667200
1986-04-14,0.092150,0.093003,0.091297,0.091724,84963200
1986-04-15,0.091724,0.093856,0.091724,0.093430,131398400
1986-04-16,0.093430,0.097269,0.093430,0.096416,210828800
1986-04-17,0.096416,0.099402,0.095563,0.098976,270099200
1986-04-18,0.098976,0.101962,0.098122,0.101536,247676800
1986-04-21,0.101962,0.104949,0.101962,0.103669,273548800
1986-04-22,0.103669,0.106655,0.101109,0.101962,327868800
1986-04-23,0.101962,0.103669,0.100255,0.101109,261475200
1986-04-24,0.101109,0.107508,0.100682,0.107082,458371200
1986-04-25,0.107082,0.111348,0.107082,0.110068,261072000
1986-04-28,0.110068,0.111774,0.108361,0.109215,145532800
1986-04-29,0.109215,0.110068,0.091724,0.106655,132697600
1986-04-30,0.106655,0.107935,0.103242,0.103242,137782400
1986-05-01,0.103242,0.103242,0.101536,0.103242,257936000
1986-05-02,0.103242,0.105802,0.102816,0.104095,93587200
1986-05-05,0.104095,0.110921,0.104095,0.109641,149340800
1986-05-06,0.110068,0.113481,0.110068,0.111348,218534400
1986-05-07,0.111348,0.112201,0.106655,0.107508,198800000
1986-05-08,0.107508,0.113054,0.107508,0.112627,233363200
1986-05-09,0.112627,0.114761,0.111774,0.113908,222499200
1986-05-12,0.113908,0.124999,0.113481,0.124146,400422400
1986-05-13,0.124146,0.124573,0.120307,0.122866,471766400
1986-05-14,0.122866,0.127560,0.122866,0.125853,482988800
1986-05-15,0.125853,0.126280,0.121586,0.122866,222544000
1986-05-16,0.122866,0.123719,0.119880,0.122866,319244800
1986-05-19,0.122866,0.124573,0.121160,0.121587,209507200
1986-05-20,0.121587,0.121587,0.116894,0.120733,245795200
1986-05-21,0.120733,0.127133,0.119454,0.126280,346729600
1986-05-22,0.126280,0.127986,0.122013,0.125427,220505600
1986-05-23,0.125427,0.126706,0.124146,0.126280,139843200
1986-05-27,0.126280,0.126280,0.124146,0.125853,84649600
1986-05-28,0.125853,0.127986,0.125427,0.127133,207132800
1986-05-29,0.127133,0.127133,0.124573,0.126280,101427200
1986-05-30,0.126280,0.127133,0.124573,0.126280,127433600
1986-06-02,0.126280,0.127560,0.125427,0.126706,199248000
1986-06-03,0.126706,0.130119,0.126706,0.129266,325897600
1986-06-04,0.129266,0.132679,0.128839,0.132252,300652800
1986-06-05,0.132252,0.133532,0.131399,0.132679,147884800
1986-06-06,0.132679,0.132679,0.127986,0.128839,177363200
1986-06-09,0.128839,0.129266,0.122440,0.122866,247027200
1986-06-10,0.122866,0.122866,0.119880,0.122866,246892800
1986-06-11,0.122866,0.123719,0.121160,0.123293,186860800
1986-06-12,0.123293,0.124146,0.122866,0.122866,129091200
1986-06-13,0.122866,0.124146,0.120307,0.124146,143001600
1986-06-16,0.124146,0.125853,0.121587,0.122440,173600000
1986-06-17,0.122440,0.122866,0.116041,0.116894,222051200
1986-06-18,0.116894,0.118600,0.110921,0.116894,429654400
1986-06-19,0.116894,0.122013,0.115614,0.119454,344646400
1986-06-20,0.119454,0.123293,0.119454,0.122866,161302400
1986-06-23,0.122866,0.123720,0.118174,0.118600,116323200
1986-06-24,0.118600,0.119880,0.117321,0.119027,141993600
1986-06-25,0.119454,0.122866,0.119454,0.122440,131980800
1986-06-26,0.122440,0.124146,0.121160,0.123719,116928000
1986-06-27,0.123720,0.125427,0.121160,0.122440,50198400
1986-06-30,0.122440,0.123720,0.122013,0.122440,70761600
1986-07-01,0.122440,0.123293,0.118600,0.120733,87718400
1986-07-02,0.120733,0.123719,0.120733,0.123293,144838400
1986-07-03,0.123293,0.128839,0.121587,0.128413,181171200
1986-07-07,0.128413,0.128839,0.120733,0.121587,181820800
1986-07-08,0.120307,0.120307,0.116467,0.116894,273683200
1986-07-09,0.116894,0.118600,0.116041,0.118174,365120000
1986-07-10,0.118600,0.120733,0.118174,0.120733,208566400
1986-07-11,0.120733,0.128839,0.120307,0.126706,224000000
1986-07-14,0.126706,0.127560,0.123719,0.123719,237440000
1986-07-15,0.119454,0.119454,0.116894,0.119027,297920000
1986-07-16,0.121160,0.121587,0.111774,0.114334,539840000
1986-07-17,0.114334,0.115188,0.109641,0.110068,250880000
1986-07-18,0.110068,0.110921,0.106655,0.108361,309120000
1986-07-21,0.112627,0.115188,0.111774,0.114334,228480000
1986-07-22,0.114334,0.118174,0.113481,0.118174,239680000
1986-07-23,0.118174,0.118174,0.116467,0.116467,179491200
1986-07-24,0.116894,0.117321,0.112627,0.113054,144569600
1986-07-25,0.113054,0.116041,0.112627,0.116041,217459200
1986-07-28,0.115614,0.116041,0.110068,0.110494,246400000
1986-07-29,0.110068,0.110068,0.104949,0.106655,595840000
1986-07-30,0.106655,0.107508,0.102389,0.104095,255360000
1986-07-31,0.104095,0.107508,0.104095,0.106655,282240000
1986-08-01,0.106228,0.108361,0.106228,0.107082,150080000
1986-08-04,0.107082,0.107508,0.104522,0.107508,130166400
1986-08-05,0.107935,0.110494,0.107508,0.109641,117891200
1986-08-06,0.109641,0.109641,0.105802,0.106228,185203200
1986-08-07,0.106228,0.111348,0.106228,0.108361,173398400
1986-08-08,0.108788,0.110494,0.107935,0.107935,110140800
1986-08-11,0.108788,0.114334,0.108361,0.114334,183433600
1986-08-12,0.113908,0.117321,0.113908,0.116894,244160000
1986-08-13,0.116894,0.123719,0.116894,0.122866,454720000
1986-08-14,0.122866,0.126280,0.122866,0.122866,230720000
1986-08-15,0.123293,0.124573,0.121586,0.122013,137177600
1986-08-18,0.122013,0.122440,0.119454,0.120733,147347200
1986-08-19,0.119880,0.121160,0.118174,0.120733,137782400
1986-08-20,0.120307,0.124573,0.120307,0.123719,171315200
1986-08-21,0.123293,0.124146,0.122013,0.122013,194656000
1986-08-22,0.122440,0.124999,0.122440,0.123719,115718400
1986-08-25,0.124573,0.125853,0.124146,0.124146,126403200
1986-08-26,0.124146,0.125853,0.124146,0.124999,131241600
1986-08-27,0.124999,0.126280,0.123720,0.126280,147033600
1986-08-28,0.126280,0.129693,0.125853,0.128839,219699200
1986-08-29,0.128413,0.129693,0.125853,0.126280,135228800
1986-09-02,0.126706,0.126706,0.118600,0.118600,232960000
1986-09-03,0.118600,0.119027,0.116467,0.118600,117488000
1986-09-04,0.119454,0.121160,0.118600,0.121160,198800000
1986-09-05,0.121587,0.122440,0.119454,0.119880,98492800
1986-09-08,0.119454,0.119454,0.114761,0.118600,126201600
1986-09-09,0.118174,0.122866,0.118174,0.122013,150774400
1986-09-10,0.121586,0.122440,0.118600,0.119454,75667200
1986-09-11,0.118174,0.118600,0.110921,0.111348,134355200
1986-09-12,0.110921,0.111774,0.108361,0.108361,228480000
1986-09-15,0.110068,0.113054,0.109215,0.113054,222723200
1986-09-16,0.113054,0.119880,0.110921,0.119027,246400000
1986-09-17,0.119027,0.119454,0.116894,0.116894,116860800
1986-09-18,0.116894,0.117747,0.115188,0.116041,99030400
1986-09-19,0.115188,0.115614,0.113481,0.114761,127612800
1986-09-22,0.114334,0.120733,0.114334,0.120307,239680000
1986-09-23,0.120307,0.123719,0.119880,0.123293,338240000
1986-09-24,0.123293,0.124146,0.116041,0.119880,176870400
1986-09-25,0.119880,0.120307,0.114761,0.117747,187801600
1986-09-26,0.116467,0.117321,0.115614,0.116894,70022400
1986-09-29,0.114761,0.115614,0.107935,0.110921,208947200
1986-09-30,0.112201,0.115614,0.111348,0.114334,180790400
1986-10-01,0.113908,0.117747,0.113908,0.116467,138588800
1986-10-02,0.115188,0.117321,0.114334,0.116467,94819200
1986-10-03,0.117321,0.118600,0.113908,0.115188,138745600
1986-10-06,0.115188,0.116894,0.114761,0.116467,94505600
1986-10-07,0.116041,0.116467,0.112201,0.112627,127993600
1986-10-08,0.112201,0.112627,0.110068,0.111774,111574400
1986-10-09,0.111774,0.113481,0.111348,0.112627,77952000
1986-10-10,0.112201,0.113908,0.110494,0.113481,58531200
1986-10-13,0.113054,0.118174,0.112627,0.118174,99680000
1986-10-14,0.118174,0.120307,0.115188,0.116041,199337600
1986-10-15,0.114334,0.114334,0.111774,0.113908,205408000
1986-10-16,0.113908,0.115614,0.113481,0.114761,135766400
1986-10-17,0.115188,0.116041,0.113908,0.114761,151872000
1986-10-20,0.114334,0.114761,0.112201,0.112201,148982400
1986-10-21,0.112627,0.112627,0.111348,0.111774,113724800
1986-10-22,0.111774,0.112201,0.110068,0.110921,94483200
1986-10-23,0.110921,0.113054,0.110921,0.113054,123132800
1986-10-24,0.113054,0.113481,0.111774,0.112627,75331200
1986-10-27,0.114334,0.116041,0.113481,0.116041,151200000
1986-10-28,0.116041,0.116467,0.112627,0.113908,142240000
1986-10-29,0.114334,0.114334,0.113054,0.113908,85433600
1986-10-30,0.114334,0.118600,0.113908,0.116894,293440000
1986-10-31,0.116894,0.119027,0.116894,0.118174,121296000
1986-11-03,0.118600,0.119880,0.118174,0.119454,151827200
1986-11-04,0.119027,0.122440,0.115614,0.122013,246400000
1986-11-05,0.122013,0.126706,0.121160,0.126280,624960000
1986-11-06,0.124999,0.125853,0.122013,0.123293,331520000
1986-11-07,0.122866,0.123293,0.119027,0.122013,143158400
1986-11-10,0.122440,0.122440,0.119880,0.120733,105884800
1986-11-11,0.121160,0.122013,0.120307,0.121160,50176000
1986-11-12,0.122013,0.124999,0.121587,0.124999,130995200
1986-11-13,0.124573,0.124573,0.121160,0.121160,137513600
1986-11-14,0.121160,0.121160,0.119027,0.120307,135116800
1986-11-17,0.120307,0.126280,0.119454,0.124146,141680000
1986-11-18,0.124146,0.125427,0.119880,0.120733,170060800
1986-11-19,0.119880,0.120307,0.117747,0.119454,302400000
1986-11-20,0.119027,0.120733,0.119027,0.120307,295680000
1986-11-21,0.120307,0.123719,0.119880,0.122866,286720000
1986-11-24,0.123719,0.130119,0.122866,0.129693,376320000
1986-11-25,0.129693,0.137799,0.129693,0.137372,848960000
1986-11-26,0.136945,0.140785,0.136518,0.138225,506240000
1986-11-28,0.138225,0.138652,0.135238,0.136518,220550400
1986-12-01,0.136518,0.136945,0.133532,0.136945,347200000
1986-12-02,0.138225,0.142491,0.136518,0.141638,369600000
1986-12-03,0.142064,0.146757,0.141638,0.145904,336000000
1986-12-04,0.145477,0.145904,0.143344,0.145051,268800000
1986-12-05,0.145477,0.149317,0.145051,0.149317,262080000
1986-12-08,0.148890,0.149744,0.144624,0.145051,347200000
1986-12-09,0.144624,0.145477,0.140358,0.144624,302400000
1986-12-10,0.144624,0.149317,0.143344,0.148463,244160000
1986-12-11,0.148890,0.149744,0.145477,0.146330,226240000
1986-12-12,0.146330,0.146757,0.140785,0.140785,180118400
1986-12-15,0.139932,0.142491,0.137799,0.142491,209059200
1986-12-16,0.142064,0.145051,0.142064,0.145051,151939200
1986-12-17,0.144624,0.145051,0.139505,0.140785,151110400
1986-12-18,0.140358,0.142918,0.139078,0.141211,175056000
1986-12-19,0.141211,0.145051,0.141211,0.143771,199091200
1986-12-22,0.143344,0.145051,0.142491,0.143771,164371200
1986-12-23,0.144197,0.144624,0.142918,0.143771,244160000
1986-12-24,0.143344,0.143771,0.142064,0.142918,95760000
1986-12-26,0.142918,0.142918,0.139932,0.139932,89868800
1986-12-29,0.139932,0.140358,0.137372,0.138225,117644800
1986-12-30,0.138225,0.141638,0.137799,0.139932,148153600
1986-12-31,0.139932,0.141211,0.137799,0.138225,132563200
1987-01-02,0.137799,0.140358,0.136945,0.139505,120870400
1987-01-05,0.140785,0.147610,0.139932,0.146757,239680000
1987-01-06,0.147184,0.150171,0.145477,0.149317,324800000
1987-01-07,0.149744,0.153157,0.148890,0.152730,434560000
1987-01-08,0.152730,0.154010,0.151877,0.152730,291200000
1987-01-09,0.152730,0.156143,0.151450,0.154863,239680000
1987-01-12,0.155290,0.156143,0.152730,0.155290,232960000
1987-01-13,0.154010,0.154863,0.152303,0.152303,211724800
1987-01-14,0.152303,0.164675,0.151877,0.164249,504000000
1987-01-15,0.164675,0.175341,0.163822,0.170221,546560000
1987-01-16,0.170648,0.170648,0.162969,0.166382,407680000
1987-01-19,0.166382,0.181313,0.163396,0.181313,362880000
1987-01-20,0.187713,0.190273,0.175768,0.176194,775040000
1987-01-21,0.173635,0.174488,0.167235,0.167235,533120000
1987-01-22,0.166808,0.179607,0.165529,0.179180,472640000
1987-01-23,0.179180,0.180887,0.171501,0.171501,459200000
1987-01-26,0.170648,0.172354,0.168941,0.169794,351680000
1987-01-27,0.170648,0.181313,0.170221,0.180034,378560000
1987-01-28,0.180887,0.190272,0.177901,0.188993,414400000
1987-01-29,0.190699,0.195392,0.182167,0.184726,557760000
1987-01-30,0.184299,0.190699,0.179607,0.189419,409920000
1987-02-02,0.189419,0.191126,0.185153,0.190699,246400000
1987-02-03,0.191126,0.191552,0.186860,0.189419,178617600
1987-02-04,0.189419,0.189419,0.185580,0.187713,217840000
1987-02-05,0.187713,0.188140,0.181313,0.183873,340480000
1987-02-06,0.184299,0.184299,0.180460,0.184299,293440000
1987-02-09,0.180460,0.182166,0.178327,0.179607,157001600
1987-02-10,0.179180,0.180034,0.176194,0.180034,166790400
1987-02-11,0.180887,0.193685,0.180033,0.192832,342720000
1987-02-12,0.194538,0.204351,0.194538,0.200085,710080000
1987-02-13,0.200085,0.213310,0.197952,0.212030,510720000
1987-02-17,0.212030,0.226962,0.211177,0.226535,409920000
1987-02-18,0.227388,0.229948,0.216296,0.216723,470400000
1987-02-19,0.216723,0.216723,0.210751,0.212883,313600000
1987-02-20,0.212883,0.213310,0.206910,0.209044,190646400
1987-02-23,0.207764,0.219282,0.203498,0.215443,351680000
1987-02-24,0.215870,0.225255,0.215443,0.223549,356160000
1987-02-25,0.223549,0.237201,0.220562,0.235921,454720000
1987-02-26,0.237201,0.243600,0.232081,0.235921,499520000
1987-02-27,0.235921,0.242320,0.231228,0.238907,405440000
1987-03-02,0.239760,0.240613,0.228668,0.230374,396480000
1987-03-03,0.230375,0.232507,0.220989,0.221843,436800000
1987-03-04,0.224402,0.232935,0.223122,0.230801,448000000
1987-03-05,0.230375,0.235494,0.229521,0.233788,338240000
1987-03-06,0.229521,0.233361,0.227815,0.229521,176377600
1987-03-09,0.226962,0.227815,0.220136,0.220562,255360000
1987-03-10,0.220135,0.228241,0.220135,0.227815,244160000
1987-03-11,0.229521,0.232081,0.226109,0.226109,218467200
1987-03-12,0.225255,0.226109,0.217149,0.222696,302400000
1987-03-13,0.222696,0.225255,0.216723,0.216723,197612800
1987-03-16,0.216723,0.222696,0.213310,0.222696,246400000
1987-03-17,0.223549,0.232081,0.221843,0.228668,244160000
1987-03-18,0.229521,0.230374,0.220989,0.225255,302400000
1987-03-19,0.224402,0.233788,0.223549,0.233361,206729600
1987-03-20,0.232935,0.238054,0.232935,0.232935,347200000
1987-03-23,0.232081,0.232935,0.226109,0.230374,246400000
1987-03-24,0.231228,0.233788,0.226109,0.226109,268800000
1987-03-25,0.226962,0.228668,0.222696,0.227815,273280000
1987-03-26,0.227815,0.231228,0.226962,0.229521,143024000
1987-03-27,0.229521,0.230375,0.220989,0.221843,133907200
1987-03-30,0.216723,0.219282,0.212457,0.213310,259840000
1987-03-31,0.212457,0.220989,0.212457,0.220135,273280000
1987-04-01,0.215016,0.228668,0.212883,0.227815,217862400
1987-04-02,0.232935,0.244880,0.228668,0.244880,777280000
1987-04-03,0.244026,0.245307,0.239760,0.244880,539840000
1987-04-06,0.244026,0.248293,0.236347,0.238907,288960000
1987-04-07,0.238054,0.239760,0.231228,0.231228,259840000
1987-04-08,0.231228,0.239760,0.230374,0.235494,230720000
1987-04-09,0.234641,0.244026,0.231228,0.242320,237440000
1987-04-10,0.243173,0.244026,0.238054,0.239760,217840000
1987-04-13,0.238907,0.239760,0.230374,0.230374,142217600
1987-04-14,0.227815,0.238054,0.226962,0.232081,407680000
1987-04-15,0.237201,0.242320,0.234641,0.242320,349440000
1987-04-16,0.243173,0.249999,0.242320,0.244026,347200000
1987-04-20,0.244026,0.248293,0.241467,0.242746,149161600
1987-04-21,0.239760,0.255972,0.237201,0.255118,432320000
1987-04-22,0.261518,0.262798,0.252559,0.253412,403200000
1987-04-23,0.253412,0.263651,0.253412,0.259385,304640000
1987-04-24,0.258532,0.261091,0.254265,0.255118,255360000
1987-04-27,0.253412,0.256826,0.249999,0.255972,383040000
1987-04-28,0.258532,0.265784,0.257679,0.262798,324800000
1987-04-29,0.263651,0.272184,0.262798,0.265357,291200000
1987-04-30,0.266211,0.273037,0.265357,0.270477,253120000
1987-05-01,0.271330,0.273037,0.268771,0.273037,132720000
1987-05-04,0.271331,0.273890,0.269624,0.272184,142105600
1987-05-05,0.273037,0.275596,0.266211,0.273890,230720000
1987-05-06,0.274743,0.280716,0.270477,0.273037,286720000
1987-05-07,0.272184,0.276450,0.272184,0.273890,180790400
1987-05-08,0.274743,0.276450,0.269624,0.269624,184732800
1987-05-11,0.263198,0.271743,0.262343,0.263198,197276800
1987-05-12,0.259780,0.261489,0.256361,0.258071,259840000
1987-05-13,0.258925,0.268752,0.258071,0.268325,311360000
1987-05-14,0.267470,0.271744,0.267470,0.270889,148489600
1987-05-15,0.270889,0.270889,0.266616,0.267470,145958400
1987-05-18,0.267470,0.268325,0.258071,0.258925,241920000
1987-05-19,0.258925,0.258925,0.248244,0.250380,239680000
1987-05-20,0.249525,0.256361,0.247816,0.254652,288960000
1987-05-21,0.255507,0.258925,0.254652,0.254652,173801600
1987-05-22,0.256361,0.258071,0.252089,0.253370,97104000
1987-05-26,0.254652,0.266616,0.252943,0.266616,152252800
1987-05-27,0.266616,0.274307,0.264907,0.271743,180700800
1987-05-28,0.271743,0.274307,0.268325,0.273452,151222400
1987-05-29,0.274307,0.275161,0.270035,0.270035,92601600
1987-06-01,0.271744,0.271744,0.264907,0.265761,83305600
1987-06-02,0.264907,0.266616,0.263198,0.264052,137491200
1987-06-03,0.264052,0.271744,0.264052,0.265761,171315200
1987-06-04,0.266616,0.269180,0.263198,0.268325,153596800
1987-06-05,0.269180,0.269180,0.265761,0.265761,130928000
1987-06-08,0.265761,0.266616,0.262343,0.265761,201846400
1987-06-09,0.264907,0.271744,0.264907,0.268325,127052800
1987-06-10,0.269180,0.274307,0.266616,0.268325,146227200
1987-06-11,0.268325,0.273452,0.266616,0.270035,125372800
1987-06-12,0.270035,0.272598,0.269180,0.270035,101763200
1987-06-15,0.270035,0.271744,0.264907,0.268325,259840000
1987-06-16,0.283707,0.285416,0.259780,0.283707,342720000
1987-06-17,0.283707,0.290543,0.273452,0.276870,297920000
1987-06-18,0.275161,0.285416,0.270034,0.283707,229600000
1987-06-19,0.283707,0.285416,0.276016,0.280288,125440000
1987-06-22,0.281998,0.288834,0.279434,0.287125,169120000
1987-06-23,0.287125,0.287979,0.278579,0.281998,80852800
1987-06-24,0.283707,0.295671,0.276870,0.287125,118720000
1987-06-25,0.287125,0.290543,0.276870,0.276870,120960000
1987-06-26,0.278579,0.283707,0.273452,0.276870,127680000
1987-06-29,0.276870,0.278579,0.273452,0.278579,101304000
1987-06-30,0.276870,0.280288,0.271743,0.276870,144480000
1987-07-01,0.278579,0.278579,0.271743,0.273452,94830400
1987-07-02,0.273452,0.280288,0.271743,0.277725,81558400
1987-07-06,0.278579,0.285416,0.276870,0.278579,85489600
1987-07-07,0.276870,0.280288,0.264907,0.268325,203840000
1987-07-08,0.268325,0.268325,0.249525,0.254652,341600000
1987-07-09,0.254652,0.264907,0.254652,0.258071,239680000
1987-07-10,0.259780,0.268325,0.258071,0.259780,156800000
1987-07-13,0.266616,0.278579,0.264907,0.276870,255360000
1987-07-14,0.280288,0.293962,0.280288,0.293962,257600000
1987-07-15,0.293962,0.305925,0.288834,0.300797,271040000
1987-07-16,0.300797,0.300797,0.295671,0.300797,94584000
1987-07-17,0.302506,0.305925,0.292252,0.295671,92198400
1987-07-20,0.293962,0.295671,0.283707,0.285416,124320000
1987-07-21,0.287125,0.290543,0.281998,0.282853,110992000
1987-07-22,0.283707,0.292252,0.281998,0.290543,60928000
1987-07-23,0.293962,0.297379,0.276870,0.285416,74737600
1987-07-24,0.283707,0.292252,0.283707,0.290543,117600000
1987-07-27,0.290543,0.293962,0.287125,0.288834,56638400
1987-07-28,0.290543,0.292252,0.285416,0.286270,74289600
1987-07-29,0.287125,0.287125,0.276870,0.280288,98828800
1987-07-30,0.280288,0.283707,0.278579,0.283707,104294400
1987-07-31,0.281998,0.287125,0.281998,0.281998,73046400
1987-08-03,0.280288,0.283707,0.275162,0.275162,63358400
1987-08-04,0.276870,0.288834,0.273452,0.288834,120960000
1987-08-05,0.288834,0.297380,0.287125,0.295671,129920000
1987-08-06,0.295670,0.319597,0.292252,0.316179,252000000
1987-08-07,0.316179,0.323016,0.314470,0.317889,152320000
1987-08-10,0.330279,0.330279,0.313165,0.330279,77996800
1987-08-11,0.338834,0.343969,0.333701,0.338834,271040000
1987-08-12,0.338834,0.340546,0.330279,0.333701,161280000
1987-08-13,0.333701,0.343969,0.331990,0.335412,196000000
1987-08-14,0.331990,0.342258,0.328567,0.335412,104854400
1987-08-17,0.338834,0.342258,0.333701,0.338834,145600000
1987-08-18,0.337123,0.338834,0.330279,0.333701,237440000
1987-08-19,0.338834,0.342258,0.335412,0.342258,66875200
1987-08-20,0.343969,0.359370,0.340546,0.354236,175840000
1987-08-21,0.354237,0.367927,0.352525,0.362792,140000000
1987-08-24,0.362792,0.366216,0.357659,0.357659,120960000
1987-08-25,0.361081,0.364504,0.355948,0.355948,136640000
1987-08-26,0.362792,0.366216,0.355948,0.355948,196000000
1987-08-27,0.357659,0.361081,0.352525,0.355948,124320000
1987-08-28,0.355948,0.359370,0.352525,0.355948,95816000
1987-08-31,0.357659,0.371349,0.354237,0.369638,150080000
1987-09-01,0.374771,0.378195,0.359370,0.359370,138880000
1987-09-02,0.355948,0.364504,0.347391,0.355948,229600000
1987-09-03,0.359370,0.361081,0.343969,0.350813,184800000
1987-09-04,0.350814,0.354237,0.342258,0.345680,108438400
1987-09-08,0.343969,0.345680,0.331990,0.341402,175840000
1987-09-09,0.343969,0.362792,0.338834,0.361081,157920000
1987-09-10,0.364504,0.373060,0.363648,0.367927,140000000
1987-09-11,0.369638,0.379906,0.361081,0.373060,124320000
1987-09-14,0.374771,0.378195,0.361081,0.362792,81905600
1987-09-15,0.362792,0.362792,0.352525,0.354236,104608000
1987-09-16,0.354236,0.360226,0.350813,0.354236,168000000
1987-09-17,0.355948,0.357659,0.349102,0.355948,66796800
1987-09-18,0.355948,0.357659,0.351669,0.354236,71198400
1987-09-21,0.354236,0.361081,0.343969,0.343969,128800000
1987-09-22,0.345680,0.371349,0.343969,0.370494,153440000
1987-09-23,0.370494,0.383328,0.367927,0.378195,254576000
1987-09-24,0.378195,0.396163,0.378195,0.386750,182560000
1987-09-25,0.388462,0.397018,0.386750,0.393596,106523200
1987-09-28,0.393596,0.402153,0.379906,0.381617,203840000
1987-09-29,0.383328,0.383328,0.371349,0.373060,171360000
1987-09-30,0.371349,0.390174,0.371349,0.386750,122080000
1987-10-01,0.388462,0.402153,0.386751,0.398730,116480000
1987-10-02,0.398730,0.402153,0.393596,0.400441,96499200
1987-10-05,0.400441,0.408997,0.395307,0.405575,134400000
1987-10-06,0.407286,0.407286,0.379906,0.381617,201600000
1987-10-07,0.379906,0.381617,0.371349,0.379906,224000000
1987-10-08,0.379906,0.383328,0.364504,0.371349,164640000
1987-10-09,0.371349,0.379906,0.369638,0.370494,145600000
1987-10-12,0.371349,0.372205,0.354236,0.364504,199360000
1987-10-13,0.373060,0.374771,0.364504,0.373060,162400000
1987-10-14,0.367927,0.369638,0.355948,0.364504,258720000
1987-10-15,0.364504,0.373060,0.354237,0.355948,348320000
1987-10-16,0.357659,0.362792,0.325144,0.330279,420000000
1987-10-19,0.330279,0.330279,0.243002,0.249848,476000000
1987-10-20,0.263538,0.287496,0.223323,0.236158,568960000
1987-10-21,0.263538,0.287496,0.260116,0.277228,534240000
1987-10-22,0.268672,0.277228,0.246425,0.251559,385280000
1987-10-23,0.244714,0.249848,0.234447,0.243002,198240000
1987-10-26,0.236158,0.239580,0.189097,0.191664,313600000
1987-10-27,0.201932,0.220756,0.198510,0.207065,455840000
1987-10-28,0.210488,0.231023,0.200221,0.229312,418880000
1987-10-29,0.234446,0.273806,0.220755,0.270383,331520000
1987-10-30,0.273806,0.294342,0.263538,0.264394,421120000
1987-11-02,0.265249,0.270384,0.256693,0.265249,188160000
1987-11-03,0.260116,0.263538,0.234447,0.248137,313600000
1987-11-04,0.243002,0.254981,0.237869,0.246425,234080000
1987-11-05,0.248137,0.265249,0.248137,0.260116,255360000
1987-11-06,0.261827,0.270384,0.253270,0.258405,187040000
1987-11-09,0.253270,0.256693,0.248137,0.254981,210560000
1987-11-10,0.249848,0.256693,0.246426,0.248137,231840000
1987-11-11,0.254981,0.261827,0.251559,0.254981,185920000
1987-11-12,0.263538,0.273806,0.262683,0.265249,246400000
1987-11-13,0.268672,0.270384,0.253270,0.254981,154560000
1987-11-16,0.258404,0.263538,0.249848,0.251559,184800000
1987-11-17,0.252108,0.253822,0.240102,0.240102,268800000
1987-11-18,0.245247,0.250393,0.236673,0.248678,265440000
1987-11-19,0.250393,0.250393,0.233242,0.236673,182560000
1987-11-20,0.233242,0.246963,0.228097,0.243532,250880000
1987-11-23,0.243532,0.248678,0.238388,0.248678,97395200
1987-11-24,0.252108,0.258968,0.247820,0.253823,197120000
1987-11-25,0.253822,0.253822,0.246963,0.250393,92400000
1987-11-27,0.248678,0.250393,0.238387,0.240102,70683200
1987-11-30,0.231527,0.236673,0.209232,0.226383,416640000
1987-12-01,0.229812,0.233242,0.224668,0.228097,181440000
1987-12-02,0.228098,0.229812,0.222953,0.222953,142240000
1987-12-03,0.226382,0.228955,0.204087,0.209232,319200000
1987-12-04,0.207517,0.214377,0.204087,0.210948,244160000
1987-12-07,0.212663,0.228097,0.212663,0.226383,203840000
1987-12-08,0.229812,0.239245,0.228097,0.236673,254240000
1987-12-09,0.236673,0.248678,0.232385,0.240102,179200000
1987-12-10,0.231527,0.246963,0.228098,0.238388,276640000
1987-12-11,0.238388,0.238388,0.229812,0.233242,122080000
1987-12-14,0.236673,0.257252,0.234958,0.255537,341600000
1987-12-15,0.258968,0.262398,0.253822,0.257252,299040000
1987-12-16,0.258968,0.272688,0.255538,0.269258,330400000
1987-12-17,0.277833,0.279548,0.269258,0.269258,325920000
1987-12-18,0.270973,0.282978,0.269257,0.277833,302400000
1987-12-21,0.277833,0.286408,0.276118,0.286408,188160000
1987-12-22,0.286408,0.286408,0.277833,0.284693,128800000
1987-12-23,0.286408,0.293268,0.282978,0.289838,171360000
1987-12-24,0.288123,0.294983,0.286408,0.292410,69944000
1987-12-28,0.289838,0.291553,0.270973,0.276118,229600000
1987-12-29,0.277833,0.289838,0.276118,0.288980,118720000
1987-12-30,0.291553,0.300128,0.291553,0.297556,155680000
1987-12-31,0.291553,0.294983,0.287266,0.288123,117600000
1988-01-04,0.293268,0.306989,0.289838,0.306989,330400000
1988-01-05,0.315563,0.317278,0.303558,0.306131,309120000
1988-01-06,0.308704,0.308704,0.300128,0.300128,268800000
1988-01-07,0.298413,0.306989,0.291553,0.305273,212800000
1988-01-08,0.305273,0.310418,0.270973,0.274403,486080000
1988-01-11,0.274403,0.293268,0.272688,0.291553,404320000
1988-01-12,0.294983,0.298413,0.272688,0.288123,400960000
1988-01-13,0.288123,0.296698,0.282121,0.289838,211680000
1988-01-14,0.293268,0.294126,0.288123,0.289838,132160000
1988-01-15,0.298413,0.308704,0.291553,0.294126,343840000
1988-01-18,0.294984,0.294984,0.288123,0.293268,125440000
1988-01-19,0.289838,0.296698,0.283836,0.293268,274400000
1988-01-20,0.294983,0.294983,0.262398,0.272688,680960000
1988-01-21,0.277833,0.279548,0.270116,0.275260,493920000
1988-01-22,0.277833,0.279548,0.262398,0.269258,445760000
1988-01-25,0.270973,0.284693,0.270973,0.280405,200480000
1988-01-26,0.279547,0.281262,0.269257,0.272688,143360000
1988-01-27,0.276118,0.277833,0.265827,0.272688,258720000
1988-01-28,0.274403,0.284693,0.272688,0.282978,232960000
1988-01-29,0.284693,0.286408,0.276118,0.284693,265440000
1988-02-01,0.286408,0.291553,0.283836,0.286408,199360000
1988-02-02,0.284693,0.287266,0.277833,0.282978,191520000
1988-02-03,0.281263,0.282978,0.269257,0.270973,226240000
1988-02-04,0.270973,0.275260,0.267542,0.272688,199360000
1988-02-05,0.274403,0.276976,0.264113,0.264970,132160000
1988-02-08,0.264113,0.269258,0.258968,0.265828,203840000
1988-02-09,0.267542,0.273545,0.265827,0.272688,116480000
1988-02-10,0.272688,0.284693,0.272688,0.281263,228480000
1988-02-11,0.281263,0.282978,0.276118,0.278690,147840000
1988-02-12,0.279240,0.285255,0.278381,0.281817,137760000
1988-02-16,0.281817,0.283536,0.274944,0.283536,154560000
1988-02-17,0.283536,0.292128,0.283536,0.287832,256480000
1988-02-18,0.286114,0.293846,0.285255,0.286973,143360000
1988-02-19,0.286973,0.288691,0.285255,0.286973,90764800
1988-02-22,0.285255,0.299861,0.285255,0.297284,200480000
1988-02-23,0.297283,0.300720,0.290410,0.293846,220640000
1988-02-24,0.293846,0.295565,0.288691,0.290410,145600000
1988-02-25,0.288691,0.295565,0.286973,0.286973,179200000
1988-02-26,0.288691,0.290410,0.283536,0.286973,82342400
1988-02-29,0.286973,0.297283,0.285255,0.295565,112000000
1988-03-01,0.297284,0.299002,0.292128,0.297284,171360000
1988-03-02,0.300720,0.309312,0.299002,0.307594,292320000
1988-03-03,0.305875,0.323059,0.305875,0.319623,473760000
1988-03-04,0.316185,0.323059,0.312749,0.322200,209440000
1988-03-07,0.321341,0.328214,0.319623,0.322200,207200000
1988-03-08,0.321341,0.323059,0.316186,0.317904,144480000
1988-03-09,0.317904,0.324778,0.317904,0.321341,134400000
1988-03-10,0.323059,0.324778,0.311031,0.311031,176960000
1988-03-11,0.312749,0.314467,0.305875,0.314467,157920000
1988-03-14,0.314467,0.319623,0.312749,0.317904,98123200
1988-03-15,0.316186,0.317904,0.307594,0.309312,181440000
1988-03-16,0.308453,0.318764,0.305875,0.317045,118720000
1988-03-17,0.317904,0.319623,0.307594,0.309312,260960000
1988-03-18,0.309312,0.312749,0.304157,0.307594,272160000
1988-03-21,0.305016,0.306735,0.295565,0.301579,227360000
1988-03-22,0.302438,0.305875,0.297284,0.302438,119179200
1988-03-23,0.302438,0.302438,0.287832,0.292128,209440000
1988-03-24,0.286973,0.292128,0.274944,0.280958,320320000
1988-03-25,0.280099,0.283536,0.274944,0.275803,131040000
1988-03-28,0.274944,0.286973,0.271508,0.285255,172480000
1988-03-29,0.285255,0.288691,0.279240,0.281817,213920000
1988-03-30,0.280099,0.283536,0.266352,0.271508,371840000
1988-03-31,0.273226,0.278381,0.269789,0.274944,217280000
1988-04-04,0.273226,0.278381,0.264634,0.266352,181440000
1988-04-05,0.269789,0.271508,0.264634,0.269789,147840000
1988-04-06,0.271508,0.286973,0.268070,0.286973,190400000
1988-04-07,0.286973,0.291269,0.280099,0.280099,163520000
1988-04-08,0.280099,0.286973,0.273226,0.281817,202720000
1988-04-11,0.286973,0.288691,0.281817,0.285255,148960000
1988-04-12,0.286973,0.290410,0.283536,0.286973,173600000
1988-04-13,0.286973,0.288691,0.281817,0.283536,143360000
1988-04-14,0.278381,0.285255,0.268070,0.271508,188160000
1988-04-15,0.273226,0.274944,0.264634,0.271508,232960000
1988-04-18,0.273226,0.280099,0.269789,0.274944,170240000
1988-04-19,0.275803,0.285255,0.275803,0.276663,212329600
1988-04-20,0.276662,0.278381,0.269788,0.273226,215040000
1988-04-21,0.277522,0.278381,0.268070,0.271508,178080000
1988-04-22,0.273226,0.276663,0.271508,0.275803,107643200
1988-04-25,0.276662,0.281817,0.274944,0.280958,150080000
1988-04-26,0.281817,0.286973,0.280099,0.285255,175840000
1988-04-27,0.286973,0.288691,0.285255,0.286973,126560000
1988-04-28,0.286973,0.288691,0.283536,0.284395,99164800
1988-04-29,0.283536,0.285255,0.278381,0.281817,89992000
1988-05-02,0.280099,0.283536,0.278381,0.281817,82196800
1988-05-03,0.281817,0.290410,0.280099,0.286973,124320000
1988-05-04,0.287832,0.296424,0.286973,0.288691,224000000
1988-05-05,0.288691,0.290410,0.285255,0.286973,70459200
1988-05-06,0.286114,0.286973,0.283536,0.283536,107038400
1988-05-09,0.283536,0.283536,0.278381,0.280099,76372800
1988-05-10,0.278381,0.281817,0.276662,0.280958,95905600
1988-05-11,0.276662,0.280099,0.271508,0.271508,174720000
1988-05-12,0.271508,0.276662,0.271508,0.273226,82980800
1988-05-13,0.276663,0.278381,0.274944,0.278381,71400000
1988-05-16,0.278932,0.284958,0.275488,0.284097,74760000
1988-05-17,0.285819,0.289262,0.277210,0.278932,193760000
1988-05-18,0.278931,0.280653,0.272045,0.273766,174720000
1988-05-19,0.272045,0.273766,0.265157,0.268601,249760000
1988-05-20,0.270322,0.272045,0.266879,0.266879,81737600
1988-05-23,0.265157,0.267740,0.257409,0.261714,183680000
1988-05-24,0.261714,0.268601,0.259992,0.267740,142240000
1988-05-25,0.268601,0.273767,0.265157,0.265157,135520000
1988-05-26,0.265157,0.272045,0.265157,0.271184,85780800
1988-05-27,0.270322,0.275488,0.268601,0.273766,83955200
1988-05-31,0.275488,0.285819,0.273766,0.285819,123200000
1988-06-01,0.285819,0.292706,0.284097,0.292706,229600000
1988-06-02,0.289262,0.292706,0.285819,0.287541,133280000
1988-06-03,0.287541,0.297872,0.287541,0.296150,175840000
1988-06-06,0.294427,0.303037,0.294427,0.303037,164640000
1988-06-07,0.301315,0.311646,0.299593,0.303037,311360000
1988-06-08,0.304758,0.313368,0.303037,0.309924,258720000
1988-06-09,0.309924,0.311646,0.297872,0.299593,269920000
1988-06-10,0.299593,0.308203,0.296150,0.306480,176960000
1988-06-13,0.309924,0.311646,0.304758,0.309924,148960000
1988-06-14,0.311646,0.316811,0.309924,0.311646,292420800
1988-06-15,0.311646,0.315089,0.309924,0.315089,122080000
1988-06-16,0.309924,0.311646,0.304758,0.306480,107374400
1988-06-17,0.308203,0.308203,0.304758,0.308203,95390400
1988-06-20,0.305619,0.308203,0.303037,0.303898,78601600
1988-06-21,0.303037,0.309924,0.302176,0.309063,123592000
1988-06-22,0.313368,0.315950,0.309924,0.314229,195563200
1988-06-23,0.315089,0.315089,0.309924,0.309924,71388800
1988-06-24,0.309924,0.313368,0.306480,0.309924,74715200
1988-06-27,0.306480,0.312507,0.306480,0.306480,83619200
1988-06-28,0.308203,0.318533,0.306480,0.318533,162568000
1988-06-29,0.316811,0.321977,0.315089,0.319394,143449600
1988-06-30,0.318533,0.321977,0.316811,0.318533,114688000
1988-07-01,0.320255,0.322838,0.318533,0.320255,94539200
1988-07-05,0.320255,0.325420,0.317672,0.325420,104451200
1988-07-06,0.324559,0.327142,0.317672,0.320255,156553600
1988-07-07,0.320255,0.320255,0.311646,0.315950,105604800
1988-07-08,0.313368,0.316811,0.309924,0.311646,105392000
1988-07-11,0.313368,0.313368,0.309063,0.310785,73628800
1988-07-12,0.309924,0.311646,0.306480,0.308203,100900800
1988-07-13,0.308203,0.309924,0.304758,0.308203,115169600
1988-07-14,0.308203,0.311646,0.306480,0.309924,62809600
1988-07-15,0.309924,0.313368,0.308203,0.309924,83025600
1988-07-18,0.312507,0.316811,0.311646,0.313368,113500800
1988-07-19,0.309924,0.313368,0.302176,0.308203,122304000
1988-07-20,0.308203,0.309924,0.303037,0.304758,120086400
1988-07-21,0.301315,0.303037,0.294427,0.296150,149027200
1988-07-22,0.296150,0.297872,0.292706,0.292706,103846400
1988-07-25,0.294428,0.297872,0.290984,0.294428,105896000
1988-07-26,0.294428,0.297872,0.290984,0.294428,101528000
1988-07-27,0.294428,0.297872,0.292706,0.294428,116524800
1988-07-28,0.292706,0.296150,0.290984,0.293567,92680000
1988-07-29,0.297872,0.306480,0.296150,0.305619,158950400
1988-08-01,0.306480,0.315089,0.304758,0.309924,85937600
1988-08-02,0.309924,0.313368,0.306480,0.307342,121284800
1988-08-03,0.308203,0.308203,0.303037,0.308203,110846400
1988-08-04,0.308203,0.311646,0.306480,0.307342,68913600
1988-08-05,0.306480,0.309924,0.304758,0.304758,52662400
1988-08-08,0.306480,0.308203,0.303037,0.303037,29937600
1988-08-09,0.303037,0.304758,0.296150,0.299593,170027200
1988-08-10,0.301315,0.301315,0.287541,0.288402,147806400
1988-08-11,0.290984,0.297872,0.289263,0.297872,106052800
1988-08-12,0.296150,0.296150,0.290984,0.292706,77481600
1988-08-15,0.291533,0.291533,0.279457,0.284633,166678400
1988-08-16,0.282907,0.298433,0.281182,0.293258,122752000
1988-08-17,0.293258,0.294983,0.288083,0.289808,118944000
1988-08-18,0.289808,0.296708,0.288083,0.293258,74065600
1988-08-19,0.293258,0.294983,0.279457,0.281182,227360000
1988-08-22,0.277732,0.281182,0.272558,0.274282,170195200
1988-08-23,0.274283,0.277732,0.270832,0.272558,163576000
1988-08-24,0.274283,0.281182,0.272558,0.281182,125473600
1988-08-25,0.277732,0.279457,0.270832,0.276870,127680000
1988-08-26,0.276008,0.281182,0.276008,0.277732,40152000
1988-08-29,0.281182,0.282907,0.279457,0.282045,57232000
1988-08-30,0.281182,0.282907,0.276008,0.282045,50568000
1988-08-31,0.282907,0.283771,0.272558,0.275145,237686400
1988-09-01,0.274283,0.274283,0.265657,0.268245,246736000
1988-09-02,0.272558,0.276007,0.269107,0.274282,186300800
1988-09-06,0.276008,0.276008,0.267382,0.268245,143449600
1988-09-07,0.269107,0.272558,0.260482,0.263932,179110400
1988-09-08,0.263932,0.272558,0.260482,0.267382,207256000
1988-09-09,0.267382,0.282907,0.260482,0.279457,234673600
1988-09-12,0.282907,0.288083,0.276870,0.282907,148030400
1988-09-13,0.277732,0.284633,0.276007,0.282907,119683200
1988-09-14,0.288083,0.292395,0.286358,0.289808,238571200
1988-09-15,0.289808,0.294983,0.286358,0.287220,165760000
1988-09-16,0.286358,0.294983,0.285495,0.291533,123760000
1988-09-19,0.289808,0.291533,0.284633,0.288083,92131200
1988-09-20,0.288083,0.291533,0.285495,0.286358,102681600
1988-09-21,0.288083,0.296708,0.286358,0.294983,91347200
1988-09-22,0.296708,0.303608,0.294983,0.303608,145667200
1988-09-23,0.300158,0.305333,0.300158,0.301883,101483200
1988-09-26,0.301883,0.303608,0.293258,0.294983,87035200
1988-09-27,0.293258,0.300158,0.293258,0.299296,162982400
1988-09-28,0.300158,0.304470,0.298433,0.300158,84694400
1988-09-29,0.301883,0.305333,0.300158,0.303608,106075200
1988-09-30,0.303608,0.303608,0.298433,0.298433,92892800
1988-10-03,0.296708,0.298433,0.289808,0.293258,90776000
1988-10-04,0.291533,0.294983,0.283770,0.286358,51654400
1988-10-05,0.284633,0.288083,0.279457,0.282045,123200000
1988-10-06,0.279457,0.282045,0.270832,0.274282,167764800
1988-10-07,0.269107,0.274282,0.264795,0.274282,457587200
1988-10-10,0.272558,0.274283,0.258757,0.265657,332640000
1988-10-11,0.263932,0.272558,0.263932,0.269107,194555200
1988-10-12,0.265657,0.269107,0.262207,0.267382,132944000
1988-10-13,0.265657,0.274283,0.265657,0.269107,164460800
1988-10-14,0.272558,0.272558,0.263070,0.267382,157248000
1988-10-17,0.265657,0.269107,0.263932,0.265657,93688000
1988-10-18,0.269107,0.272558,0.263932,0.271695,142598400
1988-10-19,0.274283,0.281182,0.272558,0.276008,277323200
1988-10-20,0.276008,0.287220,0.276008,0.286358,173465600
1988-10-21,0.284633,0.288083,0.281182,0.282907,123603200
1988-10-24,0.284633,0.284633,0.273420,0.276008,135161600
1988-10-25,0.277732,0.277732,0.274283,0.275145,85187200
1988-10-26,0.276007,0.276007,0.265657,0.270832,188720000
1988-10-27,0.267382,0.270832,0.263932,0.269107,143684800
1988-10-28,0.269107,0.272558,0.265657,0.265657,84481600
1988-10-31,0.267382,0.267382,0.258756,0.266519,242905600
1988-11-01,0.265657,0.267382,0.260482,0.262207,143696000
1988-11-02,0.263932,0.263932,0.253582,0.257032,208521600
1988-11-03,0.257032,0.258757,0.253582,0.256169,242457600
1988-11-04,0.253582,0.262207,0.253582,0.260482,153798400
1988-11-07,0.257032,0.260482,0.255307,0.258756,170083200
1988-11-08,0.258757,0.267382,0.257894,0.265657,154526400
1988-11-09,0.263932,0.271695,0.262207,0.270832,201723200
1988-11-10,0.272558,0.274283,0.269107,0.272558,99915200
1988-11-11,0.269107,0.273420,0.265657,0.265657,108684800
1988-11-14,0.267382,0.269107,0.263932,0.268245,85232000
1988-11-15,0.269107,0.270832,0.267382,0.269107,80001600
1988-11-16,0.269107,0.270832,0.260482,0.262207,147840000
1988-11-17,0.262207,0.265657,0.262207,0.263932,79542400
1988-11-18,0.265657,0.265657,0.262207,0.262207,57590400
1988-11-21,0.259439,0.261170,0.250792,0.253386,221905600
1988-11-22,0.252522,0.255116,0.249063,0.249927,148187200
1988-11-23,0.247332,0.255980,0.245603,0.255116,187992000
1988-11-25,0.250792,0.254251,0.249062,0.252521,48294400
1988-11-28,0.252521,0.254251,0.249062,0.252521,139361600
1988-11-29,0.252521,0.254251,0.249062,0.254251,92668800
1988-11-30,0.254251,0.262899,0.254251,0.260305,167843200
1988-12-01,0.261170,0.269817,0.259439,0.268088,212161600
1988-12-02,0.264629,0.275871,0.262899,0.271547,333715200
1988-12-05,0.273277,0.276736,0.268088,0.273277,154414400
1988-12-06,0.271547,0.275006,0.269817,0.273277,104932800
1988-12-07,0.269817,0.273277,0.268088,0.272412,98134400
1988-12-08,0.271547,0.271547,0.268088,0.270682,59460800
1988-12-09,0.271547,0.273277,0.268088,0.270682,44956800
1988-12-12,0.271547,0.273277,0.266358,0.266358,117880000
1988-12-13,0.266358,0.268088,0.264629,0.268088,122550400
1988-12-14,0.266358,0.276736,0.266358,0.275006,193300800
1988-12-15,0.276736,0.280195,0.271547,0.273277,112571200
1988-12-16,0.273277,0.280195,0.271547,0.277601,183489600
1988-12-19,0.278465,0.283654,0.276736,0.281924,234326400
1988-12-20,0.283654,0.287114,0.281060,0.283654,274187200
1988-12-21,0.283654,0.290573,0.283654,0.288843,241964800
1988-12-22,0.288843,0.290573,0.281924,0.283654,106030400
1988-12-23,0.283654,0.286249,0.283654,0.284519,40958400
1988-12-27,0.283654,0.287114,0.280195,0.280195,59987200
1988-12-28,0.280195,0.281924,0.275006,0.278465,51542400
1988-12-29,0.278465,0.281924,0.278465,0.280195,117812800
1988-12-30,0.280195,0.285384,0.278465,0.278465,81692800
1989-01-03,0.278465,0.280195,0.276736,0.279330,100016000
1989-01-04,0.281924,0.291437,0.280195,0.290573,239948800
1989-01-05,0.290573,0.299221,0.285384,0.292302,307328000
1989-01-06,0.292302,0.300950,0.292302,0.294896,198665600
1989-01-09,0.297491,0.298356,0.292302,0.297491,79307200
1989-01-10,0.294032,0.296627,0.287114,0.294896,103320000
1989-01-11,0.292302,0.294032,0.285384,0.291437,156128000
1989-01-12,0.292302,0.297491,0.290573,0.295761,150315200
1989-01-13,0.295761,0.300950,0.293167,0.299221,193905600
1989-01-16,0.299221,0.304409,0.297491,0.302680,168593600
1989-01-17,0.299221,0.300950,0.276736,0.279330,756604800
1989-01-18,0.281924,0.284519,0.273277,0.275006,487928000
1989-01-19,0.280195,0.283654,0.276736,0.280195,255987200
1989-01-20,0.280195,0.287114,0.278465,0.283654,173734400
1989-01-23,0.281924,0.285384,0.281924,0.283654,180532800
1989-01-24,0.283654,0.288843,0.281924,0.287978,223294400
1989-01-25,0.288843,0.290573,0.283654,0.287114,110936000
1989-01-26,0.281924,0.291437,0.281060,0.288843,285264000
1989-01-27,0.264629,0.271547,0.250792,0.260305,2127171200
1989-01-30,0.260305,0.262899,0.257710,0.258575,586499200
1989-01-31,0.257710,0.261170,0.254251,0.261170,460353600
1989-02-01,0.261170,0.274142,0.258575,0.271547,487558400
1989-02-02,0.273277,0.278465,0.271547,0.275006,473491200
1989-02-03,0.276736,0.278465,0.269817,0.271547,178908800
1989-02-06,0.273277,0.273277,0.264629,0.266358,116737600
1989-02-07,0.264629,0.271547,0.264629,0.269817,165155200
1989-02-08,0.269817,0.273277,0.262899,0.264629,157012800
1989-02-09,0.264629,0.269817,0.262899,0.264629,160809600
1989-02-10,0.264629,0.264629,0.255981,0.257710,348342400
1989-02-13,0.254251,0.257710,0.254251,0.255980,235188800
1989-02-14,0.255116,0.255981,0.243873,0.247332,891576000
1989-02-15,0.247332,0.250792,0.245603,0.250792,330624000
1989-02-16,0.250792,0.257710,0.249063,0.251657,255696000
1989-02-17,0.251483,0.256686,0.251483,0.254952,116849600
1989-02-21,0.255819,0.261890,0.254952,0.260155,190556800
1989-02-22,0.258420,0.260155,0.253218,0.254952,238324800
1989-02-23,0.253218,0.256686,0.251483,0.254952,95368000
1989-02-24,0.256686,0.256686,0.249749,0.249749,152129600
1989-02-27,0.249749,0.253218,0.248014,0.253218,115920000
1989-02-28,0.253218,0.254952,0.249749,0.251484,176019200
1989-03-01,0.251484,0.253218,0.246280,0.249749,170128000
1989-03-02,0.248014,0.251483,0.241077,0.242811,376331200
1989-03-03,0.244546,0.244546,0.235874,0.241077,387777600
1989-03-06,0.242811,0.248882,0.239343,0.246280,168515200
1989-03-07,0.246280,0.249749,0.242811,0.248014,260691200
1989-03-08,0.247147,0.251483,0.244546,0.244546,216294400
1989-03-09,0.244546,0.248014,0.239343,0.239343,133436800
1989-03-10,0.239343,0.242811,0.237609,0.242811,102715200
1989-03-13,0.242811,0.246280,0.241077,0.242811,131107200
1989-03-14,0.242811,0.246280,0.241944,0.244546,161940800
1989-03-15,0.244546,0.246280,0.241077,0.242811,90059200
1989-03-16,0.242811,0.246280,0.239343,0.244546,192236800
1989-03-17,0.239343,0.248014,0.235874,0.241944,237126400
1989-03-20,0.242811,0.244546,0.239343,0.241944,181451200
1989-03-21,0.246280,0.246280,0.241077,0.241944,128195200
1989-03-22,0.237609,0.241077,0.234139,0.235006,144849600
1989-03-23,0.235874,0.239343,0.234139,0.238476,118910400
1989-03-27,0.237609,0.239343,0.232405,0.234139,151659200
1989-03-28,0.235874,0.239343,0.235874,0.235874,141254400
1989-03-29,0.235874,0.239343,0.235874,0.237609,74401600
1989-03-30,0.237609,0.242811,0.235874,0.241077,105246400
1989-03-31,0.242811,0.248014,0.241077,0.247147,185348800
1989-04-03,0.246280,0.251483,0.241077,0.242811,166286400
1989-04-04,0.239343,0.241944,0.235006,0.239343,115729600
1989-04-05,0.239343,0.244546,0.237609,0.242811,120254400
1989-04-06,0.241077,0.250616,0.239343,0.249749,156374400
1989-04-07,0.249749,0.260155,0.249749,0.259288,354984000
1989-04-10,0.258420,0.263624,0.254952,0.256686,135374400
1989-04-11,0.260155,0.263624,0.256686,0.261890,146540800
1989-04-12,0.265358,0.272295,0.262757,0.267093,387912000
1989-04-13,0.268827,0.274030,0.265358,0.267093,181272000
1989-04-14,0.270561,0.272295,0.265358,0.268827,123356800
1989-04-17,0.267093,0.272295,0.263624,0.272295,140145600
1989-04-18,0.274030,0.280967,0.272295,0.278366,560985600
1989-04-19,0.277499,0.288772,0.275765,0.283569,425880000
1989-04-20,0.282702,0.287905,0.279233,0.282702,179816000
1989-04-21,0.280967,0.283569,0.275765,0.278366,115169600
1989-04-24,0.277499,0.279233,0.274030,0.278366,110790400
1989-04-25,0.277499,0.280968,0.275765,0.277499,116177600
1989-04-26,0.277499,0.279233,0.271428,0.275765,186132800
1989-04-27,0.274030,0.277499,0.270561,0.273163,139384000
1989-04-28,0.272295,0.274030,0.267093,0.270561,103857600
1989-05-01,0.267093,0.272295,0.267093,0.270561,80662400
1989-05-02,0.270561,0.279233,0.270561,0.276632,215745600
1989-05-03,0.275765,0.282702,0.275765,0.279233,220539200
1989-05-04,0.279233,0.286171,0.277499,0.284436,188910400
1989-05-05,0.294842,0.296576,0.287905,0.287905,460756800
1989-05-08,0.287905,0.293108,0.287905,0.293108,205923200
1989-05-09,0.291374,0.298312,0.291374,0.294842,346774400
1989-05-10,0.298312,0.301780,0.294842,0.300046,234438400
1989-05-11,0.300046,0.306983,0.298312,0.304381,300944000
1989-05-12,0.308717,0.312186,0.305249,0.312186,467140800
1989-05-15,0.310452,0.320858,0.310452,0.319123,317900800
1989-05-16,0.319123,0.320858,0.312186,0.314788,228670400
1989-05-17,0.313921,0.315655,0.312186,0.313921,248460800
1989-05-18,0.313921,0.315655,0.310452,0.310452,211254400
1989-05-19,0.310452,0.320858,0.310452,0.317389,330769600
1989-05-22,0.318084,0.321561,0.314608,0.319822,190400000
1989-05-23,0.319822,0.319822,0.314608,0.316346,134467200
1989-05-24,0.314608,0.331990,0.314608,0.331990,297606400
1989-05-25,0.328514,0.340681,0.328514,0.335467,232366400
1989-05-26,0.335467,0.340681,0.333728,0.337205,112515200
1989-05-30,0.335467,0.340681,0.329383,0.330252,111921600
1989-05-31,0.330252,0.334598,0.326776,0.331990,115214400
1989-06-01,0.331990,0.342419,0.330252,0.338943,179502400
1989-06-02,0.337205,0.344157,0.337205,0.340681,124476800
1989-06-05,0.338943,0.340681,0.323299,0.326776,124118400
1989-06-06,0.325037,0.326775,0.321561,0.325037,145006400
1989-06-07,0.325037,0.337205,0.325037,0.335467,175672000
1989-06-08,0.337205,0.340681,0.328514,0.331121,178012800
1989-06-09,0.328514,0.331990,0.323299,0.326776,94416000
1989-06-12,0.325038,0.331990,0.321561,0.330252,80864000
1989-06-13,0.330252,0.338943,0.326776,0.337205,230977600
1989-06-14,0.340681,0.349372,0.335467,0.345026,251305600
1989-06-15,0.344157,0.345895,0.330252,0.330252,161403200
1989-06-16,0.311132,0.316346,0.302441,0.309393,542001600
1989-06-19,0.309393,0.311132,0.302441,0.305917,183120000
1989-06-20,0.305917,0.305917,0.293750,0.298965,134534400
1989-06-21,0.298965,0.302441,0.293750,0.295488,129864000
1989-06-22,0.295488,0.304179,0.292012,0.300703,137200000
1989-06-23,0.300703,0.307655,0.300703,0.305048,123894400
1989-06-26,0.305917,0.305917,0.300703,0.302441,183836800
1989-06-27,0.304179,0.307655,0.295488,0.296357,105784000
1989-06-28,0.293750,0.293750,0.285059,0.290274,257028800
1989-06-29,0.285059,0.286798,0.278107,0.282452,233520000
1989-06-30,0.281583,0.290274,0.274631,0.286798,164740800
1989-07-03,0.290274,0.290274,0.283321,0.283321,48350400
1989-07-05,0.281583,0.283321,0.278107,0.281583,119156800
1989-07-06,0.283321,0.290274,0.279845,0.286798,173924800
1989-07-07,0.286798,0.292012,0.281583,0.286798,106108800
1989-07-10,0.285059,0.286798,0.278107,0.281583,203694400
1989-07-11,0.283321,0.285059,0.276369,0.276369,243924800
1989-07-12,0.276369,0.279845,0.274631,0.278107,124129600
1989-07-13,0.278107,0.285059,0.274631,0.282452,225433600
1989-07-14,0.283321,0.285059,0.276369,0.283321,257320000
1989-07-17,0.283321,0.286798,0.276369,0.283321,130894400
1989-07-18,0.283321,0.283321,0.269416,0.272892,477310400
1989-07-19,0.274631,0.283321,0.271154,0.281583,238974400
1989-07-20,0.283321,0.286798,0.276369,0.278107,236073600
1989-07-21,0.276369,0.278107,0.271154,0.278107,139484800
1989-07-24,0.276369,0.276369,0.272892,0.272892,115987200
1989-07-25,0.272892,0.276369,0.264202,0.269416,209843200
1989-07-26,0.265940,0.267678,0.262463,0.265940,233744000
1989-07-27,0.265940,0.274631,0.264202,0.272892,173073600
1989-07-28,0.272892,0.276369,0.271154,0.273762,119336000
1989-07-31,0.272892,0.278107,0.271154,0.276369,111865600
1989-08-01,0.276369,0.279845,0.272892,0.277238,139540800
1989-08-02,0.276369,0.281583,0.274631,0.281583,101404800
1989-08-03,0.281583,0.288536,0.281583,0.286798,172939200
1989-08-04,0.286798,0.297226,0.285929,0.297226,183355200
1989-08-07,0.298965,0.305917,0.296357,0.304179,168212800
1989-08-08,0.302441,0.311132,0.302441,0.306786,206192000
1989-08-09,0.305917,0.318084,0.305048,0.305917,195160000
1989-08-10,0.305917,0.305917,0.297226,0.300703,152364800
1989-08-11,0.305917,0.305917,0.286798,0.291143,230081600
1989-08-14,0.288536,0.292012,0.281583,0.283321,102827200
1989-08-15,0.283321,0.288536,0.283321,0.287667,163732800
1989-08-16,0.288536,0.290274,0.278107,0.280714,120534400
1989-08-17,0.279845,0.286798,0.278107,0.285059,153316800
1989-08-18,0.290274,0.295488,0.288536,0.293750,84067200
1989-08-21,0.294447,0.301417,0.292705,0.294447,137827200
1989-08-22,0.292705,0.299674,0.292705,0.298803,111832000
1989-08-23,0.299675,0.308385,0.296189,0.304901,173644800
1989-08-24,0.304901,0.310127,0.303159,0.307514,162926400
1989-08-25,0.306643,0.313613,0.306643,0.311871,161392000
1989-08-28,0.310128,0.313613,0.306643,0.311871,81659200
1989-08-29,0.311870,0.313613,0.304901,0.307514,176904000
1989-08-30,0.306643,0.311871,0.306643,0.310128,116099200
1989-08-31,0.310128,0.313613,0.308385,0.310128,56291200
1989-09-01,0.310128,0.311871,0.308386,0.311000,74121600
1989-09-05,0.310128,0.316226,0.310128,0.311871,114822400
1989-09-06,0.311871,0.312742,0.306643,0.311871,86755200
1989-09-07,0.311871,0.317097,0.311871,0.311871,113892800
1989-09-08,0.311871,0.315355,0.310128,0.313613,55832000
1989-09-11,0.311871,0.320581,0.310128,0.318839,98593600
1989-09-12,0.317097,0.325809,0.313613,0.320581,103588800
1989-09-13,0.322324,0.324938,0.313613,0.313613,128688000
1989-09-14,0.313613,0.315355,0.310128,0.311871,131286400
1989-09-15,0.313613,0.315355,0.308385,0.313613,124868800
1989-09-18,0.310128,0.313613,0.306643,0.306643,63156800
1989-09-19,0.308385,0.310128,0.299674,0.301417,80796800
1989-09-20,0.306643,0.313613,0.304901,0.311000,118148800
1989-09-21,0.313613,0.320581,0.308385,0.311871,200961600
1989-09-22,0.311871,0.315355,0.308385,0.312742,72497600
1989-09-25,0.311871,0.318839,0.311871,0.315355,136158400
1989-09-26,0.313613,0.317097,0.311871,0.315355,77324800
1989-09-27,0.308385,0.314484,0.306643,0.311871,90126400
1989-09-28,0.313613,0.318839,0.313613,0.317097,79419200
1989-09-29,0.315355,0.317097,0.310128,0.310128,69809600
1989-10-02,0.310128,0.311871,0.304901,0.309257,137401600
1989-10-03,0.308385,0.310128,0.300546,0.304030,170497600
1989-10-04,0.304901,0.310999,0.303159,0.308385,159174400
1989-10-05,0.310127,0.324067,0.308385,0.317097,245280000
1989-10-06,0.322324,0.336263,0.320582,0.335392,361704000
1989-10-09,0.334520,0.346716,0.331035,0.344974,195552000
1989-10-10,0.346716,0.351072,0.338005,0.344974,287123200
1989-10-11,0.339747,0.343231,0.334520,0.340618,156956800
1989-10-12,0.341489,0.343231,0.338005,0.339747,82644800
1989-10-13,0.339747,0.344973,0.313613,0.318839,201118400
1989-10-16,0.311871,0.325809,0.296189,0.325809,424916800
1989-10-17,0.320581,0.339747,0.313613,0.329293,250040000
1989-10-18,0.324066,0.336262,0.320581,0.336262,144032000
1989-10-19,0.336263,0.344973,0.336263,0.339747,111899200
1989-10-20,0.332777,0.343231,0.331035,0.334520,261508800
1989-10-23,0.334520,0.336263,0.322324,0.325809,121956800
1989-10-24,0.322324,0.338005,0.315355,0.331906,216440000
1989-10-25,0.332777,0.332777,0.322324,0.324067,119145600
1989-10-26,0.317097,0.324067,0.313613,0.315355,169265600
1989-10-27,0.315355,0.318839,0.310128,0.315355,129416000
1989-10-30,0.317097,0.320581,0.313613,0.318839,86979200
1989-10-31,0.318839,0.324067,0.317097,0.324067,91996800
1989-11-01,0.322324,0.325809,0.318839,0.321453,61185600
1989-11-02,0.313613,0.313613,0.299675,0.306643,452670400
1989-11-03,0.306643,0.310128,0.301417,0.301417,174652800
1989-11-06,0.303159,0.306643,0.299674,0.301417,123088000
1989-11-07,0.301417,0.310128,0.301417,0.306643,151323200
1989-11-08,0.308385,0.315355,0.308385,0.313613,142632000
1989-11-09,0.313613,0.320581,0.310128,0.320581,88188800
1989-11-10,0.318839,0.327551,0.318839,0.325809,64859200
1989-11-13,0.324067,0.329293,0.324067,0.324067,68017600
1989-11-14,0.324067,0.325809,0.310128,0.311871,84380800
1989-11-15,0.313613,0.315355,0.306643,0.308385,97787200
1989-11-16,0.310128,0.311871,0.304901,0.311871,96566400
1989-11-17,0.310892,0.316132,0.310892,0.312639,88558400
1989-11-20,0.314385,0.317878,0.310892,0.316132,108068800
1989-11-21,0.316132,0.324865,0.316132,0.316132,140246400
1989-11-22,0.317878,0.319625,0.310892,0.312639,97944000
1989-11-24,0.312639,0.314385,0.312639,0.312639,27854400
1989-11-27,0.312639,0.316132,0.305652,0.307399,105145600
1989-11-28,0.305652,0.309145,0.298665,0.308272,135374400
1989-11-29,0.303906,0.309145,0.296919,0.307399,152947200
1989-11-30,0.305652,0.310892,0.303906,0.309145,63448000
1989-12-01,0.310892,0.314385,0.304779,0.307399,146227200
1989-12-04,0.305652,0.317878,0.305652,0.316132,97361600
1989-12-05,0.316132,0.319625,0.310892,0.314385,121766400
1989-12-06,0.314386,0.316132,0.286440,0.298666,334980800
1989-12-07,0.295173,0.302159,0.293426,0.298666,178416000
1989-12-08,0.296919,0.300413,0.288187,0.291680,252582400
1989-12-11,0.286439,0.289933,0.268101,0.274213,650014400
1989-12-12,0.274213,0.275961,0.244522,0.251508,1025416000
1989-12-13,0.251508,0.255001,0.248015,0.251508,389760000
1989-12-14,0.249761,0.252382,0.241029,0.243648,304752000
1989-12-15,0.242775,0.244522,0.227056,0.235789,518168000
1989-12-18,0.235789,0.244522,0.235789,0.242775,307204800
1989-12-19,0.241029,0.248015,0.241029,0.244522,251193600
1989-12-20,0.249761,0.253255,0.246268,0.249761,177990400
1989-12-21,0.249761,0.253255,0.248015,0.253255,304808000
1989-12-22,0.253255,0.260241,0.251508,0.255001,184587200
1989-12-26,0.256748,0.256748,0.246268,0.248015,135284800
1989-12-27,0.248015,0.249761,0.244522,0.245395,257006400
1989-12-28,0.244522,0.246268,0.239282,0.241902,151256000
1989-12-29,0.242775,0.249761,0.240156,0.246268,152409600
1990-01-02,0.246268,0.261987,0.244522,0.260241,183198400
1990-01-03,0.265481,0.265481,0.261987,0.261987,207995200
1990-01-04,0.267227,0.270720,0.260241,0.262861,221513600
1990-01-05,0.263735,0.267228,0.258495,0.263735,123312000
1990-01-08,0.261987,0.265481,0.258494,0.265481,101572800
1990-01-09,0.265481,0.265481,0.258494,0.262861,86139200
1990-01-10,0.262861,0.262861,0.249761,0.251508,199718400
1990-01-11,0.253255,0.253255,0.241029,0.241029,211052800
1990-01-12,0.239282,0.242775,0.235789,0.241029,171897600
1990-01-15,0.241029,0.249761,0.239282,0.239282,161739200
1990-01-16,0.234042,0.244522,0.228803,0.243648,214244800
1990-01-17,0.242775,0.242775,0.230549,0.232296,197299200
1990-01-18,0.230549,0.234042,0.225309,0.226183,273291200
1990-01-19,0.235789,0.241029,0.234042,0.239282,265137600
1990-01-22,0.237535,0.241029,0.232296,0.232296,145611200
1990-01-23,0.235789,0.239282,0.230549,0.235789,140873600
1990-01-24,0.227056,0.239282,0.225309,0.237535,169792000
1990-01-25,0.239282,0.242775,0.237535,0.238409,111540800
1990-01-26,0.237535,0.237535,0.225309,0.228803,181249600
1990-01-29,0.230549,0.234042,0.224436,0.232296,119929600
1990-01-30,0.232296,0.241029,0.230549,0.237535,116446400
1990-01-31,0.241029,0.242775,0.230549,0.237535,143942400
1990-02-01,0.241029,0.241902,0.234042,0.234915,117073600
1990-02-02,0.232296,0.242775,0.232296,0.239282,118473600
1990-02-05,0.239282,0.246268,0.237535,0.244522,101752000
1990-02-06,0.242775,0.244522,0.237535,0.242775,73920000
1990-02-07,0.230549,0.237535,0.227056,0.232296,312446400
1990-02-08,0.232296,0.234042,0.225309,0.230549,186636800
1990-02-09,0.234042,0.241029,0.232296,0.239282,168078400
1990-02-12,0.239282,0.241029,0.235789,0.237535,74916800
1990-02-13,0.237535,0.244522,0.235789,0.241029,102166400
1990-02-14,0.241029,0.242775,0.235789,0.239282,96062400
1990-02-15,0.235789,0.239282,0.234042,0.239282,97966400
1990-02-16,0.240053,0.241805,0.236548,0.236548,127209600
1990-02-20,0.234796,0.236548,0.231292,0.234796,123244800
1990-02-21,0.229540,0.240053,0.227788,0.238300,175907200
1990-02-22,0.238300,0.241805,0.231292,0.231292,195182400
1990-02-23,0.229540,0.234796,0.229540,0.233044,149956800
1990-02-26,0.231292,0.240053,0.231292,0.238300,79609600
1990-02-27,0.238300,0.240053,0.234796,0.234796,73953600
1990-02-28,0.234796,0.238300,0.233044,0.238300,109334400
1990-03-01,0.234796,0.243557,0.233044,0.240053,203896000
1990-03-02,0.234796,0.243557,0.233044,0.236548,104899200
1990-03-05,0.234796,0.243558,0.234796,0.241805,182470400
1990-03-06,0.245309,0.247062,0.241805,0.247062,156016000
1990-03-07,0.245310,0.252319,0.245310,0.247938,204220800
1990-03-08,0.250566,0.259327,0.245309,0.257575,223843200
1990-03-09,0.257575,0.262831,0.254071,0.258451,230473600
1990-03-12,0.261079,0.262831,0.254071,0.256699,163956800
1990-03-13,0.255823,0.261079,0.254071,0.258451,148579200
1990-03-14,0.257575,0.261079,0.255823,0.259327,101785600
1990-03-15,0.255823,0.266336,0.255823,0.257575,120232000
1990-03-16,0.280354,0.285610,0.274221,0.282106,644761600
1990-03-19,0.283858,0.297876,0.280354,0.297000,431793600
1990-03-20,0.296123,0.301381,0.285610,0.289991,391316800
1990-03-21,0.289115,0.296124,0.289115,0.291743,152734400
1990-03-22,0.292619,0.296124,0.285610,0.285610,231660800
1990-03-23,0.289115,0.301381,0.287362,0.296124,227987200
1990-03-26,0.297876,0.304009,0.294372,0.296124,128060800
1990-03-27,0.294371,0.296124,0.289115,0.294371,84604800
1990-03-28,0.294371,0.295248,0.287362,0.289115,102939200
1990-03-29,0.287362,0.290867,0.285610,0.288239,96891200
1990-03-30,0.280354,0.287362,0.280354,0.282106,223350400
1990-04-02,0.280354,0.284734,0.276850,0.282106,148769600
1990-04-03,0.283858,0.292619,0.283858,0.292619,139708800
1990-04-04,0.290867,0.294371,0.285610,0.289115,149732800
1990-04-05,0.287362,0.289115,0.280354,0.282106,108192000
1990-04-06,0.282106,0.289115,0.278602,0.279478,118238400
1990-04-09,0.278602,0.290867,0.276850,0.288239,105481600
1990-04-10,0.289115,0.294371,0.287362,0.289115,131320000
1990-04-11,0.290867,0.301381,0.290867,0.297876,213158400
1990-04-12,0.301381,0.308389,0.297876,0.303133,211803200
1990-04-16,0.304885,0.310141,0.303133,0.306637,226889600
1990-04-17,0.303133,0.304885,0.299628,0.303133,131107200
1990-04-18,0.303133,0.306637,0.297876,0.303133,193446400
1990-04-19,0.292619,0.302257,0.280354,0.282106,481476800
1990-04-20,0.286486,0.290867,0.278602,0.282106,323523200
1990-04-23,0.282106,0.283858,0.276850,0.278602,128352000
1990-04-24,0.280354,0.283858,0.269841,0.271593,303732800
1990-04-25,0.271593,0.273345,0.268088,0.271593,132574400
1990-04-26,0.273345,0.276850,0.267212,0.272469,142161600
1990-04-27,0.273345,0.276850,0.271593,0.274221,116412800
1990-04-30,0.275097,0.278602,0.273345,0.275974,136393600
1990-05-01,0.278602,0.280354,0.275974,0.277726,163609600
1990-05-02,0.278602,0.280354,0.275097,0.278602,135430400
1990-05-03,0.278602,0.282106,0.278602,0.280354,166308800
1990-05-04,0.280354,0.285610,0.275097,0.280354,169534400
1990-05-07,0.278602,0.292619,0.278602,0.290867,135990400
1990-05-08,0.287362,0.294371,0.287362,0.292619,112459200
1990-05-09,0.291743,0.294371,0.289115,0.293495,97238400
1990-05-10,0.292619,0.292619,0.283858,0.289991,179043200
1990-05-11,0.289991,0.299628,0.285610,0.298752,215241600
1990-05-14,0.299628,0.299628,0.289115,0.292619,226385600
1990-05-15,0.289991,0.294371,0.287362,0.292619,149385600
1990-05-16,0.292619,0.292619,0.287362,0.291743,87304000
1990-05-17,0.292619,0.296124,0.287362,0.290867,153585600
1990-05-18,0.289115,0.290867,0.276850,0.278602,258462400
1990-05-21,0.277618,0.281132,0.272346,0.277618,262483200
1990-05-22,0.282010,0.291674,0.281132,0.290796,301089600
1990-05-23,0.289917,0.298702,0.289917,0.295188,207513600
1990-05-24,0.296945,0.296945,0.291674,0.295188,148131200
1990-05-25,0.277618,0.286403,0.274103,0.281132,323321600
1990-05-29,0.281132,0.289917,0.275860,0.288159,243208000
1990-05-30,0.292553,0.293431,0.289917,0.290796,276819200
1990-05-31,0.291674,0.291674,0.288160,0.289917,103084800
1990-06-01,0.290796,0.295188,0.286403,0.286403,157236800
1990-06-04,0.286403,0.288160,0.279375,0.286403,179424000
1990-06-05,0.288160,0.288160,0.274103,0.277618,299432000
1990-06-06,0.274103,0.277618,0.272346,0.277618,211747200
1990-06-07,0.277618,0.279375,0.270589,0.274103,186435200
1990-06-08,0.270589,0.270589,0.263561,0.268832,333883200
1990-06-11,0.265318,0.274103,0.265318,0.274103,157897600
1990-06-12,0.274982,0.284646,0.272346,0.284646,165032000
1990-06-13,0.283767,0.286402,0.279375,0.279375,138947200
1990-06-14,0.281132,0.282889,0.275860,0.279375,140324800
1990-06-15,0.279375,0.281132,0.274982,0.277618,144144000
1990-06-18,0.275860,0.277618,0.274103,0.275860,111395200
1990-06-19,0.274103,0.279375,0.269711,0.278496,157225600
1990-06-20,0.280253,0.282889,0.279375,0.281132,154739200
1990-06-21,0.281132,0.295188,0.281132,0.294310,208600000
1990-06-22,0.295188,0.299581,0.289917,0.291674,283976000
1990-06-25,0.291674,0.293431,0.282889,0.289917,122001600
1990-06-26,0.293431,0.295188,0.283767,0.285524,127254400
1990-06-27,0.286403,0.295188,0.282889,0.291674,97227200
1990-06-28,0.300459,0.303974,0.293431,0.302217,249939200
1990-06-29,0.302217,0.315395,0.300459,0.314516,325192000
1990-07-02,0.312759,0.312759,0.307488,0.309245,135408000
1990-07-03,0.308366,0.312759,0.307488,0.309245,99500800
1990-07-05,0.307488,0.311002,0.303974,0.305731,107464000
1990-07-06,0.305731,0.316273,0.303974,0.314516,209059200
1990-07-09,0.316273,0.330330,0.314516,0.327694,315459200
1990-07-10,0.330330,0.333844,0.328573,0.330330,361424000
1990-07-11,0.328573,0.330330,0.321544,0.330330,246153600
1990-07-12,0.328573,0.333844,0.326816,0.332965,182470400
1990-07-13,0.333844,0.335601,0.328573,0.328573,230977600
1990-07-16,0.328573,0.331208,0.318030,0.320666,179704000
1990-07-17,0.321544,0.323301,0.309245,0.311002,136852800
1990-07-18,0.312759,0.316273,0.302217,0.313638,288366400
1990-07-19,0.286403,0.298702,0.281132,0.293431,585984000
1990-07-20,0.295188,0.298702,0.286403,0.288159,191844800
1990-07-23,0.288160,0.293431,0.281132,0.291674,270188800
1990-07-24,0.295188,0.296945,0.288160,0.296067,193916800
1990-07-25,0.295188,0.303974,0.293431,0.296945,104921600
1990-07-26,0.296945,0.298702,0.288160,0.290796,80337600
1990-07-27,0.289917,0.293431,0.284646,0.290796,62316800
1990-07-30,0.286403,0.298702,0.286403,0.297824,85456000
1990-07-31,0.298702,0.300459,0.291674,0.295188,96006400
1990-08-01,0.295188,0.300459,0.291674,0.297824,93508800
1990-08-02,0.289917,0.307488,0.289917,0.305731,223126400
1990-08-03,0.305731,0.307488,0.279375,0.289917,268968000
1990-08-06,0.274103,0.284646,0.270589,0.277618,179659200
1990-08-07,0.282889,0.285524,0.272346,0.277618,198531200
1990-08-08,0.277618,0.286403,0.277618,0.282010,102536000
1990-08-09,0.282889,0.284646,0.275860,0.277618,96387200
1990-08-10,0.272346,0.275860,0.268832,0.272346,102704000
1990-08-13,0.267075,0.281132,0.266197,0.280253,156116800
1990-08-14,0.281132,0.281132,0.275860,0.279375,98168000
1990-08-15,0.281132,0.282889,0.275860,0.275860,92052800
1990-08-16,0.274103,0.278496,0.270589,0.270589,123894400
1990-08-17,0.270589,0.270589,0.251261,0.256533,246108800
1990-08-20,0.257308,0.264357,0.255546,0.259070,75062400
1990-08-21,0.252021,0.259070,0.248496,0.255546,161044800
1990-08-22,0.260833,0.260833,0.245852,0.247615,122718400
1990-08-23,0.241447,0.246734,0.236159,0.243209,143696000
1990-08-24,0.248496,0.253783,0.244971,0.250258,73416000
1990-08-27,0.259070,0.267883,0.255546,0.266120,117465600
1990-08-28,0.264357,0.270526,0.262595,0.268763,80192000
1990-08-29,0.267882,0.268764,0.259070,0.262595,150931200
1990-08-30,0.262595,0.264357,0.253784,0.255546,122595200
1990-08-31,0.253783,0.262595,0.253783,0.260832,99456000
1990-09-04,0.257308,0.264357,0.257308,0.260832,82745600
1990-09-05,0.262595,0.262595,0.252020,0.253784,64052800
1990-09-06,0.250258,0.253784,0.248496,0.252020,87628800
1990-09-07,0.250258,0.259070,0.247615,0.256427,58172800
1990-09-10,0.260833,0.260833,0.252020,0.252020,75980800
1990-09-11,0.253783,0.254665,0.237921,0.239684,178270400
1990-09-12,0.243209,0.243209,0.236159,0.239684,100408000
1990-09-13,0.243209,0.244971,0.232635,0.237922,97260800
1990-09-14,0.236159,0.241447,0.234397,0.239684,113915200
1990-09-17,0.239684,0.248496,0.236159,0.237922,77672000
1990-09-18,0.237921,0.237921,0.232635,0.235278,124611200
1990-09-19,0.234397,0.237922,0.225585,0.229110,182459200
1990-09-20,0.227347,0.227347,0.220298,0.222941,100934400
1990-09-21,0.225585,0.229110,0.218536,0.222060,153865600
1990-09-24,0.222060,0.222060,0.209724,0.213248,138499200
1990-09-25,0.215010,0.216773,0.206199,0.211486,157953600
1990-09-26,0.211486,0.215010,0.209724,0.209724,94136000
1990-09-27,0.211486,0.215010,0.197387,0.199149,142340800
1990-09-28,0.200911,0.204437,0.192100,0.204437,176041600
1990-10-01,0.207961,0.218536,0.206199,0.215010,155657600
1990-10-02,0.218536,0.225585,0.207961,0.208843,270984000
1990-10-03,0.209724,0.209724,0.188575,0.190337,268240000
1990-10-04,0.188575,0.197387,0.185050,0.197387,213494400
1990-10-05,0.190337,0.202674,0.190337,0.197387,99489600
1990-10-08,0.202674,0.206199,0.199149,0.205318,61532800
1990-10-09,0.200911,0.204437,0.195625,0.197387,120579200
1990-10-10,0.192100,0.197387,0.183288,0.186813,147907200
1990-10-11,0.188575,0.196506,0.179763,0.195625,205979200
1990-10-12,0.199149,0.200911,0.190337,0.199149,228648000
1990-10-15,0.200911,0.202674,0.187694,0.195625,201017600
1990-10-16,0.193862,0.193862,0.170951,0.176238,305233600
1990-10-17,0.178000,0.186813,0.176238,0.186813,309064000
1990-10-18,0.186813,0.202674,0.186813,0.200911,315000000
1990-10-19,0.220298,0.223823,0.213248,0.221179,933732800
1990-10-22,0.222060,0.222060,0.215010,0.219417,252739200
1990-10-23,0.218536,0.222060,0.213248,0.218536,167048000
1990-10-24,0.216773,0.218536,0.211486,0.215010,141825600
1990-10-25,0.213248,0.220298,0.208842,0.211486,153462400
1990-10-26,0.209724,0.220298,0.209724,0.211486,134198400
1990-10-29,0.213248,0.215010,0.209723,0.210605,123480000
1990-10-30,0.209724,0.216773,0.203556,0.214129,98044800
1990-10-31,0.215010,0.224704,0.213248,0.216773,148758400
1990-11-01,0.215010,0.218536,0.209724,0.215010,90652800
1990-11-02,0.215010,0.228229,0.215010,0.223823,148612800
1990-11-05,0.227347,0.236159,0.225585,0.234397,184475200
1990-11-06,0.236159,0.243209,0.234397,0.236159,184766400
1990-11-07,0.236159,0.237921,0.229991,0.234397,202977600
1990-11-08,0.232635,0.246734,0.232635,0.243209,199248000
1990-11-09,0.246734,0.252020,0.243209,0.250258,198228800
1990-11-12,0.250258,0.259070,0.248496,0.255546,145051200
1990-11-13,0.255546,0.257308,0.252020,0.253784,141948800
1990-11-14,0.252020,0.262595,0.252020,0.260832,190747200
1990-11-15,0.259070,0.260833,0.250258,0.253784,161772800
1990-11-16,0.252863,0.254632,0.245790,0.248443,183008000
1990-11-19,0.251095,0.257284,0.249327,0.257284,223910400
1990-11-20,0.258168,0.259936,0.249327,0.251095,153630400
1990-11-21,0.249327,0.256400,0.245790,0.255516,123211200
1990-11-23,0.256400,0.261705,0.254632,0.257284,53200000
1990-11-26,0.254632,0.261705,0.254632,0.259936,81457600
1990-11-27,0.261704,0.270546,0.259936,0.265241,164584000
1990-11-28,0.267010,0.272314,0.259936,0.259936,174910400
1990-11-29,0.261705,0.261705,0.256400,0.259936,126705600
1990-11-30,0.256400,0.263473,0.256400,0.259936,121508800
1990-12-03,0.263473,0.270546,0.261704,0.269662,165401600
1990-12-04,0.265241,0.274082,0.265241,0.272314,152152000
1990-12-05,0.272314,0.284692,0.267894,0.283808,218388800
1990-12-06,0.291766,0.295302,0.286460,0.291766,532246400
1990-12-07,0.289997,0.302375,0.289997,0.300607,329660800
1990-12-10,0.298838,0.300607,0.293534,0.295302,250588800
1990-12-11,0.291766,0.293534,0.282924,0.282924,347883200
1990-12-12,0.281156,0.282924,0.275851,0.280272,242356800
1990-12-13,0.279388,0.289997,0.279388,0.288229,160731200
1990-12-14,0.284692,0.286461,0.279388,0.282040,87068800
1990-12-17,0.275851,0.286460,0.275851,0.283808,131107200
1990-12-18,0.289997,0.300607,0.288229,0.298838,220987200
1990-12-19,0.300606,0.300606,0.290882,0.296186,140660800
1990-12-20,0.291766,0.314753,0.291766,0.311216,401072000
1990-12-21,0.312984,0.320058,0.307680,0.318290,346136000
1990-12-24,0.316522,0.318290,0.311216,0.311216,58721600
1990-12-26,0.311216,0.312984,0.304144,0.309448,103073600
1990-12-27,0.305912,0.311216,0.305912,0.307680,97652800
1990-12-28,0.305912,0.307680,0.302375,0.304144,63929600
1990-12-31,0.304144,0.305912,0.302375,0.304144,44273600
1991-01-02,0.302375,0.311216,0.297070,0.307680,154985600
1991-01-03,0.307680,0.312984,0.304144,0.304144,150180800
1991-01-04,0.304144,0.312984,0.304144,0.305912,141523200
1991-01-07,0.304144,0.320058,0.304144,0.305912,310800000
1991-01-08,0.309448,0.310332,0.300607,0.305912,218691200
1991-01-09,0.312984,0.325362,0.309448,0.320058,467264000
1991-01-10,0.323594,0.334204,0.323594,0.333320,435321600
1991-01-11,0.332436,0.334204,0.325362,0.332436,307652800
1991-01-14,0.325362,0.330668,0.325362,0.327131,210840000
1991-01-15,0.328900,0.330668,0.325362,0.330668,192057600
1991-01-16,0.332436,0.353655,0.330668,0.351886,390633600
1991-01-17,0.371338,0.373106,0.346582,0.362496,591673600
1991-01-18,0.344814,0.358960,0.343045,0.355423,943241600
1991-01-21,0.351886,0.364264,0.351886,0.358960,324307200
1991-01-22,0.360728,0.371338,0.357192,0.362496,427728000
1991-01-23,0.362496,0.369570,0.360728,0.366033,244260800
1991-01-24,0.364264,0.373106,0.364264,0.368685,233934400
1991-01-25,0.367801,0.379295,0.367801,0.378411,223809600
1991-01-28,0.376642,0.390789,0.376642,0.385484,273481600
1991-01-29,0.383716,0.385484,0.369570,0.380179,215555200
1991-01-30,0.376642,0.394325,0.376642,0.392557,336772800
1991-01-31,0.392557,0.396094,0.387252,0.392557,242592000
1991-02-01,0.392557,0.409356,0.392557,0.394325,444550400
1991-02-04,0.394326,0.396094,0.389020,0.390789,267848000
1991-02-05,0.390789,0.410240,0.387252,0.408472,356115200
1991-02-06,0.408472,0.412008,0.399630,0.402283,222566400
1991-02-07,0.403167,0.415545,0.394326,0.408472,520172800
1991-02-08,0.406703,0.426154,0.406703,0.423502,313555200
1991-02-11,0.424386,0.434995,0.422618,0.434111,323030400
1991-02-12,0.431459,0.433227,0.419965,0.424386,224750400
1991-02-13,0.424386,0.426154,0.410240,0.424386,255550400
1991-02-14,0.424386,0.424386,0.401398,0.404051,377675200
1991-02-15,0.405787,0.414647,0.405787,0.408445,365612800
1991-02-19,0.407559,0.427051,0.406673,0.425279,226251200
1991-02-20,0.421735,0.437683,0.419963,0.432367,213640000
1991-02-21,0.434139,0.441227,0.416420,0.418191,190870400
1991-02-22,0.418191,0.437683,0.414647,0.423507,232568000
1991-02-25,0.427051,0.428823,0.407559,0.411103,359273600
1991-02-26,0.407559,0.416419,0.400471,0.412875,250017600
1991-02-27,0.412875,0.414647,0.407559,0.412875,174372800
1991-02-28,0.412875,0.414647,0.398699,0.405787,227360000
1991-03-01,0.404016,0.418191,0.404016,0.409331,126134400
1991-03-04,0.411103,0.416420,0.404016,0.413761,88356800
1991-03-05,0.418191,0.448315,0.418191,0.447429,441448000
1991-03-06,0.453631,0.465149,0.445657,0.446543,523958400
1991-03-07,0.450087,0.478440,0.448315,0.476667,321753600
1991-03-08,0.480211,0.483755,0.460719,0.460719,322201600
1991-03-11,0.457175,0.458947,0.441227,0.450087,175369600
1991-03-12,0.446543,0.451859,0.442999,0.445657,233676800
1991-03-13,0.444771,0.471351,0.444771,0.469579,174552000
1991-03-14,0.473123,0.478439,0.457175,0.462491,227068800
1991-03-15,0.466035,0.471351,0.462491,0.469579,204836800
1991-03-18,0.466035,0.483755,0.466035,0.480211,214009600
1991-03-19,0.471351,0.497931,0.466035,0.492615,422195200
1991-03-20,0.490843,0.492615,0.474008,0.480211,361704000
1991-03-21,0.483755,0.487299,0.451859,0.458947,296800000
1991-03-22,0.453631,0.458947,0.441227,0.448315,338128000
1991-03-25,0.450087,0.460719,0.448315,0.457175,135856000
1991-03-26,0.458947,0.497931,0.458947,0.496159,333625600
1991-03-27,0.496159,0.497931,0.485527,0.490843,190220800
1991-03-28,0.490843,0.496159,0.480211,0.481983,78702400
1991-04-01,0.481983,0.492615,0.478440,0.485527,117924800
1991-04-02,0.489071,0.515651,0.485527,0.515651,292924800
1991-04-03,0.513878,0.515651,0.496159,0.496159,240128000
1991-04-04,0.496159,0.510335,0.492615,0.506791,168436800
1991-04-05,0.508563,0.508563,0.487299,0.491729,155411200
1991-04-08,0.490843,0.496159,0.487298,0.496159,72475200
1991-04-09,0.494387,0.496159,0.483755,0.487299,119448000
1991-04-10,0.485527,0.490843,0.473123,0.474009,216406400
1991-04-11,0.480211,0.505905,0.478439,0.503247,355588800
1991-04-12,0.506791,0.519195,0.494387,0.508563,367718400
1991-04-15,0.437683,0.457175,0.425279,0.441227,1700384000
1991-04-16,0.448315,0.457175,0.442999,0.455403,620782400
1991-04-17,0.460719,0.460719,0.439455,0.448315,322403200
1991-04-18,0.444771,0.446543,0.430595,0.432367,247363200
1991-04-19,0.432367,0.435911,0.421735,0.422621,287302400
1991-04-22,0.421735,0.439455,0.416419,0.435911,257017600
1991-04-23,0.441227,0.446543,0.427051,0.435911,237294400
1991-04-24,0.437683,0.439455,0.428823,0.430595,105448000
1991-04-25,0.423507,0.423507,0.414647,0.414647,315380800
1991-04-26,0.414647,0.418191,0.409331,0.415533,125059200
1991-04-29,0.414647,0.427051,0.412875,0.412875,206707200
1991-04-30,0.409331,0.412875,0.386295,0.389839,711446400
1991-05-01,0.340223,0.347311,0.333135,0.334907,1868372800
1991-05-02,0.338451,0.352627,0.336679,0.347311,811126400
1991-05-03,0.347311,0.350855,0.341995,0.347311,243712000
1991-05-06,0.343767,0.357943,0.341996,0.356171,212329600
1991-05-07,0.361487,0.363259,0.357943,0.358829,270480000
1991-05-08,0.359715,0.359715,0.349083,0.352627,176780800
1991-05-09,0.354400,0.365031,0.352627,0.359715,238212800
1991-05-10,0.365031,0.377435,0.359715,0.363259,241729600
1991-05-13,0.370347,0.379207,0.365031,0.373891,244944000
1991-05-14,0.373891,0.380979,0.372119,0.379207,216944000
1991-05-15,0.365031,0.368575,0.347311,0.357943,518347200
1991-05-16,0.361487,0.363259,0.343767,0.347311,382132800
1991-05-17,0.345539,0.345539,0.329591,0.333135,471060800
1991-05-20,0.335764,0.337541,0.312669,0.314446,262169600
1991-05-21,0.321552,0.330435,0.317999,0.321552,349798400
1991-05-22,0.325105,0.330435,0.323328,0.328658,227270400
1991-05-23,0.330435,0.332211,0.317999,0.320664,208656000
1991-05-24,0.323328,0.326881,0.319776,0.325993,97126400
1991-05-28,0.326881,0.328658,0.321552,0.326881,171438400
1991-05-29,0.328658,0.339317,0.325993,0.333988,384003200
1991-05-30,0.333988,0.339317,0.330435,0.338429,158345600
1991-05-31,0.337540,0.339317,0.328658,0.333988,217862400
1991-06-03,0.333988,0.351753,0.332211,0.349976,220068800
1991-06-04,0.351753,0.351753,0.344647,0.349088,184284800
1991-06-05,0.349976,0.349976,0.339317,0.341093,133291200
1991-06-06,0.342871,0.342871,0.330435,0.331323,168504000
1991-06-07,0.328658,0.333988,0.324217,0.327769,152745600
1991-06-10,0.326881,0.334876,0.325105,0.326881,167440000
1991-06-11,0.319776,0.323329,0.314446,0.317111,188563200
1991-06-12,0.312669,0.317999,0.293128,0.301122,435635200
1991-06-13,0.302010,0.305564,0.296681,0.299345,211366400
1991-06-14,0.303786,0.303786,0.289574,0.292239,225288000
1991-06-17,0.291351,0.300233,0.291351,0.298457,166600000
1991-06-18,0.300234,0.307340,0.294904,0.299345,244686400
1991-06-19,0.296681,0.300234,0.293128,0.296681,178942400
1991-06-20,0.293128,0.298457,0.289574,0.298457,144043200
1991-06-21,0.298457,0.302010,0.296681,0.298457,206012800
1991-06-24,0.296681,0.300234,0.293128,0.296681,207984000
1991-06-25,0.298457,0.305563,0.296681,0.301122,227920000
1991-06-26,0.303786,0.309116,0.300233,0.305563,250443200
1991-06-27,0.302010,0.303786,0.296681,0.302010,151200000
1991-06-28,0.300233,0.302010,0.286021,0.294904,226643200
1991-07-01,0.300233,0.305564,0.296681,0.302010,194824000
1991-07-02,0.300233,0.303786,0.296681,0.300233,120142400
1991-07-03,0.300233,0.309116,0.296681,0.306452,310374400
1991-07-05,0.305563,0.326881,0.303786,0.324217,331553600
1991-07-08,0.321552,0.335764,0.319776,0.332211,307081600
1991-07-09,0.335764,0.342871,0.330435,0.333099,226441600
1991-07-10,0.337541,0.342871,0.332211,0.335764,156576000
1991-07-11,0.333988,0.335764,0.326881,0.332211,145913600
1991-07-12,0.335764,0.335764,0.328658,0.332211,132753600
1991-07-15,0.332211,0.332211,0.323328,0.323328,137984000
1991-07-16,0.323329,0.325105,0.309116,0.310893,222992000
1991-07-17,0.309116,0.316222,0.300233,0.302010,208936000
1991-07-18,0.312669,0.320664,0.305564,0.318887,398316800
1991-07-19,0.321552,0.328658,0.319776,0.326881,128419200
1991-07-22,0.325105,0.328658,0.323328,0.326881,108673600
1991-07-23,0.328658,0.330435,0.316222,0.319776,133056000
1991-07-24,0.321552,0.325105,0.316222,0.319776,131454400
1991-07-25,0.321552,0.325105,0.319776,0.321552,65800000
1991-07-26,0.325105,0.325105,0.317999,0.318887,74233600
1991-07-29,0.321552,0.323328,0.316222,0.323328,53300800
1991-07-30,0.323328,0.332211,0.323328,0.330435,91862400
1991-07-31,0.330435,0.333100,0.319776,0.328658,102804800
1991-08-01,0.326881,0.349976,0.325105,0.349088,448425600
1991-08-02,0.353529,0.357083,0.348200,0.355306,273011200
1991-08-05,0.353529,0.353529,0.342871,0.344647,100766400
1991-08-06,0.346423,0.357083,0.339317,0.351753,220427200
1991-08-07,0.351753,0.362412,0.350864,0.357971,211612800
1991-08-08,0.360636,0.367742,0.355306,0.358859,189448000
1991-08-09,0.358859,0.362412,0.353529,0.360636,154403200
1991-08-12,0.360636,0.371295,0.358859,0.367742,142531200
1991-08-13,0.369518,0.383731,0.369518,0.380178,286585600
1991-08-14,0.389060,0.390836,0.382842,0.389948,200715200
1991-08-15,0.390836,0.390836,0.376624,0.378400,145544000
1991-08-16,0.374848,0.385507,0.371295,0.378400,158804800
1991-08-19,0.352547,0.367682,0.345425,0.359669,322481600
1991-08-20,0.366791,0.368572,0.359669,0.363230,199427200
1991-08-21,0.373914,0.385487,0.370353,0.382816,223372800
1991-08-22,0.384597,0.389938,0.382816,0.386377,165648000
1991-08-23,0.384597,0.395280,0.375694,0.377474,240419200
1991-08-26,0.377474,0.381036,0.373914,0.377474,101595200
1991-08-27,0.377475,0.384597,0.375694,0.384597,100352000
1991-08-28,0.384597,0.386377,0.378365,0.379255,107587200
1991-08-29,0.379255,0.383707,0.373914,0.377474,113355200
1991-08-30,0.377474,0.379255,0.372133,0.377474,66136000
1991-09-03,0.375694,0.379255,0.370353,0.373914,68376000
1991-09-04,0.375694,0.375694,0.365901,0.366791,119784000
1991-09-05,0.366791,0.368572,0.361450,0.363230,77884800
1991-09-06,0.363230,0.368572,0.359669,0.366791,79273600
1991-09-09,0.368572,0.381036,0.366791,0.379255,126481600
1991-09-10,0.375694,0.380146,0.354327,0.356999,182840000
1991-09-11,0.361450,0.363230,0.352547,0.359669,178001600
1991-09-12,0.365011,0.365011,0.354327,0.360560,119212800
1991-09-13,0.356109,0.357889,0.345425,0.346315,166734400
1991-09-16,0.350766,0.350766,0.331181,0.336522,205777600
1991-09-17,0.334742,0.348986,0.332961,0.348986,135408000
1991-09-18,0.347206,0.359669,0.345425,0.356999,121352000
1991-09-19,0.357889,0.359669,0.352547,0.354327,178337600
1991-09-20,0.354327,0.363230,0.352547,0.360560,188148800
1991-09-23,0.356109,0.361450,0.350766,0.352547,87662400
1991-09-24,0.352547,0.358779,0.343645,0.357889,106097600
1991-09-25,0.357889,0.359669,0.350766,0.359669,54465600
1991-09-26,0.357889,0.357889,0.348986,0.356108,71220800
1991-09-27,0.356108,0.361450,0.347205,0.348986,62809600
1991-09-30,0.350766,0.354327,0.348986,0.352547,63201600
1991-10-01,0.350766,0.365011,0.348986,0.361450,131376000
1991-10-02,0.368572,0.368572,0.352547,0.354327,17987200
1991-10-03,0.356108,0.356108,0.338303,0.340083,181003200
1991-10-04,0.341864,0.347206,0.338303,0.343645,79374400
1991-10-07,0.341864,0.347206,0.338303,0.342755,64702400
1991-10-08,0.342755,0.345425,0.331181,0.343645,172256000
1991-10-09,0.343645,0.347205,0.340083,0.341863,132742400
1991-10-10,0.347206,0.348986,0.332961,0.340083,157214400
1991-10-11,0.342755,0.348096,0.331181,0.345425,120052800
1991-10-14,0.348986,0.357889,0.347206,0.355218,111876800
1991-10-15,0.359669,0.373914,0.356108,0.373914,288209600
1991-10-16,0.373913,0.384597,0.372133,0.381036,200872000
1991-10-17,0.377474,0.379255,0.366791,0.373023,151614400
1991-10-18,0.392610,0.395280,0.388158,0.391719,446958400
1991-10-21,0.393500,0.397951,0.386377,0.389938,116692800
1991-10-22,0.395280,0.400622,0.388158,0.388158,208208000
1991-10-23,0.391718,0.393500,0.375694,0.378364,168828800
1991-10-24,0.377474,0.379255,0.366791,0.371243,177900800
1991-10-25,0.368572,0.372133,0.361450,0.365011,106971200
1991-10-28,0.366791,0.368572,0.361450,0.366791,77862400
1991-10-29,0.366791,0.370353,0.361450,0.368572,101236800
1991-10-30,0.370353,0.375694,0.352547,0.354327,148243200
1991-10-31,0.361450,0.368572,0.356109,0.366791,231806400
1991-11-01,0.365011,0.370353,0.359669,0.363230,201264000
1991-11-04,0.361450,0.361450,0.345425,0.354327,195294400
1991-11-05,0.354327,0.359669,0.347206,0.347206,215600000
1991-11-06,0.348986,0.350766,0.338303,0.341863,236790400
1991-11-07,0.345425,0.359669,0.343645,0.354327,296732800
1991-11-08,0.365011,0.382816,0.363230,0.379255,375827200
1991-11-11,0.381036,0.388158,0.379255,0.382816,164942400
1991-11-12,0.386377,0.389938,0.382816,0.388158,166689600
1991-11-13,0.384597,0.388158,0.381036,0.385487,185920000
1991-11-14,0.386377,0.393500,0.384597,0.389938,188003200
1991-11-15,0.388158,0.389938,0.354327,0.356108,256950400
1991-11-18,0.356965,0.374813,0.356965,0.372136,238739200
1991-11-19,0.369459,0.369459,0.355179,0.365888,285488000
1991-11-20,0.365889,0.371243,0.358750,0.360534,168100800
1991-11-21,0.360534,0.369459,0.360534,0.364104,106814400
1991-11-22,0.364104,0.369459,0.358750,0.365888,97843200
1991-11-25,0.364104,0.373028,0.364104,0.365888,78433600
1991-11-26,0.367673,0.371243,0.356965,0.367673,139272000
1991-11-27,0.365888,0.367673,0.360534,0.364104,63235200
1991-11-29,0.360534,0.367673,0.360534,0.362319,34092800
1991-12-02,0.362319,0.371243,0.356965,0.369459,118899200
1991-12-03,0.371243,0.371243,0.358750,0.360534,102860800
1991-12-04,0.362319,0.362319,0.356965,0.360534,80550400
1991-12-05,0.360534,0.364104,0.351610,0.356965,99198400
1991-12-06,0.353395,0.355179,0.346256,0.348040,196985600
1991-12-09,0.349825,0.356965,0.348041,0.350718,97832000
1991-12-10,0.349825,0.353395,0.346256,0.350718,122617600
1991-12-11,0.351610,0.355179,0.346256,0.349825,84560000
1991-12-12,0.352502,0.355179,0.349825,0.352502,91750400
1991-12-13,0.355179,0.362319,0.355179,0.359642,95121600
1991-12-16,0.359642,0.362319,0.356965,0.360534,77190400
1991-12-17,0.360534,0.364104,0.358750,0.360534,97843200
1991-12-18,0.358750,0.371243,0.356965,0.369459,186603200
1991-12-19,0.365888,0.369459,0.362319,0.362319,115326400
1991-12-20,0.365888,0.367673,0.358750,0.358750,128184000
1991-12-23,0.360534,0.369459,0.356965,0.367673,103163200
1991-12-24,0.371243,0.383737,0.369459,0.373028,188563200
1991-12-26,0.376598,0.392661,0.373028,0.391768,134500800
1991-12-27,0.390876,0.398016,0.389091,0.392661,167742400
1991-12-30,0.392661,0.408725,0.392661,0.405154,183646400
1991-12-31,0.409617,0.414079,0.399800,0.402477,134030400
1992-01-02,0.398016,0.426572,0.396231,0.424788,233632000
1992-01-03,0.428357,0.430142,0.415863,0.421218,190254400
1992-01-06,0.419434,0.421218,0.412294,0.414079,114240000
1992-01-07,0.410509,0.424788,0.410509,0.422111,141467200
1992-01-08,0.417648,0.437281,0.417648,0.431927,232747200
1992-01-09,0.431927,0.444421,0.430142,0.444421,208510400
1992-01-10,0.439066,0.446206,0.435497,0.444421,196224000
1992-01-13,0.444421,0.447991,0.439066,0.442636,107856000
1992-01-14,0.444421,0.462269,0.444421,0.460484,273806400
1992-01-15,0.460484,0.464054,0.449775,0.453345,325740800
1992-01-16,0.455129,0.458700,0.446206,0.447990,293529600
1992-01-17,0.483687,0.492611,0.462269,0.462269,848355200
1992-01-20,0.460484,0.465838,0.456915,0.456915,209664000
1992-01-21,0.458700,0.458700,0.435497,0.436389,194084800
1992-01-22,0.439066,0.455129,0.437281,0.453345,183680000
1992-01-23,0.458700,0.462269,0.449775,0.460484,138353600
1992-01-24,0.460484,0.469409,0.456915,0.461377,177609600
1992-01-27,0.462269,0.465839,0.458700,0.460484,83451200
1992-01-28,0.462269,0.466731,0.449775,0.465838,173723200
1992-01-29,0.462269,0.469409,0.451560,0.451560,144558400
1992-01-30,0.453345,0.455130,0.447991,0.455130,87113600
1992-01-31,0.456915,0.465839,0.453345,0.462269,144558400
1992-02-03,0.462269,0.472978,0.460484,0.469409,158132800
1992-02-04,0.469409,0.472978,0.464054,0.469409,192931200
1992-02-05,0.472978,0.476548,0.464946,0.472086,161504000
1992-02-06,0.469409,0.471193,0.456915,0.457807,93139200
1992-02-07,0.458699,0.462269,0.447990,0.456915,147537600
1992-02-10,0.456915,0.458700,0.449775,0.450668,86441600
1992-02-11,0.449775,0.455130,0.444421,0.448883,122012800
1992-02-12,0.455129,0.467623,0.449775,0.465838,137961600
1992-02-13,0.465838,0.465838,0.455129,0.458699,76014400
1992-02-14,0.455981,0.459558,0.452405,0.458664,72587200
1992-02-18,0.459558,0.461346,0.448828,0.448828,68353600
1992-02-19,0.448829,0.450617,0.441676,0.443464,95670400
1992-02-20,0.447041,0.463134,0.445253,0.462240,130860800
1992-02-21,0.463134,0.468498,0.461346,0.464922,151580800
1992-02-24,0.473863,0.475651,0.470287,0.472969,171404800
1992-02-25,0.473863,0.489956,0.466710,0.489956,227214400
1992-02-26,0.488168,0.500685,0.488168,0.499791,229084800
1992-02-27,0.500685,0.500685,0.486380,0.489956,122169600
1992-02-28,0.489956,0.493532,0.479227,0.482804,90395200
1992-03-02,0.484592,0.489956,0.481015,0.481015,89252800
1992-03-03,0.484592,0.486380,0.473863,0.474757,99276800
1992-03-04,0.473863,0.477439,0.463134,0.464922,115371200
1992-03-05,0.461346,0.468498,0.450617,0.454193,236723200
1992-03-06,0.454192,0.457769,0.450616,0.457769,134288000
1992-03-09,0.455981,0.459558,0.454193,0.455981,108942400
1992-03-10,0.457770,0.463134,0.455981,0.455981,122696000
1992-03-11,0.455981,0.459558,0.450617,0.452405,131656000
1992-03-12,0.452405,0.455981,0.439887,0.448828,152902400
1992-03-13,0.452404,0.455981,0.443463,0.451510,79184000
1992-03-16,0.448828,0.454193,0.441675,0.453299,56291200
1992-03-17,0.454193,0.455981,0.448829,0.449723,85097600
1992-03-18,0.452405,0.457770,0.450617,0.455981,81032000
1992-03-19,0.455980,0.455980,0.448828,0.450616,118518400
1992-03-20,0.450617,0.452405,0.450617,0.452405,54163200
1992-03-23,0.450616,0.455980,0.450616,0.450616,50075200
1992-03-24,0.454193,0.464922,0.452405,0.464922,209417600
1992-03-25,0.464922,0.464922,0.459558,0.461346,121553600
1992-03-26,0.463133,0.466710,0.455980,0.457769,123020800
1992-03-27,0.456876,0.457770,0.432735,0.436311,264532800
1992-03-30,0.438100,0.438100,0.413065,0.415747,339035200
1992-03-31,0.416641,0.427371,0.414853,0.416641,212632000
1992-04-01,0.409489,0.423794,0.409489,0.422006,159656000
1992-04-02,0.422006,0.425582,0.417535,0.420218,133974400
1992-04-03,0.420218,0.423794,0.418429,0.422006,116457600
1992-04-06,0.422006,0.436311,0.422006,0.434523,101987200
1992-04-07,0.436311,0.438099,0.409489,0.409489,230216000
1992-04-08,0.407701,0.407701,0.391607,0.399654,367024000
1992-04-09,0.400548,0.416641,0.395184,0.409489,192136000
1992-04-10,0.409489,0.411277,0.393395,0.396972,274064000
1992-04-13,0.396972,0.405912,0.395184,0.404124,122830400
1992-04-14,0.413065,0.423794,0.409489,0.420218,144401600
1992-04-15,0.414853,0.435417,0.411277,0.432735,217358400
1992-04-16,0.430946,0.434523,0.418429,0.422006,258686400
1992-04-20,0.422006,0.422006,0.400548,0.405912,206046400
1992-04-21,0.407701,0.409489,0.400548,0.402336,180364800
1992-04-22,0.402336,0.414853,0.402336,0.412171,171528000
1992-04-23,0.411277,0.416641,0.400548,0.407701,182817600
1992-04-24,0.407701,0.416641,0.400548,0.404124,98280000
1992-04-27,0.400548,0.402336,0.393395,0.398760,140268800
1992-04-28,0.395184,0.398760,0.379090,0.388031,174126400
1992-04-29,0.388031,0.407701,0.388031,0.407701,198900800
1992-04-30,0.409489,0.430946,0.404124,0.430052,260265600
1992-05-01,0.429158,0.434523,0.416641,0.423794,134377600
1992-05-04,0.425582,0.438099,0.423794,0.432735,123233600
1992-05-05,0.432735,0.433629,0.425582,0.432735,180084800
1992-05-06,0.434523,0.444359,0.432735,0.441676,177990400
1992-05-07,0.439888,0.445252,0.432735,0.434523,172356800
1992-05-08,0.439888,0.449723,0.436311,0.443464,198699200
1992-05-11,0.443463,0.448828,0.439887,0.445252,90899200
1992-05-12,0.445252,0.450616,0.441675,0.445252,77044800
1992-05-13,0.447040,0.452405,0.445252,0.448828,97473600
1992-05-14,0.448829,0.450617,0.430946,0.438993,156923200
1992-05-15,0.436311,0.438099,0.432735,0.433629,121307200
1992-05-18,0.439888,0.439888,0.429158,0.431841,129091200
1992-05-19,0.434523,0.434523,0.422006,0.424688,131678400
1992-05-20,0.427370,0.430947,0.423794,0.429158,173208000
1992-05-21,0.430946,0.430946,0.420218,0.422900,137692800
1992-05-22,0.422006,0.427370,0.422006,0.425582,46468800
1992-05-26,0.425582,0.427370,0.420218,0.423794,95614400
1992-05-27,0.423794,0.430946,0.422006,0.430946,154089600
1992-05-28,0.429158,0.430946,0.422006,0.425582,127243200
1992-05-29,0.427370,0.433629,0.425582,0.427370,178248000
1992-06-01,0.410313,0.426438,0.401354,0.412104,248046400
1992-06-02,0.412104,0.412104,0.403145,0.404937,155680000
1992-06-03,0.404937,0.404937,0.387020,0.387916,300574400
1992-06-04,0.388811,0.392395,0.383436,0.390603,180152000
1992-06-05,0.392395,0.395979,0.388811,0.393291,112728000
1992-06-08,0.394186,0.394186,0.387020,0.388812,104339200
1992-06-09,0.388812,0.388812,0.383437,0.387020,101281600
1992-06-10,0.387020,0.392395,0.383437,0.385228,126604800
1992-06-11,0.385228,0.388811,0.383437,0.386124,140515200
1992-06-12,0.390603,0.394186,0.388811,0.391499,96510400
1992-06-15,0.387020,0.387020,0.376269,0.377165,189190400
1992-06-16,0.370894,0.372686,0.349393,0.352976,365355200
1992-06-17,0.351184,0.352976,0.336851,0.340434,304248000
1992-06-18,0.340434,0.351185,0.320725,0.324308,433720000
1992-06-19,0.329683,0.329683,0.313558,0.320725,427436800
1992-06-22,0.315349,0.320725,0.306390,0.317141,389939200
1992-06-23,0.322517,0.326100,0.318933,0.324308,311550400
1992-06-24,0.326100,0.329683,0.324308,0.329683,211064000
1992-06-25,0.333267,0.333267,0.324308,0.326996,160608000
1992-06-26,0.327892,0.329683,0.318933,0.324308,110364800
1992-06-29,0.327892,0.337747,0.324308,0.335059,188428800
1992-06-30,0.335059,0.345810,0.333267,0.344017,193345600
1992-07-01,0.344017,0.354768,0.342226,0.351185,143528000
1992-07-02,0.351185,0.351185,0.327892,0.331475,256648000
1992-07-06,0.333267,0.335059,0.326100,0.331475,122001600
1992-07-07,0.331475,0.331475,0.311766,0.317141,207088000
1992-07-08,0.315349,0.327892,0.315349,0.327892,195955200
1992-07-09,0.329683,0.333267,0.327892,0.328788,165793600
1992-07-10,0.329683,0.331475,0.321621,0.327892,143796800
1992-07-13,0.327892,0.337746,0.324308,0.336851,125563200
1992-07-14,0.336851,0.344017,0.336851,0.340434,125988800
1992-07-15,0.340434,0.351185,0.338642,0.344017,174462400
1992-07-16,0.342226,0.351185,0.338642,0.349393,139798400
1992-07-17,0.322517,0.329683,0.319829,0.322517,423640000
1992-07-20,0.320725,0.324308,0.315349,0.320725,192124800
1992-07-21,0.326100,0.331475,0.322517,0.327892,131947200
1992-07-22,0.324308,0.326100,0.315349,0.317141,161974400
1992-07-23,0.318932,0.320725,0.313558,0.320725,171516800
1992-07-24,0.318933,0.331475,0.315349,0.328788,134971200
1992-07-27,0.327892,0.333267,0.324308,0.324308,2396800
1992-07-28,0.326100,0.333267,0.324308,0.333267,134243200
1992-07-29,0.334163,0.342226,0.333267,0.338642,250768000
1992-07-30,0.338642,0.340434,0.335059,0.338642,137894400
1992-07-31,0.338642,0.340434,0.335059,0.335059,90708800
1992-08-03,0.335059,0.338642,0.326100,0.327892,68544000
1992-08-04,0.322517,0.327892,0.320725,0.326100,119716800
1992-08-05,0.326100,0.326100,0.318932,0.320725,139260800
1992-08-06,0.317141,0.318933,0.306390,0.315349,257969600
1992-08-07,0.301015,0.313558,0.297432,0.310870,219161600
1992-08-10,0.309974,0.318933,0.308183,0.316245,91448000
1992-08-11,0.318933,0.318933,0.308183,0.311766,121307200
1992-08-12,0.313558,0.317141,0.309974,0.316245,121385600
1992-08-13,0.318932,0.326100,0.317141,0.320725,170990400
1992-08-14,0.322517,0.324308,0.318932,0.320725,136102400
1992-08-17,0.317993,0.321587,0.314400,0.321587,128710400
1992-08-18,0.319790,0.325180,0.319790,0.321587,112313600
1992-08-19,0.320689,0.325180,0.319790,0.319790,170542400
1992-08-20,0.321587,0.323383,0.317993,0.321587,108908800
1992-08-21,0.321587,0.325180,0.316197,0.320689,109468800
1992-08-24,0.317993,0.321587,0.310807,0.310807,152174400
1992-08-25,0.310808,0.319790,0.310808,0.318892,132361600
1992-08-26,0.317993,0.319790,0.310807,0.317993,121060800
1992-08-27,0.321587,0.324282,0.317993,0.319790,82745600
1992-08-28,0.317993,0.325180,0.316197,0.323383,61241600
1992-08-31,0.323383,0.332366,0.321587,0.330569,121116800
1992-09-01,0.332366,0.334163,0.328773,0.334163,60289600
1992-09-02,0.334163,0.350332,0.334163,0.348536,189896000
1992-09-03,0.352128,0.353925,0.343145,0.343145,211859200
1992-09-04,0.346739,0.346739,0.335960,0.339552,63235200
1992-09-08,0.335960,0.344942,0.334163,0.343145,70000000
1992-09-09,0.344942,0.353925,0.343145,0.352129,157203200
1992-09-10,0.344942,0.355721,0.341349,0.353925,228177600
1992-09-11,0.352128,0.353925,0.341349,0.342247,179883200
1992-09-14,0.352128,0.359315,0.348536,0.355721,214681600
1992-09-15,0.353925,0.353925,0.343145,0.346739,218523200
1992-09-16,0.343145,0.346739,0.334163,0.337756,178718400
1992-09-17,0.339552,0.339552,0.326078,0.330569,172435200
1992-09-18,0.328773,0.336858,0.325180,0.334163,115606400
1992-09-21,0.335960,0.343145,0.332366,0.334163,89678400
1992-09-22,0.335959,0.335959,0.325180,0.328773,111540800
1992-09-23,0.330569,0.341349,0.326976,0.341349,123972800
1992-09-24,0.339552,0.343145,0.332366,0.332366,125652800
1992-09-25,0.332366,0.334163,0.325180,0.326976,137468800
1992-09-28,0.323383,0.323383,0.314400,0.321587,149520000
1992-09-29,0.319790,0.326977,0.316197,0.322485,157270400
1992-09-30,0.323383,0.326976,0.319790,0.324282,100049600
1992-10-01,0.321587,0.324282,0.317993,0.317993,122729600
1992-10-02,0.319790,0.321587,0.309011,0.314400,113545600
1992-10-05,0.310807,0.314400,0.298231,0.312604,264958400
1992-10-06,0.314400,0.323383,0.307214,0.321587,113444800
1992-10-07,0.323383,0.325180,0.312604,0.314400,113310400
1992-10-08,0.316197,0.317993,0.309011,0.312604,126974400
1992-10-09,0.312604,0.316197,0.309011,0.311706,58744000
1992-10-12,0.310807,0.317993,0.310807,0.316197,71635200
1992-10-13,0.321587,0.330569,0.316197,0.326078,147179200
1992-10-14,0.325180,0.332366,0.323383,0.330569,95726400
1992-10-15,0.328773,0.330569,0.325180,0.326976,75420800
1992-10-16,0.335960,0.355721,0.334163,0.352129,451348800
1992-10-19,0.352129,0.353925,0.348536,0.352129,196044800
1992-10-20,0.352128,0.359315,0.348535,0.353027,287246400
1992-10-21,0.353925,0.355721,0.344942,0.348536,114251200
1992-10-22,0.348535,0.353925,0.346739,0.350332,84470400
1992-10-23,0.353925,0.355721,0.346739,0.350332,91425600
1992-10-26,0.350332,0.370094,0.348536,0.370094,250689600
1992-10-27,0.370094,0.377281,0.366501,0.370094,211960000
1992-10-28,0.368297,0.379077,0.364704,0.375484,196593600
1992-10-29,0.375484,0.388060,0.370094,0.382670,213897600
1992-10-30,0.384467,0.384467,0.373688,0.377280,129830400
1992-11-02,0.377280,0.379077,0.371891,0.375484,170094400
1992-11-03,0.377281,0.377281,0.370094,0.373688,112750400
1992-11-04,0.373688,0.379077,0.373688,0.377280,141960000
1992-11-05,0.377280,0.395246,0.377280,0.395246,298054400
1992-11-06,0.393449,0.406025,0.393449,0.400636,263972800
1992-11-09,0.402433,0.402433,0.393449,0.397043,112929600
1992-11-10,0.395246,0.406025,0.393449,0.404229,122225600
1992-11-11,0.406025,0.418601,0.404229,0.407822,140425600
1992-11-12,0.409619,0.413212,0.405127,0.408721,107598400
1992-11-13,0.409619,0.411416,0.402432,0.404229,84750400
1992-11-16,0.404229,0.415009,0.402433,0.412314,67547200
1992-11-17,0.411416,0.413212,0.394348,0.397043,168806400
1992-11-18,0.402432,0.418601,0.398840,0.415008,304808000
1992-11-19,0.415009,0.427585,0.415009,0.418602,240542400
1992-11-20,0.420398,0.422195,0.409619,0.413212,155489600
1992-11-23,0.406025,0.409619,0.404229,0.407822,152723200
1992-11-24,0.409619,0.413212,0.406025,0.413212,156822400
1992-11-25,0.409619,0.411416,0.402432,0.406025,117342400
1992-11-27,0.406025,0.411416,0.404229,0.406025,47196800
1992-11-30,0.405089,0.414091,0.400588,0.414091,160507200
1992-12-01,0.412291,0.424894,0.408690,0.419492,130144000
1992-12-02,0.419492,0.421292,0.410491,0.412291,97776000
1992-12-03,0.406889,0.414991,0.404189,0.414091,187588800
1992-12-04,0.412291,0.414091,0.406889,0.409590,95782400
1992-12-07,0.408689,0.415891,0.408689,0.415891,144222400
1992-12-08,0.415891,0.423093,0.415891,0.418592,196638400
1992-12-09,0.415892,0.417692,0.412291,0.414991,159409600
1992-12-10,0.412291,0.414991,0.406889,0.412291,140190400
1992-12-11,0.412291,0.419492,0.412291,0.414091,120187200
1992-12-14,0.414091,0.415892,0.408690,0.412291,110510400
1992-12-15,0.408690,0.410491,0.399688,0.405989,182537600
1992-12-16,0.405089,0.410491,0.392486,0.396087,225926400
1992-12-17,0.397888,0.414091,0.397888,0.409590,233867200
1992-12-18,0.414091,0.426694,0.412291,0.419492,235457600
1992-12-21,0.419492,0.432095,0.417692,0.429394,256065600
1992-12-22,0.430295,0.441097,0.430295,0.436596,280168000
1992-12-23,0.433895,0.435696,0.426694,0.430294,112336000
1992-12-24,0.432095,0.432095,0.424894,0.424894,45964800
1992-12-28,0.426694,0.430295,0.426694,0.428494,70448000
1992-12-29,0.428494,0.437497,0.428494,0.429394,116278400
1992-12-30,0.430295,0.430295,0.423093,0.423093,100587200
1992-12-31,0.423093,0.432095,0.423093,0.430294,92232000
1993-01-04,0.428494,0.432095,0.415891,0.419492,129136000
1993-01-05,0.417692,0.426694,0.412291,0.426694,186256000
1993-01-06,0.437496,0.446498,0.435696,0.444697,281400000
1993-01-07,0.444697,0.450099,0.436596,0.439297,272137600
1993-01-08,0.437497,0.453700,0.430295,0.448299,320936000
1993-01-11,0.446498,0.463602,0.444698,0.461802,273728000
1993-01-12,0.451900,0.459101,0.442897,0.442897,346158400
1993-01-13,0.442897,0.460902,0.441097,0.457300,199640000
1993-01-14,0.460902,0.469903,0.459100,0.468103,367808000
1993-01-15,0.439297,0.448299,0.432095,0.433895,902630400
1993-01-18,0.428494,0.432095,0.417692,0.428494,333636800
1993-01-19,0.430294,0.435696,0.426694,0.430294,274041600
1993-01-20,0.430295,0.433895,0.428494,0.432095,158737600
1993-01-21,0.430295,0.433895,0.423093,0.432095,184419200
1993-01-22,0.433895,0.433895,0.424894,0.428494,146944000
1993-01-25,0.426694,0.435696,0.426694,0.432095,202272000
1993-01-26,0.435696,0.446498,0.435696,0.437496,285622400
1993-01-27,0.439297,0.444698,0.423093,0.433895,226620800
1993-01-28,0.432095,0.433895,0.426694,0.431195,184038400
1993-01-29,0.433895,0.441097,0.424894,0.428494,266100800
1993-02-01,0.426694,0.441097,0.426694,0.441097,240553600
1993-02-02,0.437496,0.442897,0.433895,0.433895,182336000
1993-02-03,0.439297,0.439297,0.421292,0.432095,264185600
1993-02-04,0.432095,0.433895,0.424894,0.428494,208152000
1993-02-05,0.426694,0.428494,0.405089,0.412291,367617600
1993-02-08,0.410491,0.414091,0.399688,0.406889,281075200
1993-02-09,0.410491,0.413191,0.406889,0.409590,238660800
1993-02-10,0.410491,0.412291,0.396087,0.401488,268284800
1993-02-11,0.401489,0.405089,0.396087,0.396988,168268800
1993-02-12,0.396950,0.400560,0.387929,0.388832,275396800
1993-02-16,0.386125,0.386125,0.371690,0.382516,407736000
1993-02-17,0.384320,0.389734,0.375299,0.388832,249580800
1993-02-18,0.396951,0.398756,0.386125,0.396951,280123200
1993-02-19,0.398756,0.400560,0.395146,0.396951,177800000
1993-02-22,0.396950,0.404168,0.395146,0.397853,98761600
1993-02-23,0.396950,0.398755,0.389734,0.391538,194073600
1993-02-24,0.376201,0.388832,0.376201,0.387027,286563200
1993-02-25,0.384320,0.395146,0.384320,0.395146,167227200
1993-02-26,0.391538,0.391538,0.377104,0.382516,294884800
1993-03-01,0.382516,0.386125,0.380712,0.384320,119302400
1993-03-02,0.382516,0.393342,0.382516,0.391538,147694400
1993-03-03,0.389734,0.396951,0.384320,0.394244,202697600
1993-03-04,0.393342,0.398756,0.386125,0.396951,188339200
1993-03-05,0.395146,0.402364,0.395146,0.396951,111619200
1993-03-08,0.396950,0.409581,0.396950,0.407777,177004800
1993-03-09,0.407777,0.414994,0.407777,0.409581,154828800
1993-03-10,0.409581,0.413190,0.404168,0.409581,132496000
1993-03-11,0.411386,0.413190,0.405972,0.410484,144614400
1993-03-12,0.409581,0.409581,0.400560,0.405972,126694400
1993-03-15,0.404168,0.413190,0.399658,0.411386,136035200
1993-03-16,0.413190,0.416798,0.407777,0.407777,101281600
1993-03-17,0.407777,0.411386,0.396950,0.397853,176220800
1993-03-18,0.396951,0.401462,0.393342,0.393342,106187200
1993-03-19,0.396951,0.398756,0.386125,0.387929,154100800
1993-03-22,0.386125,0.388832,0.380712,0.384320,165200000
1993-03-23,0.384320,0.389734,0.379810,0.380712,102536000
1993-03-24,0.380712,0.391538,0.378908,0.387929,143068800
1993-03-25,0.387930,0.395146,0.386125,0.395146,171046400
1993-03-26,0.395146,0.395146,0.378908,0.384320,151760000
1993-03-29,0.377103,0.378908,0.366277,0.368082,261710400
1993-03-30,0.368984,0.377103,0.362669,0.377103,264051200
1993-03-31,0.378908,0.380712,0.369886,0.371690,223036800
1993-04-01,0.369886,0.375299,0.368082,0.373495,108203200
1993-04-02,0.364473,0.369886,0.357256,0.361767,253792000
1993-04-05,0.360865,0.364473,0.357255,0.360865,149172800
1993-04-06,0.360865,0.362669,0.351843,0.351843,168369600
1993-04-07,0.353647,0.366278,0.350039,0.364473,162848000
1993-04-08,0.360865,0.364473,0.353647,0.359060,163430400
1993-04-12,0.357255,0.368082,0.357255,0.360865,93049600
1993-04-13,0.364473,0.369886,0.348235,0.350039,164483200
1993-04-14,0.348235,0.351843,0.343723,0.351843,170060800
1993-04-15,0.348235,0.348235,0.337409,0.341017,218702400
1993-04-16,0.348235,0.351843,0.341919,0.347332,686795200
1993-04-19,0.350039,0.357256,0.348235,0.350039,227864000
1993-04-20,0.351843,0.362669,0.348234,0.360865,240049600
1993-04-21,0.362669,0.366277,0.355451,0.358158,205273600
1993-04-22,0.355451,0.364473,0.353647,0.360865,157673600
1993-04-23,0.359060,0.362669,0.351843,0.355451,134142400
1993-04-26,0.355451,0.359060,0.350039,0.353647,102804800
1993-04-27,0.351843,0.362669,0.351843,0.362669,129673600
1993-04-28,0.359060,0.375299,0.359060,0.370788,163240000
1993-04-29,0.371690,0.373495,0.361767,0.366277,82443200
1993-04-30,0.366277,0.378908,0.366277,0.369886,132339200
1993-05-03,0.369886,0.375299,0.368082,0.374397,65184000
1993-05-04,0.377104,0.391538,0.375299,0.385223,170822400
1993-05-05,0.382516,0.400560,0.382516,0.393342,253064000
1993-05-06,0.393342,0.395146,0.386125,0.387929,70459200
1993-05-07,0.386125,0.395146,0.386125,0.395146,81894400
1993-05-10,0.396951,0.403266,0.396951,0.396951,137928000
1993-05-11,0.396951,0.398756,0.389734,0.393342,158379200
1993-05-12,0.391538,0.395146,0.382516,0.384320,105224000
1993-05-13,0.386125,0.402364,0.386125,0.400560,361726400
1993-05-14,0.398756,0.404168,0.396951,0.400560,117409600
1993-05-17,0.400560,0.404168,0.396951,0.402364,69641600
1993-05-18,0.400560,0.405972,0.396951,0.400560,163475200
1993-05-19,0.395147,0.414994,0.393342,0.413190,172771200
1993-05-20,0.413190,0.425820,0.413190,0.424016,290528000
1993-05-21,0.424016,0.426722,0.409581,0.414994,148198400
1993-05-24,0.409581,0.424016,0.409581,0.415896,150315200
1993-05-25,0.409581,0.414994,0.402364,0.406874,180723200
1993-05-26,0.404168,0.416798,0.399658,0.416798,121564800
1993-05-27,0.416798,0.422211,0.413190,0.414994,197288000
1993-05-28,0.412246,0.415862,0.406821,0.409533,183948800
1993-06-01,0.408629,0.417670,0.408629,0.412246,135072000
1993-06-02,0.410437,0.421286,0.405013,0.412246,200480000
1993-06-03,0.412246,0.414054,0.405013,0.407725,156856000
1993-06-04,0.403205,0.406821,0.394164,0.396876,213684800
1993-06-07,0.394164,0.395972,0.364331,0.367043,482305600
1993-06-08,0.352578,0.361619,0.347154,0.358002,621096000
1993-06-09,0.325457,0.329977,0.318224,0.320032,1178419200
1993-06-10,0.314609,0.323649,0.309184,0.321840,553705600
1993-06-11,0.325457,0.327265,0.313705,0.316416,242323200
1993-06-14,0.318224,0.323649,0.314608,0.322745,249491200
1993-06-15,0.327265,0.327265,0.302856,0.303760,448324800
1993-06-16,0.305568,0.312801,0.300144,0.305568,353080000
1993-06-17,0.307376,0.307376,0.292911,0.298336,409438400
1993-06-18,0.301048,0.304664,0.287487,0.296527,311292800
1993-06-21,0.292911,0.292911,0.285679,0.286583,273582400
1993-06-22,0.295623,0.303760,0.287487,0.299240,336380800
1993-06-23,0.301952,0.301952,0.289295,0.292911,180723200
1993-06-24,0.292911,0.301952,0.289295,0.301952,222835200
1993-06-25,0.292007,0.294719,0.285679,0.289295,257163200
1993-06-28,0.292911,0.292911,0.280254,0.290199,353617600
1993-06-29,0.291103,0.291103,0.278446,0.282062,294268800
1993-06-30,0.280254,0.287487,0.278446,0.285679,200256000
1993-07-01,0.282062,0.287487,0.274830,0.274830,218164800
1993-07-02,0.276639,0.280254,0.273023,0.278446,191632000
1993-07-06,0.276638,0.282062,0.271214,0.273023,155254400
1993-07-07,0.271214,0.273927,0.262174,0.263982,227035200
1993-07-08,0.263982,0.271214,0.262174,0.263982,138969600
1993-07-09,0.267598,0.269406,0.263982,0.265790,156878400
1993-07-12,0.265790,0.275734,0.262174,0.274830,173880000
1993-07-13,0.280254,0.280254,0.267598,0.269406,158110400
1993-07-14,0.265790,0.271214,0.258557,0.269406,246299200
1993-07-15,0.269406,0.273023,0.254941,0.258557,338038400
1993-07-16,0.206122,0.214259,0.191658,0.198891,2120596800
1993-07-19,0.202507,0.207931,0.184426,0.185330,806232000
1993-07-20,0.189850,0.200699,0.186234,0.194370,531910400
1993-07-21,0.188042,0.193466,0.184426,0.189850,455907200
1993-07-22,0.188042,0.195274,0.186234,0.191658,211176000
1993-07-23,0.195274,0.198891,0.188042,0.189850,233777600
1993-07-26,0.193466,0.198891,0.188042,0.194370,152824000
1993-07-27,0.193466,0.198891,0.189850,0.191658,198609600
1993-07-28,0.189850,0.195274,0.189850,0.194370,91795200
1993-07-29,0.195274,0.198891,0.193466,0.197083,121374400
1993-07-30,0.198891,0.204314,0.195274,0.200699,214446400
1993-08-02,0.204314,0.211547,0.202506,0.206122,216305600
1993-08-03,0.209739,0.211547,0.207930,0.209739,176478400
1993-08-04,0.211547,0.220587,0.209739,0.218779,242995200
1993-08-05,0.222396,0.222396,0.209739,0.213355,209372800
1993-08-06,0.211547,0.218779,0.211547,0.211547,125921600
1993-08-09,0.211547,0.218779,0.209739,0.215163,161414400
1993-08-10,0.213355,0.215163,0.204314,0.206122,152779200
1993-08-11,0.206122,0.206122,0.195274,0.198891,166969600
1993-08-12,0.198891,0.200699,0.188042,0.191658,338172800
1993-08-13,0.191658,0.200699,0.189850,0.197987,138812800
1993-08-16,0.199766,0.203398,0.197950,0.199766,102446400
1993-08-17,0.201582,0.207030,0.197950,0.206122,108180800
1993-08-18,0.210662,0.216110,0.205214,0.207030,188720000
1993-08-19,0.208846,0.208846,0.199766,0.199766,152129600
1993-08-20,0.201582,0.203398,0.196133,0.203398,99937600
1993-08-23,0.203398,0.208846,0.199766,0.206122,91179200
1993-08-24,0.205214,0.208846,0.201582,0.203398,101259200
1993-08-25,0.203398,0.205214,0.194317,0.197950,145768000
1993-08-26,0.197950,0.197950,0.192501,0.195225,176142400
1993-08-27,0.196133,0.196133,0.190685,0.192501,186569600
1993-08-30,0.192501,0.192501,0.187962,0.188869,273739200
1993-08-31,0.192501,0.194317,0.188870,0.192501,127870400
1993-09-01,0.192501,0.194317,0.187054,0.189777,225568000
1993-09-02,0.188870,0.190685,0.183421,0.187054,282262400
1993-09-03,0.188870,0.188870,0.183421,0.187054,162937600
1993-09-07,0.188869,0.196133,0.187054,0.190685,143539200
1993-09-08,0.190685,0.196133,0.188869,0.194317,226632000
1993-09-09,0.194317,0.196133,0.188869,0.188869,149531200
1993-09-10,0.190685,0.190685,0.184330,0.190685,134489600
1993-09-13,0.190685,0.192501,0.179789,0.183421,255785600
1993-09-14,0.176157,0.181605,0.174341,0.176157,276640000
1993-09-15,0.177973,0.181605,0.170709,0.177973,257723200
1993-09-16,0.176157,0.181605,0.176157,0.179789,85960000
1993-09-17,0.177065,0.185238,0.176157,0.183421,172032000
1993-09-20,0.183421,0.185238,0.179789,0.180697,111036800
1993-09-21,0.179789,0.183421,0.173433,0.177973,146496000
1993-09-22,0.176157,0.185238,0.176157,0.185238,110488000
1993-09-23,0.185238,0.185238,0.177973,0.179789,130950400
1993-09-24,0.181605,0.183421,0.177973,0.181605,76574400
1993-09-27,0.181605,0.183421,0.176157,0.179789,113176000
1993-09-28,0.179789,0.181605,0.176157,0.179789,94550400
1993-09-29,0.176157,0.180697,0.172525,0.173433,236745600
1993-09-30,0.174341,0.174341,0.167077,0.169801,274904000
1993-10-01,0.165261,0.167077,0.163445,0.165261,335988800
1993-10-04,0.164353,0.167077,0.159813,0.165261,192841600
1993-10-05,0.167077,0.174341,0.167077,0.170709,176310400
1993-10-06,0.172525,0.174341,0.169801,0.171617,175280000
1993-10-07,0.170709,0.172525,0.165261,0.167077,134904000
1993-10-08,0.168893,0.168893,0.161629,0.164353,139406400
1993-10-11,0.165261,0.174341,0.165261,0.172525,161145600
1993-10-12,0.174341,0.181605,0.172525,0.174341,306342400
1993-10-13,0.176157,0.176157,0.170709,0.174341,177004800
1993-10-14,0.174341,0.177973,0.170708,0.172525,160686400
1993-10-15,0.201582,0.207030,0.194317,0.205214,955248000
1993-10-18,0.203398,0.208846,0.201582,0.206122,332998400
1993-10-19,0.205214,0.207030,0.197950,0.201582,213572800
1993-10-20,0.203398,0.205214,0.197950,0.201582,138409600
1993-10-21,0.199766,0.227007,0.197950,0.219742,627110400
1993-10-22,0.221558,0.228822,0.216110,0.219742,396076800
1993-10-25,0.219742,0.221558,0.215202,0.217926,219128000
1993-10-26,0.216110,0.217926,0.210662,0.216110,222476800
1993-10-27,0.217926,0.234270,0.216110,0.230638,459065600
1993-10-28,0.230638,0.234270,0.225191,0.225191,244462400
1993-10-29,0.225191,0.230639,0.221558,0.223375,136864000
1993-11-01,0.223375,0.228823,0.219742,0.228823,105974400
1993-11-02,0.227007,0.239719,0.225191,0.237903,224246400
1993-11-03,0.239719,0.239719,0.225191,0.229731,176960000
1993-11-04,0.228823,0.234270,0.223375,0.234270,185371200
1993-11-05,0.231546,0.234270,0.223375,0.231546,378033600
1993-11-08,0.232454,0.233362,0.221558,0.223375,166992000
1993-11-09,0.225191,0.227007,0.216110,0.218834,171248000
1993-11-10,0.219742,0.223375,0.217926,0.223375,76977600
1993-11-11,0.223375,0.232454,0.221558,0.227914,142430400
1993-11-12,0.228823,0.232454,0.221558,0.230638,143662400
1993-11-15,0.228822,0.237903,0.228822,0.232454,157102400
1993-11-16,0.232454,0.248799,0.230638,0.246983,303083200
1993-11-17,0.246983,0.254247,0.237903,0.243351,302624000
1993-11-18,0.243351,0.245167,0.239719,0.243351,114408000
1993-11-19,0.240580,0.244225,0.236936,0.240580,122964800
1993-11-22,0.238758,0.240580,0.235112,0.236935,150606400
1993-11-23,0.236936,0.240580,0.227822,0.240580,186166400
1993-11-24,0.238758,0.244225,0.237847,0.240580,90440000
1993-11-26,0.238758,0.240580,0.235112,0.237847,43444800
1993-11-29,0.235112,0.236935,0.229645,0.231467,96712000
1993-11-30,0.231467,0.237847,0.229645,0.229645,112660800
1993-12-01,0.233290,0.235112,0.227822,0.229645,111216000
1993-12-02,0.231467,0.233290,0.226000,0.231467,100654400
1993-12-03,0.231467,0.233290,0.226000,0.229645,120467200
1993-12-06,0.229645,0.236935,0.227822,0.235112,156979200
1993-12-07,0.233290,0.235112,0.229645,0.235112,63851200
1993-12-08,0.233290,0.235112,0.229645,0.232379,39592000
1993-12-09,0.231467,0.233290,0.216887,0.218709,182761600
1993-12-10,0.220532,0.222354,0.202306,0.205951,497257600
1993-12-13,0.205951,0.215064,0.202306,0.215064,244328000
1993-12-14,0.213242,0.216887,0.211419,0.212331,293664000
1993-12-15,0.211419,0.216887,0.211419,0.216887,123883200
1993-12-16,0.215064,0.216887,0.211419,0.214153,126369600
1993-12-17,0.215064,0.216887,0.212331,0.215064,145152000
1993-12-20,0.213242,0.216887,0.205951,0.207774,189033600
1993-12-21,0.207774,0.209596,0.198661,0.200484,251126400
1993-12-22,0.198661,0.207774,0.196838,0.204129,181372800
1993-12-23,0.198661,0.198661,0.193193,0.198661,226956800
1993-12-27,0.202306,0.209596,0.198661,0.207774,159936000
1993-12-28,0.209596,0.215064,0.207774,0.212331,159499200
1993-12-29,0.213242,0.213242,0.207774,0.207774,107352000
1993-12-30,0.207774,0.220532,0.207774,0.216887,314552000
1993-12-31,0.216887,0.220532,0.213242,0.213242,160966400
1994-01-03,0.215064,0.218709,0.211419,0.217798,181529600
1994-01-04,0.220532,0.229645,0.218709,0.229645,285174400
1994-01-05,0.231467,0.246959,0.231467,0.246048,612136000
1994-01-06,0.246048,0.247870,0.236935,0.238758,366508800
1994-01-07,0.233290,0.242403,0.227822,0.241492,298793600
1994-01-10,0.240580,0.246959,0.238758,0.245137,201588800
1994-01-11,0.244225,0.246048,0.231467,0.232379,355398400
1994-01-12,0.235112,0.235112,0.222354,0.222354,439118400
1994-01-13,0.218709,0.224177,0.216887,0.223266,531596800
1994-01-14,0.224177,0.231467,0.222354,0.226000,214513600
1994-01-17,0.226000,0.229645,0.218709,0.221443,145712000
1994-01-18,0.220532,0.220532,0.211419,0.214153,362801600
1994-01-19,0.213242,0.216887,0.209596,0.213242,281590400
1994-01-20,0.215064,0.224177,0.215064,0.217798,268083200
1994-01-21,0.242403,0.244225,0.235112,0.243314,980134400
1994-01-24,0.242403,0.256983,0.242403,0.255161,692148800
1994-01-25,0.253339,0.255161,0.242403,0.246959,442332800
1994-01-26,0.246048,0.247870,0.242403,0.244225,165804800
1994-01-27,0.244225,0.249694,0.240580,0.248782,132249600
1994-01-28,0.249693,0.253338,0.246048,0.247870,136438400
1994-01-31,0.244225,0.246048,0.238758,0.238758,238380800
1994-02-01,0.240580,0.244225,0.235112,0.242403,156721600
1994-02-02,0.242403,0.242403,0.236936,0.240580,146451200
1994-02-03,0.240580,0.245136,0.236935,0.244225,137995200
1994-02-04,0.244225,0.255161,0.242403,0.244225,354009600
1994-02-07,0.245103,0.271625,0.245103,0.267053,725446400
1994-02-08,0.263395,0.267053,0.257907,0.261565,285387200
1994-02-09,0.261565,0.267053,0.257907,0.265224,186984000
1994-02-10,0.265224,0.274369,0.263395,0.267053,302030400
1994-02-11,0.265224,0.274369,0.265224,0.270711,164248000
1994-02-14,0.270711,0.278027,0.268882,0.270711,245548800
1994-02-15,0.268882,0.274369,0.265224,0.271625,129774400
1994-02-16,0.274369,0.274369,0.268882,0.268882,122024000
1994-02-17,0.272540,0.277113,0.265224,0.270711,145152000
1994-02-18,0.267053,0.270711,0.265224,0.265224,149072000
1994-02-22,0.265224,0.274369,0.261565,0.272540,214569600
1994-02-23,0.272540,0.279857,0.270711,0.272540,260534400
1994-02-24,0.270711,0.272540,0.265224,0.267967,197859200
1994-02-25,0.270711,0.272540,0.259736,0.263395,236824000
1994-02-28,0.265224,0.270711,0.263395,0.267053,123827200
1994-03-01,0.268882,0.268882,0.261565,0.265224,211870400
1994-03-02,0.257907,0.265224,0.254249,0.260650,294145600
1994-03-03,0.261565,0.265224,0.259736,0.261565,188473600
1994-03-04,0.263395,0.274369,0.261565,0.268882,226844800
1994-03-07,0.270711,0.278942,0.268882,0.277113,310396800
1994-03-08,0.278027,0.278027,0.268882,0.270711,186054400
1994-03-09,0.267967,0.274369,0.263395,0.274369,248539200
1994-03-10,0.272540,0.275284,0.268882,0.272540,143763200
1994-03-11,0.270711,0.276199,0.268882,0.272540,161840000
1994-03-14,0.281686,0.281686,0.276199,0.278942,441705600
1994-03-15,0.279857,0.279857,0.272540,0.275284,204545600
1994-03-16,0.274369,0.276199,0.267053,0.268882,147168000
1994-03-17,0.268882,0.270711,0.265224,0.267053,156228800
1994-03-18,0.268882,0.268882,0.261565,0.266138,223675200
1994-03-21,0.266138,0.267053,0.257907,0.259736,246512000
1994-03-22,0.257907,0.259736,0.252420,0.256078,242827200
1994-03-23,0.257907,0.259736,0.250591,0.256992,216686400
1994-03-24,0.256992,0.257907,0.248761,0.253334,188092800
1994-03-25,0.254249,0.254249,0.239616,0.239616,343638400
1994-03-28,0.241445,0.248761,0.239616,0.243274,282576000
1994-03-29,0.243274,0.246932,0.235957,0.239616,213516800
1994-03-30,0.237787,0.243274,0.232299,0.237787,169825600
1994-03-31,0.237787,0.245103,0.230470,0.243274,209059200
1994-04-04,0.235957,0.243274,0.232299,0.243274,168302400
1994-04-05,0.246932,0.250591,0.245103,0.245103,97899200
1994-04-06,0.248761,0.248761,0.239616,0.245103,129091200
1994-04-07,0.245103,0.246932,0.239616,0.244188,77369600
1994-04-08,0.246932,0.248761,0.243274,0.245103,176848000
1994-04-11,0.245103,0.245103,0.237787,0.245103,106825600
1994-04-12,0.244188,0.244188,0.232299,0.234128,136830400
1994-04-13,0.235957,0.237787,0.228641,0.232299,233139200
1994-04-14,0.223153,0.232299,0.219495,0.230470,221995200
1994-04-15,0.228641,0.230470,0.219495,0.221324,188350400
1994-04-18,0.223153,0.223153,0.214008,0.216752,230294400
1994-04-19,0.217666,0.219495,0.208520,0.212179,166252800
1994-04-20,0.214008,0.219495,0.204862,0.206691,281848000
1994-04-21,0.208520,0.223153,0.197545,0.216752,410536000
1994-04-22,0.228641,0.234128,0.208520,0.217666,697827200
1994-04-25,0.217666,0.226812,0.215837,0.226812,359240000
1994-04-26,0.230470,0.230470,0.226812,0.228641,164225600
1994-04-28,0.226812,0.228641,0.217666,0.221324,100475200
1994-04-29,0.219495,0.223153,0.217666,0.219495,94785600
1994-05-02,0.219495,0.228641,0.219495,0.226812,123222400
1994-05-03,0.226812,0.228641,0.215837,0.221324,132899200
1994-05-04,0.226812,0.243274,0.223153,0.241445,364156800
1994-05-05,0.243274,0.246932,0.235957,0.240530,288332800
1994-05-06,0.235957,0.239616,0.228641,0.236414,187779200
1994-05-09,0.235957,0.237787,0.224983,0.228641,140470400
1994-05-10,0.232299,0.234128,0.226812,0.226812,146843200
1994-05-11,0.226812,0.230470,0.217666,0.221324,145521600
1994-05-12,0.223153,0.224983,0.215837,0.217209,107105600
1994-05-13,0.217666,0.223153,0.214008,0.219495,92612800
1994-05-16,0.219495,0.223153,0.215837,0.215837,135385600
1994-05-17,0.217666,0.217666,0.210349,0.214923,180107200
1994-05-18,0.217666,0.224983,0.214008,0.224068,123860800
1994-05-19,0.224983,0.237787,0.223153,0.235043,273582400
1994-05-20,0.232299,0.235957,0.226812,0.227269,98145600
1994-05-23,0.226812,0.228641,0.219495,0.223153,119952000
1994-05-24,0.226812,0.228641,0.221324,0.224983,126448000
1994-05-25,0.221324,0.232299,0.219495,0.228641,136113600
1994-05-26,0.230470,0.230470,0.221324,0.223153,73035200
1994-05-27,0.222198,0.225871,0.216689,0.219903,108684800
1994-05-31,0.216689,0.216689,0.209344,0.214853,257398400
1994-06-01,0.209344,0.210262,0.204753,0.207507,385761600
1994-06-02,0.208425,0.209344,0.199244,0.201081,384921600
1994-06-03,0.199244,0.205671,0.196489,0.202917,353684800
1994-06-06,0.201999,0.203835,0.198325,0.201081,126033600
1994-06-07,0.200162,0.203835,0.200162,0.201999,140246400
1994-06-08,0.201999,0.202917,0.190980,0.191899,274164800
1994-06-09,0.188226,0.198325,0.187308,0.198325,293529600
1994-06-10,0.199244,0.201081,0.193735,0.194653,142732800
1994-06-13,0.193735,0.199703,0.193735,0.198325,92904000
1994-06-14,0.200162,0.201081,0.195571,0.198784,154358400
1994-06-15,0.198325,0.205671,0.197407,0.204294,159476800
1994-06-16,0.203835,0.203835,0.191899,0.193735,218220800
1994-06-17,0.190980,0.196489,0.190062,0.194653,224492800
1994-06-20,0.192817,0.200162,0.190980,0.199244,199897600
1994-06-21,0.197407,0.200162,0.189144,0.190980,243275200
1994-06-22,0.192817,0.196489,0.190980,0.192817,113859200
1994-06-23,0.192817,0.192817,0.182717,0.184553,203896000
1994-06-24,0.184553,0.191899,0.181798,0.188111,292857600
1994-06-27,0.185471,0.192817,0.180880,0.192817,255953600
1994-06-28,0.192817,0.199244,0.188226,0.196489,174227200
1994-06-29,0.196489,0.199244,0.190062,0.191899,135564800
1994-06-30,0.192817,0.197407,0.192817,0.194653,101729600
1994-07-01,0.193735,0.194653,0.186390,0.189144,179278400
1994-07-05,0.188226,0.196489,0.188226,0.194653,85848000
1994-07-06,0.192817,0.194653,0.190980,0.191899,97384000
1994-07-07,0.190062,0.198325,0.187308,0.196948,170150400
1994-07-08,0.194653,0.202917,0.194653,0.198784,208230400
1994-07-11,0.199244,0.201080,0.195571,0.198325,106422400
1994-07-12,0.198325,0.208885,0.193735,0.208425,242312000
1994-07-13,0.209344,0.222198,0.209344,0.218066,450262400
1994-07-14,0.217607,0.218526,0.207507,0.210262,180667200
1994-07-15,0.207393,0.210262,0.201999,0.207507,94964800
1994-07-18,0.206589,0.213017,0.205671,0.208425,76428800
1994-07-19,0.210262,0.211180,0.201081,0.203376,116368000
1994-07-20,0.201081,0.202917,0.193735,0.195571,217369600
1994-07-21,0.195571,0.209344,0.194653,0.205671,289475200
1994-07-22,0.232298,0.234823,0.220362,0.227708,786576000
1994-07-25,0.228626,0.234134,0.225871,0.232757,422654400
1994-07-26,0.233216,0.235052,0.228626,0.230462,188809600
1994-07-27,0.229544,0.230462,0.224953,0.228167,133784000
1994-07-28,0.227708,0.235971,0.226789,0.234134,245313600
1994-07-29,0.234134,0.249743,0.234134,0.247448,555766400
1994-08-01,0.246989,0.247907,0.240562,0.245152,229275200
1994-08-02,0.246071,0.246989,0.237808,0.239185,269561600
1994-08-03,0.240562,0.244234,0.235971,0.243316,226844800
1994-08-04,0.243316,0.247907,0.243316,0.244234,184755200
1994-08-05,0.241480,0.245152,0.241480,0.244234,87012800
1994-08-08,0.243316,0.249743,0.242398,0.247907,141276800
1994-08-09,0.246071,0.248825,0.243316,0.246989,78601600
1994-08-10,0.246989,0.256171,0.244234,0.254335,253568000
1994-08-11,0.251580,0.258007,0.248825,0.252039,298088000
1994-08-12,0.252498,0.258007,0.248825,0.255253,179648000
1994-08-15,0.256137,0.257979,0.252452,0.255215,120075200
1994-08-16,0.253373,0.256137,0.250608,0.256137,155736000
1994-08-17,0.257058,0.260743,0.255215,0.257979,286182400
1994-08-18,0.256137,0.259822,0.254294,0.255215,206259200
1994-08-19,0.256137,0.257979,0.252452,0.257058,130547200
1994-08-22,0.256137,0.257979,0.255216,0.257058,152420800
1994-08-23,0.257058,0.264429,0.256137,0.257979,214446400
1994-08-24,0.256137,0.257979,0.253373,0.257058,171584000
1994-08-25,0.252452,0.268114,0.252452,0.258440,298793600
1994-08-26,0.259822,0.266272,0.259822,0.263507,204198400
1994-08-29,0.263507,0.266272,0.259822,0.260743,152107200
1994-08-30,0.259822,0.268114,0.258901,0.267193,182078400
1994-08-31,0.265351,0.275485,0.263507,0.266733,351836800
1994-09-01,0.260743,0.263507,0.255215,0.257979,204288000
1994-09-02,0.259822,0.261665,0.257979,0.260743,101304000
1994-09-06,0.259822,0.262586,0.257979,0.262125,91425600
1994-09-07,0.262586,0.269957,0.260743,0.266272,203896000
1994-09-08,0.265351,0.267193,0.262586,0.266272,158838400
1994-09-09,0.263507,0.265351,0.260743,0.263507,157236800
1994-09-12,0.262586,0.263507,0.260743,0.263507,90540800
1994-09-13,0.263507,0.267193,0.262586,0.263968,104227200
1994-09-14,0.262586,0.263507,0.257979,0.258901,99086400
1994-09-15,0.258901,0.266272,0.258901,0.265351,258955200
1994-09-16,0.264429,0.274564,0.261665,0.268114,364145600
1994-09-19,0.268114,0.270878,0.261665,0.261665,174350400
1994-09-20,0.258901,0.260743,0.253373,0.254755,197254400
1994-09-21,0.254294,0.255216,0.248766,0.251530,234841600
1994-09-22,0.252452,0.252452,0.247844,0.249687,146238400
1994-09-23,0.249687,0.254294,0.249687,0.250147,132876800
1994-09-26,0.249687,0.254294,0.247844,0.250147,141702400
1994-09-27,0.248766,0.251530,0.246002,0.249687,109088000
1994-09-28,0.250608,0.253373,0.247844,0.249687,81267200
1994-09-29,0.248766,0.253373,0.246002,0.251530,109379200
1994-09-30,0.251530,0.254294,0.247844,0.248305,71702400
1994-10-03,0.247844,0.248766,0.239553,0.244159,129595200
1994-10-04,0.245080,0.250608,0.243238,0.248766,162388800
1994-10-05,0.247844,0.281013,0.246002,0.279171,709800000
1994-10-06,0.275485,0.276291,0.265351,0.267193,526915200
1994-10-07,0.266272,0.273182,0.261665,0.272721,364392000
1994-10-10,0.273642,0.292070,0.272721,0.286541,523409600
1994-10-11,0.304969,0.308654,0.290227,0.292070,842307200
1994-10-12,0.292070,0.314182,0.288384,0.310497,597318400
1994-10-13,0.314182,0.316025,0.299440,0.303126,525302400
1994-10-14,0.305890,0.309575,0.301283,0.303126,176052800
1994-10-17,0.301283,0.305890,0.286541,0.292991,303990400
1994-10-18,0.299440,0.306811,0.298519,0.304048,468686400
1994-10-19,0.302204,0.310497,0.302204,0.304048,351086400
1994-10-20,0.304048,0.308193,0.298519,0.302204,218142400
1994-10-21,0.300361,0.315103,0.300361,0.314182,322705600
1994-10-24,0.315103,0.317868,0.308654,0.311418,204500800
1994-10-25,0.306811,0.314182,0.305890,0.314182,301481600
1994-10-26,0.314182,0.318904,0.314182,0.318789,196772800
1994-10-27,0.318789,0.322474,0.313261,0.315103,159409600
1994-10-28,0.312339,0.316025,0.307733,0.310497,273324800
1994-10-31,0.309575,0.319710,0.305890,0.318328,355902400
1994-11-01,0.316025,0.320516,0.312339,0.317868,218097600
1994-11-02,0.317868,0.318789,0.304969,0.304969,218747200
1994-11-03,0.307733,0.309575,0.302204,0.305890,110521600
1994-11-04,0.305890,0.306812,0.294834,0.297598,192046400
1994-11-07,0.297598,0.304047,0.295755,0.300361,113041600
1994-11-08,0.299440,0.314182,0.296676,0.311418,348969600
1994-11-09,0.315103,0.316946,0.302204,0.306811,406336000
1994-11-10,0.307733,0.308654,0.302204,0.304508,152980800
1994-11-11,0.304047,0.305890,0.302204,0.303126,62272000
1994-11-14,0.304048,0.315103,0.304048,0.313260,139630400
1994-11-15,0.313260,0.316946,0.304047,0.304969,167619200
1994-11-16,0.300362,0.306351,0.299440,0.301744,187398400
1994-11-17,0.301283,0.302204,0.293912,0.294834,150438400
1994-11-18,0.295721,0.299417,0.292948,0.295721,147033600
1994-11-21,0.295720,0.297569,0.280935,0.281859,202596800
1994-11-22,0.279086,0.289251,0.275389,0.276313,224336000
1994-11-23,0.273541,0.280011,0.268921,0.272617,327812800
1994-11-25,0.272617,0.279087,0.271693,0.279087,84224000
1994-11-28,0.278162,0.282783,0.275851,0.279549,138678400
1994-11-29,0.280935,0.284631,0.279086,0.282783,144132800
1994-11-30,0.283707,0.291100,0.273541,0.275389,312032000
1994-12-01,0.273541,0.278162,0.266149,0.267535,309321600
1994-12-02,0.269845,0.271693,0.263376,0.270307,172256000
1994-12-05,0.269845,0.276313,0.267073,0.274927,180275200
1994-12-06,0.273541,0.283707,0.272617,0.277700,238089600
1994-12-07,0.277238,0.279549,0.266611,0.270769,137300800
1994-12-08,0.272617,0.273541,0.264300,0.265225,169859200
1994-12-09,0.265225,0.268921,0.256907,0.267997,260724800
1994-12-12,0.268921,0.271693,0.262452,0.269845,224078400
1994-12-13,0.270769,0.273079,0.267997,0.268921,119201600
1994-12-14,0.269845,0.281859,0.269845,0.280011,311427200
1994-12-15,0.280935,0.283707,0.272617,0.274465,227595200
1994-12-16,0.275389,0.279087,0.271693,0.275389,179782400
1994-12-19,0.275389,0.291100,0.275389,0.289251,332819200
1994-12-20,0.289251,0.290175,0.283707,0.284631,175145600
1994-12-21,0.280011,0.284631,0.277238,0.283707,157438400
1994-12-22,0.284631,0.287403,0.282783,0.285555,133078400
1994-12-23,0.284631,0.291100,0.284631,0.287403,93889600
1994-12-27,0.290175,0.293872,0.287403,0.289251,81916800
1994-12-28,0.289251,0.290175,0.282783,0.289251,89163200
1994-12-29,0.290175,0.294796,0.289251,0.292024,121340800
1994-12-30,0.291100,0.294796,0.286479,0.288327,73091200
1995-01-03,0.287403,0.287403,0.280011,0.283707,103868800
1995-01-04,0.285555,0.292948,0.285555,0.291100,158681600
1995-01-05,0.290175,0.291100,0.286479,0.287403,73640000
1995-01-06,0.307734,0.318824,0.304038,0.310507,1076622400
1995-01-09,0.307734,0.309582,0.303113,0.304615,274086400
1995-01-10,0.304962,0.325292,0.304962,0.322982,614790400
1995-01-11,0.323444,0.355326,0.315589,0.345623,873824000
1995-01-12,0.341002,0.342851,0.330838,0.335458,551779200
1995-01-13,0.341002,0.341002,0.328064,0.331762,351377600
1995-01-16,0.331762,0.334534,0.327140,0.328989,188977600
1995-01-17,0.328989,0.336382,0.326216,0.332686,330108800
1995-01-18,0.332686,0.337306,0.330838,0.337306,127657600
1995-01-19,0.336382,0.340078,0.332686,0.339154,314294400
1995-01-20,0.347472,0.347472,0.314203,0.315127,1000361600
1995-01-23,0.309582,0.315127,0.303113,0.312355,398540800
1995-01-24,0.312354,0.313279,0.305886,0.307734,218097600
1995-01-25,0.292024,0.310506,0.292024,0.302998,517070400
1995-01-26,0.302189,0.306810,0.290175,0.292024,246388800
1995-01-27,0.294796,0.298493,0.288327,0.294796,298569600
1995-01-30,0.296644,0.299417,0.294796,0.296644,230585600
1995-01-31,0.299417,0.302189,0.295721,0.298493,212777600
1995-02-01,0.301265,0.301265,0.294796,0.296644,158368000
1995-02-02,0.296645,0.309582,0.296645,0.307734,203582400
1995-02-03,0.310506,0.311430,0.298493,0.299417,319211200
1995-02-06,0.301265,0.301265,0.292024,0.299417,243028800
1995-02-07,0.298493,0.303113,0.295721,0.301727,201600000
1995-02-08,0.303113,0.313279,0.302189,0.312817,402864000
1995-02-09,0.311430,0.324368,0.311430,0.322520,475395200
1995-02-10,0.322520,0.326678,0.320672,0.323444,350963200
1995-02-13,0.322480,0.329893,0.320627,0.324333,283371200
1995-02-14,0.324333,0.327113,0.315993,0.318310,165614400
1995-02-15,0.320627,0.322480,0.315066,0.315530,184475200
1995-02-16,0.319700,0.320627,0.315993,0.320164,218780800
1995-02-17,0.317847,0.318774,0.315066,0.315066,121788800
1995-02-21,0.315993,0.316920,0.303020,0.303946,301582400
1995-02-22,0.301167,0.303946,0.297460,0.302556,293417600
1995-02-23,0.304874,0.310433,0.296533,0.297923,314708800
1995-02-24,0.297460,0.299313,0.285413,0.289120,568814400
1995-02-27,0.283560,0.289120,0.282517,0.283560,268811200
1995-02-28,0.285413,0.295607,0.281707,0.292827,222969600
1995-03-01,0.294680,0.297460,0.292248,0.296534,224448000
1995-03-02,0.297460,0.302093,0.294680,0.296534,268744000
1995-03-03,0.294680,0.301630,0.292827,0.298387,145768000
1995-03-06,0.294680,0.296533,0.292827,0.294680,132720000
1995-03-07,0.295607,0.295607,0.283560,0.284024,150785600
1995-03-08,0.287267,0.297460,0.279854,0.293290,364873600
1995-03-09,0.295607,0.299313,0.291900,0.294680,196683200
1995-03-10,0.293754,0.299313,0.291900,0.292827,137412800
1995-03-13,0.293754,0.293754,0.281707,0.282634,325752000
1995-03-14,0.283560,0.283560,0.255760,0.259467,727865600
1995-03-15,0.263173,0.268734,0.258540,0.259467,730968000
1995-03-16,0.261320,0.266880,0.259467,0.261320,316736000
1995-03-17,0.263173,0.263173,0.258540,0.260393,215644800
1995-03-20,0.260393,0.264100,0.259467,0.261320,189884800
1995-03-21,0.263173,0.272440,0.261320,0.268734,305368000
1995-03-22,0.268734,0.292827,0.268734,0.282170,479147200
1995-03-23,0.280780,0.281707,0.274178,0.275220,170094400
1995-03-24,0.277073,0.280780,0.276147,0.279854,128116800
1995-03-27,0.278927,0.278927,0.271513,0.275683,142800000
1995-03-28,0.268734,0.269429,0.252981,0.254834,689796800
1995-03-29,0.252053,0.258540,0.251126,0.254834,496876800
1995-03-30,0.256687,0.263173,0.255760,0.262247,273414400
1995-03-31,0.260393,0.264100,0.257614,0.261320,183243200
1995-04-03,0.263173,0.265026,0.260393,0.263173,154302400
1995-04-04,0.265026,0.265954,0.249273,0.251126,428198400
1995-04-05,0.252980,0.257613,0.250200,0.257613,264857600
1995-04-06,0.276147,0.281707,0.263405,0.272440,722825600
1995-04-07,0.274293,0.275220,0.268734,0.272440,295724800
1995-04-10,0.273367,0.274293,0.267807,0.271514,117801600
1995-04-11,0.272440,0.280780,0.271514,0.279854,214513600
1995-04-12,0.283560,0.293754,0.277073,0.289120,474712000
1995-04-13,0.290973,0.290973,0.280780,0.283560,174361600
1995-04-17,0.282634,0.291901,0.280780,0.284487,208812800
1995-04-18,0.285413,0.286340,0.278000,0.278000,231134400
1995-04-19,0.278000,0.278000,0.264100,0.269660,279428800
1995-04-20,0.275220,0.285413,0.271513,0.278927,329504000
1995-04-21,0.276146,0.292827,0.275220,0.290046,666624000
1995-04-24,0.289120,0.293754,0.285413,0.289120,272238400
1995-04-25,0.290047,0.291901,0.276147,0.279854,273638400
1995-04-26,0.278927,0.287267,0.277073,0.283560,230440000
1995-04-27,0.285413,0.285413,0.279854,0.280780,139865600
1995-04-28,0.281707,0.284487,0.278000,0.283560,195316800
1995-05-01,0.283560,0.287267,0.281707,0.283560,177956800
1995-05-02,0.283560,0.284487,0.278000,0.282634,120008000
1995-05-03,0.283560,0.286340,0.281707,0.282634,168784000
1995-05-04,0.283560,0.295607,0.281707,0.285413,303643200
1995-05-05,0.287267,0.290046,0.282634,0.288193,208006400
1995-05-08,0.295607,0.303946,0.294680,0.300240,386971200
1995-05-09,0.301167,0.306727,0.296534,0.305800,322929600
1995-05-10,0.307654,0.310433,0.302093,0.307190,275072000
1995-05-11,0.308580,0.308580,0.299313,0.303946,523622400
1995-05-12,0.303020,0.323870,0.300240,0.323407,647953600
1995-05-15,0.319700,0.324333,0.315067,0.323407,393355200
1995-05-16,0.319700,0.328966,0.315066,0.324333,332516800
1995-05-17,0.324333,0.328966,0.322480,0.326187,263144000
1995-05-18,0.327113,0.327113,0.320627,0.321554,371571200
1995-05-19,0.317847,0.324333,0.315993,0.316920,322593600
1995-05-22,0.315066,0.327113,0.313213,0.327113,371884800
1995-05-23,0.327113,0.328966,0.322480,0.325260,276662400
1995-05-24,0.324333,0.328040,0.317847,0.322480,264667200
1995-05-25,0.320627,0.326187,0.318774,0.321554,182862400
1995-05-26,0.319658,0.320587,0.314082,0.317334,114553600
1995-05-30,0.316870,0.318729,0.308507,0.312224,196380800
1995-05-31,0.313153,0.313153,0.304789,0.308971,159532800
1995-06-01,0.311294,0.315940,0.310365,0.313617,186726400
1995-06-02,0.311294,0.315011,0.308507,0.313153,105694400
1995-06-05,0.315011,0.323374,0.313153,0.323374,254654400
1995-06-06,0.324304,0.329879,0.323374,0.327091,315268800
1995-06-07,0.328020,0.328020,0.320587,0.320587,124521600
1995-06-08,0.322445,0.322445,0.313153,0.319193,136136000
1995-06-09,0.324304,0.325233,0.320587,0.323374,186625600
1995-06-12,0.327091,0.330808,0.326162,0.328369,212116800
1995-06-13,0.330808,0.331738,0.326162,0.327091,125944000
1995-06-14,0.326162,0.326162,0.322445,0.324304,118048000
1995-06-15,0.324304,0.325233,0.322445,0.324304,92758400
1995-06-16,0.326162,0.327091,0.323374,0.326162,89208000
1995-06-19,0.326162,0.336384,0.323374,0.329879,469537600
1995-06-20,0.341959,0.354968,0.341959,0.352181,738528000
1995-06-21,0.354039,0.372624,0.347535,0.367048,626012800
1995-06-22,0.364261,0.368907,0.361473,0.365190,473916800
1995-06-23,0.362402,0.364261,0.354968,0.362402,231963200
1995-06-26,0.358686,0.360544,0.354039,0.357757,152779200
1995-06-27,0.352181,0.358686,0.344747,0.344747,217100800
1995-06-28,0.341959,0.353110,0.337313,0.346606,266358400
1995-06-29,0.344747,0.357757,0.341959,0.351251,232556800
1995-06-30,0.351251,0.355897,0.342888,0.345212,165491200
1995-07-03,0.345676,0.350322,0.343817,0.348929,39390400
1995-07-05,0.348464,0.355897,0.345676,0.345676,177060800
1995-07-06,0.345676,0.349393,0.340100,0.349393,184094400
1995-07-07,0.348464,0.366119,0.347535,0.361473,387116800
1995-07-10,0.361473,0.370766,0.357757,0.361473,297931200
1995-07-11,0.354968,0.361473,0.349858,0.350322,214692800
1995-07-12,0.351251,0.356826,0.342888,0.349393,283808000
1995-07-13,0.352181,0.362402,0.350322,0.354039,352329600
1995-07-14,0.352181,0.364261,0.349393,0.362402,277928000
1995-07-17,0.363332,0.369836,0.361473,0.364261,226161600
1995-07-18,0.364261,0.368442,0.354968,0.357757,254632000
1995-07-19,0.349393,0.356826,0.334525,0.338242,521035200
1995-07-20,0.341959,0.352181,0.334525,0.349858,331273600
1995-07-21,0.319658,0.333596,0.319658,0.325233,757881600
1995-07-24,0.327091,0.338242,0.325233,0.337313,214625600
1995-07-25,0.341959,0.344747,0.339171,0.340100,263524800
1995-07-26,0.343817,0.343817,0.337313,0.337313,171449600
1995-07-27,0.338242,0.353110,0.338242,0.347999,325180800
1995-07-28,0.347535,0.351251,0.334525,0.338242,260937600
1995-07-31,0.338242,0.339171,0.332667,0.334526,158524800
1995-08-01,0.333596,0.333596,0.323374,0.323374,210918400
1995-08-02,0.326162,0.334525,0.325233,0.329879,275128000
1995-08-03,0.328020,0.339171,0.326162,0.334526,213931200
1995-08-04,0.334525,0.335455,0.325233,0.328950,192315200
1995-08-07,0.328021,0.331738,0.320587,0.322445,193760000
1995-08-08,0.324304,0.325233,0.315011,0.315940,234595200
1995-08-09,0.316869,0.325233,0.315940,0.320587,369017600
1995-08-10,0.320587,0.321516,0.316869,0.317799,164024000
1995-08-11,0.318729,0.320587,0.311294,0.320122,206931200
1995-08-14,0.319658,0.325233,0.318729,0.322445,167406400
1995-08-15,0.326162,0.328020,0.320587,0.327556,317867200
1995-08-16,0.327984,0.331711,0.325189,0.331711,292633600
1995-08-17,0.332643,0.339165,0.328916,0.332643,246892800
1995-08-18,0.334507,0.336370,0.326121,0.334507,241158400
1995-08-21,0.334507,0.338234,0.328916,0.328916,271779200
1995-08-22,0.330779,0.336370,0.328916,0.333575,217044800
1995-08-23,0.334507,0.341961,0.332643,0.339165,253803200
1995-08-24,0.340097,0.344756,0.339165,0.341029,287929600
1995-08-25,0.341961,0.341961,0.332644,0.333575,134344000
1995-08-28,0.334507,0.335439,0.320530,0.320530,243040000
1995-08-29,0.320530,0.322394,0.316803,0.321462,317060800
1995-08-30,0.322394,0.326121,0.321462,0.323326,153473600
1995-08-31,0.323326,0.324257,0.320530,0.320530,87864000
1995-09-01,0.320530,0.324257,0.319599,0.320064,98380800
1995-09-05,0.324257,0.324257,0.318666,0.324257,179972800
1995-09-06,0.327052,0.329266,0.324257,0.326121,200760000
1995-09-07,0.327984,0.337768,0.326121,0.333575,262326400
1995-09-08,0.333575,0.334507,0.331711,0.333575,174776000
1995-09-11,0.334507,0.339165,0.329847,0.329847,172491200
1995-09-12,0.331711,0.334507,0.317734,0.320064,326256000
1995-09-13,0.319599,0.323325,0.313076,0.315871,322750400
1995-09-14,0.308417,0.310281,0.296304,0.298168,550558400
1995-09-15,0.278600,0.297236,0.264623,0.267419,1211963200
1995-09-18,0.271146,0.274407,0.267419,0.273476,621488000
1995-09-19,0.273941,0.276736,0.269283,0.273941,490022400
1995-09-20,0.277668,0.278600,0.272078,0.273010,321809600
1995-09-21,0.272078,0.279532,0.271146,0.275805,347334400
1995-09-22,0.274873,0.277668,0.271146,0.276271,398641600
1995-09-25,0.285123,0.285239,0.278600,0.279649,315212800
1995-09-26,0.281396,0.282328,0.276736,0.278600,250902400
1995-09-27,0.279532,0.279532,0.259033,0.270214,451236800
1995-09-28,0.272078,0.282328,0.272078,0.281396,331184000
1995-09-29,0.283259,0.285123,0.274873,0.277668,283416000
1995-10-02,0.281396,0.286986,0.279531,0.280464,392000000
1995-10-03,0.284191,0.286986,0.276736,0.280464,289822400
1995-10-04,0.273010,0.275805,0.268351,0.271146,266772800
1995-10-05,0.270214,0.273010,0.267419,0.272078,244070400
1995-10-06,0.273941,0.275805,0.265555,0.266021,309041600
1995-10-09,0.263692,0.266487,0.256238,0.259499,372568000
1995-10-10,0.256238,0.260896,0.250647,0.258567,400265600
1995-10-11,0.262760,0.265555,0.254375,0.259965,332875200
1995-10-12,0.260897,0.263692,0.259033,0.263226,162052800
1995-10-13,0.266487,0.274873,0.264623,0.268351,235188800
1995-10-16,0.270214,0.275805,0.267419,0.269283,182067200
1995-10-17,0.272078,0.274873,0.267419,0.273010,178617600
1995-10-18,0.275805,0.294907,0.273941,0.278600,512400000
1995-10-19,0.267419,0.269283,0.259033,0.259033,944899200
1995-10-20,0.262760,0.262760,0.258101,0.261828,386332800
1995-10-23,0.261828,0.261828,0.259033,0.261828,197803200
1995-10-24,0.264623,0.264623,0.259965,0.261828,213494400
1995-10-25,0.262760,0.263692,0.259033,0.259033,133302400
1995-10-26,0.259965,0.260897,0.257170,0.259965,125865600
1995-10-27,0.259965,0.259965,0.254375,0.259033,154212800
1995-10-30,0.259965,0.262760,0.258101,0.262760,175638400
1995-10-31,0.262760,0.273010,0.261828,0.270680,289217600
1995-11-01,0.273010,0.276737,0.264623,0.273010,193233600
1995-11-02,0.274873,0.274873,0.270215,0.273010,152756800
1995-11-03,0.273941,0.274873,0.267419,0.272078,179435200
1995-11-06,0.272078,0.288850,0.271146,0.284191,311774400
1995-11-07,0.281396,0.301894,0.279531,0.295372,736388800
1995-11-08,0.296304,0.305621,0.288850,0.289781,358825600
1995-11-09,0.296304,0.298168,0.289781,0.293509,260108800
1995-11-10,0.293509,0.300031,0.289781,0.296304,223115200
1995-11-13,0.300031,0.307486,0.298168,0.304690,317374400
1995-11-14,0.305621,0.316803,0.305621,0.309349,407276800
1995-11-15,0.313076,0.313076,0.299099,0.305621,248136000
1995-11-16,0.304690,0.309349,0.294441,0.297702,226228800
1995-11-17,0.298168,0.300963,0.296304,0.299099,128531200
1995-11-20,0.300031,0.300031,0.286986,0.287918,148456000
1995-11-21,0.289749,0.289749,0.283207,0.288815,191609600
1995-11-22,0.288815,0.293488,0.287880,0.288815,98806400
1995-11-24,0.290684,0.301900,0.289749,0.300498,109950400
1995-11-27,0.303770,0.303770,0.294423,0.294423,115875200
1995-11-28,0.294423,0.300031,0.293488,0.299096,176288000
1995-11-29,0.300031,0.300031,0.291619,0.293488,105268800
1995-11-30,0.290684,0.291619,0.284142,0.285076,174854400
1995-12-01,0.284142,0.286011,0.277599,0.281338,204209600
1995-12-04,0.300031,0.300031,0.291619,0.295358,480681600
1995-12-05,0.287880,0.298162,0.286011,0.295358,363596800
1995-12-06,0.297227,0.298162,0.286946,0.289749,201107200
1995-12-07,0.289749,0.289749,0.283207,0.288347,141926400
1995-12-08,0.289749,0.294423,0.283207,0.294423,141355200
1995-12-11,0.295358,0.296293,0.286946,0.288815,111652800
1995-12-12,0.288815,0.288815,0.284142,0.284142,177553600
1995-12-13,0.286011,0.291619,0.274795,0.286946,684902400
1995-12-14,0.290684,0.294423,0.284142,0.286011,333502400
1995-12-15,0.265448,0.273860,0.257036,0.263579,726880000
1995-12-18,0.262644,0.263578,0.238342,0.241146,666534400
1995-12-19,0.244885,0.248624,0.241146,0.244885,430864000
1995-12-20,0.250493,0.251428,0.243016,0.243951,365736000
1995-12-21,0.244885,0.244885,0.236473,0.243016,332875200
1995-12-22,0.243951,0.245820,0.240211,0.241146,234662400
1995-12-26,0.243016,0.243016,0.237407,0.239744,139507200
1995-12-27,0.240212,0.249559,0.238342,0.242082,268564800
1995-12-28,0.240211,0.244885,0.238342,0.239277,249995200
1995-12-29,0.239277,0.242082,0.236473,0.238342,304136000
1996-01-02,0.241146,0.241146,0.237408,0.240211,139294400
1996-01-03,0.239277,0.245820,0.238342,0.240211,429833600
1996-01-04,0.242081,0.242081,0.234604,0.236006,300182400
1996-01-05,0.236473,0.256102,0.234604,0.256102,445928000
1996-01-08,0.257971,0.265448,0.254231,0.258905,121340800
1996-01-09,0.258905,0.258905,0.244885,0.244885,251216000
1996-01-10,0.243016,0.259840,0.241146,0.256102,365433600
1996-01-11,0.243951,0.261709,0.242081,0.261709,756739200
1996-01-12,0.259840,0.259840,0.248624,0.253297,401856000
1996-01-15,0.252362,0.257971,0.249558,0.255167,363081600
1996-01-16,0.257036,0.259840,0.251428,0.258438,352912000
1996-01-17,0.257036,0.257036,0.252362,0.254232,236409600
1996-01-18,0.245820,0.249558,0.227126,0.238810,698387200
1996-01-19,0.231800,0.237408,0.219649,0.223387,829225600
1996-01-22,0.222453,0.231800,0.218714,0.228061,499744000
1996-01-23,0.252362,0.254231,0.231800,0.236473,988288000
1996-01-24,0.240211,0.241146,0.237408,0.241146,655894400
1996-01-25,0.237408,0.239277,0.225257,0.226191,445200000
1996-01-26,0.227126,0.233669,0.214041,0.228996,735750400
1996-01-29,0.216845,0.222453,0.214975,0.217780,332595200
1996-01-30,0.201890,0.210302,0.200839,0.204227,622843200
1996-01-31,0.207498,0.209367,0.204694,0.206564,328059200
1996-02-01,0.205629,0.212171,0.205629,0.212171,333043200
1996-02-02,0.215911,0.221518,0.214975,0.218714,555979200
1996-02-05,0.221986,0.222453,0.216845,0.218714,318729600
1996-02-06,0.218714,0.224322,0.218714,0.221518,226217600
1996-02-07,0.222453,0.222453,0.207498,0.211237,360326400
1996-02-08,0.205629,0.210302,0.205629,0.208433,263166400
1996-02-09,0.208433,0.213106,0.206564,0.207498,205688000
1996-02-12,0.210302,0.213106,0.209367,0.212171,194275200
1996-02-13,0.209367,0.215911,0.208433,0.210302,228502400
1996-02-14,0.211237,0.211237,0.205162,0.206564,163184000
1996-02-15,0.206564,0.210302,0.204694,0.209367,122080000
1996-02-16,0.210302,0.212171,0.205629,0.205629,156441600
1996-02-20,0.209367,0.220584,0.209367,0.216845,376913600
1996-02-21,0.219649,0.222453,0.217780,0.221518,221838400
1996-02-22,0.224322,0.225257,0.221518,0.223387,184184000
1996-02-23,0.223387,0.226191,0.221518,0.223387,173286400
1996-02-26,0.224322,0.225257,0.220584,0.220584,118283200
1996-02-27,0.223388,0.223388,0.213106,0.214041,149161600
1996-02-28,0.215911,0.215911,0.206564,0.207498,187913600
1996-02-29,0.205629,0.207498,0.203760,0.205629,112884800
1996-03-01,0.206564,0.206564,0.199086,0.200955,231134400
1996-03-04,0.203760,0.204694,0.196282,0.196282,187555200
1996-03-05,0.198151,0.200020,0.196282,0.199086,118440000
1996-03-06,0.200020,0.200955,0.195347,0.195815,99052800
1996-03-07,0.196282,0.197217,0.189740,0.193011,260064000
1996-03-08,0.192543,0.196282,0.186935,0.194413,149004800
1996-03-11,0.196282,0.197217,0.192543,0.193478,127008000
1996-03-12,0.194413,0.197217,0.191609,0.193011,96152000
1996-03-13,0.193478,0.195347,0.191609,0.192543,99680000
1996-03-14,0.193478,0.193478,0.190674,0.191609,93363200
1996-03-15,0.194413,0.194413,0.190674,0.193478,101382400
1996-03-18,0.193945,0.195347,0.192544,0.195347,109132800
1996-03-19,0.197217,0.198151,0.191609,0.192543,124364800
1996-03-20,0.192543,0.192543,0.187870,0.188804,115987200
1996-03-21,0.190674,0.190674,0.186935,0.187870,109984000
1996-03-22,0.188804,0.189740,0.186000,0.189740,107564800
1996-03-25,0.190674,0.192543,0.179458,0.179458,164371200
1996-03-26,0.179458,0.183196,0.176654,0.178523,160798400
1996-03-27,0.173849,0.188804,0.171980,0.188804,429296000
1996-03-28,0.185066,0.191609,0.180393,0.180860,295892800
1996-03-29,0.181327,0.185066,0.177589,0.183664,166521600
1996-04-01,0.187870,0.193478,0.183314,0.190674,158636800
1996-04-02,0.191609,0.191609,0.186000,0.186935,101438400
1996-04-03,0.187870,0.187870,0.181911,0.183664,72240000
1996-04-04,0.184131,0.184131,0.179458,0.180393,86049600
1996-04-08,0.178523,0.183196,0.177589,0.182262,168828800
1996-04-09,0.186000,0.198151,0.182262,0.194413,235076800
1996-04-10,0.195347,0.198151,0.193478,0.194413,174764800
1996-04-11,0.195347,0.196282,0.190674,0.192543,98268800
1996-04-12,0.193478,0.193478,0.189740,0.190674,81435200
1996-04-15,0.190674,0.192543,0.186935,0.192543,154078400
1996-04-16,0.193478,0.194413,0.191609,0.193478,101416000
1996-04-17,0.193478,0.194413,0.187870,0.188804,85411200
1996-04-18,0.189740,0.189856,0.181327,0.185066,217246400
1996-04-19,0.184131,0.187870,0.184131,0.187402,101796800
1996-04-22,0.188804,0.190674,0.186000,0.187870,111115200
1996-04-23,0.187870,0.188804,0.184131,0.185066,169948800
1996-04-24,0.184131,0.185066,0.180860,0.181327,128340800
1996-04-25,0.182262,0.186000,0.180393,0.186000,174406400
1996-04-26,0.186935,0.187870,0.184131,0.185066,188865600
1996-04-29,0.186935,0.186935,0.183197,0.185066,121049600
1996-04-30,0.186000,0.186000,0.180393,0.182262,136662400
1996-05-01,0.182262,0.185066,0.180393,0.182262,112705600
1996-05-02,0.183197,0.183197,0.175719,0.177589,188305600
1996-05-03,0.180393,0.180393,0.175719,0.178523,108460800
1996-05-06,0.186000,0.193478,0.185066,0.191609,289486400
1996-05-07,0.197217,0.204694,0.196282,0.200955,353539200
1996-05-08,0.203760,0.203760,0.191609,0.200020,186793600
1996-05-09,0.197217,0.198151,0.192544,0.195347,98078400
1996-05-10,0.196282,0.204694,0.194413,0.203760,110588800
1996-05-13,0.202825,0.206564,0.199086,0.202357,187017600
1996-05-14,0.207498,0.209367,0.205629,0.205629,197624000
1996-05-15,0.208433,0.215911,0.207498,0.213106,292364800
1996-05-16,0.211237,0.214040,0.208433,0.212171,130076800
1996-05-17,0.212171,0.212171,0.205629,0.206564,123300800
1996-05-20,0.208433,0.210302,0.206564,0.208900,84515200
1996-05-21,0.209367,0.210302,0.202825,0.202825,114385600
1996-05-22,0.204694,0.204694,0.192543,0.194880,201880000
1996-05-23,0.195347,0.199086,0.192543,0.196282,124051200
1996-05-24,0.196282,0.200955,0.195347,0.200020,113243200
1996-05-28,0.200020,0.203760,0.197217,0.197217,101852800
1996-05-29,0.196282,0.196282,0.185066,0.186000,219520000
1996-05-30,0.186000,0.192544,0.185066,0.190674,103465600
1996-05-31,0.191609,0.199086,0.190674,0.195347,162646400
1996-06-03,0.193478,0.194413,0.185066,0.185066,125462400
1996-06-04,0.179458,0.182262,0.178523,0.180860,762238400
1996-06-05,0.189740,0.190674,0.181327,0.187870,510104000
1996-06-06,0.186935,0.188804,0.180393,0.181327,362096000
1996-06-07,0.179458,0.182262,0.175719,0.182262,267769600
1996-06-10,0.182262,0.183197,0.179458,0.180393,106366400
1996-06-11,0.181327,0.181327,0.179458,0.179458,153059200
1996-06-12,0.183196,0.183196,0.179458,0.181327,151916800
1996-06-13,0.182262,0.186351,0.179458,0.184131,191419200
1996-06-14,0.185066,0.185066,0.178523,0.178991,144961600
1996-06-17,0.180393,0.180393,0.176654,0.176654,112929600
1996-06-18,0.176654,0.177589,0.169176,0.170111,223227200
1996-06-19,0.172915,0.174784,0.169176,0.172915,134467200
1996-06-20,0.174784,0.174784,0.168242,0.170111,147089600
1996-06-21,0.171046,0.171046,0.167307,0.169176,161851200
1996-06-24,0.169176,0.169176,0.165438,0.166373,122763200
1996-06-25,0.165438,0.166373,0.152352,0.154222,246960000
1996-06-26,0.154222,0.155156,0.146744,0.148613,404331200
1996-06-27,0.149548,0.157026,0.147679,0.154222,229241600
1996-06-28,0.156091,0.157026,0.154222,0.157026,115684800
1996-07-01,0.157960,0.160764,0.157026,0.160764,131980800
1996-07-02,0.159830,0.160764,0.157026,0.157026,89006400
1996-07-03,0.152352,0.152352,0.144875,0.144875,288612800
1996-07-05,0.144875,0.147679,0.143940,0.145809,106153600
1996-07-08,0.146744,0.148613,0.142071,0.143006,188910400
1996-07-09,0.145809,0.146744,0.142071,0.142071,187824000
1996-07-10,0.143005,0.145809,0.140202,0.140202,169388800
1996-07-11,0.140202,0.141136,0.129920,0.133658,291155200
1996-07-12,0.137398,0.137398,0.128985,0.135060,268990400
1996-07-15,0.135528,0.135528,0.128051,0.128518,133224000
1996-07-16,0.129920,0.129920,0.119638,0.126182,289217600
1996-07-17,0.129920,0.130855,0.124312,0.126182,233598400
1996-07-18,0.160764,0.162633,0.152235,0.156091,897052800
1996-07-19,0.156091,0.157026,0.155156,0.155156,265977600
1996-07-22,0.156091,0.156091,0.149548,0.151418,152208000
1996-07-23,0.153287,0.154222,0.151418,0.153287,130121600
1996-07-24,0.149548,0.157026,0.148613,0.155624,264073600
1996-07-25,0.157960,0.159830,0.155156,0.157026,114430400
1996-07-26,0.160764,0.164503,0.157960,0.164503,123681600
1996-07-29,0.164503,0.168242,0.162633,0.166373,195697600
1996-07-30,0.169176,0.170111,0.158895,0.159829,189403200
1996-07-31,0.158895,0.164503,0.158895,0.164503,92780800
1996-08-01,0.164503,0.164503,0.157960,0.158895,110163200
1996-08-02,0.161699,0.164503,0.158895,0.161699,127948800
1996-08-05,0.161699,0.163569,0.156091,0.157026,101012800
1996-08-06,0.157026,0.160764,0.155156,0.160764,93587200
1996-08-07,0.162633,0.169176,0.161699,0.167307,248460800
1996-08-08,0.167307,0.167307,0.163569,0.165438,101516800
1996-08-09,0.166373,0.174784,0.165438,0.172915,230787200
1996-08-12,0.174784,0.176654,0.167307,0.171980,151345600
1996-08-13,0.171046,0.172915,0.167307,0.168242,103510400
1996-08-14,0.169176,0.171980,0.169176,0.170111,71859200
1996-08-15,0.169176,0.170111,0.166373,0.166373,107620800
1996-08-16,0.169176,0.169176,0.165438,0.168242,141758400
1996-08-19,0.167307,0.176654,0.167307,0.176654,226318400
1996-08-20,0.178523,0.178523,0.174784,0.175719,211758400
1996-08-21,0.175719,0.176654,0.171046,0.171980,113344000
1996-08-22,0.171980,0.173850,0.171046,0.173850,87684800
1996-08-23,0.171980,0.179458,0.171980,0.178523,203459200
1996-08-26,0.178523,0.180393,0.175719,0.180393,89678400
1996-08-27,0.180393,0.186935,0.179458,0.185884,289307200
1996-08-28,0.186000,0.186935,0.183196,0.186000,163598400
1996-08-29,0.186000,0.186000,0.182262,0.183196,106926400
1996-08-30,0.185066,0.185066,0.181327,0.181327,105728000
1996-09-03,0.180393,0.182262,0.178523,0.180393,68297600
1996-09-04,0.178523,0.184131,0.178523,0.180393,101449600
1996-09-05,0.175719,0.177589,0.171046,0.171046,279585600
1996-09-06,0.172915,0.173849,0.169176,0.171980,240833600
1996-09-09,0.169176,0.170111,0.163569,0.164503,148243200
1996-09-10,0.165438,0.165438,0.160764,0.160764,155713600
1996-09-11,0.160764,0.162633,0.157026,0.157960,147201600
1996-09-12,0.157026,0.157960,0.151418,0.152352,260915200
1996-09-13,0.152353,0.158895,0.152353,0.157026,166611200
1996-09-16,0.160764,0.171980,0.159829,0.167307,244652800
1996-09-17,0.171046,0.172915,0.168242,0.171980,209171200
1996-09-18,0.171980,0.180393,0.171046,0.175719,353360000
1996-09-19,0.176654,0.176654,0.174784,0.174784,119470400
1996-09-20,0.174784,0.175719,0.170111,0.171046,149150400
1996-09-23,0.171046,0.171046,0.167307,0.167307,45763200
1996-09-24,0.167307,0.171046,0.167307,0.168242,143785600
1996-09-25,0.168242,0.169176,0.164503,0.167307,109043200
1996-09-26,0.167307,0.168242,0.166373,0.167307,103286400
1996-09-27,0.166373,0.167307,0.165438,0.166840,81569600
1996-09-30,0.165438,0.167307,0.165438,0.165905,85444800
1996-10-01,0.164503,0.185066,0.164503,0.184131,539246400
1996-10-02,0.176654,0.184131,0.172915,0.176654,276819200
1996-10-03,0.176654,0.177589,0.167307,0.167307,227718400
1996-10-04,0.171046,0.172915,0.165438,0.170578,133459200
1996-10-07,0.171980,0.174784,0.171046,0.172915,95715200
1996-10-08,0.175719,0.181327,0.173850,0.173850,190433600
1996-10-09,0.174784,0.176654,0.171046,0.171980,85209600
1996-10-10,0.178523,0.183197,0.177589,0.180860,276696000
1996-10-11,0.182262,0.184131,0.179458,0.181327,120691200
1996-10-14,0.183196,0.189740,0.181327,0.188804,269684800
1996-10-15,0.192543,0.193478,0.186935,0.188804,363059200
1996-10-16,0.188804,0.195347,0.184131,0.192543,334745600
1996-10-17,0.205629,0.207498,0.197217,0.197217,1026625600
1996-10-18,0.198151,0.199086,0.194413,0.198619,382659200
1996-10-21,0.198151,0.199086,0.190674,0.191609,187611200
1996-10-22,0.191609,0.191609,0.181327,0.186000,213718400
1996-10-23,0.185066,0.188804,0.182262,0.185066,160059200
1996-10-24,0.186935,0.186935,0.183197,0.185066,84369600
1996-10-25,0.186000,0.186935,0.183196,0.183196,77560000
1996-10-28,0.187870,0.187870,0.183196,0.183196,119996800
1996-10-29,0.184131,0.185066,0.172915,0.173850,199628800
1996-10-30,0.175719,0.179458,0.171046,0.171046,257051200
1996-10-31,0.173849,0.174784,0.166373,0.171980,194219200
1996-11-01,0.174784,0.181327,0.172915,0.181327,211332800
1996-11-04,0.182262,0.183196,0.177589,0.182262,91268800
1996-11-05,0.183197,0.193478,0.183197,0.190674,378112000
1996-11-06,0.191609,0.192544,0.186000,0.190674,180308800
1996-11-07,0.189740,0.194413,0.188804,0.193478,155075200
1996-11-08,0.193478,0.196282,0.192543,0.196282,188708800
1996-11-11,0.197217,0.197217,0.193478,0.194413,92534400
1996-11-12,0.195347,0.196282,0.187870,0.188804,142956800
1996-11-13,0.189740,0.193478,0.186935,0.191142,83608000
1996-11-14,0.190674,0.192543,0.189740,0.191609,48529600
1996-11-15,0.193478,0.194413,0.186935,0.186935,130715200
1996-11-18,0.186935,0.187870,0.183197,0.185066,152835200
1996-11-19,0.186000,0.187870,0.184131,0.186000,124432000
1996-11-20,0.186000,0.189740,0.186000,0.186935,103096000
1996-11-21,0.186000,0.186935,0.182262,0.183196,70604800
1996-11-22,0.183196,0.188804,0.183196,0.188804,103980800
1996-11-25,0.189740,0.190674,0.186935,0.186935,78948800
1996-11-26,0.186000,0.186935,0.179458,0.181327,112985600
1996-11-27,0.180393,0.184131,0.180393,0.183196,89040000
1996-11-29,0.183197,0.184131,0.179458,0.180393,42291200
1996-12-02,0.180393,0.187870,0.178523,0.187870,174977600
1996-12-03,0.188804,0.190674,0.186935,0.187870,275531200
1996-12-04,0.187870,0.189740,0.186000,0.186935,190825600
1996-12-05,0.186935,0.188804,0.186935,0.186935,142139200
1996-12-06,0.182262,0.189740,0.179458,0.187870,229387200
1996-12-09,0.188804,0.189740,0.185533,0.186935,158648000
1996-12-10,0.186000,0.186935,0.181327,0.183196,184284800
1996-12-11,0.177589,0.181327,0.177589,0.179458,163363200
1996-12-12,0.180393,0.181327,0.178523,0.178523,87001600
1996-12-13,0.177589,0.178523,0.173850,0.173850,89096000
1996-12-16,0.175719,0.175719,0.168242,0.169176,149240000
1996-12-17,0.167307,0.168242,0.166373,0.168242,157248000
1996-12-18,0.170111,0.172915,0.169176,0.172915,205072000
1996-12-19,0.171980,0.173850,0.166373,0.166373,136886400
1996-12-20,0.168242,0.176654,0.159829,0.175719,546436800
1996-12-23,0.179458,0.181327,0.173850,0.173850,332304000
1996-12-24,0.173849,0.174784,0.171046,0.172915,57612800
1996-12-26,0.173849,0.173849,0.171046,0.171980,84884800
1996-12-27,0.171046,0.177589,0.171046,0.172915,136998400
1996-12-30,0.172915,0.173850,0.162633,0.162633,261800000
1996-12-31,0.159829,0.160764,0.155156,0.156091,383745600
1997-01-02,0.157960,0.158895,0.155156,0.157026,143113600
1997-01-03,0.157960,0.166373,0.157026,0.162633,119716800
1997-01-06,0.131789,0.137163,0.128985,0.133658,1882832000
1997-01-07,0.135528,0.136462,0.130855,0.130855,976931200
1997-01-08,0.136462,0.137398,0.129920,0.131789,1100131200
1997-01-09,0.132724,0.133659,0.130855,0.132724,446656000
1997-01-10,0.131789,0.136462,0.131789,0.136462,353718400
1997-01-13,0.138332,0.138332,0.135528,0.135528,305748800
1997-01-14,0.137398,0.137398,0.132724,0.133658,255774400
1997-01-15,0.134593,0.134593,0.128051,0.128985,433092800
1997-01-16,0.128051,0.128051,0.124312,0.125247,671305600
1997-01-17,0.125247,0.128051,0.124312,0.125247,325147200
1997-01-20,0.126182,0.128051,0.125247,0.126649,291625600
1997-01-21,0.127116,0.128985,0.126182,0.128985,284827200
1997-01-22,0.129920,0.130855,0.127116,0.128518,205620800
1997-01-23,0.128985,0.129920,0.128051,0.128985,172345600
1997-01-24,0.128985,0.128985,0.126182,0.126182,188283200
1997-01-27,0.128051,0.128985,0.124312,0.124312,214043200
1997-01-28,0.127116,0.127116,0.123377,0.124312,210560000
1997-01-29,0.124312,0.125247,0.123377,0.124312,151704000
1997-01-30,0.125247,0.125247,0.123377,0.125247,139932800
1997-01-31,0.124312,0.124312,0.123377,0.124312,199628800
1997-02-03,0.126182,0.127116,0.121508,0.121975,368110400
1997-02-04,0.121508,0.122442,0.113096,0.114965,712644800
1997-02-05,0.114031,0.116835,0.114031,0.114031,394486400
1997-02-06,0.114031,0.120573,0.114031,0.119638,399504000
1997-02-07,0.123377,0.123377,0.117769,0.118236,235267200
1997-02-10,0.120573,0.120573,0.116835,0.116835,185404800
1997-02-11,0.118704,0.119638,0.115900,0.117302,140078400
1997-02-12,0.117769,0.118704,0.115900,0.117769,176265600
1997-02-13,0.117769,0.120573,0.115900,0.120573,195832000
1997-02-14,0.121508,0.122442,0.119638,0.121975,237249600
1997-02-18,0.124312,0.133658,0.121508,0.133658,368278400
1997-02-19,0.133658,0.133658,0.128051,0.131789,241292800
1997-02-20,0.131789,0.131789,0.127116,0.127116,124947200
1997-02-21,0.126182,0.127116,0.119638,0.122442,211086400
1997-02-24,0.121508,0.126182,0.121508,0.124312,117588800
1997-02-25,0.127116,0.129920,0.126182,0.126182,138084800
1997-02-26,0.127116,0.128051,0.125247,0.128051,103174400
1997-02-27,0.127116,0.128051,0.125247,0.127116,102995200
1997-02-28,0.126182,0.126182,0.121508,0.121508,121878400
1997-03-03,0.123377,0.123377,0.119638,0.120573,130457600
1997-03-04,0.121508,0.123377,0.119638,0.123377,103196800
1997-03-05,0.124312,0.127116,0.123377,0.127116,96163200
1997-03-06,0.127116,0.127116,0.123377,0.124312,116289600
1997-03-07,0.125247,0.125247,0.122442,0.123377,70616000
1997-03-10,0.124312,0.125247,0.122910,0.124312,99187200
1997-03-11,0.124312,0.124312,0.119638,0.122442,98504000
1997-03-12,0.121508,0.125247,0.120573,0.121508,70996800
1997-03-13,0.122442,0.122442,0.120573,0.122442,105089600
1997-03-14,0.122442,0.125247,0.121508,0.123844,230417600
1997-03-17,0.121508,0.123377,0.119638,0.123377,192752000
1997-03-18,0.122442,0.123377,0.120573,0.121508,127075200
1997-03-19,0.122442,0.122442,0.118704,0.120573,208230400
1997-03-20,0.119638,0.130855,0.118704,0.128985,317038400
1997-03-21,0.130855,0.130855,0.122442,0.124312,136460800
1997-03-24,0.123377,0.124312,0.121508,0.123377,71220800
1997-03-25,0.124312,0.124312,0.120223,0.123377,112560000
1997-03-26,0.122442,0.126182,0.121508,0.125247,106836800
1997-03-27,0.130855,0.143940,0.128985,0.139267,1138905600
1997-03-31,0.139267,0.144875,0.128985,0.136462,970244800
1997-04-01,0.131789,0.133191,0.129920,0.130855,220259200
1997-04-02,0.133658,0.135060,0.131789,0.134593,222432000
1997-04-03,0.138332,0.143006,0.136462,0.141136,548856000
1997-04-04,0.143006,0.146744,0.142071,0.143940,475249600
1997-04-07,0.147679,0.148613,0.143940,0.145809,255259200
1997-04-08,0.146744,0.146744,0.139267,0.143006,193827200
1997-04-09,0.143940,0.143940,0.141136,0.142071,244988800
1997-04-10,0.142071,0.143006,0.138332,0.141136,116984000
1997-04-11,0.141136,0.141136,0.135528,0.136462,79564800
1997-04-14,0.137398,0.141136,0.134593,0.140202,112358400
1997-04-15,0.143005,0.143940,0.135528,0.137865,136046400
1997-04-16,0.139267,0.142071,0.137398,0.138800,86217600
1997-04-17,0.136462,0.143005,0.135528,0.142071,219464000
1997-04-18,0.143005,0.143005,0.137398,0.137398,141444800
1997-04-21,0.139267,0.139267,0.134593,0.134593,89152000
1997-04-22,0.135528,0.138332,0.133658,0.138332,94651200
1997-04-23,0.137398,0.138332,0.135528,0.135528,54488000
1997-04-24,0.138332,0.138332,0.132724,0.133658,74939200
1997-04-25,0.131789,0.133658,0.129920,0.130855,87382400
1997-04-28,0.132724,0.133658,0.130855,0.131789,46771200
1997-04-29,0.134593,0.134593,0.130855,0.132257,51755200
1997-04-30,0.127116,0.128985,0.125247,0.127116,257633600
1997-05-01,0.126182,0.128051,0.125247,0.127116,72340800
1997-05-02,0.127116,0.128051,0.125247,0.127116,101987200
1997-05-05,0.127116,0.128051,0.125247,0.127116,98492800
1997-05-06,0.127116,0.128051,0.125247,0.126182,83148800
1997-05-07,0.126182,0.127116,0.122442,0.123377,114217600
1997-05-08,0.124312,0.128051,0.123377,0.127116,82936000
1997-05-09,0.127116,0.130855,0.127116,0.127583,188372800
1997-05-12,0.128985,0.131789,0.127116,0.131322,164976000
1997-05-13,0.130855,0.133658,0.127116,0.131322,197019200
1997-05-14,0.133658,0.134593,0.130855,0.132257,135643200
1997-05-15,0.132724,0.134593,0.130855,0.132724,99008000
1997-05-16,0.130855,0.131789,0.128985,0.128985,93296000
1997-05-19,0.130855,0.131789,0.127116,0.127116,52259200
1997-05-20,0.127116,0.130387,0.125247,0.128985,84828800
1997-05-21,0.128051,0.128051,0.123377,0.126182,122248000
1997-05-22,0.125247,0.126182,0.123377,0.124312,76764800
1997-05-23,0.124312,0.127116,0.124312,0.126182,67032000
1997-05-27,0.125247,0.129920,0.125247,0.128985,82084800
1997-05-28,0.129920,0.130855,0.127116,0.127116,87539200
1997-05-29,0.128051,0.128051,0.124312,0.124312,111182400
1997-05-30,0.123377,0.127116,0.122442,0.124312,177329600
1997-06-02,0.127116,0.127116,0.125247,0.126649,41585600
1997-06-03,0.125247,0.126649,0.124312,0.124780,65240000
1997-06-04,0.124312,0.125247,0.123377,0.124312,80404800
1997-06-05,0.124312,0.128051,0.123844,0.124780,64612800
1997-06-06,0.124312,0.125247,0.123377,0.125247,52875200
1997-06-09,0.124780,0.126649,0.124312,0.124312,74804800
1997-06-10,0.125247,0.125247,0.120106,0.121508,139048000
1997-06-11,0.121975,0.122910,0.121508,0.121975,105403200
1997-06-12,0.122442,0.122442,0.119638,0.120106,78691200
1997-06-13,0.120106,0.120573,0.117769,0.118236,132070400
1997-06-16,0.118704,0.118704,0.114965,0.115900,134008000
1997-06-17,0.116367,0.123377,0.115900,0.122209,142251200
1997-06-18,0.120573,0.121508,0.117769,0.119171,109648000
1997-06-19,0.119638,0.119638,0.117302,0.117769,121027200
1997-06-20,0.117302,0.117769,0.115900,0.116367,110185600
1997-06-23,0.115900,0.116835,0.114965,0.114965,99545600
1997-06-24,0.115433,0.116367,0.114031,0.114498,111148800
1997-06-25,0.114498,0.114965,0.112161,0.113096,198632000
1997-06-26,0.113096,0.113096,0.109357,0.109824,381987200
1997-06-27,0.109824,0.110759,0.109357,0.109824,157953600
1997-06-30,0.110291,0.110291,0.104684,0.106553,171180800
1997-07-01,0.104216,0.104684,0.098141,0.098609,450676800
1997-07-02,0.099076,0.100011,0.097206,0.097673,249961600
1997-07-03,0.098141,0.103749,0.097206,0.102347,186782400
1997-07-07,0.104216,0.106553,0.102814,0.103282,191475200
1997-07-08,0.103749,0.104684,0.102347,0.102814,95692800
1997-07-09,0.103282,0.103749,0.101880,0.102347,142016000
1997-07-10,0.096271,0.100011,0.095337,0.099076,492508800
1997-07-11,0.100011,0.115900,0.099543,0.113563,734944000
1997-07-14,0.114031,0.116835,0.111227,0.116835,411006400
1997-07-15,0.117769,0.119638,0.116835,0.119171,418353600
1997-07-16,0.118236,0.123377,0.116835,0.122910,446252800
1997-07-17,0.127116,0.135528,0.122910,0.130855,746267200
1997-07-18,0.133658,0.134126,0.127583,0.129686,317564800
1997-07-21,0.131322,0.132257,0.119638,0.120807,354916800
1997-07-22,0.122442,0.124780,0.121975,0.123844,231336000
1997-07-23,0.125247,0.126182,0.119638,0.120573,141288000
1997-07-24,0.120573,0.120573,0.116835,0.118236,133492800
1997-07-25,0.118704,0.123844,0.117769,0.121508,217963200
1997-07-28,0.122910,0.123377,0.121508,0.122910,110510400
1997-07-29,0.122910,0.124312,0.122442,0.123377,71243200
1997-07-30,0.126649,0.132257,0.125247,0.129920,374304000
1997-07-31,0.129920,0.132724,0.128985,0.130855,263816000
1997-08-01,0.131789,0.143473,0.131322,0.143473,481913600
1997-08-04,0.143473,0.148146,0.143473,0.147679,611318400
1997-08-05,0.149080,0.149548,0.145693,0.147679,247128000
1997-08-06,0.188804,0.207498,0.186935,0.196749,4190480000
1997-08-07,0.214975,0.221051,0.212171,0.218247,3755438400
1997-08-08,0.207966,0.212171,0.195347,0.200488,1814164800
1997-08-11,0.196749,0.197684,0.175719,0.183664,1550998400
1997-08-12,0.179925,0.181327,0.163569,0.164971,1048398400
1997-08-13,0.166373,0.178523,0.152820,0.176654,1201424000
1997-08-14,0.176654,0.181327,0.169644,0.171980,434448000
1997-08-15,0.172915,0.175251,0.170578,0.173850,260960000
1997-08-18,0.174317,0.177589,0.170111,0.176654,217840000
1997-08-19,0.177121,0.183196,0.174317,0.182729,289161600
1997-08-20,0.182729,0.187870,0.180860,0.184131,324307200
1997-08-21,0.183196,0.184598,0.178523,0.179458,259280000
1997-08-22,0.175251,0.179458,0.174784,0.176654,227628800
1997-08-25,0.176654,0.177121,0.171513,0.172448,138633600
1997-08-26,0.169176,0.171980,0.165438,0.166373,226206400
1997-08-27,0.167307,0.170111,0.163569,0.169644,190635200
1997-08-28,0.165438,0.168242,0.164503,0.164503,95670400
1997-08-29,0.163101,0.164503,0.160764,0.162633,109670400
1997-09-02,0.164503,0.168709,0.164036,0.167307,186043200
1997-09-03,0.167307,0.173850,0.166840,0.168242,284132800
1997-09-04,0.168709,0.171046,0.166373,0.168242,122539200
1997-09-05,0.169176,0.171046,0.164503,0.165905,136707200
1997-09-08,0.166373,0.166373,0.160297,0.160764,175156800
1997-09-09,0.159362,0.163569,0.158895,0.163101,159028800
1997-09-10,0.162633,0.172915,0.162166,0.171513,274064000
1997-09-11,0.171046,0.171980,0.164971,0.167307,209876800
1997-09-12,0.165905,0.166373,0.160297,0.164971,113680000
1997-09-15,0.163569,0.165438,0.160764,0.160764,96913600
1997-09-16,0.164971,0.165554,0.162633,0.164036,134220800
1997-09-17,0.164503,0.164503,0.162166,0.163101,86766400
1997-09-18,0.160764,0.168242,0.160764,0.166840,169164800
1997-09-19,0.165905,0.165905,0.162633,0.164036,94931200
1997-09-22,0.165438,0.172448,0.164503,0.170578,200368000
1997-09-23,0.166373,0.166373,0.162166,0.162633,200536000
1997-09-24,0.162166,0.162633,0.159829,0.160764,222432000
1997-09-25,0.159362,0.162633,0.157026,0.157960,223384000
1997-09-26,0.160764,0.164036,0.157960,0.159362,208320000
1997-09-29,0.162166,0.166373,0.161231,0.164971,167238400
1997-09-30,0.164503,0.166840,0.162166,0.162166,140571200
1997-10-01,0.162166,0.162633,0.159829,0.160998,130468800
1997-10-02,0.160297,0.164503,0.159829,0.164036,135408000
1997-10-03,0.164503,0.166373,0.162166,0.165438,162232000
1997-10-06,0.165905,0.166373,0.162166,0.164036,93296000
1997-10-07,0.163569,0.164503,0.163101,0.163101,109289600
1997-10-08,0.162633,0.163101,0.159362,0.160764,108841600
1997-10-09,0.158895,0.168242,0.158428,0.162633,187331200
1997-10-10,0.160764,0.170111,0.160764,0.169644,270401600
1997-10-13,0.170111,0.171046,0.165905,0.169644,158625600
1997-10-14,0.169644,0.170111,0.165905,0.169644,165816000
1997-10-15,0.165438,0.185066,0.165438,0.178056,810868800
1997-10-16,0.157960,0.164971,0.156091,0.160764,739188800
1997-10-17,0.157960,0.157960,0.148613,0.150483,438670400
1997-10-20,0.150483,0.150951,0.139267,0.139734,411835200
1997-10-21,0.141136,0.144407,0.139734,0.142538,475272000
1997-10-22,0.142538,0.143940,0.138332,0.138800,151177600
1997-10-23,0.134593,0.135995,0.132724,0.132724,186782400
1997-10-24,0.135528,0.137398,0.123377,0.123844,388236800
1997-10-27,0.125247,0.135528,0.125247,0.125247,329358400
1997-10-28,0.119638,0.138332,0.118704,0.135528,343313600
1997-10-29,0.137865,0.138332,0.128985,0.130855,177587200
1997-10-30,0.127583,0.131322,0.123377,0.123377,188955200
1997-10-31,0.129920,0.129920,0.124312,0.127350,267086400
1997-11-03,0.131322,0.132724,0.127583,0.129920,126011200
1997-11-04,0.132724,0.135528,0.130855,0.134126,168593600
1997-11-05,0.136462,0.139267,0.135060,0.137398,387116800
1997-11-06,0.141136,0.145809,0.141136,0.142071,617086400
1997-11-07,0.141136,0.149548,0.140202,0.147679,795614400
1997-11-10,0.157026,0.160764,0.138332,0.139734,1398241600
1997-11-11,0.142071,0.142071,0.135528,0.137398,332483200
1997-11-12,0.135060,0.138332,0.131322,0.131789,208062400
1997-11-13,0.134593,0.135060,0.130855,0.134593,257521600
1997-11-14,0.136462,0.138332,0.134593,0.137865,135038400
1997-11-17,0.141136,0.141604,0.137047,0.138332,205027200
1997-11-18,0.138332,0.138332,0.135060,0.135060,146641600
1997-11-19,0.133658,0.136930,0.133658,0.136462,79587200
1997-11-20,0.135995,0.139267,0.135528,0.138332,128172800
1997-11-21,0.139267,0.139734,0.134593,0.135995,97776000
1997-11-24,0.131322,0.134593,0.130855,0.131789,157348800
1997-11-25,0.132257,0.133658,0.126182,0.129920,205430400
1997-11-26,0.129920,0.132257,0.128985,0.130855,60412800
1997-11-28,0.131789,0.133659,0.130387,0.132724,41316800
1997-12-01,0.132257,0.134126,0.128985,0.132724,87236800
1997-12-02,0.129920,0.130855,0.118704,0.118704,396816000
1997-12-03,0.120106,0.120573,0.117302,0.117769,343056000
1997-12-04,0.119638,0.119638,0.116835,0.116835,199640000
1997-12-05,0.116367,0.119638,0.116367,0.118236,221468800
1997-12-08,0.116367,0.117769,0.114965,0.116367,133582400
1997-12-09,0.115900,0.117302,0.112161,0.114031,243051200
1997-12-10,0.112629,0.112629,0.108422,0.110291,194880000
1997-12-11,0.107955,0.108889,0.103749,0.108889,256939200
1997-12-12,0.110291,0.111227,0.104684,0.105618,160563200
1997-12-15,0.105618,0.106553,0.102814,0.104216,165894400
1997-12-16,0.104684,0.107488,0.104684,0.107020,185628800
1997-12-17,0.107020,0.108889,0.104216,0.104216,265294400
1997-12-18,0.104684,0.104684,0.102814,0.103282,202048000
1997-12-19,0.101413,0.103749,0.099076,0.102347,190612800
1997-12-22,0.103749,0.104684,0.098609,0.099543,159476800
1997-12-23,0.098141,0.099543,0.096739,0.096739,458830400
1997-12-24,0.097206,0.099076,0.097206,0.098141,97832000
1997-12-26,0.097673,0.100011,0.097206,0.099543,107878400
1997-12-29,0.099543,0.100478,0.096271,0.098141,278196800
1997-12-30,0.097206,0.100478,0.095337,0.098609,342507200
1997-12-31,0.098141,0.101880,0.096739,0.098141,406358400
1998-01-02,0.101880,0.121508,0.100945,0.121508,718110400
1998-01-05,0.123377,0.123844,0.113563,0.118704,651873600
1998-01-06,0.119171,0.149548,0.110291,0.141604,1812473600
1998-01-07,0.140669,0.142071,0.129453,0.130855,1041622400
1998-01-08,0.130387,0.139267,0.126649,0.135995,774020800
1998-01-09,0.135528,0.144875,0.130855,0.135995,886547200
1998-01-12,0.130387,0.139267,0.128051,0.136462,516398400
1998-01-13,0.139267,0.146744,0.138332,0.145809,636854400
1998-01-14,0.148613,0.149080,0.143940,0.147679,589265600
1998-01-15,0.143473,0.147679,0.139267,0.143473,559272000
1998-01-16,0.145342,0.145342,0.139734,0.140669,246355200
1998-01-20,0.142538,0.144407,0.139267,0.142538,241561600
1998-01-21,0.140202,0.142538,0.138800,0.141370,190209600
1998-01-22,0.139734,0.147679,0.139267,0.143940,329728000
1998-01-23,0.144875,0.147211,0.143940,0.145809,233161600
1998-01-26,0.145342,0.146277,0.140669,0.145342,146440000
1998-01-27,0.143473,0.147211,0.142071,0.143006,112235200
1998-01-28,0.143473,0.144875,0.139267,0.143473,151121600
1998-01-29,0.141604,0.143005,0.138332,0.138332,211881600
1998-01-30,0.136930,0.141136,0.136462,0.136930,162444800
1998-02-02,0.138332,0.138332,0.129920,0.132257,636742400
1998-02-03,0.132257,0.139267,0.132257,0.136930,402617600
1998-02-04,0.135060,0.138332,0.134593,0.136462,170195200
1998-02-05,0.136462,0.138332,0.134593,0.136930,238268800
1998-02-06,0.137398,0.139734,0.136462,0.138332,202339200
1998-02-09,0.137398,0.145809,0.137398,0.143473,494670400
1998-02-10,0.143005,0.146277,0.142538,0.145342,422016000
1998-02-11,0.145809,0.145809,0.141136,0.142071,211668800
1998-02-12,0.143005,0.145342,0.142538,0.144875,203750400
1998-02-13,0.143473,0.148613,0.142071,0.145809,207995200
1998-02-17,0.145809,0.147679,0.145809,0.146744,182750400
1998-02-18,0.146277,0.155156,0.146277,0.153754,494592000
1998-02-19,0.156091,0.156558,0.149548,0.152820,399660800
1998-02-20,0.153287,0.153754,0.148146,0.149548,325416000
1998-02-23,0.150483,0.161699,0.149548,0.158895,477489600
1998-02-24,0.159362,0.159829,0.155156,0.159362,456590400
1998-02-25,0.159362,0.170111,0.156558,0.166840,712667200
1998-02-26,0.166840,0.176186,0.163569,0.175719,595134400
1998-02-27,0.174317,0.178523,0.168709,0.176654,519601600
1998-03-02,0.176186,0.176186,0.166373,0.170111,400444800
1998-03-03,0.163569,0.173382,0.161699,0.172915,334073600
1998-03-04,0.171046,0.185066,0.171046,0.182729,817824000
1998-03-05,0.173849,0.181327,0.172915,0.179925,675124800
1998-03-06,0.178523,0.183196,0.174784,0.182729,666467200
1998-03-09,0.177589,0.181795,0.168242,0.170111,574929600
1998-03-10,0.171980,0.183196,0.171513,0.179925,712902400
1998-03-11,0.187870,0.195815,0.183664,0.195347,1214337600
1998-03-12,0.195347,0.201890,0.191142,0.201890,744363200
1998-03-13,0.203760,0.203760,0.196282,0.202825,566160000
1998-03-16,0.202825,0.203760,0.195815,0.199553,402360000
1998-03-17,0.198151,0.199553,0.193478,0.196983,410256000
1998-03-18,0.194413,0.201422,0.194413,0.201422,276998400
1998-03-19,0.200955,0.201422,0.198619,0.200020,160059200
1998-03-20,0.199553,0.200955,0.194413,0.197217,215476800
1998-03-23,0.193945,0.196282,0.184131,0.195347,414736000
1998-03-24,0.197217,0.209367,0.196282,0.209367,675931200
1998-03-25,0.206564,0.207498,0.197217,0.203059,387374400
1998-03-26,0.200020,0.201890,0.197684,0.198619,202966400
1998-03-27,0.199086,0.204227,0.197217,0.201422,255595200
1998-03-30,0.200020,0.205629,0.200020,0.205162,250700800
1998-03-31,0.205162,0.207965,0.203760,0.205629,266896000
1998-04-01,0.205162,0.207965,0.202357,0.205629,186883200
1998-04-02,0.204227,0.205162,0.201422,0.204227,194308800
1998-04-03,0.202825,0.203760,0.200488,0.202357,203067200
1998-04-06,0.201890,0.201890,0.195815,0.196282,347592000
1998-04-07,0.193011,0.194413,0.186000,0.190674,292700800
1998-04-08,0.188804,0.189740,0.184598,0.186935,225198400
1998-04-09,0.187402,0.193478,0.186935,0.191609,170307200
1998-04-13,0.191609,0.199553,0.186935,0.197684,288299200
1998-04-14,0.197217,0.203760,0.197217,0.201422,327846400
1998-04-15,0.203292,0.205629,0.199086,0.205162,557513600
1998-04-16,0.218714,0.221518,0.210769,0.214041,1837953600
1998-04-17,0.213573,0.214041,0.207031,0.208900,592166400
1998-04-20,0.206564,0.220584,0.206096,0.216845,517776000
1998-04-21,0.217312,0.217780,0.213106,0.216845,348028800
1998-04-22,0.214975,0.216845,0.205629,0.205629,284950400
1998-04-23,0.205162,0.216845,0.203292,0.207031,475294400
1998-04-24,0.207498,0.211237,0.205629,0.208900,215544000
1998-04-27,0.200020,0.207498,0.200020,0.207498,409796800
1998-04-28,0.208433,0.209367,0.196282,0.201422,237171200
1998-04-29,0.201422,0.205162,0.200020,0.201890,189537600
1998-04-30,0.204694,0.206564,0.202357,0.204694,179950400
1998-05-01,0.205629,0.211237,0.200955,0.209367,184072000
1998-05-04,0.215911,0.220584,0.215911,0.217312,571144000
1998-05-05,0.218714,0.223388,0.217780,0.221986,419283200
1998-05-06,0.223388,0.227593,0.218714,0.226659,897008000
1998-05-07,0.228528,0.228996,0.223388,0.225724,552899200
1998-05-08,0.224789,0.228061,0.223855,0.227593,270816000
1998-05-11,0.230865,0.236473,0.229931,0.231333,665022400
1998-05-12,0.228528,0.229931,0.223855,0.225257,257812800
1998-05-13,0.224789,0.230398,0.221518,0.227593,314417600
1998-05-14,0.227126,0.227593,0.222453,0.224789,162680000
1998-05-15,0.224789,0.227126,0.218714,0.221051,272585600
1998-05-18,0.219649,0.221051,0.212171,0.213106,232388800
1998-05-19,0.216378,0.220116,0.215442,0.219649,218265600
1998-05-20,0.221518,0.223387,0.214975,0.221051,190176000
1998-05-21,0.221051,0.221986,0.214040,0.215911,130995200
1998-05-22,0.214975,0.214975,0.204227,0.208433,266593600
1998-05-26,0.209835,0.211237,0.199086,0.199553,311774400
1998-05-27,0.192076,0.200488,0.191609,0.200020,370193600
1998-05-28,0.200020,0.208433,0.200020,0.205162,298491200
1998-05-29,0.205629,0.206096,0.197684,0.199086,216720000
1998-06-01,0.198151,0.206564,0.191609,0.196282,319692800
1998-06-02,0.197684,0.204227,0.194413,0.200955,179300800
1998-06-03,0.202825,0.203760,0.195815,0.196749,145140800
1998-06-04,0.199086,0.200955,0.193011,0.200488,156139200
1998-06-05,0.200955,0.203760,0.197217,0.200955,123323200
1998-06-08,0.201890,0.207031,0.200488,0.203760,126627200
1998-06-09,0.204694,0.213106,0.204694,0.211237,275744000
1998-06-10,0.209367,0.216845,0.206564,0.209835,229230400
1998-06-11,0.210769,0.214041,0.207966,0.207966,180118400
1998-06-12,0.206564,0.211237,0.204694,0.210302,223854400
1998-06-15,0.203760,0.211237,0.203760,0.205629,136662400
1998-06-16,0.207031,0.210302,0.204227,0.209367,129684800
1998-06-17,0.209367,0.213573,0.208900,0.210302,187174400
1998-06-18,0.207498,0.209835,0.203292,0.204227,119996800
1998-06-19,0.204694,0.205162,0.200020,0.202357,137558400
1998-06-22,0.201890,0.206096,0.200020,0.204694,134568000
1998-06-23,0.205162,0.210302,0.203760,0.207966,231056000
1998-06-24,0.207498,0.214041,0.204227,0.211237,273795200
1998-06-25,0.213573,0.215443,0.211704,0.213573,191811200
1998-06-26,0.213106,0.214041,0.207498,0.210769,111115200
1998-06-29,0.211237,0.215442,0.209835,0.214508,166185600
1998-06-30,0.214040,0.215442,0.210302,0.214508,131062400
1998-07-01,0.215911,0.224322,0.213106,0.223855,314115200
1998-07-02,0.221986,0.224789,0.216845,0.216845,298110400
1998-07-06,0.220584,0.227126,0.217780,0.227126,270950400
1998-07-07,0.227126,0.230865,0.224322,0.228061,241472000
1998-07-08,0.229931,0.246287,0.229463,0.243483,932814400
1998-07-09,0.246287,0.251428,0.235071,0.236940,566608000
1998-07-10,0.240679,0.243951,0.237407,0.239744,302523200
1998-07-13,0.238809,0.255167,0.238342,0.253764,715388800
1998-07-14,0.253764,0.254232,0.247689,0.250026,548531200
1998-07-15,0.251895,0.259373,0.250493,0.257503,594966400
1998-07-16,0.283207,0.285076,0.267317,0.280402,2561350400
1998-07-17,0.278533,0.278533,0.270589,0.275729,629552000
1998-07-20,0.273393,0.273860,0.265448,0.271056,383891200
1998-07-21,0.270122,0.276664,0.265915,0.266382,329504000
1998-07-22,0.261242,0.266382,0.256102,0.261709,280728000
1998-07-23,0.260307,0.266382,0.259840,0.261242,253131200
1998-07-24,0.264513,0.265448,0.252830,0.259373,271286400
1998-07-27,0.256102,0.260775,0.248624,0.257503,214233600
1998-07-28,0.254699,0.258905,0.246755,0.251428,225377600
1998-07-29,0.252362,0.268252,0.251895,0.262644,447720000
1998-07-30,0.267784,0.274795,0.265448,0.272926,362297600
1998-07-31,0.273860,0.274795,0.257971,0.258905,183108800
1998-08-03,0.256102,0.265915,0.248624,0.262644,301761600
1998-08-04,0.265448,0.269187,0.254231,0.255634,293921600
1998-08-05,0.252362,0.269187,0.250493,0.269187,454081600
1998-08-06,0.262177,0.275729,0.260775,0.275729,438614400
1998-08-07,0.278066,0.279468,0.269187,0.272926,298020800
1998-08-10,0.271524,0.284609,0.271056,0.283674,488600000
1998-08-11,0.282273,0.306573,0.279468,0.291619,1759475200
1998-08-12,0.297227,0.306106,0.295241,0.299564,689774400
1998-08-13,0.298629,0.304704,0.294423,0.294891,390779200
1998-08-14,0.304237,0.304704,0.295358,0.302835,450777600
1998-08-17,0.306573,0.320126,0.298162,0.313584,930876800
1998-08-18,0.317322,0.324333,0.315920,0.318257,605953600
1998-08-19,0.325267,0.327137,0.306573,0.306573,485990400
1998-08-20,0.306573,0.307509,0.300966,0.303769,391921600
1998-08-21,0.299097,0.325735,0.291619,0.321529,813377600
1998-08-24,0.324800,0.325267,0.300031,0.307976,610176000
1998-08-25,0.316855,0.316855,0.301433,0.305171,495566400
1998-08-26,0.298162,0.307509,0.295358,0.301900,406481600
1998-08-27,0.293488,0.293488,0.266382,0.280402,1114243200
1998-08-28,0.277598,0.287880,0.255167,0.255634,932254400
1998-08-31,0.259840,0.260775,0.231800,0.233202,868224000
1998-09-01,0.234604,0.264513,0.228996,0.255167,869075200
1998-09-02,0.265448,0.279468,0.263578,0.265915,843001600
1998-09-03,0.261709,0.262644,0.254231,0.258905,409752000
1998-09-04,0.265448,0.272458,0.252362,0.262644,377272000
1998-09-08,0.284142,0.286011,0.274795,0.286011,402796800
1998-09-09,0.284609,0.285076,0.276664,0.279468,354692800
1998-09-10,0.271056,0.286011,0.267317,0.285076,526881600
1998-09-11,0.287880,0.296293,0.275729,0.281338,352284800
1998-09-14,0.286011,0.290217,0.277599,0.278066,247072000
1998-09-15,0.274795,0.288347,0.272925,0.285544,433652800
1998-09-16,0.288815,0.289749,0.276664,0.279000,258876800
1998-09-17,0.269654,0.277599,0.268252,0.269187,269292800
1998-09-18,0.269654,0.274795,0.265915,0.274795,305076800
1998-09-21,0.266850,0.276197,0.264046,0.276197,295870400
1998-09-22,0.277599,0.281338,0.271991,0.276664,257936000
1998-09-23,0.278533,0.286946,0.273393,0.286478,287918400
1998-09-24,0.283207,0.295825,0.282273,0.287880,482843200
1998-09-25,0.285544,0.293021,0.281338,0.289749,228289600
1998-09-28,0.297227,0.300498,0.284142,0.292086,405417600
1998-09-29,0.292086,0.299096,0.285076,0.295358,305132800
1998-09-30,0.289749,0.293488,0.284142,0.285076,167182400
1998-10-01,0.274795,0.284142,0.264513,0.266850,370216000
1998-10-02,0.265448,0.271056,0.255167,0.262177,475574400
1998-10-05,0.254231,0.258438,0.235538,0.240679,551880000
1998-10-06,0.251895,0.256569,0.243016,0.243483,399862400
1998-10-07,0.242082,0.249091,0.238342,0.238810,473356800
1998-10-08,0.231800,0.233202,0.213106,0.230398,689214400
1998-10-09,0.237407,0.263578,0.229931,0.262644,668236800
1998-10-12,0.280402,0.287413,0.273393,0.279935,622899200
1998-10-13,0.284609,0.293021,0.269187,0.289749,941628800
1998-10-14,0.297227,0.308911,0.275262,0.279468,2280017600
1998-10-15,0.271056,0.278533,0.265448,0.273860,840672000
1998-10-16,0.277598,0.284609,0.272925,0.274327,615563200
1998-10-19,0.274327,0.284609,0.268252,0.280402,475776000
1998-10-20,0.283675,0.285544,0.269187,0.269654,382088000
1998-10-21,0.274795,0.279935,0.267317,0.277599,430617600
1998-10-22,0.275729,0.281338,0.271056,0.274795,317374400
1998-10-23,0.274795,0.275729,0.262644,0.265448,355980800
1998-10-26,0.269654,0.282272,0.265448,0.279935,475843200
1998-10-27,0.284142,0.291151,0.262177,0.263579,538193600
1998-10-28,0.263579,0.276664,0.262644,0.275262,363708800
1998-10-29,0.272458,0.279935,0.267784,0.272458,344579200
1998-10-30,0.275262,0.280402,0.271056,0.277599,317643200
1998-11-02,0.280402,0.282272,0.278533,0.281338,253769600
1998-11-03,0.279468,0.286011,0.279001,0.282740,370451200
1998-11-04,0.288347,0.292553,0.285076,0.289282,627883200
1998-11-05,0.286945,0.294423,0.284609,0.285544,607118400
1998-11-06,0.283207,0.286011,0.278533,0.284609,797339200
1998-11-09,0.281805,0.285076,0.265448,0.273860,660788800
1998-11-10,0.270589,0.271056,0.261709,0.262644,883982400
1998-11-11,0.267317,0.267784,0.244885,0.250960,948505600
1998-11-12,0.247689,0.257504,0.245820,0.254232,595100800
1998-11-13,0.261242,0.269654,0.259373,0.266850,791817600
1998-11-16,0.268720,0.274795,0.264980,0.269187,384529600
1998-11-17,0.267317,0.267784,0.259840,0.260307,210728000
1998-11-18,0.263111,0.269187,0.260775,0.264980,329660800
1998-11-19,0.265448,0.278066,0.264980,0.267317,346528000
1998-11-20,0.272458,0.274795,0.259840,0.264046,399224000
1998-11-23,0.265915,0.275262,0.263111,0.271056,577953600
1998-11-24,0.270122,0.274795,0.267317,0.268720,319748800
1998-11-25,0.268252,0.269654,0.261242,0.262644,303800000
1998-11-27,0.262177,0.262644,0.259840,0.262177,153104000
1998-11-30,0.258438,0.260307,0.237408,0.238810,561489600
1998-12-01,0.239277,0.260307,0.236473,0.255167,865737600
1998-12-02,0.255167,0.275729,0.250493,0.269187,962483200
1998-12-03,0.271524,0.272925,0.251428,0.251895,626046400
1998-12-04,0.256569,0.257503,0.239277,0.244885,721369600
1998-12-07,0.249558,0.252362,0.244885,0.252362,566596800
1998-12-08,0.253764,0.253764,0.239277,0.239744,680108800
1998-12-09,0.244418,0.245820,0.236473,0.239277,592916800
1998-12-10,0.244418,0.246287,0.238342,0.239277,391249600
1998-12-11,0.241146,0.254232,0.239277,0.252362,689998400
1998-12-14,0.245820,0.249091,0.241146,0.243016,501446400
1998-12-15,0.244885,0.251428,0.244885,0.250960,264712000
1998-12-16,0.252362,0.255634,0.243951,0.245353,374348800
1998-12-17,0.246287,0.252362,0.244885,0.250026,330612800
1998-12-18,0.249558,0.264513,0.248624,0.263111,791492800
1998-12-21,0.264513,0.266382,0.256102,0.262177,357448000
1998-12-22,0.271991,0.285076,0.269187,0.284142,1150800000
1998-12-23,0.288815,0.302835,0.286945,0.297694,1235035200
1998-12-24,0.298162,0.299096,0.293021,0.293488,199987200
1998-12-28,0.291619,0.307509,0.291619,0.305639,725312000
1998-12-29,0.307509,0.310313,0.300966,0.305171,387352000
1998-12-30,0.300031,0.307509,0.299096,0.299564,237361600
1998-12-31,0.302835,0.309378,0.295358,0.306106,271689600
1999-01-04,0.314986,0.315920,0.299096,0.308443,952884800
1999-01-05,0.313584,0.328539,0.310313,0.323865,1410113600
1999-01-06,0.329940,0.329940,0.306573,0.312182,1348569600
1999-01-07,0.315920,0.336951,0.314986,0.336484,1429019200
1999-01-08,0.348167,0.350504,0.329006,0.336484,678832000
1999-01-11,0.342091,0.344428,0.335549,0.343026,560974400
1999-01-12,0.346297,0.348634,0.329940,0.344895,820736000
1999-01-13,0.320594,0.353775,0.315920,0.347700,1047816000
1999-01-14,0.340222,0.343960,0.307041,0.309378,1723859200
1999-01-15,0.312649,0.314986,0.299097,0.308911,1006006400
1999-01-19,0.313584,0.316388,0.301900,0.305639,534889600
1999-01-20,0.307041,0.314051,0.302835,0.303302,778120000
1999-01-21,0.302368,0.303302,0.280402,0.290217,600488000
1999-01-22,0.281805,0.295358,0.277131,0.289749,345766400
1999-01-25,0.293488,0.295825,0.290217,0.294423,385336000
1999-01-26,0.298629,0.305639,0.296293,0.302835,560044800
1999-01-27,0.306573,0.309378,0.298629,0.300031,364952000
1999-01-28,0.305639,0.308443,0.301433,0.305639,336280000
1999-01-29,0.307976,0.310780,0.299096,0.307976,242715200
1999-02-01,0.311715,0.313584,0.301433,0.306106,278913600
1999-02-02,0.301900,0.304704,0.291619,0.293020,307160000
1999-02-03,0.291619,0.303302,0.289749,0.300498,338744000
1999-02-04,0.300498,0.300966,0.282272,0.283207,463780800
1999-02-05,0.286011,0.286946,0.265448,0.271524,777201600
1999-02-08,0.274328,0.283675,0.271056,0.282273,468227200
1999-02-09,0.283674,0.292086,0.277131,0.278066,701153600
1999-02-10,0.275729,0.289282,0.269187,0.286478,563628800
1999-02-11,0.289749,0.297227,0.288347,0.296292,565196800
1999-02-12,0.292553,0.292553,0.276664,0.281805,428904000
1999-02-16,0.290684,0.290684,0.283207,0.286478,300227200
1999-02-17,0.285076,0.289282,0.276197,0.276664,296060800
1999-02-18,0.280870,0.283207,0.265915,0.269187,500169600
1999-02-19,0.271056,0.281805,0.270589,0.278066,361692800
1999-02-22,0.279468,0.290684,0.278533,0.287413,298670400
1999-02-23,0.288347,0.295825,0.283674,0.287413,322179200
1999-02-24,0.290217,0.291619,0.279468,0.279935,212755200
1999-02-25,0.279001,0.281805,0.272926,0.276197,264600000
1999-02-26,0.272926,0.276664,0.257971,0.260307,667251200
1999-03-01,0.260307,0.260307,0.251428,0.252362,487827200
1999-03-02,0.255167,0.264046,0.252362,0.258905,683054400
1999-03-03,0.259840,0.262644,0.250493,0.255634,293350400
1999-03-04,0.257971,0.257971,0.242082,0.250026,367270400
1999-03-05,0.256569,0.256569,0.242082,0.248157,468036800
1999-03-08,0.248624,0.259373,0.248156,0.257036,550670400
1999-03-09,0.256569,0.257036,0.250493,0.255167,319692800
1999-03-10,0.255634,0.255634,0.242549,0.243483,546280000
1999-03-11,0.241146,0.253297,0.239277,0.240679,473659200
1999-03-12,0.241613,0.250493,0.241613,0.248157,271398400
1999-03-15,0.249091,0.261709,0.248624,0.254699,352161600
1999-03-16,0.261709,0.265915,0.261242,0.265448,399828800
1999-03-17,0.268720,0.269654,0.253764,0.254699,366318400
1999-03-18,0.257036,0.266382,0.256102,0.265448,227080000
1999-03-19,0.268720,0.269187,0.245820,0.250493,536502400
1999-03-22,0.254232,0.263111,0.246287,0.262177,593611200
1999-03-23,0.257503,0.257503,0.244885,0.246755,415553600
1999-03-24,0.248624,0.252362,0.243016,0.251895,400153600
1999-03-25,0.257036,0.260775,0.249558,0.252830,399963200
1999-03-26,0.252362,0.252829,0.246754,0.248624,253836800
1999-03-29,0.250493,0.264980,0.250026,0.264513,568870400
1999-03-30,0.261709,0.271991,0.261709,0.268252,554523200
1999-03-31,0.271991,0.277599,0.268252,0.268720,422352000
1999-04-01,0.269654,0.274328,0.267317,0.269654,262057600
1999-04-05,0.269187,0.283207,0.269187,0.277131,460936000
1999-04-06,0.275262,0.286478,0.275262,0.284142,628588800
1999-04-07,0.284609,0.286011,0.271991,0.277599,411812800
1999-04-08,0.275729,0.277131,0.269187,0.275729,296408000
1999-04-09,0.271056,0.278533,0.268720,0.274795,268542400
1999-04-12,0.261709,0.275729,0.260775,0.271056,395819200
1999-04-13,0.271524,0.275262,0.257971,0.258905,412384000
1999-04-14,0.263578,0.277131,0.261709,0.265681,681027200
1999-04-15,0.264513,0.270589,0.256569,0.267317,1734476800
1999-04-16,0.268252,0.269654,0.263578,0.264980,502219200
1999-04-19,0.266850,0.269187,0.250493,0.253297,921816000
1999-04-20,0.253297,0.259840,0.250493,0.254699,523857600
1999-04-21,0.254231,0.257036,0.250493,0.257036,351400000
1999-04-22,0.262177,0.273860,0.262177,0.271991,740174400
1999-04-23,0.271056,0.294891,0.271056,0.293020,1046841600
1999-04-26,0.295358,0.308443,0.293488,0.306106,927931200
1999-04-27,0.321529,0.342559,0.321529,0.342091,2106048000
1999-04-28,0.333680,0.341624,0.326202,0.329473,954990400
1999-04-29,0.323398,0.331810,0.312416,0.321529,789308800
1999-04-30,0.329006,0.352373,0.329006,0.343961,1472329600
1999-05-03,0.344428,0.373871,0.342091,0.370599,1470436800
1999-05-04,0.360785,0.363589,0.345362,0.347700,811238400
1999-05-05,0.346297,0.351438,0.333680,0.351438,579297600
1999-05-06,0.348167,0.350504,0.329006,0.332744,433148800
1999-05-07,0.333680,0.343026,0.319659,0.343026,434716800
1999-05-10,0.349569,0.350971,0.333680,0.338353,392996800
1999-05-11,0.335549,0.345362,0.325735,0.334614,458595200
1999-05-12,0.335549,0.347700,0.329940,0.347700,395124800
1999-05-13,0.347233,0.350036,0.340222,0.345362,295523200
1999-05-14,0.337418,0.342559,0.331810,0.331810,226632000
1999-05-17,0.327137,0.334147,0.321529,0.331810,210761600
1999-05-18,0.335082,0.343961,0.331810,0.338353,418376000
1999-05-19,0.340222,0.342091,0.325267,0.337886,298278400
1999-05-20,0.339755,0.342091,0.317790,0.317790,417715200
1999-05-21,0.321529,0.331342,0.318257,0.328539,463187200
1999-05-24,0.326202,0.331342,0.313116,0.313584,260926400
1999-05-25,0.310780,0.317322,0.306106,0.310313,366508800
1999-05-26,0.312182,0.331810,0.308443,0.329473,437550400
1999-05-27,0.322931,0.327137,0.319191,0.325267,336761600
1999-05-28,0.323865,0.331342,0.322463,0.329473,201129600
1999-06-01,0.336484,0.338820,0.331810,0.335082,461025600
1999-06-02,0.332744,0.358448,0.329006,0.348167,521057600
1999-06-03,0.350504,0.358915,0.350036,0.354709,488510400
1999-06-04,0.356111,0.360318,0.353307,0.359851,368681600
1999-06-07,0.359851,0.366393,0.355177,0.365926,418286400
1999-06-08,0.364524,0.364991,0.355644,0.356579,313656000
1999-06-09,0.354709,0.362655,0.354709,0.362187,353785600
1999-06-10,0.357981,0.360785,0.353775,0.359851,317049600
1999-06-11,0.359851,0.362654,0.345830,0.347232,185046400
1999-06-14,0.347700,0.348634,0.337418,0.339755,157080000
1999-06-15,0.337886,0.349569,0.337418,0.344428,130390400
1999-06-16,0.346765,0.359383,0.346765,0.358448,225019200
1999-06-17,0.356111,0.358915,0.342091,0.346765,224403200
1999-06-18,0.339287,0.353307,0.337885,0.352373,208062400
1999-06-21,0.351438,0.353308,0.343961,0.347700,135150400
1999-06-22,0.346297,0.350971,0.339287,0.339287,151076800
1999-06-23,0.336951,0.337185,0.325735,0.326669,531496000
1999-06-24,0.326202,0.326202,0.315920,0.316388,433361600
1999-06-25,0.317790,0.319192,0.314518,0.315453,294134400
1999-06-28,0.317322,0.321062,0.316855,0.318257,277692800
1999-06-29,0.319425,0.340689,0.318724,0.339287,380385600
1999-06-30,0.341624,0.350971,0.336016,0.346297,343268800
1999-07-01,0.346297,0.348167,0.338353,0.338820,149217600
1999-07-02,0.340456,0.350504,0.337886,0.346297,123681600
1999-07-06,0.343493,0.356112,0.342559,0.354242,453812800
1999-07-07,0.354242,0.379478,0.351438,0.372936,1099156800
1999-07-08,0.382282,0.411724,0.380413,0.407519,1625041600
1999-07-09,0.407519,0.415931,0.396302,0.415931,608697600
1999-07-12,0.414996,0.415931,0.405182,0.407519,303912000
1999-07-13,0.400042,0.405182,0.395368,0.401444,283259200
1999-07-14,0.407519,0.423408,0.407519,0.418268,624556800
1999-07-15,0.417800,0.418268,0.383684,0.398172,1691804800
1999-07-16,0.400976,0.407519,0.396302,0.396770,411499200
1999-07-19,0.403313,0.417333,0.391162,0.407051,561299200
1999-07-20,0.407986,0.414996,0.394433,0.395368,442075200
1999-07-21,0.404247,0.414529,0.395368,0.404247,718166400
1999-07-22,0.400976,0.402845,0.382282,0.391629,406728000
1999-07-23,0.394900,0.401911,0.393966,0.398639,229051200
1999-07-26,0.395368,0.396302,0.380413,0.380880,351187200
1999-07-27,0.393499,0.403313,0.392564,0.401444,395908800
1999-07-28,0.402846,0.414062,0.396302,0.406584,328910400
1999-07-29,0.399107,0.413127,0.397237,0.402845,275475200
1999-07-30,0.407519,0.419669,0.407519,0.416398,383140800
1999-08-02,0.415931,0.433690,0.414996,0.416866,362443200
1999-08-03,0.424342,0.429484,0.400976,0.413127,368379200
1999-08-04,0.412660,0.417800,0.398172,0.402378,371425600
1999-08-05,0.400042,0.410322,0.389760,0.409388,322537600
1999-08-06,0.404247,0.413594,0.400042,0.404715,435556800
1999-08-09,0.406350,0.412660,0.405649,0.407051,233284800
1999-08-10,0.403780,0.418735,0.400976,0.414062,416225600
1999-08-11,0.418735,0.446775,0.418267,0.446308,850337600
1999-08-12,0.441634,0.458926,0.438363,0.448644,666108800
1999-08-13,0.453318,0.463599,0.447710,0.449112,298435200
1999-08-16,0.447242,0.453785,0.444906,0.452384,276931200
1999-08-17,0.450981,0.451449,0.440700,0.450981,320936000
1999-08-18,0.449112,0.463599,0.445840,0.449579,468574400
1999-08-19,0.447242,0.452384,0.437895,0.439298,550020800
1999-08-20,0.443036,0.443971,0.435091,0.442569,327947200
1999-08-23,0.443971,0.458926,0.443504,0.454253,355566400
1999-08-24,0.451449,0.454253,0.448177,0.451449,502264000
1999-08-25,0.453786,0.459861,0.449579,0.458926,295164800
1999-08-26,0.457057,0.472011,0.457057,0.464534,404488000
1999-08-27,0.469208,0.486031,0.468740,0.484162,446835200
1999-08-30,0.486031,0.486031,0.463599,0.464066,336593600
1999-08-31,0.468039,0.492574,0.464066,0.487901,634547200
1999-09-01,0.500986,0.514539,0.493509,0.513137,788625600
1999-09-02,0.505660,0.534167,0.500051,0.527624,895148800
1999-09-03,0.537906,0.562675,0.527157,0.549590,1635267200
1999-09-07,0.551459,0.582771,0.549589,0.571087,984793600
1999-09-08,0.569685,0.580901,0.557067,0.557067,762204800
1999-09-09,0.564544,0.567816,0.552394,0.565012,534083200
1999-09-10,0.568283,0.580901,0.558469,0.579032,458763200
1999-09-13,0.576228,0.576228,0.559404,0.560806,252000000
1999-09-14,0.558703,0.586977,0.558469,0.581835,388292800
1999-09-15,0.589780,0.591650,0.562675,0.563609,359576000
1999-09-16,0.568750,0.583705,0.552393,0.574358,441884800
1999-09-17,0.578097,0.581368,0.570153,0.575293,277278400
1999-09-20,0.575760,0.599127,0.574826,0.591182,456668800
1999-09-21,0.547253,0.547720,0.515941,0.517811,3357558400
1999-09-22,0.521550,0.535570,0.516058,0.525755,1123169600
1999-09-23,0.531831,0.532766,0.471077,0.473413,1143755200
1999-09-24,0.473881,0.501103,0.471077,0.485564,1179875200
1999-09-27,0.496313,0.499117,0.457524,0.458458,948192000
1999-09-28,0.459860,0.463599,0.429484,0.445840,1414963200
1999-09-29,0.450514,0.457991,0.433690,0.441635,657283200
1999-09-30,0.445373,0.479956,0.443037,0.473413,908084800
1999-10-01,0.464534,0.466871,0.444906,0.461496,614790400
1999-10-04,0.466403,0.485097,0.466403,0.482760,459356800
1999-10-05,0.490705,0.509398,0.484162,0.507996,814206400
1999-10-06,0.518745,0.520614,0.500986,0.502388,804272000
1999-10-07,0.511735,0.513137,0.485097,0.496313,605886400
1999-10-08,0.494911,0.495846,0.474815,0.490237,382804800
1999-10-11,0.493509,0.510333,0.493509,0.498650,263121600
1999-10-12,0.507529,0.520615,0.500986,0.506127,563752000
1999-10-13,0.498182,0.519680,0.476684,0.478788,636731200
1999-10-14,0.517811,0.548187,0.515941,0.547253,1898803200
1999-10-15,0.531831,0.566881,0.524820,0.557534,1173177600
1999-10-18,0.552394,0.555197,0.531831,0.547720,776406400
1999-10-19,0.535569,0.560806,0.511735,0.512202,1022582400
1999-10-20,0.523418,0.562675,0.523418,0.561740,1081404800
1999-10-21,0.542579,0.576228,0.541177,0.569218,793452800
1999-10-22,0.576695,0.577630,0.548655,0.552861,419507200
1999-10-25,0.555197,0.569218,0.551459,0.557067,326592000
1999-10-26,0.560338,0.564544,0.548187,0.561273,361435200
1999-10-27,0.556132,0.572956,0.549122,0.571087,443072000
1999-10-28,0.576228,0.590715,0.568750,0.582304,504089600
1999-10-29,0.589313,0.606137,0.589313,0.599128,523051200
1999-11-01,0.598193,0.603333,0.578564,0.580434,278577600
1999-11-02,0.583238,0.610811,0.578097,0.600062,399235200
1999-11-03,0.610344,0.622494,0.605670,0.609409,328462400
1999-11-04,0.613615,0.638384,0.602866,0.625298,379086400
1999-11-05,0.632775,0.660816,0.628102,0.660348,416808000
1999-11-08,0.656142,0.730799,0.648665,0.720635,950924800
1999-11-09,0.705680,0.706615,0.658012,0.670162,809177600
1999-11-10,0.659881,0.697268,0.658946,0.683715,577897600
1999-11-11,0.684884,0.692595,0.672032,0.689791,269875200
1999-11-12,0.687455,0.687922,0.653339,0.677640,279059200
1999-11-15,0.670163,0.694464,0.661751,0.668761,259907200
1999-11-16,0.672966,0.686052,0.661751,0.681846,233856000
1999-11-17,0.678108,0.708484,0.672966,0.674836,364571200
1999-11-18,0.680911,0.681379,0.661284,0.670162,364784000
1999-11-19,0.669228,0.694464,0.658479,0.691193,312513600
1999-11-22,0.686052,0.686052,0.667359,0.677640,202361600
1999-11-23,0.686052,0.712223,0.661751,0.693997,543312000
1999-11-24,0.695399,0.710353,0.685584,0.708017,215107200
1999-11-26,0.708484,0.714093,0.703811,0.710821,132070400
1999-11-29,0.704746,0.745871,0.697268,0.707082,464161600
1999-11-30,0.733721,0.775781,0.728113,0.731851,843180800
1999-12-01,0.755218,0.781389,0.748208,0.770640,618564800
1999-12-02,0.771108,0.827188,0.760826,0.823917,567358400
1999-12-03,0.838872,0.864108,0.836535,0.859902,647920000
1999-12-06,0.856630,0.877193,0.833264,0.867379,466782400
1999-12-07,0.871586,0.882334,0.852424,0.880932,445020800
1999-12-08,0.869248,0.881399,0.818776,0.822982,412350400
1999-12-09,0.829992,0.829992,0.754284,0.786997,855198400
1999-12-10,0.787464,0.816906,0.740264,0.770173,637761600
1999-12-13,0.765617,0.766435,0.739797,0.740264,529961600
1999-12-14,0.735590,0.745871,0.708484,0.709419,435870400
1999-12-15,0.697268,0.727178,0.680911,0.725308,622977600
1999-12-16,0.732786,0.735590,0.702877,0.735122,463825600
1999-12-17,0.754284,0.762696,0.736525,0.747741,495006400
1999-12-20,0.744469,0.744937,0.722504,0.732786,283987200
1999-12-21,0.734188,0.770641,0.732319,0.766435,307596800
1999-12-22,0.769238,0.781857,0.738394,0.747273,327073600
1999-12-23,0.761293,0.779520,0.755686,0.773911,229532800
1999-12-27,0.780455,0.780922,0.742133,0.742600,168392000
1999-12-28,0.741198,0.744937,0.710353,0.734188,247576000
1999-12-29,0.723906,0.764097,0.714093,0.752882,284502400
1999-12-30,0.764098,0.778586,0.744937,0.750077,207144000
1999-12-31,0.754751,0.769238,0.744002,0.768771,163811200
2000-01-03,0.784193,0.841208,0.760359,0.837002,535796800
2000-01-04,0.809430,0.827188,0.756620,0.766435,512377600
2000-01-05,0.775781,0.826721,0.770173,0.777650,778321600
2000-01-06,0.793540,0.800083,0.710354,0.710354,767972800
2000-01-07,0.721570,0.755218,0.714093,0.744002,460734400
2000-01-10,0.762695,0.764565,0.708484,0.730917,505064000
2000-01-11,0.717364,0.743067,0.676706,0.693529,441548800
2000-01-12,0.710353,0.714093,0.646795,0.651937,976068800
2000-01-13,0.706498,0.738394,0.691660,0.723439,1032684800
2000-01-14,0.747741,0.764565,0.743068,0.751012,390376000
2000-01-18,0.755219,0.792606,0.751012,0.777183,459177600
2000-01-19,0.789801,0.813168,0.772977,0.796811,597643200
2000-01-20,0.863641,0.908505,0.848686,0.848686,1831132800
2000-01-21,0.854294,0.854294,0.823917,0.832329,495924800
2000-01-24,0.810832,0.843077,0.786063,0.794475,440876800
2000-01-25,0.785128,0.845882,0.765500,0.839339,497145600
2000-01-26,0.822515,0.853826,0.820646,0.823917,367158400
2000-01-27,0.813635,0.844947,0.800083,0.822515,340144000
2000-01-28,0.808962,0.829057,0.752415,0.759892,423348800
2000-01-31,0.755218,0.776715,0.706615,0.775781,701680000
2000-02-01,0.777650,0.785128,0.747741,0.749610,318035200
2000-02-02,0.753349,0.763630,0.725308,0.738861,464195200
2000-02-03,0.750077,0.779520,0.749610,0.772510,475193600
2000-02-04,0.777183,0.822515,0.774846,0.807560,425320000
2000-02-07,0.807560,0.854294,0.792138,0.852892,441067200
2000-02-08,0.852424,0.868313,0.831862,0.858967,408643200
2000-02-09,0.853359,0.875791,0.840741,0.842143,299364800
2000-02-10,0.844013,0.851490,0.822515,0.848686,302982400
2000-02-11,0.849621,0.853359,0.809430,0.813168,212251200
2000-02-14,0.817374,0.866444,0.812233,0.865977,367539200
2000-02-15,0.861771,0.896822,0.861304,0.889811,485744000
2000-02-16,0.880465,0.883269,0.838404,0.853359,378246400
2000-02-17,0.861304,0.863640,0.845882,0.858967,289497600
2000-02-18,0.857098,0.862706,0.829057,0.831862,233441600
2000-02-22,0.823450,0.874390,0.797746,0.851023,422296000
2000-02-23,0.846699,0.889811,0.829992,0.869248,473099200
2000-02-24,0.877193,0.890746,0.835600,0.861420,376432000
2000-02-25,0.858500,0.874857,0.823450,0.825319,249144000
2000-02-28,0.823450,0.859902,0.810364,0.846817,328328000
2000-02-29,0.849153,0.876726,0.841676,0.857099,368961600
2000-03-01,0.886541,0.987485,0.886073,0.974400,1077003200
2000-03-02,0.949631,0.956641,0.902430,0.912244,311259200
2000-03-03,0.933741,0.958861,0.897289,0.957108,323366400
2000-03-06,0.942153,0.965520,0.934675,0.939817,210560000
2000-03-07,0.945424,0.952902,0.905701,0.918786,273011200
2000-03-08,0.918786,0.926731,0.886540,0.912244,271230400
2000-03-09,0.903831,0.934675,0.884204,0.914113,276718400
2000-03-10,0.909907,0.956640,0.904766,0.940284,248606400
2000-03-13,0.913179,0.945892,0.893550,0.907103,303956800
2000-03-14,0.906402,0.929068,0.852425,0.854294,428579200
2000-03-15,0.864575,0.899158,0.853359,0.869248,443609600
2000-03-16,0.877194,0.912244,0.856163,0.908972,378100800
2000-03-17,0.898224,0.934675,0.894484,0.934675,305043200
2000-03-20,0.923460,0.944023,0.915048,0.919721,204489600
2000-03-21,0.916450,1.022536,0.909440,1.008983,524328000
2000-03-22,0.992860,1.079552,0.983747,1.078149,567996800
2000-03-23,1.061792,1.124415,1.046837,1.056651,562564800
2000-03-24,1.065063,1.076279,1.013188,1.037022,446913600
2000-03-27,1.029079,1.082355,1.023470,1.043566,279182400
2000-03-28,1.026274,1.061792,1.025339,1.040295,202966400
2000-03-29,1.042164,1.042631,1.000687,1.016460,239836800
2000-03-30,0.998701,1.029545,0.937947,0.940284,414400000
2000-03-31,0.952902,1.026273,0.942153,1.015525,404633600
2000-04-03,1.013189,1.043099,0.967857,0.996832,328563200
2000-04-04,0.991691,0.994495,0.872987,0.951968,660329600
2000-04-05,0.945659,0.993561,0.927199,0.974868,457665600
2000-04-06,0.976737,1.005712,0.921590,0.936078,259627200
2000-04-07,0.951500,0.986083,0.938415,0.985148,242435200
2000-04-10,0.984681,0.992626,0.932806,0.934675,212262400
2000-04-11,0.923460,0.933741,0.882801,0.893083,541822400
2000-04-12,0.889811,0.889811,0.784193,0.816906,941136000
2000-04-13,0.833731,0.897289,0.811299,0.851023,529827200
2000-04-14,0.817374,0.882334,0.815037,0.836535,667620800
2000-04-17,0.818776,0.926731,0.815504,0.926264,409561600
2000-04-18,0.923461,0.948697,0.892616,0.948697,390924800
2000-04-19,0.943556,0.973932,0.895419,0.905701,520150400
2000-04-20,0.924862,0.932806,0.875324,0.888877,722120000
2000-04-24,0.859902,0.901028,0.858033,0.901028,443620800
2000-04-25,0.913179,0.962717,0.912711,0.959445,391641600
2000-04-26,0.946827,0.957108,0.897289,0.907103,366912000
2000-04-27,0.876259,0.949631,0.871702,0.947761,326603200
2000-04-28,0.950566,0.953370,0.907103,0.927666,249580800
2000-05-01,0.933741,0.935611,0.911309,0.929535,226195200
2000-05-02,0.921590,0.944023,0.878595,0.881399,236432000
2000-05-03,0.889344,0.906635,0.834666,0.860369,489798400
2000-05-04,0.860837,0.861771,0.826721,0.827655,399515200
2000-05-05,0.828590,0.858033,0.827889,0.845882,284076800
2000-05-08,0.838170,0.850088,0.822515,0.823449,184900800
2000-05-09,0.824852,0.831862,0.784193,0.788399,327140800
2000-05-10,0.778117,0.785128,0.738394,0.742600,535091200
2000-05-11,0.758022,0.779520,0.740264,0.768771,499744000
2000-05-12,0.792606,0.826254,0.783375,0.804756,306913600
2000-05-15,0.808027,0.808027,0.748675,0.755218,678932800
2000-05-16,0.781506,0.815505,0.768304,0.790268,440451200
2000-05-17,0.774846,0.775314,0.750545,0.758022,398092800
2000-05-18,0.770173,0.784660,0.752415,0.753349,373777600
2000-05-19,0.742133,0.742133,0.698203,0.702877,740667200
2000-05-22,0.701007,0.701007,0.643057,0.672499,755507200
2000-05-23,0.676706,0.698203,0.640253,0.641655,517585600
2000-05-24,0.644459,0.671097,0.620625,0.655675,678462400
2000-05-25,0.661751,0.692829,0.643057,0.652520,406750400
2000-05-26,0.658012,0.672032,0.637449,0.645861,181148800
2000-05-30,0.655208,0.658946,0.611278,0.654740,713059200
2000-05-31,0.649601,0.682314,0.626701,0.628103,433507200
2000-06-01,0.611278,0.669695,0.600997,0.666424,903840000
2000-06-02,0.701007,0.745871,0.665489,0.692127,792848000
2000-06-05,0.697735,0.712223,0.670630,0.682781,323668800
2000-06-06,0.687688,0.723439,0.675304,0.694464,525481600
2000-06-07,0.700073,0.725308,0.685117,0.722037,337019200
2000-06-08,0.729982,0.736524,0.696333,0.708952,238526400
2000-06-09,0.723439,0.732319,0.705680,0.715962,252358400
2000-06-12,0.720635,0.721102,0.679509,0.681846,290337600
2000-06-13,0.681846,0.708017,0.659414,0.706615,351456000
2000-06-14,0.708017,0.719700,0.673902,0.676238,277446400
2000-06-15,0.682313,0.698203,0.665489,0.690726,248572800
2000-06-16,0.699137,0.701007,0.665957,0.681846,303564800
2000-06-19,0.677173,0.731851,0.671564,0.722504,394004800
2000-06-20,0.736524,0.777183,0.735590,0.757088,501390400
2000-06-21,0.755218,0.851490,0.752415,0.831862,490000000
2000-06-22,0.833731,0.861771,0.801017,0.803821,467712000
2000-06-23,0.804288,0.816906,0.759891,0.772977,204965600
2000-06-26,0.785128,0.818776,0.779520,0.809429,185354400
2000-06-27,0.804288,0.829992,0.772042,0.773911,203470400
2000-06-28,0.797279,0.828123,0.770173,0.814103,286428800
2000-06-29,0.793540,0.806626,0.763630,0.766435,203660800
2000-06-30,0.789801,0.821580,0.772977,0.783258,323097600
2000-07-03,0.779520,0.812233,0.779520,0.797279,70828800
2000-07-05,0.796344,0.825319,0.758957,0.772042,265216000
2000-07-06,0.785128,0.791671,0.742133,0.774846,309545600
2000-07-07,0.786530,0.819711,0.779520,0.814103,263603200
2000-07-10,0.808963,0.871119,0.803821,0.854294,397796000
2000-07-11,0.852424,0.886073,0.829057,0.851490,357896000
2000-07-12,0.869248,0.881399,0.843077,0.880464,225433600
2000-07-13,0.874857,0.906635,0.818776,0.844947,445659200
2000-07-14,0.854294,0.882334,0.850555,0.862706,190276800
2000-07-17,0.871118,0.879530,0.854294,0.872053,260002400
2000-07-18,0.874857,0.880465,0.850555,0.856163,318404800
2000-07-19,0.825319,0.849620,0.773912,0.787932,457872800
2000-07-20,0.822515,0.853359,0.809429,0.824384,465572800
2000-07-21,0.812934,0.831862,0.791671,0.801017,196235200
2000-07-24,0.786062,0.790735,0.710353,0.728113,412171200
2000-07-25,0.752415,0.757088,0.733721,0.748675,211607200
2000-07-26,0.745404,0.766435,0.736524,0.748675,210470400
2000-07-27,0.747741,0.796344,0.745871,0.777650,294985600
2000-07-28,0.781857,0.785128,0.701007,0.722504,237893600
2000-07-31,0.735123,0.772042,0.729048,0.759892,155299200
2000-08-01,0.752415,0.765032,0.736524,0.737459,137284000
2000-08-02,0.732786,0.746806,0.705680,0.706615,162355200
2000-08-03,0.681379,0.718766,0.661751,0.717831,339897600
2000-08-04,0.739797,0.766435,0.692595,0.708485,263121600
2000-08-07,0.715962,0.733721,0.705680,0.716897,187348000
2000-08-08,0.716897,0.717831,0.692595,0.699137,176674400
2000-08-09,0.719701,0.724374,0.706615,0.710354,379640800
2000-08-10,0.717831,0.724374,0.708484,0.711288,251714400
2000-08-11,0.700540,0.717831,0.681379,0.713158,238056000
2000-08-14,0.711755,0.713158,0.692595,0.703811,156660000
2000-08-15,0.706615,0.716897,0.695399,0.698203,114200800
2000-08-16,0.701007,0.732786,0.700073,0.725308,143673600
2000-08-17,0.723439,0.784193,0.722504,0.769238,270900000
2000-08-18,0.768304,0.774846,0.745872,0.747741,190176000
2000-08-21,0.751479,0.771108,0.742133,0.755218,134467200
2000-08-22,0.757088,0.789801,0.753349,0.772977,276802400
2000-08-23,0.769706,0.818776,0.763630,0.812233,236863200
2000-08-24,0.817607,0.846817,0.798213,0.839105,310766400
2000-08-25,0.844947,0.859902,0.843077,0.849620,334460000
2000-08-28,0.856163,0.882334,0.853359,0.868314,359004800
2000-08-29,0.865510,0.888877,0.862706,0.885138,267030400
2000-08-30,0.882333,0.897289,0.877894,0.889811,285392800
2000-08-31,0.881866,0.919721,0.881399,0.911309,419596800
2000-09-01,0.916917,0.951501,0.914114,0.948697,256872000
2000-09-05,0.937013,0.958977,0.930937,0.933741,298642400
2000-09-06,0.917852,0.932806,0.863640,0.873922,355404000
2000-09-07,0.884204,0.935611,0.871118,0.927199,217464800
2000-09-08,0.921590,0.921590,0.874857,0.880464,195518400
2000-09-11,0.877661,0.902897,0.869248,0.873922,187381600
2000-09-12,0.857565,0.898224,0.852424,0.863640,187997600
2000-09-13,0.848686,0.889812,0.848686,0.867379,305984000
2000-09-14,0.875792,0.891681,0.849621,0.850322,426552000
2000-09-15,0.863641,0.870184,0.811299,0.826020,394514400
2000-09-18,0.826254,0.908505,0.823450,0.907103,424536000
2000-09-19,0.893550,0.904766,0.875792,0.896355,271510400
2000-09-20,0.888410,0.918786,0.875791,0.912945,227388000
2000-09-21,0.874857,0.891681,0.826253,0.847751,510490400
2000-09-22,0.752415,0.784193,0.747741,0.780455,726700800
2000-09-25,0.788866,0.829992,0.778586,0.800083,435551200
2000-09-26,0.797279,0.818776,0.768304,0.769238,290936800
2000-09-27,0.773912,0.788866,0.721570,0.731851,402259200
2000-09-28,0.737459,0.804757,0.719701,0.800083,979585600
2000-09-29,0.421539,0.433690,0.379478,0.385086,7421640800
2000-10-02,0.399107,0.400042,0.351438,0.362654,2424788800
2000-10-03,0.372936,0.373871,0.331810,0.333680,2038120000
2000-10-04,0.334614,0.355177,0.327137,0.353308,1466024000
2000-10-05,0.351438,0.366393,0.329006,0.329940,873006400
2000-10-06,0.339287,0.343026,0.314051,0.331810,612656800
2000-10-09,0.338353,0.342091,0.315920,0.325267,597564800
2000-10-10,0.323398,0.335549,0.306573,0.312182,691101600
2000-10-11,0.300966,0.314051,0.286011,0.293488,1198422400
2000-10-12,0.303770,0.311247,0.291619,0.299096,1191064000
2000-10-13,0.302835,0.330875,0.299096,0.329940,1247752800
2000-10-16,0.333680,0.347700,0.319659,0.321529,820176000
2000-10-17,0.324333,0.328071,0.294423,0.300966,601720000
2000-10-18,0.290684,0.314986,0.280402,0.300966,834265600
2000-10-19,0.286478,0.296293,0.273860,0.283207,1506724800
2000-10-20,0.285076,0.304704,0.283207,0.291619,791263200
2000-10-23,0.303069,0.307509,0.290684,0.304704,551292000
2000-10-24,0.309378,0.312182,0.281338,0.282273,804451200
2000-10-25,0.285076,0.286946,0.275729,0.276664,663969600
2000-10-26,0.281338,0.282272,0.261709,0.276664,721851200
2000-10-27,0.282272,0.286946,0.267317,0.277599,744503200
2000-10-30,0.286011,0.298162,0.280402,0.288815,639189600
2000-10-31,0.295358,0.302835,0.287880,0.292553,885880800
2000-11-01,0.290684,0.312182,0.290684,0.306573,575366400
2000-11-02,0.315920,0.335549,0.314986,0.333680,590693600
2000-11-03,0.343961,0.343961,0.328071,0.332744,515821600
2000-11-06,0.335549,0.338353,0.312182,0.320594,393478400
2000-11-07,0.321529,0.326202,0.311247,0.318724,301963200
2000-11-08,0.319659,0.320594,0.296293,0.300031,422088800
2000-11-09,0.297227,0.306573,0.285076,0.301900,476834400
2000-11-10,0.289516,0.297227,0.285076,0.285076,422251200
2000-11-13,0.280402,0.299096,0.272925,0.289749,431816000
2000-11-14,0.298162,0.306573,0.292553,0.302835,409001600
2000-11-15,0.299564,0.301900,0.287880,0.297227,282357600
2000-11-16,0.291619,0.296293,0.282272,0.284142,239372000
2000-11-17,0.286946,0.287880,0.272925,0.276664,446180000
2000-11-20,0.278066,0.291619,0.272925,0.283207,408066400
2000-11-21,0.286946,0.291619,0.280402,0.281338,301952000
2000-11-22,0.281338,0.286011,0.274795,0.276664,280532000
2000-11-24,0.282039,0.291619,0.281338,0.288815,160932800
2000-11-27,0.297227,0.298162,0.276664,0.279468,258792800
2000-11-28,0.279468,0.284142,0.268253,0.269654,269124800
2000-11-29,0.270589,0.273860,0.257971,0.262644,492150400
2000-11-30,0.249558,0.254231,0.241146,0.246755,809597600
2000-12-01,0.254231,0.261709,0.251428,0.255167,385705600
2000-12-04,0.257036,0.257036,0.245820,0.249558,371520800
2000-12-05,0.253297,0.260775,0.244885,0.254232,613978400
2000-12-06,0.218714,0.224322,0.209367,0.214041,1374464000
2000-12-07,0.215911,0.222453,0.209367,0.214041,408917600
2000-12-08,0.221518,0.228996,0.215911,0.225257,435624000
2000-12-11,0.227126,0.229931,0.222453,0.227126,332511200
2000-12-12,0.228061,0.239277,0.224322,0.229931,386260000
2000-12-13,0.232734,0.232734,0.222453,0.224322,344887200
2000-12-14,0.224789,0.228061,0.215911,0.215911,263317600
2000-12-15,0.217780,0.219649,0.209367,0.210302,513945600
2000-12-18,0.217780,0.218714,0.208433,0.213106,325808000
2000-12-19,0.214975,0.228061,0.209367,0.209367,374007200
2000-12-20,0.206096,0.218714,0.203760,0.214975,565331200
2000-12-21,0.213106,0.224322,0.207498,0.210302,366844800
2000-12-22,0.211237,0.224322,0.211237,0.224322,318052000
2000-12-26,0.222453,0.224322,0.213106,0.219649,216815200
2000-12-27,0.214508,0.221518,0.212171,0.221518,325466400
2000-12-28,0.214975,0.223388,0.214041,0.221518,305177600
2000-12-29,0.219649,0.224322,0.216845,0.222453,630336000
2001-01-02,0.222453,0.228060,0.217780,0.222453,452312000
2001-01-03,0.216845,0.249558,0.215911,0.244885,817073600
2001-01-04,0.271290,0.276664,0.251428,0.255167,739396000
2001-01-05,0.253297,0.259840,0.240211,0.244885,412356000
2001-01-08,0.253297,0.253998,0.238342,0.247689,373699200
2001-01-09,0.251428,0.263812,0.247689,0.257036,588929600
2001-01-10,0.249558,0.254232,0.240211,0.247689,580781600
2001-01-11,0.243016,0.276664,0.243016,0.269187,803734400
2001-01-12,0.267317,0.269187,0.255167,0.257036,423376800
2001-01-16,0.260775,0.272926,0.254232,0.256102,306118400
2001-01-17,0.262644,0.262644,0.246755,0.251428,840873600
2001-01-18,0.266382,0.280402,0.263578,0.279468,1227010400
2001-01-19,0.290684,0.292553,0.279468,0.291619,776664000
2001-01-22,0.285076,0.293488,0.275729,0.287880,519327200
2001-01-23,0.288815,0.313117,0.285076,0.306573,879530400
2001-01-24,0.308443,0.309378,0.292553,0.306573,717091200
2001-01-25,0.307509,0.307509,0.295358,0.298162,489708800
2001-01-26,0.291619,0.296293,0.285076,0.292553,482820800
2001-01-29,0.292553,0.325267,0.292553,0.324333,855528800
2001-01-30,0.322463,0.329006,0.312182,0.325267,692423200
2001-01-31,0.321529,0.336484,0.320594,0.323398,730704800
2001-02-01,0.309378,0.321529,0.306573,0.315920,369695200
2001-02-02,0.315920,0.328071,0.306573,0.308443,427341600
2001-02-05,0.306573,0.307509,0.295358,0.301900,286115200
2001-02-06,0.301433,0.319893,0.299097,0.315920,462711200
2001-02-07,0.308911,0.312182,0.296293,0.310313,393887200
2001-02-08,0.307509,0.314986,0.301900,0.310313,604128000
2001-02-09,0.306573,0.311247,0.279468,0.286011,590083200
2001-02-12,0.285076,0.299096,0.281338,0.294423,274120000
2001-02-13,0.298162,0.305639,0.284142,0.286011,237070400
2001-02-14,0.286946,0.293488,0.276664,0.291619,309120000
2001-02-15,0.294423,0.307509,0.294423,0.300031,311416000
2001-02-16,0.284142,0.291619,0.280402,0.284142,263911200
2001-02-20,0.286946,0.290684,0.271991,0.273860,314893600
2001-02-21,0.272926,0.298162,0.272926,0.282273,390258400
2001-02-22,0.285076,0.289749,0.269187,0.281338,431961600
2001-02-23,0.278533,0.282272,0.272925,0.281338,293865600
2001-02-26,0.285076,0.294423,0.277599,0.291619,206438400
2001-02-27,0.288347,0.290684,0.279468,0.289749,348516000
2001-02-28,0.289749,0.290684,0.271056,0.272926,508233600
2001-03-01,0.266382,0.280402,0.257036,0.280402,330461600
2001-03-02,0.273860,0.305639,0.272926,0.287880,406201600
2001-03-05,0.289749,0.306573,0.287880,0.304704,324172800
2001-03-06,0.309845,0.329941,0.309378,0.321529,731802400
2001-03-07,0.318724,0.323398,0.310313,0.317790,419540800
2001-03-08,0.309378,0.315920,0.305639,0.311247,204859200
2001-03-09,0.308443,0.309378,0.299096,0.302835,299135200
2001-03-12,0.294423,0.297227,0.271056,0.278533,391020000
2001-03-13,0.282273,0.292553,0.271991,0.292553,443329600
2001-03-14,0.276664,0.306573,0.275729,0.305639,477775200
2001-03-15,0.312182,0.319659,0.294423,0.294423,529317600
2001-03-16,0.284142,0.303769,0.282273,0.293488,470316000
2001-03-19,0.295358,0.308443,0.291619,0.307509,356008800
2001-03-20,0.309845,0.313117,0.294423,0.294423,499206400
2001-03-21,0.295825,0.312182,0.289749,0.300966,371375200
2001-03-22,0.304704,0.325267,0.301900,0.323398,723301600
2001-03-23,0.329940,0.352373,0.329006,0.343961,944888000
2001-03-26,0.345905,0.355177,0.315995,0.325716,734451200
2001-03-27,0.328109,0.344708,0.327510,0.342017,543821600
2001-03-28,0.330203,0.336484,0.321529,0.331548,584662400
2001-03-29,0.325566,0.350690,0.321529,0.336932,613065600
2001-03-30,0.337231,0.339773,0.319135,0.330053,400349600
2001-04-02,0.330352,0.338876,0.320033,0.322875,340911200
2001-04-03,0.319435,0.320033,0.301040,0.302686,368687200
2001-04-04,0.295507,0.302835,0.280402,0.291619,685484800
2001-04-05,0.308069,0.336484,0.299096,0.312107,446762400
2001-04-06,0.311061,0.314649,0.297601,0.307920,324889600
2001-04-09,0.309415,0.319135,0.299993,0.307172,266582400
2001-04-10,0.312555,0.339474,0.310761,0.329604,457374400
2001-04-11,0.343661,0.343960,0.318238,0.326015,334096000
2001-04-12,0.320332,0.344260,0.316295,0.335287,298933600
2001-04-16,0.330352,0.334988,0.311958,0.320631,285224800
2001-04-17,0.317042,0.317192,0.293114,0.305078,685199200
2001-04-18,0.322576,0.360112,0.315248,0.340820,1100842400
2001-04-19,0.382096,0.385086,0.352934,0.384638,1873670400
2001-04-20,0.372824,0.383292,0.367889,0.374469,693403200
2001-04-23,0.364000,0.373871,0.358915,0.362654,541525600
2001-04-24,0.363850,0.370131,0.351587,0.359364,377137600
2001-04-25,0.362056,0.371777,0.352485,0.369683,330780800
2001-04-26,0.376412,0.390320,0.369085,0.369234,799696800
2001-04-27,0.376861,0.393162,0.370131,0.391816,453012000
2001-04-30,0.399294,0.405575,0.371926,0.381199,494776800
2001-05-01,0.380002,0.396302,0.376861,0.387779,427252000
2001-05-02,0.393910,0.399294,0.385236,0.397648,368524800
2001-05-03,0.388377,0.392564,0.369832,0.373272,301543200
2001-05-04,0.362505,0.386582,0.358317,0.385086,281052800
2001-05-07,0.383142,0.385236,0.371477,0.373272,276550400
2001-05-08,0.379105,0.380600,0.358168,0.367440,315436800
2001-05-09,0.361009,0.367141,0.353981,0.358616,324889600
2001-05-10,0.362056,0.366393,0.343213,0.343961,288976800
2001-05-11,0.344110,0.351288,0.340372,0.341718,203044800
2001-05-14,0.342316,0.354130,0.340222,0.348298,309220800
2001-05-15,0.349494,0.381348,0.344559,0.346653,237025600
2001-05-16,0.347849,0.366393,0.341718,0.360411,322330400
2001-05-17,0.362356,0.363850,0.347700,0.352186,332119200
2001-05-18,0.349345,0.353532,0.345755,0.351887,159051200
2001-05-21,0.353382,0.357569,0.344708,0.352335,460997600
2001-05-22,0.358915,0.360860,0.349943,0.351438,412916000
2001-05-23,0.355177,0.355177,0.341867,0.347400,281041600
2001-05-24,0.348298,0.348447,0.338278,0.346952,271756800
2001-05-25,0.346952,0.348298,0.336484,0.340372,158743200
2001-05-29,0.333791,0.336483,0.311209,0.321080,515989600
2001-05-30,0.310462,0.310462,0.288628,0.295806,777078400
2001-05-31,0.296105,0.302686,0.291470,0.298349,442892800
2001-06-01,0.301040,0.315397,0.298797,0.312406,456075200
2001-06-04,0.315248,0.315696,0.305975,0.308967,281920800
2001-06-05,0.311060,0.315547,0.304331,0.313154,471794400
2001-06-06,0.313004,0.313004,0.304032,0.310014,223176800
2001-06-07,0.309714,0.324519,0.305826,0.323921,325180800
2001-06-08,0.323772,0.323772,0.309714,0.318836,342624800
2001-06-11,0.314799,0.315098,0.298349,0.299694,294000000
2001-06-12,0.295657,0.309415,0.295507,0.303733,303794400
2001-06-13,0.320332,0.324968,0.299993,0.306125,511487200
2001-06-14,0.299694,0.305826,0.295657,0.297302,297348800
2001-06-15,0.300592,0.310313,0.289376,0.305676,454624800
2001-06-18,0.305228,0.311808,0.299096,0.304032,345912000
2001-06-19,0.311808,0.320033,0.299245,0.301938,321087200
2001-06-20,0.299096,0.326763,0.298797,0.324071,431620000
2001-06-21,0.322276,0.343960,0.315547,0.336334,341331200
2001-06-22,0.336185,0.343960,0.325416,0.332894,286025600
2001-06-25,0.336483,0.358915,0.335736,0.358766,439549600
2001-06-26,0.349046,0.355476,0.344110,0.355177,272781600
2001-06-27,0.356374,0.358915,0.336484,0.349046,374130400
2001-06-28,0.344708,0.357569,0.343064,0.352036,348409600
2001-06-29,0.353831,0.375366,0.346952,0.347700,515390400
2001-07-02,0.353532,0.362356,0.346054,0.357420,230048000
2001-07-03,0.351587,0.361608,0.351438,0.356523,112543200
2001-07-05,0.352934,0.355476,0.344110,0.346802,152292000
2001-07-06,0.340372,0.343363,0.324819,0.329455,302920800
2001-07-09,0.330352,0.343961,0.324221,0.339474,337467200
2001-07-10,0.343213,0.345007,0.311658,0.316145,395270400
2001-07-11,0.314500,0.337231,0.314051,0.337081,470506400
2001-07-12,0.348447,0.371029,0.348447,0.364299,614801600
2001-07-13,0.360860,0.374020,0.356523,0.371627,454742400
2001-07-16,0.372076,0.375366,0.357569,0.358317,278667200
2001-07-17,0.358616,0.377160,0.344110,0.375365,647830400
2001-07-18,0.325716,0.340671,0.305377,0.310911,1137012800
2001-07-19,0.317491,0.320332,0.295358,0.298498,861140000
2001-07-20,0.294610,0.299993,0.291470,0.298797,444584000
2001-07-23,0.300442,0.306573,0.291769,0.292218,241360000
2001-07-24,0.289974,0.297900,0.280104,0.285488,348376000
2001-07-25,0.285937,0.288628,0.268738,0.276215,443878400
2001-07-26,0.276365,0.281150,0.266944,0.278010,369140800
2001-07-27,0.280402,0.287880,0.276664,0.283543,334135200
2001-07-30,0.285936,0.289525,0.276814,0.283095,243359200
2001-07-31,0.288179,0.290423,0.276814,0.281001,235026400
2001-08-01,0.284291,0.295806,0.283394,0.285039,304136000
2001-08-02,0.293862,0.297152,0.288030,0.296405,252089600
2001-08-03,0.297452,0.297601,0.284142,0.291619,186054400
2001-08-06,0.284740,0.294011,0.284142,0.286085,99652000
2001-08-07,0.289077,0.294161,0.283843,0.287880,168548800
2001-08-08,0.288030,0.294610,0.277262,0.282646,276169600
2001-08-09,0.283543,0.286384,0.279954,0.284889,200664800
2001-08-10,0.284740,0.288927,0.278010,0.284441,186961600
2001-08-13,0.285637,0.289077,0.280552,0.285488,147996800
2001-08-14,0.287132,0.289525,0.279207,0.280103,228950400
2001-08-15,0.280552,0.283244,0.272178,0.275767,289279200
2001-08-16,0.273224,0.280402,0.268738,0.278908,288092000
2001-08-17,0.269187,0.275916,0.269037,0.270234,208426400
2001-08-20,0.271281,0.272627,0.266345,0.270981,252302400
2001-08-21,0.271281,0.271281,0.264700,0.267990,185701600
2001-08-22,0.268289,0.272926,0.263354,0.272328,173975200
2001-08-23,0.272178,0.274271,0.262906,0.266346,217078400
2001-08-24,0.269187,0.278459,0.263953,0.277711,290332000
2001-08-27,0.278160,0.288628,0.271580,0.282945,175644000
2001-08-28,0.282646,0.286235,0.275168,0.275168,171735200
2001-08-29,0.275767,0.281599,0.266644,0.266644,239971200
2001-08-30,0.265299,0.271879,0.258419,0.266644,368692800
2001-08-31,0.265149,0.278160,0.263953,0.277412,216904800
2001-09-04,0.276664,0.285338,0.271879,0.272926,348213600
2001-09-05,0.272776,0.283394,0.270981,0.277412,360057600
2001-09-06,0.275168,0.283095,0.263953,0.265000,282368800
2001-09-07,0.261709,0.270682,0.257223,0.258419,241830400
2001-09-10,0.254231,0.261709,0.253036,0.259765,308845600
2001-09-17,0.239277,0.255278,0.235239,0.254083,458007200
2001-09-18,0.252737,0.265000,0.241819,0.243464,327101600
2001-09-19,0.246755,0.255727,0.233295,0.254531,373318400
2001-09-20,0.243614,0.253484,0.231800,0.234491,411174400
2001-09-21,0.221331,0.243016,0.219537,0.235239,570516800
2001-09-24,0.240922,0.251839,0.238529,0.246007,294537600
2001-09-25,0.241371,0.242567,0.229556,0.232398,374404800
2001-09-26,0.236435,0.237632,0.223275,0.226566,493796800
2001-09-27,0.228061,0.235538,0.227314,0.231949,322240800
2001-09-28,0.234940,0.237931,0.230154,0.231949,365108800
2001-10-01,0.231650,0.239128,0.227762,0.232398,208208000
2001-10-02,0.230753,0.236735,0.222527,0.225070,235883200
2001-10-03,0.223574,0.229706,0.221780,0.224023,683043200
2001-10-04,0.229556,0.243016,0.224173,0.237482,401122400
2001-10-05,0.230304,0.241520,0.224173,0.241371,342686400
2001-10-08,0.232847,0.244511,0.231800,0.242268,207984000
2001-10-09,0.240025,0.242268,0.233744,0.239277,174025600
2001-10-10,0.240773,0.251989,0.238529,0.251540,307759200
2001-10-11,0.253036,0.265299,0.251989,0.265299,334163200
2001-10-12,0.258868,0.270383,0.252138,0.269336,287812000
2001-10-15,0.268439,0.274869,0.268439,0.269037,318752000
2001-10-16,0.270533,0.272178,0.265747,0.269336,202949600
2001-10-17,0.274271,0.275318,0.253634,0.254083,285538400
2001-10-18,0.258569,0.272627,0.258569,0.269187,612572800
2001-10-19,0.268289,0.275168,0.267392,0.273673,166790400
2001-10-22,0.272328,0.285189,0.270533,0.284441,391938400
2001-10-23,0.285936,0.290423,0.267242,0.271281,684980800
2001-10-24,0.270084,0.285487,0.265448,0.283394,374427200
2001-10-25,0.275767,0.287880,0.271580,0.286983,254951200
2001-10-26,0.282048,0.287880,0.278459,0.279207,278964000
2001-10-29,0.277711,0.279206,0.263205,0.263653,239181600
2001-10-30,0.259915,0.269187,0.255129,0.263205,276763200
2001-10-31,0.265149,0.275168,0.260812,0.262606,273750400
2001-11-01,0.263953,0.280851,0.257971,0.278010,312995200
2001-11-02,0.276963,0.282048,0.271580,0.277711,197204000
2001-11-05,0.281749,0.287880,0.278309,0.285189,235793600
2001-11-06,0.283543,0.293413,0.277113,0.292665,316019200
2001-11-07,0.291021,0.301040,0.289077,0.292964,382989600
2001-11-08,0.293563,0.297452,0.277711,0.279804,342143200
2001-11-09,0.278160,0.287880,0.277412,0.279804,134293600
2001-11-12,0.279057,0.286684,0.268588,0.280402,201499200
2001-11-13,0.285338,0.289974,0.279804,0.289675,224672000
2001-11-14,0.292964,0.297601,0.286384,0.293264,221149600
2001-11-15,0.290871,0.297601,0.287581,0.290871,213029600
2001-11-16,0.288179,0.288478,0.275168,0.283693,230664000
2001-11-19,0.284142,0.299844,0.283543,0.299096,332589600
2001-11-20,0.296405,0.302087,0.291619,0.292068,276584000
2001-11-21,0.293264,0.296105,0.288030,0.294311,201583200
2001-11-23,0.294759,0.298349,0.292665,0.296704,60004000
2001-11-26,0.298199,0.322276,0.297302,0.319584,460689600
2001-11-27,0.317042,0.321828,0.306574,0.314051,268553600
2001-11-28,0.311808,0.317192,0.305228,0.307022,250611200
2001-11-29,0.308069,0.309565,0.301938,0.305378,202764800
2001-11-30,0.306125,0.320631,0.302835,0.318537,303912000
2001-12-03,0.314948,0.318238,0.308069,0.314799,181165600
2001-12-04,0.314799,0.337381,0.309864,0.334988,380419200
2001-12-05,0.334390,0.359364,0.331548,0.355327,568579200
2001-12-06,0.351139,0.351438,0.331099,0.340671,338934400
2001-12-07,0.335885,0.339624,0.329006,0.337081,203515200
2001-12-10,0.333343,0.343811,0.332445,0.337081,170010400
2001-12-11,0.339025,0.341718,0.323772,0.325716,205475200
2001-12-12,0.327062,0.327810,0.317790,0.321379,192460800
2001-12-13,0.321379,0.322276,0.306574,0.314051,197842400
2001-12-14,0.310014,0.311509,0.300442,0.304929,189884800
2001-12-17,0.305079,0.314051,0.301938,0.308368,173712000
2001-12-18,0.312406,0.318986,0.302386,0.314201,235239200
2001-12-19,0.307770,0.324221,0.306125,0.323323,289956800
2001-12-20,0.320033,0.321080,0.308368,0.309116,220864000
2001-12-21,0.314201,0.322127,0.311061,0.314051,256334400
2001-12-24,0.312555,0.320781,0.312555,0.319435,50629600
2001-12-26,0.319285,0.333492,0.316145,0.321379,146400800
2001-12-27,0.322725,0.332744,0.322725,0.330053,191508800
2001-12-28,0.328557,0.343960,0.328408,0.335437,299124000
2001-12-31,0.336633,0.338876,0.326463,0.327510,137782400
2002-01-02,0.329754,0.348447,0.328408,0.348447,529496800
2002-01-03,0.343960,0.355177,0.340521,0.352634,612007200
2002-01-04,0.349046,0.358168,0.343811,0.354280,409976000
2002-01-07,0.354728,0.358915,0.340222,0.342466,444584000
2002-01-08,0.340222,0.344709,0.335885,0.338129,450038400
2002-01-09,0.340970,0.342914,0.318238,0.323772,327835200
2002-01-10,0.317342,0.320930,0.302835,0.317491,452737600
2002-01-11,0.319883,0.326613,0.308069,0.314799,348801600
2002-01-14,0.314201,0.320033,0.312555,0.316295,415996000
2002-01-15,0.318836,0.325416,0.317192,0.324520,290320800
2002-01-16,0.320182,0.320182,0.306573,0.310761,566893600
2002-01-17,0.328408,0.340072,0.327062,0.336185,660576000
2002-01-18,0.329006,0.337978,0.328408,0.331548,338811200
2002-01-22,0.333044,0.334539,0.326314,0.326314,327314400
2002-01-23,0.326015,0.344559,0.322875,0.344259,443279200
2002-01-24,0.342615,0.351587,0.342466,0.347101,344002400
2002-01-25,0.342316,0.350242,0.338876,0.347700,185914400
2002-01-28,0.349943,0.352186,0.339773,0.347999,186446400
2002-01-29,0.347251,0.352036,0.341718,0.345007,240324000
2002-01-30,0.345007,0.361009,0.343064,0.360262,471576000
2002-01-31,0.361309,0.369832,0.360561,0.369683,468445600
2002-02-01,0.364000,0.373272,0.364000,0.365047,398305600
2002-02-04,0.363701,0.381647,0.361907,0.379105,522373600
2002-02-05,0.375217,0.388527,0.375067,0.380600,456887200
2002-02-06,0.382843,0.388526,0.361159,0.368935,597576000
2002-02-07,0.368637,0.378207,0.360112,0.363402,347832800
2002-02-08,0.364897,0.368487,0.349494,0.359364,355331200
2002-02-11,0.357868,0.373871,0.355028,0.373571,398602400
2002-02-12,0.368786,0.374469,0.365645,0.369534,224280000
2002-02-13,0.369832,0.377459,0.368636,0.374020,312872000
2002-02-14,0.374618,0.377310,0.364598,0.367889,260170400
2002-02-15,0.366842,0.373571,0.356672,0.357420,260187200
2002-02-19,0.355327,0.356971,0.336185,0.338278,390258400
2002-02-20,0.340521,0.346952,0.334240,0.345905,285443200
2002-02-21,0.342765,0.343961,0.320781,0.321529,446751200
2002-02-22,0.323922,0.343213,0.321529,0.340072,406476000
2002-02-25,0.341718,0.369683,0.334390,0.356074,426848800
2002-02-26,0.357569,0.364449,0.347700,0.353981,260131200
2002-02-27,0.358018,0.362655,0.313154,0.328408,1030159200
2002-02-28,0.331249,0.337829,0.319285,0.324520,456937600
2002-03-01,0.327959,0.351438,0.326314,0.350690,348992000
2002-03-04,0.347849,0.367590,0.340372,0.363252,348258400
2002-03-05,0.361159,0.365346,0.349943,0.351887,274702400
2002-03-06,0.351139,0.364000,0.342914,0.359962,226206400
2002-03-07,0.359813,0.366842,0.353083,0.364598,258249600
2002-03-08,0.369982,0.375217,0.363402,0.368786,269774400
2002-03-11,0.367889,0.375964,0.360411,0.374768,262785600
2002-03-12,0.366543,0.369982,0.360411,0.369683,254055200
2002-03-13,0.364449,0.371627,0.361159,0.366243,200765600
2002-03-14,0.363402,0.367889,0.356971,0.365346,217296800
2002-03-15,0.365795,0.373272,0.362655,0.373123,240900800
2002-03-18,0.373123,0.374618,0.363701,0.369982,304556000
2002-03-19,0.369235,0.378357,0.363402,0.371627,242345600
2002-03-20,0.368786,0.375965,0.366393,0.372674,294319200
2002-03-21,0.356822,0.363402,0.347849,0.362953,616352800
2002-03-22,0.362206,0.367290,0.356971,0.360262,202193600
2002-03-25,0.359962,0.360262,0.347550,0.349195,262830400
2002-03-26,0.346952,0.353532,0.343961,0.350840,257840800
2002-03-27,0.349195,0.354728,0.347849,0.350989,127702400
2002-03-28,0.354429,0.357121,0.350840,0.353981,108455200
2002-04-01,0.349644,0.369384,0.348148,0.365795,199046400
2002-04-02,0.358915,0.363402,0.356971,0.359962,203795200
2002-04-03,0.359663,0.366243,0.352934,0.355177,214530400
2002-04-04,0.353981,0.374618,0.353981,0.372375,338497600
2002-04-05,0.373123,0.376711,0.360411,0.369982,278348000
2002-04-08,0.361309,0.369085,0.355626,0.367290,261514400
2002-04-09,0.367739,0.373871,0.359065,0.360411,191531200
2002-04-10,0.362056,0.373123,0.359065,0.368786,224980000
2002-04-11,0.374319,0.376861,0.370131,0.371777,407254400
2002-04-12,0.374020,0.376412,0.367440,0.374768,320241600
2002-04-15,0.374768,0.376113,0.370879,0.373871,299370400
2002-04-16,0.376113,0.388676,0.375665,0.384937,614577600
2002-04-17,0.387779,0.391367,0.379553,0.390470,396250400
2002-04-18,0.381348,0.381647,0.372076,0.380002,401710400
2002-04-19,0.381199,0.381199,0.372824,0.373571,375407200
2002-04-22,0.371477,0.372824,0.362356,0.366842,269427200
2002-04-23,0.366991,0.370580,0.360262,0.362654,233469600
2002-04-24,0.363402,0.366393,0.354130,0.355476,140448000
2002-04-25,0.352335,0.364000,0.352186,0.360710,194202400
2002-04-26,0.363103,0.364449,0.343960,0.344110,304981600
2002-04-29,0.346353,0.359813,0.345306,0.358317,272288800
2002-04-30,0.357270,0.364598,0.355177,0.362953,280963200
2002-05-01,0.363252,0.363252,0.349345,0.358616,214704000
2002-05-02,0.356075,0.364000,0.352934,0.354280,239344000
2002-05-03,0.352485,0.359215,0.350391,0.351587,230781600
2002-05-06,0.349195,0.351438,0.335885,0.338726,249664800
2002-05-07,0.343064,0.343213,0.331099,0.336035,242748800
2002-05-08,0.346952,0.366692,0.344559,0.364449,436682400
2002-05-09,0.362654,0.364149,0.355925,0.361757,224616000
2002-05-10,0.363252,0.363252,0.343662,0.348747,235396000
2002-05-13,0.351737,0.360262,0.343064,0.358018,265608000
2002-05-14,0.365645,0.384039,0.362206,0.382992,526506400
2002-05-15,0.379404,0.388527,0.371477,0.378058,335826400
2002-05-16,0.374768,0.380600,0.370131,0.377011,227052000
2002-05-17,0.381199,0.385535,0.368038,0.374020,236493600
2002-05-20,0.367440,0.372824,0.366842,0.369982,269914400
2002-05-21,0.371328,0.373871,0.349943,0.350840,280991200
2002-05-22,0.349494,0.364449,0.348747,0.363701,290875200
2002-05-23,0.365645,0.377459,0.359962,0.376562,369398400
2002-05-24,0.373721,0.373721,0.358317,0.361159,166174400
2002-05-28,0.354280,0.361907,0.350391,0.358616,149716000
2002-05-29,0.357719,0.365496,0.350690,0.358616,221793600
2002-05-30,0.355476,0.364598,0.351587,0.361907,196375200
2002-05-31,0.360262,0.362655,0.348148,0.348447,365495200
2002-06-03,0.349793,0.350690,0.337679,0.342614,235110400
2002-06-04,0.342166,0.344559,0.331697,0.340671,347821600
2002-06-05,0.341419,0.341419,0.334240,0.339773,277082400
2002-06-06,0.343363,0.347400,0.329604,0.331398,259996800
2002-06-07,0.325416,0.328109,0.313004,0.320033,612376800
2002-06-10,0.321229,0.326613,0.319135,0.321229,277575200
2002-06-11,0.323622,0.324519,0.305227,0.305975,349496000
2002-06-12,0.305227,0.310313,0.298199,0.300442,528718400
2002-06-13,0.299396,0.299844,0.289824,0.292218,352083200
2002-06-14,0.287730,0.304480,0.270832,0.300592,424900000
2002-06-17,0.302686,0.308518,0.296853,0.307172,324609600
2002-06-18,0.305377,0.307920,0.298797,0.301339,353360000
2002-06-19,0.259765,0.263205,0.252438,0.256026,1709467200
2002-06-20,0.256774,0.263205,0.251989,0.255877,396636800
2002-06-21,0.253783,0.261559,0.251091,0.251989,445177600
2002-06-24,0.250792,0.265149,0.249745,0.258270,431933600
2002-06-25,0.260213,0.264401,0.252138,0.256325,301201600
2002-06-26,0.251241,0.258569,0.238978,0.247502,558952800
2002-06-27,0.251091,0.258270,0.245558,0.255129,251658400
2002-06-28,0.255727,0.266495,0.254231,0.265000,269858400
2002-07-01,0.264850,0.267392,0.254979,0.255129,222689600
2002-07-02,0.254680,0.256625,0.251690,0.253334,305188800
2002-07-03,0.251391,0.264401,0.250493,0.262457,199029600
2002-07-05,0.264850,0.280402,0.264850,0.280253,161649600
2002-07-08,0.276963,0.278309,0.264401,0.269336,211204000
2002-07-09,0.270533,0.273523,0.261111,0.262158,226749600
2002-07-10,0.264850,0.271729,0.257971,0.259018,206880800
2002-07-11,0.258120,0.274421,0.253783,0.273673,373676800
2002-07-12,0.277412,0.281001,0.258120,0.261859,443492000
2002-07-15,0.260662,0.278160,0.251391,0.272627,295993600
2002-07-16,0.271430,0.277711,0.263354,0.267094,446768000
2002-07-17,0.241221,0.242268,0.227164,0.233744,1215485600
2002-07-18,0.231800,0.232697,0.220584,0.224173,559462400
2002-07-19,0.219836,0.226865,0.217293,0.223724,385207200
2002-07-22,0.220584,0.227164,0.218490,0.223126,430897600
2002-07-23,0.222826,0.226267,0.215947,0.216396,399890400
2002-07-24,0.214303,0.227612,0.213106,0.227314,406593600
2002-07-25,0.223275,0.223574,0.209517,0.214752,479354400
2002-07-26,0.216246,0.217293,0.206377,0.214452,207704000
2002-07-29,0.216545,0.225818,0.214901,0.224621,274960000
2002-07-30,0.222079,0.231949,0.217742,0.230753,354838400
2002-07-31,0.230304,0.230603,0.222826,0.228210,310699200
2002-08-01,0.225967,0.230603,0.220285,0.221332,228956000
2002-08-02,0.220434,0.224322,0.213106,0.216097,179060000
2002-08-05,0.216994,0.219836,0.208919,0.209218,204024800
2002-08-06,0.212508,0.227762,0.210564,0.220434,272053600
2002-08-07,0.225668,0.229706,0.214602,0.224771,333474400
2002-08-08,0.220883,0.230005,0.220883,0.228808,227348800
2002-08-09,0.228060,0.228060,0.220584,0.224322,205716000
2002-08-12,0.222826,0.224621,0.219686,0.224173,179765600
2002-08-13,0.222826,0.227463,0.217592,0.218191,269869600
2002-08-14,0.219387,0.229556,0.217443,0.226865,399084000
2002-08-15,0.228061,0.235538,0.224472,0.233445,322078400
2002-08-16,0.231052,0.240773,0.228509,0.236435,245224000
2002-08-19,0.235987,0.243016,0.235090,0.238978,216557600
2002-08-20,0.238829,0.240623,0.232248,0.237931,186625600
2002-08-21,0.239427,0.242866,0.231052,0.241072,202428800
2002-08-22,0.242268,0.243016,0.234192,0.238829,258311200
2002-08-23,0.237782,0.238230,0.231052,0.235239,163245600
2002-08-26,0.238529,0.238529,0.226715,0.232248,189968800
2002-08-27,0.234940,0.235388,0.219986,0.222079,262231200
2002-08-28,0.221331,0.226117,0.219088,0.219836,247973600
2002-08-29,0.219088,0.225519,0.216994,0.219836,164169600
2002-08-30,0.220285,0.226416,0.218041,0.220584,193519200
2002-09-03,0.216695,0.217592,0.210115,0.210115,276936800
2002-09-04,0.212358,0.221033,0.211910,0.216545,420660800
2002-09-05,0.212658,0.214751,0.210115,0.212059,226178400
2002-09-06,0.216994,0.219088,0.212807,0.215051,181591200
2002-09-09,0.213555,0.217293,0.211611,0.214901,158244800
2002-09-10,0.215499,0.216695,0.211162,0.214303,249468800
2002-09-11,0.214452,0.218340,0.211611,0.213705,202412000
2002-09-12,0.212358,0.216994,0.211162,0.211461,269830400
2002-09-13,0.211311,0.214452,0.210115,0.211910,282951200
2002-09-16,0.211461,0.218490,0.211162,0.216845,286641600
2002-09-17,0.217892,0.224771,0.217892,0.221332,427996800
2002-09-18,0.219686,0.225668,0.217144,0.224621,328641600
2002-09-19,0.220584,0.221331,0.216545,0.218041,205945600
2002-09-20,0.218639,0.223425,0.217144,0.222378,352788800
2002-09-23,0.220733,0.223724,0.216097,0.222079,263709600
2002-09-24,0.215349,0.221630,0.215349,0.218939,250661600
2002-09-25,0.219686,0.226865,0.219088,0.223275,254682400
2002-09-26,0.225818,0.227164,0.217592,0.219836,208644800
2002-09-27,0.216695,0.222079,0.216545,0.220135,206152800
2002-09-30,0.215349,0.217892,0.211461,0.216845,237697600
2002-10-01,0.218191,0.218340,0.209367,0.216994,342423200
2002-10-02,0.214303,0.218789,0.210863,0.211910,229348000
2002-10-03,0.212059,0.218340,0.210264,0.213854,217896000
2002-10-04,0.214752,0.215349,0.209218,0.209816,190825600
2002-10-07,0.208919,0.212508,0.205778,0.205928,244697600
2002-10-08,0.207872,0.208769,0.199796,0.204582,453644800
2002-10-09,0.202488,0.207124,0.200544,0.203236,356686400
2002-10-10,0.203834,0.212658,0.203086,0.211012,321574400
2002-10-11,0.213106,0.221033,0.210863,0.216994,294677600
2002-10-14,0.217592,0.224023,0.215947,0.220883,194404000
2002-10-15,0.227613,0.228061,0.221033,0.226715,405518400
2002-10-16,0.222228,0.226267,0.207872,0.217742,307624800
2002-10-17,0.212508,0.215050,0.209068,0.211012,469296800
2002-10-18,0.209367,0.214602,0.208321,0.214452,288299200
2002-10-21,0.213256,0.218789,0.209367,0.217742,238520800
2002-10-22,0.216396,0.222527,0.213256,0.219836,218148000
2002-10-23,0.218789,0.224023,0.216845,0.222527,209036800
2002-10-24,0.224621,0.227463,0.217592,0.219686,174748000
2002-10-25,0.219686,0.231052,0.218191,0.230603,279070400
2002-10-28,0.232548,0.238529,0.228061,0.233445,349300000
2002-10-29,0.232847,0.237482,0.223724,0.230902,259179200
2002-10-30,0.231650,0.244810,0.231501,0.238978,270676000
2002-10-31,0.239128,0.245857,0.238081,0.240324,295836800
2002-11-01,0.238380,0.246754,0.237632,0.244661,189828800
2002-11-04,0.246755,0.259915,0.244511,0.252587,376818400
2002-11-05,0.250493,0.253634,0.244511,0.252737,210694400
2002-11-06,0.255428,0.259018,0.249745,0.257522,216389600
2002-11-07,0.253335,0.255727,0.236435,0.239277,336179200
2002-11-08,0.239427,0.242268,0.232099,0.236884,190064000
2002-11-11,0.235388,0.237632,0.226117,0.226715,152975200
2002-11-12,0.229107,0.239876,0.228509,0.233894,223792800
2002-11-13,0.231800,0.240324,0.228510,0.233146,231739200
2002-11-14,0.237782,0.245409,0.235987,0.243763,141713600
2002-11-15,0.242716,0.242866,0.235688,0.238529,160994400
2002-11-18,0.242118,0.242268,0.232099,0.234043,164578400
2002-11-19,0.232548,0.235538,0.224472,0.228360,210952000
2002-11-20,0.228808,0.234790,0.228061,0.232248,208740000
2002-11-21,0.237782,0.245857,0.235538,0.244511,418482400
2002-11-22,0.240623,0.243763,0.237782,0.239427,227858400
2002-11-25,0.239726,0.241370,0.234940,0.238829,199427200
2002-11-26,0.237034,0.237782,0.228360,0.230454,240262400
2002-11-27,0.233295,0.237183,0.231052,0.235089,286798400
2002-11-29,0.236136,0.237482,0.230454,0.231800,143432800
2002-12-02,0.237782,0.240772,0.224472,0.227014,398742400
2002-12-03,0.227314,0.229407,0.225818,0.226715,227869600
2002-12-04,0.227014,0.227164,0.216845,0.223873,325757600
2002-12-05,0.224771,0.225519,0.217293,0.218789,243398400
2002-12-06,0.219088,0.227164,0.217144,0.223574,245358400
2002-12-09,0.223425,0.223574,0.219387,0.220584,236084800
2002-12-10,0.220584,0.231052,0.220285,0.228509,308610400
2002-12-11,0.228808,0.231650,0.225519,0.231650,253500800
2002-12-12,0.231949,0.232548,0.224472,0.227164,149340800
2002-12-13,0.226416,0.226566,0.219088,0.221182,164780000
2002-12-16,0.221481,0.225818,0.218490,0.222079,251624800
2002-12-17,0.222079,0.227164,0.219238,0.225519,222661600
2002-12-18,0.221331,0.222228,0.216845,0.217892,150701600
2002-12-19,0.217293,0.223126,0.210863,0.212358,347519200
2002-12-20,0.213705,0.217742,0.206077,0.211461,318096800
2002-12-23,0.211760,0.217592,0.211162,0.216695,125826400
2002-12-24,0.215947,0.216396,0.213854,0.214752,39340000
2002-12-26,0.215648,0.221481,0.213555,0.215349,85422400
2002-12-27,0.214004,0.215050,0.209517,0.210264,80035200
2002-12-30,0.210564,0.211611,0.206975,0.210414,155041600
2002-12-31,0.209367,0.214751,0.208620,0.214303,200726400
2003-01-02,0.214752,0.223126,0.214602,0.221332,181428800
2003-01-03,0.221332,0.223275,0.218191,0.222826,147453600
2003-01-06,0.224771,0.230005,0.222527,0.222826,390532800
2003-01-07,0.221182,0.224322,0.216396,0.222079,342344800
2003-01-08,0.218041,0.219986,0.215947,0.217592,229644800
2003-01-09,0.218639,0.223126,0.216845,0.219537,215252800
2003-01-10,0.218041,0.221630,0.216695,0.220135,175100800
2003-01-13,0.222826,0.222826,0.214752,0.218789,178942400
2003-01-14,0.219686,0.221630,0.216695,0.218490,186860800
2003-01-15,0.218191,0.219836,0.213256,0.215798,371128800
2003-01-16,0.212508,0.220733,0.212508,0.218639,559070400
2003-01-17,0.217742,0.217742,0.210564,0.210863,266761600
2003-01-21,0.212508,0.215499,0.209367,0.209666,253456000
2003-01-22,0.209068,0.211611,0.206377,0.207573,215140800
2003-01-23,0.210115,0.214751,0.208620,0.211910,228256000
2003-01-24,0.212957,0.212957,0.202787,0.206377,305468800
2003-01-27,0.204582,0.216845,0.204133,0.211311,391406400
2003-01-28,0.212957,0.219686,0.211760,0.218041,286255200
2003-01-29,0.217592,0.225818,0.213854,0.223275,373044000
2003-01-30,0.224023,0.225369,0.213705,0.214153,407058400
2003-01-31,0.212209,0.217592,0.210115,0.214752,341224800
2003-02-03,0.215499,0.222976,0.214602,0.219238,264784800
2003-02-04,0.216097,0.219088,0.214004,0.218340,317413600
2003-02-05,0.219986,0.223275,0.215947,0.216097,221614400
2003-02-06,0.214752,0.218191,0.212658,0.215798,179149600
2003-02-07,0.217592,0.218340,0.210414,0.211611,269701600
2003-02-10,0.213256,0.217892,0.210264,0.214602,167888000
2003-02-11,0.216845,0.218789,0.212358,0.214602,164780000
2003-02-12,0.213405,0.218340,0.213405,0.215200,228687200
2003-02-13,0.215499,0.218939,0.212957,0.217443,208493600
2003-02-14,0.218490,0.220135,0.214602,0.219387,243297600
2003-02-18,0.220584,0.228808,0.220135,0.228360,290897600
2003-02-19,0.225369,0.226566,0.219537,0.222079,240368800
2003-02-20,0.222079,0.223724,0.219986,0.220883,224352800
2003-02-21,0.221630,0.225220,0.219088,0.224322,157444000
2003-02-24,0.222228,0.224771,0.206377,0.220434,180252800
2003-02-25,0.219537,0.225519,0.218041,0.224621,188641600
2003-02-26,0.224173,0.224621,0.216545,0.216845,217095200
2003-02-27,0.217892,0.224322,0.216994,0.222228,154341600
2003-02-28,0.222228,0.225668,0.220883,0.224472,195098400
2003-03-03,0.224472,0.226715,0.217592,0.219088,203761600
2003-03-04,0.220434,0.221481,0.215947,0.217742,126414400
2003-03-05,0.218490,0.221332,0.217144,0.218639,126683200
2003-03-06,0.218041,0.218340,0.215349,0.217742,99859200
2003-03-07,0.216396,0.219986,0.214004,0.217293,200984000
2003-03-10,0.216994,0.219387,0.213854,0.214901,134573600
2003-03-11,0.214751,0.216695,0.211162,0.212807,161190400
2003-03-12,0.211910,0.215200,0.210264,0.212658,222560800
2003-03-13,0.216396,0.221331,0.211910,0.220135,335445600
2003-03-14,0.219537,0.224472,0.218939,0.221033,153098400
2003-03-17,0.222677,0.225369,0.219986,0.224472,399912800
2003-03-18,0.224322,0.225668,0.221630,0.224322,229980800
2003-03-19,0.225369,0.226566,0.221182,0.223574,141316000
2003-03-20,0.223275,0.224173,0.218340,0.222976,163178400
2003-03-21,0.225668,0.226566,0.221630,0.224322,297948000
2003-03-24,0.219387,0.221332,0.214602,0.214901,161100800
2003-03-25,0.215499,0.221780,0.214901,0.217592,167697600
2003-03-26,0.217592,0.217742,0.213854,0.215499,178343200
2003-03-27,0.214153,0.219836,0.214153,0.216695,122393600
2003-03-28,0.215349,0.218639,0.214901,0.217892,145303200
2003-03-31,0.214303,0.217293,0.209965,0.211461,256659200
2003-04-01,0.212358,0.214004,0.210414,0.211760,154341600
2003-04-02,0.214752,0.219686,0.213405,0.218340,171371200
2003-04-03,0.217742,0.219836,0.214602,0.216246,145712000
2003-04-04,0.217144,0.219387,0.215200,0.215499,146020000
2003-04-07,0.222079,0.223574,0.215498,0.216695,196862400
2003-04-08,0.216994,0.219088,0.214751,0.216097,128934400
2003-04-09,0.217144,0.218639,0.211461,0.212209,146725600
2003-04-10,0.212358,0.215200,0.212358,0.214901,107100000
2003-04-11,0.210115,0.215947,0.193366,0.197403,1392708800
2003-04-14,0.205030,0.205629,0.201890,0.203086,502958400
2003-04-15,0.203236,0.203385,0.198899,0.200245,303968000
2003-04-16,0.194263,0.204432,0.193216,0.198002,1016176000
2003-04-17,0.197403,0.198151,0.190225,0.196207,616257600
2003-04-21,0.196357,0.197254,0.194114,0.196506,152320000
2003-04-22,0.197104,0.203684,0.195759,0.202040,300568800
2003-04-23,0.202339,0.203834,0.199796,0.203086,209680800
2003-04-24,0.202189,0.203535,0.194413,0.200993,325108000
2003-04-25,0.201292,0.203086,0.197852,0.199647,205318400
2003-04-28,0.201591,0.208769,0.200843,0.207274,636798400
2003-04-29,0.209068,0.211760,0.203086,0.210264,458236800
2003-04-30,0.208321,0.214602,0.207124,0.212658,458175200
2003-05-01,0.213106,0.215200,0.209367,0.214752,342759200
2003-05-02,0.216246,0.218191,0.214452,0.216097,321182400
2003-05-05,0.220883,0.252438,0.220584,0.240623,1555708000
2003-05-06,0.241071,0.267691,0.240772,0.261709,1514492000
2003-05-07,0.259167,0.272776,0.255877,0.263953,1054379200
2003-05-08,0.264700,0.270234,0.258569,0.269187,687736000
2003-05-09,0.274121,0.275168,0.267392,0.273673,588386400
2003-05-12,0.271430,0.280253,0.271131,0.277562,419372800
2003-05-13,0.275617,0.283693,0.268439,0.279207,446796000
2003-05-14,0.281599,0.281749,0.275617,0.277412,355488000
2003-05-15,0.278160,0.281898,0.276215,0.280103,284995200
2003-05-16,0.278010,0.284291,0.273374,0.281150,341628000
2003-05-19,0.277113,0.278907,0.270084,0.270682,445888800
2003-05-20,0.270682,0.271580,0.263205,0.266046,416220000
2003-05-21,0.266047,0.270533,0.264252,0.266943,305009600
2003-05-22,0.267541,0.275168,0.265299,0.272776,178460800
2003-05-23,0.272328,0.276066,0.268588,0.273972,206718400
2003-05-27,0.268588,0.282646,0.267840,0.282347,290130400
2003-05-28,0.276664,0.279057,0.271430,0.273374,339679200
2003-05-29,0.273523,0.276664,0.267691,0.270682,333765600
2003-05-30,0.270981,0.271879,0.262158,0.268439,382748800
2003-06-02,0.270682,0.273523,0.258270,0.260961,418588800
2003-06-03,0.260812,0.264252,0.254531,0.258868,360858400
2003-06-04,0.258719,0.266047,0.256325,0.263205,271202400
2003-06-05,0.260961,0.265299,0.259167,0.263803,205497600
2003-06-06,0.265299,0.269785,0.256325,0.256475,241388000
2003-06-09,0.253335,0.254830,0.248698,0.251091,259952000
2003-06-10,0.252587,0.258569,0.250493,0.256924,176646400
2003-06-11,0.256475,0.261859,0.251391,0.260961,225114400
2003-06-12,0.262457,0.267392,0.260961,0.265747,252588000
2003-06-13,0.265448,0.268439,0.256176,0.260513,191245600
2003-06-16,0.263205,0.273225,0.260961,0.273225,238526400
2003-06-17,0.275318,0.276664,0.269037,0.272028,177464000
2003-06-18,0.275916,0.291320,0.273822,0.285936,454983200
2003-06-19,0.289525,0.293264,0.280702,0.286235,381528000
2003-06-20,0.289376,0.292815,0.282646,0.287132,356546400
2003-06-23,0.288628,0.294460,0.280402,0.285039,307361600
2003-06-24,0.291171,0.294161,0.279954,0.280851,514382400
2003-06-25,0.282048,0.290124,0.279805,0.285488,329812000
2003-06-26,0.279656,0.288927,0.279656,0.288478,161705600
2003-06-27,0.288628,0.288777,0.276365,0.280103,365792000
2003-06-30,0.279356,0.287282,0.278010,0.285039,222152000
2003-07-01,0.282197,0.286833,0.276814,0.285488,180992000
2003-07-02,0.284590,0.290124,0.284441,0.288179,325298400
2003-07-03,0.284142,0.292366,0.283843,0.286085,137771200
2003-07-07,0.288179,0.301788,0.286085,0.297152,286272000
2003-07-08,0.291918,0.306573,0.291470,0.305078,256737600
2003-07-09,0.302237,0.305826,0.297452,0.297452,213645600
2003-07-10,0.297302,0.298199,0.289675,0.292815,170934400
2003-07-11,0.294011,0.299096,0.292068,0.296853,136858400
2003-07-14,0.299245,0.305078,0.297152,0.297601,188406400
2003-07-15,0.299395,0.302686,0.290572,0.293264,206645600
2003-07-16,0.298647,0.299096,0.289824,0.297152,250930400
2003-07-17,0.301938,0.313303,0.301040,0.312555,751212000
2003-07-18,0.312555,0.316743,0.305078,0.311957,298838400
2003-07-21,0.309415,0.311060,0.303583,0.308219,183808800
2003-07-22,0.312107,0.313453,0.306573,0.311061,198424800
2003-07-23,0.313303,0.313453,0.305975,0.310911,143035200
2003-07-24,0.314649,0.321529,0.304779,0.306723,229236000
2003-07-25,0.305228,0.322576,0.305079,0.322127,216686400
2003-07-28,0.321529,0.321529,0.311958,0.313901,170357600
2003-07-29,0.313901,0.315248,0.306873,0.309864,197120000
2003-07-30,0.310612,0.312555,0.301639,0.303284,173594400
2003-07-31,0.310163,0.319285,0.307620,0.315248,301464800
2003-08-01,0.314051,0.318089,0.308667,0.310014,149604000
2003-08-04,0.307022,0.321529,0.303284,0.317192,230115200
2003-08-05,0.319285,0.320033,0.300592,0.304780,249440800
2003-08-06,0.299993,0.301639,0.291619,0.293563,245464800
2003-08-07,0.295058,0.300442,0.290423,0.298050,174378400
2003-08-08,0.300741,0.301040,0.293114,0.293712,137659200
2003-08-11,0.296405,0.298050,0.291769,0.294011,137228000
2003-08-12,0.295507,0.296105,0.291021,0.294610,164438400
2003-08-13,0.297003,0.304181,0.292815,0.301788,284099200
2003-08-14,0.302237,0.304032,0.298199,0.298648,192780000
2003-08-15,0.299395,0.300143,0.294011,0.294759,125865600
2003-08-18,0.297003,0.305228,0.294909,0.304181,192774400
2003-08-19,0.304630,0.305826,0.299096,0.303882,133688800
2003-08-20,0.301788,0.318089,0.301190,0.314201,273212800
2003-08-21,0.314500,0.324669,0.313303,0.324221,255326400
2003-08-22,0.326164,0.329006,0.308667,0.312256,250264000
2003-08-25,0.310761,0.312705,0.306424,0.311957,137782400
2003-08-26,0.310313,0.315098,0.304331,0.314799,164959200
2003-08-27,0.312705,0.321229,0.308967,0.321229,225702400
2003-08-28,0.318986,0.332296,0.318986,0.331847,319625600
2003-08-29,0.331997,0.341718,0.329754,0.338129,263155200
2003-09-02,0.338876,0.342466,0.334988,0.341718,242132800
2003-09-03,0.340970,0.348747,0.340372,0.343213,268828000
2003-09-04,0.346353,0.347700,0.340521,0.341419,199780000
2003-09-05,0.339923,0.346204,0.335138,0.336484,240133600
2003-09-08,0.336185,0.340820,0.336035,0.340072,167244000
2003-09-09,0.336932,0.339025,0.330801,0.334539,180370400
2003-09-10,0.332744,0.338128,0.330651,0.331697,224890400
2003-09-11,0.332744,0.340820,0.330502,0.337381,213684800
2003-09-12,0.336633,0.346054,0.333642,0.345456,179989600
2003-09-15,0.341119,0.342466,0.330800,0.332146,226844800
2003-09-16,0.332146,0.339325,0.331997,0.334390,269007200
2003-09-17,0.334539,0.334689,0.326763,0.330801,289396800
2003-09-18,0.330501,0.343811,0.328258,0.342166,252907200
2003-09-19,0.342166,0.344708,0.335437,0.337680,205956800
2003-09-22,0.331697,0.336483,0.327810,0.330202,179821600
2003-09-23,0.329305,0.335885,0.327211,0.335437,132451200
2003-09-24,0.332146,0.333642,0.315248,0.318836,301285600
2003-09-25,0.319135,0.319584,0.302835,0.305526,574380800
2003-09-26,0.303583,0.324520,0.301339,0.309415,347250400
2003-09-29,0.321379,0.324071,0.308817,0.318537,365702400
2003-09-30,0.315397,0.317341,0.305676,0.309864,285426400
2003-10-01,0.309714,0.315547,0.301938,0.310911,236112800
2003-10-02,0.311061,0.311061,0.303284,0.307620,204058400
2003-10-03,0.313901,0.326912,0.312256,0.324370,299600000
2003-10-06,0.324071,0.333941,0.322725,0.333343,268329600
2003-10-07,0.329754,0.350092,0.327660,0.347251,418174400
2003-10-08,0.347700,0.352036,0.339923,0.344858,428668800
2003-10-09,0.348447,0.353981,0.340820,0.350690,347748800
2003-10-10,0.351438,0.356074,0.349494,0.354130,174837600
2003-10-13,0.354878,0.365047,0.354728,0.364149,279865600
2003-10-14,0.363701,0.369982,0.361757,0.367141,275419200
2003-10-15,0.371627,0.374020,0.367590,0.371178,610103200
2003-10-16,0.355925,0.356523,0.335138,0.347700,975682400
2003-10-17,0.349644,0.351288,0.335437,0.340222,359811200
2003-10-20,0.337978,0.349046,0.334689,0.347251,279132000
2003-10-21,0.348597,0.349943,0.340222,0.346653,176461600
2003-10-22,0.343064,0.346952,0.339175,0.340372,161599200
2003-10-23,0.339923,0.346204,0.337829,0.343812,165211200
2003-10-24,0.337380,0.341718,0.332445,0.337978,219856000
2003-10-27,0.340222,0.342316,0.336334,0.337978,162013600
2003-10-28,0.337381,0.355476,0.334988,0.354728,251714400
2003-10-29,0.351587,0.357420,0.349046,0.354280,267080800
2003-10-30,0.358766,0.358915,0.342017,0.345306,260556800
2003-10-31,0.348447,0.349195,0.340671,0.342316,218153600
2003-11-03,0.341419,0.348447,0.340671,0.346204,302842400
2003-11-04,0.345007,0.345456,0.337829,0.342614,249233600
2003-11-05,0.341269,0.345905,0.336035,0.344409,322470400
2003-11-06,0.342615,0.346204,0.338726,0.345755,397073600
2003-11-07,0.346802,0.347550,0.335736,0.336484,210145600
2003-11-10,0.335736,0.338726,0.326613,0.327510,234276000
2003-11-11,0.327510,0.329305,0.321229,0.322127,215073600
2003-11-12,0.321229,0.339773,0.321229,0.333941,300003200
2003-11-13,0.330053,0.337381,0.327810,0.335287,212772000
2003-11-14,0.336185,0.338128,0.318238,0.320930,237048000
2003-11-17,0.319285,0.319584,0.313303,0.315995,228256000
2003-11-18,0.317192,0.319135,0.304331,0.305227,267192800
2003-11-19,0.307471,0.308817,0.302985,0.305378,344584800
2003-11-20,0.300592,0.315248,0.300592,0.304780,239590400
2003-11-21,0.304181,0.307770,0.296853,0.303284,241836000
2003-11-24,0.306573,0.318089,0.305826,0.316295,381824800
2003-11-25,0.317491,0.317790,0.308219,0.309266,268654400
2003-11-26,0.312406,0.316295,0.302835,0.309864,245128800
2003-11-28,0.310761,0.315098,0.306873,0.312705,76098400
2003-12-01,0.314649,0.326763,0.314051,0.324669,361536000
2003-12-02,0.323024,0.327510,0.320182,0.322127,205296000
2003-12-03,0.322127,0.326613,0.313453,0.314500,191296000
2003-12-04,0.313154,0.316594,0.310612,0.316295,177940000
2003-12-05,0.312555,0.316295,0.310014,0.311808,186177600
2003-12-08,0.310761,0.315248,0.305227,0.314799,148237600
2003-12-09,0.316594,0.317790,0.305079,0.305826,135144800
2003-12-10,0.305826,0.308219,0.298499,0.304780,271336800
2003-12-11,0.302835,0.319135,0.302237,0.317192,183136800
2003-12-12,0.318836,0.318836,0.309565,0.312406,192673600
2003-12-15,0.321379,0.321379,0.300143,0.301639,388908800
2003-12-16,0.301938,0.306424,0.299246,0.300891,373956800
2003-12-17,0.300292,0.301040,0.295956,0.297302,274260000
2003-12-18,0.297601,0.301788,0.297601,0.299694,330915200
2003-12-19,0.301938,0.305377,0.293413,0.294610,453560800
2003-12-22,0.293862,0.297452,0.287880,0.296853,377064800
2003-12-23,0.297900,0.298349,0.293114,0.296255,308498400
2003-12-24,0.294909,0.307920,0.293862,0.305227,177475200
2003-12-26,0.304331,0.312705,0.304181,0.310761,103695200
2003-12-29,0.312705,0.316444,0.311957,0.316295,233458400
2003-12-30,0.316743,0.321529,0.316295,0.318238,204853600
2003-12-31,0.319285,0.321977,0.316743,0.319584,174451200
2004-01-02,0.322276,0.325267,0.316743,0.318238,144642400
2004-01-05,0.320332,0.334838,0.320332,0.331548,395018400
2004-01-06,0.332744,0.335287,0.324669,0.330352,509348000
2004-01-07,0.330502,0.341419,0.327959,0.337829,586874400
2004-01-08,0.341568,0.354878,0.338726,0.349345,460303200
2004-01-09,0.347400,0.360860,0.340820,0.343961,427459200
2004-01-12,0.347700,0.358915,0.345456,0.354878,487547200
2004-01-13,0.369384,0.371477,0.356821,0.360710,679016800
2004-01-14,0.364897,0.366991,0.355626,0.361907,620043200
2004-01-15,0.342615,0.349943,0.336484,0.341718,1018208800
2004-01-16,0.342316,0.344559,0.338129,0.339773,372820000
2004-01-20,0.339025,0.340970,0.332744,0.339923,315946400
2004-01-21,0.339474,0.343513,0.335437,0.338129,226660000
2004-01-22,0.337381,0.341419,0.331697,0.331697,205004800
2004-01-23,0.335287,0.340072,0.332744,0.337381,227169600
2004-01-26,0.335885,0.344858,0.335437,0.344110,271269600
2004-01-27,0.344559,0.347700,0.340970,0.345007,307070400
2004-01-28,0.341568,0.349644,0.335138,0.336783,275402400
2004-01-29,0.338427,0.340970,0.331847,0.339175,212699200
2004-01-30,0.338726,0.342017,0.335287,0.337381,185298400
2004-02-02,0.335885,0.341119,0.330203,0.333791,287431200
2004-02-03,0.333492,0.334988,0.329006,0.332894,180812800
2004-02-04,0.329006,0.330352,0.324519,0.325865,305552800
2004-02-05,0.326314,0.342615,0.326164,0.335287,352844800
2004-02-06,0.335736,0.342316,0.334988,0.339624,193340000
2004-02-09,0.338278,0.341867,0.336484,0.339025,188260800
2004-02-10,0.338278,0.345755,0.335586,0.343662,255343200
2004-02-11,0.345306,0.356972,0.344708,0.355925,348544000
2004-02-12,0.353083,0.358766,0.352934,0.354878,183988000
2004-02-13,0.356672,0.360411,0.341419,0.343961,315980000
2004-02-17,0.345456,0.351288,0.345456,0.346353,170956800
2004-02-18,0.346653,0.350541,0.344708,0.347849,141635200
2004-02-19,0.348896,0.353532,0.335138,0.336035,323080800
2004-02-20,0.336484,0.336633,0.332146,0.334988,277603200
2004-02-23,0.334091,0.335885,0.327361,0.331847,194079200
2004-02-24,0.331099,0.340072,0.329006,0.334390,259056000
2004-02-25,0.333193,0.342466,0.332146,0.341119,276276000
2004-02-26,0.342166,0.346653,0.340970,0.344559,198408000
2004-02-27,0.343363,0.359215,0.343213,0.357719,468837600
2004-03-01,0.360411,0.363402,0.356972,0.359215,321680800
2004-03-02,0.358915,0.360411,0.355476,0.356074,256687200
2004-03-03,0.352934,0.361757,0.352934,0.357719,225131200
2004-03-04,0.357868,0.377160,0.357569,0.376263,660223200
2004-03-05,0.373123,0.411108,0.372375,0.399892,1540599200
2004-03-08,0.398097,0.400640,0.385834,0.388825,522872000
2004-03-09,0.387330,0.407220,0.385086,0.405276,618363200
2004-03-10,0.404378,0.420828,0.402882,0.413949,1006964000
2004-03-11,0.407818,0.419333,0.405126,0.406023,595851200
2004-03-12,0.408565,0.415444,0.406323,0.412155,329224000
2004-03-15,0.404229,0.409014,0.392714,0.395555,481717600
2004-03-16,0.397050,0.397948,0.379703,0.386133,605432800
2004-03-17,0.388227,0.394508,0.385535,0.391667,411432000
2004-03-18,0.387928,0.389722,0.382694,0.383890,321081600
2004-03-19,0.382245,0.402882,0.381946,0.386732,408576000
2004-03-22,0.379404,0.391367,0.377609,0.386732,419031200
2004-03-23,0.387031,0.388826,0.377160,0.378207,385515200
2004-03-24,0.377908,0.385086,0.377908,0.381348,428215200
2004-03-25,0.390919,0.402434,0.387180,0.401836,566445600
2004-03-26,0.403780,0.409163,0.402434,0.404378,419893600
2004-03-29,0.409313,0.418585,0.406771,0.417389,350728000
2004-03-30,0.414846,0.417987,0.408864,0.417538,359676800
2004-03-31,0.417538,0.418436,0.403032,0.404378,390773600
2004-04-01,0.402135,0.407817,0.398097,0.405425,318332000
2004-04-02,0.414996,0.417688,0.407220,0.411257,274478400
2004-04-05,0.410958,0.424268,0.410360,0.423520,385672000
2004-04-06,0.414398,0.420978,0.410210,0.416192,257992000
2004-04-07,0.412903,0.414248,0.402583,0.408416,255119200
2004-04-08,0.416940,0.418735,0.406771,0.411706,240917600
2004-04-12,0.411257,0.420231,0.411108,0.419333,230540800
2004-04-13,0.418436,0.419184,0.401388,0.402733,436396800
2004-04-14,0.399892,0.404827,0.393461,0.398396,639732800
2004-04-15,0.430998,0.442363,0.421127,0.438176,1761446400
2004-04-16,0.435933,0.438326,0.426213,0.436381,402931200
2004-04-19,0.420530,0.429951,0.416192,0.423969,712353600
2004-04-20,0.421875,0.424866,0.412155,0.414697,354519200
2004-04-21,0.412753,0.420530,0.409313,0.414697,325875200
2004-04-22,0.412155,0.421426,0.405425,0.415444,344584800
2004-04-23,0.414249,0.418735,0.404528,0.414249,315828800
2004-04-26,0.412454,0.413351,0.403780,0.405724,231128800
2004-04-27,0.407369,0.410360,0.399144,0.402882,283864000
2004-04-28,0.401089,0.403929,0.393910,0.395555,231168000
2004-04-29,0.395554,0.403780,0.388526,0.400341,460790400
2004-04-30,0.399443,0.403182,0.381199,0.385535,466502400
2004-05-03,0.388825,0.393761,0.384937,0.389872,297634400
2004-05-04,0.388377,0.397050,0.381348,0.390919,279983200
2004-05-05,0.391816,0.400042,0.388227,0.398546,238106400
2004-05-06,0.394807,0.400042,0.387330,0.397499,263558400
2004-05-07,0.397050,0.412304,0.397050,0.398845,419036800
2004-05-10,0.392863,0.397798,0.387928,0.393013,249978400
2004-05-11,0.394807,0.406622,0.394807,0.405874,305172000
2004-05-12,0.400640,0.408864,0.392414,0.408266,245420000
2004-05-13,0.405276,0.414547,0.402284,0.406622,229852000
2004-05-14,0.407519,0.408565,0.395555,0.404677,257801600
2004-05-17,0.399294,0.404677,0.394209,0.398396,300445600
2004-05-18,0.403331,0.408117,0.400789,0.404677,206063200
2004-05-19,0.409762,0.411257,0.395107,0.395854,375592000
2004-05-20,0.398247,0.403780,0.395854,0.399443,196296800
2004-05-21,0.402284,0.406771,0.399742,0.405425,179894400
2004-05-24,0.408117,0.417239,0.405425,0.408864,235603200
2004-05-25,0.411257,0.426362,0.408117,0.424866,319978400
2004-05-26,0.423670,0.430400,0.418735,0.426362,322168000
2004-05-27,0.425614,0.427708,0.416043,0.421277,235972800
2004-05-28,0.419932,0.422772,0.415744,0.419632,145717600
2004-06-01,0.415594,0.421725,0.412903,0.419632,182134400
2004-06-02,0.419184,0.436232,0.415744,0.432494,318712800
2004-06-03,0.429502,0.433540,0.423072,0.424717,250930400
2004-06-04,0.427109,0.437428,0.426362,0.430400,399112000
2004-06-07,0.434287,0.448345,0.430848,0.445803,295876000
2004-06-08,0.448495,0.455224,0.446102,0.453878,415620800
2004-06-09,0.449990,0.459263,0.448644,0.451636,349204800
2004-06-10,0.451636,0.463151,0.451636,0.459711,257577600
2004-06-14,0.458365,0.458814,0.441167,0.450439,243986400
2004-06-15,0.456720,0.465692,0.452533,0.458963,444634400
2004-06-16,0.458515,0.498294,0.456571,0.489621,909641600
2004-06-17,0.486929,0.495453,0.481695,0.490667,551320000
2004-06-18,0.488424,0.499640,0.484985,0.492164,406252000
2004-06-21,0.495304,0.500986,0.480348,0.483489,390213600
2004-06-22,0.483041,0.494855,0.482891,0.493509,360511200
2004-06-23,0.493509,0.505921,0.491863,0.503977,390868800
2004-06-24,0.501136,0.503978,0.493210,0.496201,252515200
2004-06-25,0.494556,0.503977,0.493509,0.503977,323428000
2004-06-28,0.511155,0.511305,0.481695,0.485882,521096800
2004-06-29,0.479601,0.493359,0.469731,0.486031,590553600
2004-06-30,0.486929,0.493060,0.476909,0.486629,373044000
2004-07-01,0.480049,0.485732,0.477059,0.483041,341941600
2004-07-02,0.455823,0.466291,0.444607,0.464796,910683200
2004-07-06,0.467637,0.469880,0.460608,0.462852,348980800
2004-07-07,0.461356,0.468983,0.450589,0.454477,397992000
2004-07-08,0.450589,0.458813,0.447896,0.450738,233380000
2004-07-09,0.452683,0.456122,0.449093,0.449093,208863200
2004-07-12,0.448943,0.449243,0.432643,0.435783,511621600
2004-07-13,0.437428,0.442662,0.433988,0.436980,316176000
2004-07-14,0.431596,0.448196,0.429801,0.442363,835800000
2004-07-15,0.488424,0.502931,0.480199,0.492462,1767724000
2004-07-16,0.490518,0.492312,0.480348,0.481545,488381600
2004-07-19,0.478703,0.481844,0.473469,0.478106,533170400
2004-07-20,0.477807,0.481545,0.471824,0.481545,323747200
2004-07-21,0.484836,0.489172,0.468684,0.472871,301257600
2004-07-22,0.467338,0.474516,0.464497,0.473768,334118400
2004-07-23,0.471526,0.474815,0.455823,0.459113,273571200
2004-07-26,0.461356,0.470329,0.460309,0.467487,393932000
2004-07-27,0.475563,0.489770,0.472124,0.484985,425006400
2004-07-28,0.483190,0.484685,0.465992,0.482592,285051200
2004-07-29,0.485582,0.490817,0.480498,0.488125,222157600
2004-07-30,0.488275,0.493509,0.478554,0.483639,243023200
2004-08-02,0.466291,0.481545,0.465544,0.472273,365092000
2004-08-03,0.470329,0.474367,0.465842,0.467936,211629600
2004-08-04,0.466440,0.480348,0.466141,0.475414,276488800
2004-08-05,0.475713,0.483041,0.467338,0.469432,244501600
2004-08-06,0.462104,0.465095,0.444158,0.445355,492290400
2004-08-09,0.446401,0.455374,0.445803,0.453130,290847200
2004-08-10,0.454477,0.471675,0.453878,0.471376,351036000
2004-08-11,0.465095,0.465544,0.452533,0.463749,322392000
2004-08-12,0.455374,0.461356,0.452832,0.454178,226200800
2004-08-13,0.457618,0.467786,0.454626,0.461206,328048000
2004-08-16,0.463599,0.474367,0.458215,0.460309,435674400
2004-08-17,0.457318,0.465543,0.453878,0.461655,323019200
2004-08-18,0.456271,0.476311,0.455972,0.474666,364655200
2004-08-19,0.471227,0.476461,0.454028,0.459263,388920000
2004-08-20,0.459262,0.463450,0.455972,0.460608,316780800
2004-08-23,0.461505,0.467637,0.457618,0.464796,254660000
2004-08-24,0.467487,0.477807,0.466440,0.477807,374136000
2004-08-25,0.476610,0.495752,0.474516,0.494257,505618400
2004-08-26,0.494107,0.526110,0.489621,0.518334,955858400
2004-08-27,0.518633,0.519829,0.508464,0.513698,388813600
2004-08-30,0.508464,0.519231,0.507866,0.510259,218142400
2004-08-31,0.509511,0.522671,0.508464,0.515792,376560800
2004-09-01,0.512950,0.538224,0.511305,0.536280,515726400
2004-09-02,0.530896,0.535532,0.520876,0.533289,406324800
2004-09-03,0.523568,0.537177,0.523568,0.526858,293468000
2004-09-07,0.529401,0.541215,0.526858,0.534784,301957600
2004-09-08,0.533887,0.546898,0.533588,0.543607,343526400
2004-09-09,0.539869,0.542860,0.527606,0.533887,461339200
2004-09-10,0.533289,0.541813,0.530298,0.536430,328014400
2004-09-13,0.536579,0.539420,0.528204,0.532242,281976800
2004-09-14,0.527008,0.531643,0.520128,0.530746,254822400
2004-09-15,0.528803,0.530597,0.520428,0.526409,232668800
2004-09-16,0.526409,0.549739,0.524615,0.543607,501916800
2004-09-17,0.546599,0.559011,0.544355,0.555422,502308800
2004-09-20,0.551533,0.567984,0.551384,0.563946,245000000
2004-09-21,0.564544,0.581294,0.560208,0.568433,386652000
2004-09-22,0.569778,0.570376,0.550486,0.552132,401688000
2004-09-23,0.553927,0.560806,0.552281,0.557366,397404000
2004-09-24,0.560058,0.568283,0.555572,0.557665,369488000
2004-09-27,0.552580,0.567984,0.550786,0.561255,397516000
2004-09-28,0.560208,0.572620,0.560058,0.568881,353186400
2004-09-29,0.567236,0.581145,0.565591,0.578452,273509600
2004-09-30,0.583238,0.587276,0.575012,0.579499,425012000
2004-10-01,0.585032,0.586079,0.576957,0.578303,465404800
2004-10-04,0.585930,0.585930,0.579499,0.580098,574084000
2004-10-05,0.576657,0.593258,0.574265,0.588771,406162400
2004-10-06,0.590715,0.609558,0.590266,0.607764,446303200
2004-10-07,0.606269,0.612101,0.590117,0.592510,426148800
2004-10-08,0.591613,0.594753,0.580845,0.584135,359228800
2004-10-11,0.580247,0.584135,0.571274,0.577106,323870400
2004-10-12,0.575760,0.576957,0.563049,0.572620,460191200
2004-10-13,0.581294,0.594604,0.579350,0.594454,1163008000
2004-10-14,0.645898,0.684182,0.636327,0.672667,2768427200
2004-10-15,0.671172,0.682089,0.660853,0.680444,1031128000
2004-10-18,0.668480,0.714093,0.668480,0.714093,1200752000
2004-10-19,0.719327,0.723066,0.707512,0.709158,801992800
2004-10-20,0.705568,0.711849,0.697642,0.709906,605108000
2004-10-21,0.710054,0.719775,0.708260,0.716933,724505600
2004-10-22,0.710952,0.712896,0.703175,0.709008,483067200
2004-10-25,0.705867,0.715439,0.703923,0.711101,392644000
2004-10-26,0.709605,0.718579,0.702427,0.717382,594361600
2004-10-27,0.725458,0.757013,0.720374,0.752227,1193494400
2004-10-28,0.747441,0.780940,0.740264,0.780491,864264800
2004-10-29,0.775257,0.795596,0.774659,0.783632,810219200
2004-11-01,0.785128,0.796493,0.778249,0.784380,602050400
2004-11-02,0.783632,0.808756,0.783632,0.800083,729988000
2004-11-03,0.813093,0.839114,0.807410,0.827151,1204173600
2004-11-04,0.822964,0.830740,0.813094,0.814290,928625600
2004-11-05,0.820421,0.822515,0.778249,0.818328,1205047200
2004-11-08,0.811598,0.829245,0.805467,0.813242,526920800
2004-11-09,0.811000,0.815785,0.798288,0.808308,475764800
2004-11-10,0.806813,0.828347,0.806215,0.818777,508676000
2004-11-11,0.821767,0.828945,0.811000,0.827001,407299200
2004-11-12,0.822664,0.832833,0.820122,0.829992,395701600
2004-11-15,0.825505,0.829394,0.812644,0.826104,376045600
2004-11-16,0.824908,0.825506,0.814738,0.821617,295103200
2004-11-17,0.825356,0.829245,0.810850,0.821019,397751200
2004-11-18,0.812047,0.829245,0.811897,0.828347,459149600
2004-11-19,0.829843,0.851079,0.815037,0.825058,765279200
2004-11-22,0.924207,0.957108,0.865884,0.917478,2568210400
2004-11-23,0.931685,0.933928,0.912992,0.916281,911450400
2004-11-24,0.922563,0.975055,0.920469,0.957856,1390788000
2004-11-26,0.977297,0.983429,0.962193,0.965334,550144000
2004-11-29,1.031135,1.040406,1.008104,1.023508,1712916800
2004-11-30,1.028742,1.028742,1.002720,1.002720,1028518400
2004-12-01,1.013787,1.016180,0.991056,1.013787,800553600
2004-12-02,0.988962,1.000477,0.966979,0.975203,987442400
2004-12-03,0.965034,0.972063,0.923461,0.937368,1238848800
2004-12-06,0.960847,0.990607,0.941406,0.983728,1247920800
2004-12-07,0.985970,0.997935,0.935573,0.940508,1056899200
2004-12-08,0.943350,0.963539,0.927946,0.946341,691902400
2004-12-09,0.939312,0.963090,0.928246,0.956959,741501600
2004-12-10,0.972512,0.987766,0.967577,0.974307,775773600
2004-12-13,0.981335,0.985523,0.966081,0.970717,395040800
2004-12-14,0.978045,0.985224,0.972362,0.976400,415721600
2004-12-15,0.975652,0.978942,0.966978,0.975951,398361600
2004-12-16,0.989261,1.009450,0.987765,0.995991,1126115200
2004-12-17,0.999579,1.002571,0.970568,0.971914,783496000
2004-12-20,0.979092,0.987017,0.923609,0.937966,1168126400
2004-12-21,0.950528,0.953669,0.921217,0.952472,1064414400
2004-12-22,0.952024,0.962492,0.948135,0.953370,565829600
2004-12-23,0.953370,0.960847,0.951126,0.957258,245929600
2004-12-27,0.969072,0.974306,0.940359,0.944546,559490400
2004-12-28,0.946640,0.960846,0.927947,0.959800,611755200
2004-12-29,0.954266,0.971763,0.950678,0.963688,449562400
2004-12-30,0.969221,0.972512,0.960398,0.969072,345340800
2004-12-31,0.970418,0.972063,0.957557,0.963090,278588800
2005-01-03,0.968773,0.973708,0.936171,0.946491,691992000
2005-01-04,0.953967,0.979092,0.941704,0.956211,1096810400
2005-01-05,0.963987,0.975802,0.957856,0.964586,680433600
2005-01-06,0.967128,0.970717,0.947089,0.965334,705555200
2005-01-07,0.972063,1.041304,0.968324,1.035621,2227450400
2005-01-10,1.044295,1.057306,1.015133,1.031285,1725309600
2005-01-11,1.020666,1.034125,0.959202,0.965483,2611627200
2005-01-12,0.978793,0.985523,0.946640,0.978943,1919702400
2005-01-13,1.102320,1.112938,1.042800,1.043847,3164716800
2005-01-14,1.050576,1.072559,1.034724,1.049828,1770742400
2005-01-18,1.044593,1.057305,1.013188,1.056557,1006460000
2005-01-19,1.054165,1.068671,1.043099,1.045043,751895200
2005-01-20,1.041603,1.065830,1.038911,1.053716,914922400
2005-01-21,1.066428,1.070765,1.046837,1.054165,911332800
2005-01-24,1.061493,1.073457,1.055062,1.058202,841629600
2005-01-25,1.067325,1.089309,1.060895,1.077495,969231200
2005-01-26,1.086617,1.087963,1.065082,1.080486,739496800
2005-01-27,1.079139,1.090505,1.070017,1.086318,496227200
2005-01-28,1.086019,1.106357,1.083326,1.106357,801612000
2005-01-31,1.115331,1.164831,1.114284,1.150025,1681097600
2005-02-01,1.152269,1.163036,1.145240,1.159447,678395200
2005-02-02,1.165727,1.195039,1.161839,1.190852,1020062400
2005-02-03,1.182926,1.187861,1.156456,1.163634,731651200
2005-02-04,1.164531,1.180383,1.159446,1.179037,563556000
2005-02-07,1.180383,1.186664,1.158998,1.180533,524456800
2005-02-08,1.182477,1.217023,1.178290,1.209845,890019200
2005-02-09,1.211938,1.226145,1.167971,1.177542,1191456000
2005-02-10,1.177243,1.185618,1.146437,1.171860,1093019200
2005-02-11,1.194291,1.222706,1.180533,1.214481,1201054400
2005-02-14,1.237211,1.268019,1.227043,1.265626,1271463200
2005-02-15,1.295984,1.332175,1.286114,1.322155,2312217600
2005-02-16,1.318267,1.348924,1.306303,1.347877,1639243200
2005-02-17,1.355654,1.359094,1.307799,1.313183,1518473600
2005-02-18,1.312136,1.313931,1.289853,1.298228,1163254400
2005-02-22,1.290601,1.320511,1.275497,1.275497,1219293600
2005-02-23,1.296881,1.322753,1.279385,1.319464,1345181600
2005-02-24,1.323202,1.335614,1.311986,1.329932,1519028000
2005-02-25,1.340250,1.344588,1.318865,1.330829,915510400
2005-02-28,1.336362,1.350120,1.314827,1.341746,651610400
2005-03-01,1.345635,1.349223,1.320810,1.330979,468188000
2005-03-02,1.323501,1.342643,1.318417,1.319613,458161200
2005-03-03,1.327091,1.328287,1.232875,1.249924,1411653600
2005-03-04,1.278936,1.286413,1.251718,1.280432,756618800
2005-03-07,1.280132,1.293592,1.266673,1.278637,450632000
2005-03-08,1.253214,1.260990,1.199376,1.212237,1021451200
2005-03-09,1.185617,1.204759,1.161391,1.176944,1322465200
2005-03-10,1.182327,1.204161,1.169466,1.191300,777109200
2005-03-11,1.202666,1.214032,1.190404,1.204461,632830800
2005-03-14,1.211938,1.220014,1.182029,1.205956,605385200
2005-03-15,1.215528,1.230482,1.203863,1.225098,508608800
2005-03-16,1.232576,1.265476,1.219715,1.231678,697813200
2005-03-17,1.242147,1.282525,1.235866,1.263682,801920000
2005-03-18,1.295984,1.299275,1.271159,1.284918,940150400
2005-03-21,1.294788,1.315126,1.281927,1.307051,541128000
2005-03-22,1.307350,1.314827,1.276543,1.281030,551415200
2005-03-23,1.269664,1.298078,1.256803,1.272655,609823200
2005-03-24,1.283422,1.286114,1.271159,1.271159,352704800
2005-03-28,1.278637,1.284918,1.270262,1.272057,275410800
2005-03-29,1.272953,1.281029,1.241249,1.248726,461356000
2005-03-30,1.258298,1.280132,1.250821,1.280132,394959600
2005-03-31,1.269664,1.271758,1.243942,1.246334,636134800
2005-04-01,1.258896,1.261588,1.213434,1.223004,641284000
2005-04-04,1.225996,1.235567,1.201171,1.228987,580014400
2005-04-05,1.232876,1.263383,1.228987,1.252915,556239600
2005-04-06,1.268168,1.280431,1.260691,1.266075,414825600
2005-04-07,1.266075,1.308546,1.263682,1.302863,506987600
2005-04-08,1.307051,1.329483,1.302265,1.308247,649950000
2005-04-11,1.320511,1.323501,1.253513,1.253812,821662800
2005-04-12,1.270860,1.291797,1.256503,1.275944,981061200
2005-04-13,1.284619,1.285815,1.208050,1.227491,1371946800
2005-04-14,1.160792,1.183225,1.101871,1.114433,2753192400
2005-04-15,1.095290,1.114133,1.055211,1.057305,1728087200
2005-04-18,1.046837,1.085720,1.016928,1.065382,1327177600
2005-04-19,1.094692,1.119816,1.072858,1.109348,1081642800
2005-04-20,1.126397,1.128789,1.059997,1.062091,945131600
2005-04-21,1.088711,1.112938,1.073756,1.112040,759592400
2005-04-22,1.101871,1.106657,1.043847,1.061792,839129200
2005-04-25,1.091402,1.107254,1.080037,1.106058,746460400
2005-04-26,1.100076,1.121910,1.080336,1.082430,810507600
2005-04-27,1.073457,1.087514,1.062091,1.075252,613888800
2005-04-28,1.085420,1.086916,1.054015,1.062988,575106000
2005-04-29,1.081233,1.083626,1.053417,1.078541,671630400
2005-05-02,1.083028,1.096188,1.077345,1.089608,465920000
2005-05-03,1.088710,1.098880,1.077644,1.083027,496739600
2005-05-04,1.080037,1.112638,1.079738,1.111143,448176400
2005-05-05,1.114134,1.114732,1.090804,1.097085,387366000
2005-05-06,1.103366,1.116526,1.100375,1.113835,326247600
2005-05-09,1.115031,1.120116,1.099179,1.105759,355695200
2005-05-10,1.099179,1.114134,1.086617,1.089309,440263600
2005-05-11,1.052819,1.066877,0.990308,1.065082,2041981200
2005-05-12,1.059399,1.064484,1.016928,1.020816,970242000
2005-05-13,1.022910,1.053716,1.019021,1.039958,702713200
2005-05-16,1.033677,1.067774,1.032780,1.063288,474294800
2005-05-17,1.051025,1.060596,1.033078,1.057605,588344400
2005-05-18,1.060296,1.123406,1.046538,1.071961,636722800
2005-05-19,1.070166,1.126994,1.070166,1.123106,793161600
2005-05-20,1.114133,1.126097,1.112339,1.123106,452650800
2005-05-23,1.132080,1.193394,1.132080,1.189207,1042574400
2005-05-24,1.179935,1.196086,1.167373,1.187412,593460000
2005-05-25,1.181430,1.194890,1.176047,1.189805,396006800
2005-05-26,1.194591,1.224500,1.194591,1.218518,525520800
2005-05-27,1.215528,1.220014,1.196684,1.213134,316008000
2005-05-31,1.216125,1.218518,1.183823,1.189207,404205200
2005-06-01,1.193095,1.219116,1.192197,1.205358,453812800
2005-06-02,1.197880,1.205956,1.184421,1.197581,373973600
2005-06-03,1.141351,1.153913,1.129687,1.143744,956869200
2005-06-06,1.146437,1.155409,1.123406,1.134174,811966400
2005-06-07,1.124602,1.128490,1.090206,1.092898,745264800
2005-06-08,1.095589,1.114133,1.093795,1.104263,404006400
2005-06-09,1.106656,1.134771,1.101272,1.126097,390255600
2005-06-10,1.118620,1.118620,1.062390,1.071064,678932800
2005-06-13,1.073457,1.094992,1.071363,1.073756,435772400
2005-06-14,1.074354,1.081233,1.069269,1.076746,347846800
2005-06-15,1.102769,1.115629,1.085720,1.110544,563343200
2005-06-16,1.112339,1.138959,1.101273,1.135968,547674400
2005-06-17,1.150624,1.152718,1.131481,1.145838,596125600
2005-06-20,1.132080,1.139258,1.120116,1.124901,323716400
2005-06-21,1.128191,1.142249,1.118022,1.132379,370526800
2005-06-22,1.144343,1.154511,1.140753,1.153016,424925200
2005-06-23,1.161391,1.189805,1.156007,1.163186,674254000
2005-06-24,1.169167,1.170065,1.126995,1.129387,410709600
2005-06-27,1.101871,1.139557,1.097085,1.109648,600171600
2005-06-28,1.121312,1.124303,1.111741,1.115928,350299600
2005-06-29,1.113536,1.115330,1.080336,1.087813,448358400
2005-06-30,1.094992,1.111442,1.086019,1.100974,418390000
2005-07-01,1.101572,1.105759,1.085420,1.091701,250000800
2005-07-05,1.093197,1.141052,1.091701,1.135968,454269200
2005-07-06,1.127893,1.141352,1.112638,1.118321,394626400
2005-07-07,1.100974,1.129387,1.100675,1.125500,383723200
2005-07-08,1.132678,1.144941,1.120714,1.144043,290735200
2005-07-11,1.147632,1.156007,1.129986,1.139556,388788400
2005-07-12,1.143445,1.148530,1.133874,1.143744,387038400
2005-07-13,1.145240,1.151521,1.133575,1.147035,684835200
2005-07-14,1.220014,1.256503,1.203265,1.218817,2096060400
2005-07-15,1.225397,1.243343,1.210144,1.242745,687682800
2005-07-18,1.238558,1.259195,1.237362,1.240951,586297600
2005-07-19,1.241848,1.292994,1.228389,1.291797,671062000
2005-07-20,1.281926,1.310042,1.275645,1.304957,453395600
2005-07-21,1.307051,1.317220,1.283123,1.294788,404264000
2005-07-22,1.299275,1.316024,1.297779,1.316024,301106400
2005-07-25,1.315724,1.324399,1.307948,1.310341,294627200
2005-07-26,1.316323,1.319314,1.296881,1.304957,268592800
2005-07-27,1.310939,1.318117,1.276244,1.315724,283749200
2005-07-28,1.311537,1.316024,1.295087,1.310042,251311200
2005-07-29,1.302864,1.327390,1.263982,1.275646,562080400
2005-08-01,1.273253,1.288507,1.258597,1.278637,314249600
2005-08-02,1.282824,1.301069,1.274450,1.291797,296875600
2005-08-03,1.291797,1.295386,1.279235,1.292694,258322400
2005-08-04,1.282825,1.286114,1.264879,1.277441,269304000
2005-08-05,1.270860,1.296881,1.256802,1.285815,241931200
2005-08-08,1.286114,1.293592,1.274450,1.275646,176383200
2005-08-09,1.284020,1.312734,1.283422,1.310640,380839200
2005-08-10,1.316024,1.327688,1.295386,1.297480,360945200
2005-08-11,1.297779,1.319613,1.293592,1.316024,271983600
2005-08-12,1.299873,1.382423,1.296882,1.378835,916036800
2005-08-15,1.390200,1.445532,1.389303,1.426091,1086727600
2005-08-16,1.417417,1.420708,1.382124,1.383320,537622400
2005-08-17,1.387807,1.418913,1.386909,1.410240,499724400
2005-08-18,1.403061,1.405753,1.368366,1.384816,442559600
2005-08-19,1.384217,1.396779,1.368964,1.370758,376569200
2005-08-22,1.380329,1.398276,1.353711,1.371955,387732800
2005-08-23,1.371357,1.378835,1.355505,1.368067,295604400
2005-08-24,1.363879,1.409342,1.363580,1.368964,572070800
2005-08-25,1.379432,1.390499,1.370160,1.377638,276253600
2005-08-26,1.379433,1.386013,1.356701,1.368067,261058000
2005-08-29,1.354010,1.376741,1.353711,1.371058,256295200
2005-08-30,1.375544,1.399471,1.373450,1.392891,518761600
2005-08-31,1.401565,1.406650,1.383919,1.402463,402956400
2005-09-01,1.405752,1.410837,1.378534,1.383619,356367200
2005-09-02,1.384816,1.399771,1.379433,1.382423,222378800
2005-09-06,1.396780,1.461982,1.392293,1.459590,818619200
2005-09-07,1.467068,1.477536,1.433270,1.456001,963074000
2005-09-08,1.476041,1.499071,1.469760,1.488902,702640400
2005-09-09,1.497575,1.535860,1.489200,1.534663,615641600
2005-09-12,1.528382,1.544235,1.512830,1.537355,452796400
2005-09-13,1.525989,1.534065,1.505053,1.520007,492884000
2005-09-14,1.527185,1.531074,1.479331,1.483817,474426400
2005-09-15,1.495482,1.500866,1.475443,1.491593,415156000
2005-09-16,1.502361,1.531673,1.493987,1.531673,591004400
2005-09-19,1.526887,1.581921,1.526887,1.574443,783731200
2005-09-20,1.584911,1.609437,1.582817,1.590893,819828800
2005-09-21,1.584014,1.586706,1.551114,1.558591,434747600
2005-09-22,1.551712,1.569359,1.534962,1.552310,463727600
2005-09-23,1.558292,1.600165,1.550516,1.591193,558457200
2005-09-26,1.616018,1.631869,1.594782,1.610335,546562800
2005-09-27,1.612727,1.622298,1.598071,1.598370,341703600
2005-09-28,1.587304,1.588501,1.513128,1.527784,1125544000
2005-09-29,1.532271,1.572947,1.519709,1.565470,636846000
2005-09-30,1.565171,1.604651,1.551711,1.603455,531633200
2005-10-03,1.619906,1.631271,1.605549,1.628281,507553200
2005-10-04,1.643534,1.655498,1.604352,1.607643,539459200
2005-10-05,1.624990,1.625888,1.577733,1.578630,610769600
2005-10-06,1.591192,1.599866,1.521503,1.546328,757537200
2005-10-07,1.546926,1.553207,1.511932,1.534364,677882800
2005-10-10,1.548122,1.552609,1.503856,1.506548,507505600
2005-10-11,1.532270,1.551412,1.507445,1.543038,1225884800
2005-10-12,1.455104,1.504455,1.431774,1.473050,2697486400
2005-10-13,1.478732,1.613625,1.473648,1.607344,1865575600
2005-10-14,1.616017,1.625588,1.578929,1.615119,1035552000
2005-10-17,1.614522,1.621999,1.575640,1.598370,616834400
2005-10-18,1.592688,1.613625,1.561283,1.561582,609588000
2005-10-19,1.557394,1.643833,1.531672,1.643235,1008683200
2005-10-20,1.629178,1.689894,1.625588,1.679127,1357762000
2005-10-21,1.700063,1.704251,1.655797,1.664770,796726000
2005-10-24,1.652506,1.698567,1.647721,1.698567,609753200
2005-10-25,1.686903,1.700362,1.665668,1.677930,465127600
2005-10-26,1.683314,1.721598,1.672547,1.705747,631593200
2005-10-27,1.704550,1.705148,1.657293,1.657293,411541200
2005-10-28,1.676136,1.687800,1.620205,1.629177,769787200
2005-10-31,1.651012,1.734161,1.637553,1.722496,940844800
2005-11-01,1.712027,1.738946,1.700960,1.719803,749686000
2005-11-02,1.726384,1.794578,1.722795,1.793082,857060400
2005-11-03,1.802355,1.863969,1.796672,1.849912,884382800
2005-11-04,1.805046,1.831666,1.783213,1.828975,878035200
2005-11-07,1.820001,1.844527,1.798765,1.801457,638831200
2005-11-08,1.793082,1.805944,1.767659,1.791587,473765600
2005-11-09,1.794578,1.830768,1.794578,1.797868,552930000
2005-11-10,1.813720,1.830470,1.764968,1.829872,665344400
2005-11-11,1.840639,1.857687,1.834656,1.840639,425448800
2005-11-14,1.840638,1.853798,1.821795,1.837947,369933200
2005-11-15,1.842433,1.886699,1.838246,1.862772,536841200
2005-11-16,1.888793,1.945920,1.886998,1.942630,784515200
2005-11-17,1.961773,1.970447,1.921694,1.929770,676205600
2005-11-18,1.953398,1.956988,1.925284,1.930966,524960800
2005-11-21,1.938742,1.949809,1.905841,1.942930,511711200
2005-11-22,1.939340,1.996767,1.929769,1.989588,540282400
2005-11-23,2.000356,2.033256,1.994673,2.007235,485853200
2005-11-25,2.023686,2.079916,2.018900,2.073934,395012800
2005-11-28,2.115208,2.125677,2.065858,2.083504,1018519600
2005-11-29,2.093375,2.102647,2.014413,2.036846,891433200
2005-11-30,2.046716,2.059278,2.019498,2.028471,595674800
2005-12-01,2.062269,2.145418,2.058081,2.141529,812893200
2005-12-02,2.161569,2.175626,2.114611,2.172337,895762000
2005-12-05,2.151998,2.169346,2.138240,2.148110,583671200
2005-12-06,2.211219,2.238137,2.193871,2.214808,857029600
2005-12-07,2.220192,2.227072,2.186993,2.211818,679464800
2005-12-08,2.189386,2.218398,2.171439,2.215706,790479200
2005-12-09,2.219594,2.230960,2.193872,2.223183,555402400
2005-12-12,2.239334,2.253690,2.230062,2.240530,524994400
2005-12-13,2.238737,2.256982,2.219595,2.242625,493816400
2005-12-14,2.169346,2.192376,2.101751,2.153793,1450716400
2005-12-15,2.173832,2.179216,2.134052,2.158877,561162000
2005-12-16,2.157681,2.162466,2.125378,2.126874,671171200
2005-12-19,2.126874,2.171439,2.124780,2.134949,529295200
2005-12-20,2.142427,2.164859,2.127173,2.156783,479108000
2005-12-21,2.171440,2.201649,2.169645,2.198359,475736800
2005-12-22,2.210621,2.227968,2.201348,2.213910,370610800
2005-12-23,2.218397,2.221089,2.192375,2.193871,229857600
2005-12-27,2.213313,2.248606,2.211817,2.220192,590590000
2005-12-28,2.227370,2.236044,2.192974,2.200452,398115200
2005-12-29,2.206732,2.207929,2.136145,2.137043,490025200
2005-12-30,2.120892,2.166355,2.103844,2.150204,624262800
2006-01-03,2.164859,2.235744,2.160970,2.235744,807234400
2006-01-04,2.247111,2.272534,2.228268,2.242326,619603600
2006-01-05,2.238138,2.240231,2.205836,2.224679,449422400
2006-01-06,2.250700,2.294070,2.229764,2.282105,704457600
2006-01-09,2.294965,2.309023,2.265355,2.274626,675040800
2006-01-10,2.280609,2.449300,2.268048,2.418493,2279869200
2006-01-11,2.507624,2.536336,2.470236,2.509418,1493794400
2006-01-12,2.541421,2.584192,2.501044,2.521083,1280809600
2006-01-13,2.542020,2.572528,2.530356,2.559966,776305600
2006-01-17,2.563255,2.583594,2.508521,2.533645,835623600
2006-01-18,2.484892,2.513905,2.448103,2.467245,1200637200
2006-01-19,2.430158,2.442421,2.355084,2.364057,1695848000
2006-01-20,2.371236,2.393967,2.268047,2.275824,1134758800
2006-01-23,2.276123,2.379611,2.273133,2.323082,1059730000
2006-01-24,2.355683,2.375424,2.266253,2.274328,1142254400
2006-01-25,2.314707,2.317997,2.190880,2.219295,1275786400
2006-01-26,2.229164,2.256083,2.151399,2.163363,1181387200
2006-01-27,2.181908,2.201349,2.126575,2.154391,953864800
2006-01-30,2.128668,2.291077,2.119695,2.243222,1398401200
2006-01-31,2.258179,2.283303,2.205837,2.258477,913542000
2006-02-01,2.241727,2.286890,2.232455,2.255784,521186400
2006-02-02,2.246214,2.253990,2.154989,2.156485,707322000
2006-02-03,2.160672,2.177122,2.124780,2.149007,692123600
2006-02-06,2.154091,2.168747,1.996168,2.012917,1651767600
2006-02-07,2.041930,2.078121,1.994374,2.021891,1388830800
2006-02-08,2.048511,2.066158,1.974036,2.058082,953114400
2006-02-09,2.066755,2.070643,1.930068,1.942630,1149764000
2006-02-10,1.949510,2.023985,1.881317,2.013218,1760477600
2006-02-13,1.992878,1.996468,1.933358,1.935451,883498000
2006-02-14,1.947117,2.036846,1.944126,2.023087,1160938800
2006-02-15,2.008730,2.082308,1.996467,2.070344,1159771200
2006-02-16,2.090983,2.123883,2.078122,2.110723,948175200
2006-02-17,2.102648,2.120295,2.082010,2.102349,575999200
2006-02-21,2.111321,2.117602,2.054193,2.066158,779606800
2006-02-22,2.063765,2.143623,2.033854,2.133155,978238800
2006-02-23,2.147212,2.183403,2.136444,2.146016,856917600
2006-02-24,2.157681,2.180113,2.129566,2.137343,534744000
2006-02-27,2.153193,2.157082,2.113115,2.123284,791240800
2006-02-28,2.140931,2.165457,2.036845,2.048510,1266980400
2006-03-01,2.058979,2.078421,2.034454,2.066756,763817600
2006-03-02,2.063465,2.093374,2.053893,2.082008,625273600
2006-03-03,2.075728,2.090982,2.019797,2.025480,737668400
2006-03-06,2.024583,2.025480,1.942332,1.958482,912665600
2006-03-07,1.966857,2.000955,1.946519,1.983307,872877600
2006-03-08,1.982710,2.009928,1.954595,1.963867,653251200
2006-03-09,1.973438,1.988094,1.908534,1.912123,799304800
2006-03-10,1.915711,1.928871,1.867856,1.889989,1043142800
2006-03-13,1.945621,1.982410,1.937845,1.964464,861187600
2006-03-14,1.967157,2.013516,1.959081,2.013516,642020400
2006-03-15,2.025181,2.035052,1.959679,1.980915,891996000
2006-03-16,1.999459,2.000955,1.923190,1.923489,749638400
2006-03-17,1.936649,1.960277,1.917507,1.933957,812042000
2006-03-20,1.950707,1.957885,1.910328,1.913917,605441200
2006-03-21,1.848714,1.924386,1.836153,1.848714,1345366400
2006-03-22,1.859182,1.891784,1.832562,1.844526,1345895600
2006-03-23,1.849013,1.851406,1.782913,1.799363,1427826400
2006-03-24,1.802055,1.822693,1.765565,1.793382,1071980000
2006-03-27,1.805046,1.835853,1.776632,1.779922,1108072000
2006-03-28,1.783512,1.798765,1.742236,1.755995,1370322800
2006-03-29,1.768557,1.869950,1.724889,1.864267,2346834000
2006-03-30,1.878923,1.893280,1.840340,1.876829,1390650800
2006-03-31,1.891784,1.902552,1.861575,1.875932,815357200
2006-04-03,1.904347,1.917806,1.872642,1.873839,815791200
2006-04-04,1.857388,1.860977,1.825983,1.829572,931924000
2006-04-05,1.935452,2.010226,1.918703,2.010226,2233408800
2006-04-06,2.042829,2.154989,2.039837,2.130763,2663768800
2006-04-07,2.121490,2.129864,2.047912,2.087393,1545238800
2006-04-10,2.102348,2.121490,2.047315,2.053895,903515200
2006-04-11,2.063465,2.072736,2.006038,2.033555,939316000
2006-04-12,2.034155,2.038941,1.983009,1.995272,739894400
2006-04-13,1.984204,2.017104,1.968352,1.988093,734678000
2006-04-17,1.989288,1.999159,1.924684,1.938442,721938000
2006-04-18,1.945322,1.988093,1.937845,1.980615,794844400
2006-04-19,1.998562,2.003945,1.958183,1.963567,1086033200
2006-04-20,2.079019,2.093675,1.980018,2.022789,1666982800
2006-04-21,2.039537,2.052997,1.988093,2.005141,788986800
2006-04-24,1.999459,2.001552,1.959081,1.966558,707028000
2006-04-25,1.972839,1.991682,1.960876,1.979120,529062800
2006-04-26,1.993476,2.042229,1.985999,2.038341,710886400
2006-04-27,2.025779,2.089486,2.014413,2.074532,845947200
2006-04-28,2.075130,2.132557,2.069747,2.105339,760037600
2006-05-01,2.116704,2.139735,2.068550,2.081710,750380400
2006-05-02,2.098160,2.152895,2.096964,2.142128,771663200
2006-05-03,2.148408,2.151997,2.099057,2.127770,686991200
2006-05-04,2.130162,2.180112,2.107432,2.127471,860420400
2006-05-05,2.149307,2.160971,2.128070,2.150204,563911600
2006-05-08,2.183105,2.207331,2.145120,2.150204,594851600
2006-05-09,2.148110,2.170243,2.112218,2.124481,531666800
2006-05-10,2.132258,2.133454,2.082009,2.111621,459888800
2006-05-11,2.117302,2.118798,2.020395,2.038341,812688800
2006-05-12,2.029368,2.054492,1.999757,2.024881,641774000
2006-05-15,2.015011,2.045220,2.007534,2.027573,529177600
2006-05-16,2.036845,2.041332,1.936648,1.943527,936740000
2006-05-17,1.935452,1.965063,1.916310,1.951902,754194000
2006-05-18,1.964465,1.981813,1.887896,1.889691,658442400
2006-05-19,1.892084,1.940537,1.878923,1.929471,985866000
2006-05-22,1.910327,1.913916,1.877427,1.895671,718975600
2006-05-23,1.939939,1.949808,1.884306,1.888793,694414000
2006-05-24,1.884007,1.903747,1.841236,1.894475,916031200
2006-05-25,1.921992,1.927675,1.892980,1.924086,463372000
2006-05-26,1.923489,1.930965,1.888494,1.900757,432950000
2006-05-30,1.892981,1.893280,1.831068,1.831068,563402000
2006-05-31,1.847219,1.848117,1.755397,1.787700,1280977600
2006-06-01,1.790091,1.862772,1.780221,1.859482,942508000
2006-06-02,1.884008,1.887297,1.820898,1.844228,685787200
2006-06-05,1.828974,1.828974,1.793681,1.794577,605785600
2006-06-06,1.801157,1.813421,1.761976,1.786203,726037200
2006-06-07,1.797569,1.806542,1.745227,1.751508,750506400
2006-06-08,1.747919,1.822394,1.709335,1.817310,1397482800
2006-06-09,1.829871,1.841237,1.767659,1.771847,775838000
2006-06-12,1.776632,1.786502,1.703653,1.704849,717785600
2006-06-13,1.723094,1.767660,1.715617,1.744629,1080643200
2006-06-14,1.743133,1.758088,1.695577,1.723093,878136000
2006-06-15,1.713822,1.786801,1.697372,1.776034,1190383600
2006-06-16,1.763471,1.770351,1.720402,1.721598,838101600
2006-06-19,1.729673,1.740142,1.704848,1.710830,704575200
2006-06-20,1.723094,1.745228,1.713523,1.718907,672974400
2006-06-21,1.726982,1.755994,1.713822,1.730571,863296000
2006-06-22,1.740740,1.787101,1.736853,1.782016,965633200
2006-06-23,1.786203,1.799663,1.756593,1.759583,660203600
2006-06-26,1.769754,1.770651,1.745826,1.764370,466536000
2006-06-27,1.767360,1.771248,1.716812,1.717709,550611600
2006-06-28,1.713522,1.713822,1.657293,1.675537,850704400
2006-06-29,1.697671,1.767360,1.686604,1.763771,873398400
2006-06-30,1.722497,1.727282,1.689895,1.712925,739695600
2006-07-03,1.720402,1.740142,1.715018,1.733263,194770800
2006-07-05,1.709335,1.722795,1.691689,1.704849,518240800
2006-07-06,1.707541,1.716813,1.663274,1.668061,633208800
2006-07-07,1.659387,1.691390,1.635160,1.656994,799360800
2006-07-10,1.665967,1.689595,1.630075,1.645030,529345600
2006-07-11,1.648320,1.674640,1.630972,1.664471,825022800
2006-07-12,1.650114,1.652208,1.582818,1.584014,927329200
2006-07-13,1.556198,1.618709,1.537654,1.562778,1249906000
2006-07-14,1.570256,1.581921,1.500268,1.515521,993036800
2006-07-17,1.547225,1.588501,1.544832,1.566367,1024542400
2006-07-18,1.589996,1.610634,1.550815,1.582220,1000448400
2006-07-19,1.584015,1.647423,1.566069,1.618111,1390743200
2006-07-20,1.823291,1.842134,1.786203,1.809532,1972146400
2006-07-21,1.789193,1.828973,1.783809,1.816111,891892400
2006-07-24,1.832264,1.857388,1.807439,1.837049,722856400
2006-07-25,1.847817,1.857089,1.817907,1.852304,589069600
2006-07-26,1.854397,1.933358,1.844826,1.910327,898427600
2006-07-27,1.929172,1.944726,1.880120,1.896272,735044800
2006-07-28,1.912421,1.964464,1.899261,1.961772,691507600
2006-07-31,1.998861,2.052698,1.982411,2.032659,892841600
2006-08-01,2.010525,2.031761,1.972241,2.009329,711765600
2006-08-02,2.023387,2.054195,2.019200,2.038642,550768400
2006-08-03,2.031163,2.093675,2.028173,2.081412,841044400
2006-08-04,2.005441,2.052100,1.942930,2.042828,1852866400
2006-08-07,2.025480,2.081710,1.983308,2.010226,1245512800
2006-08-08,2.006637,2.007236,1.929471,1.937546,997864000
2006-08-09,1.956987,1.962071,1.896270,1.901953,955838800
2006-08-10,1.891785,1.938443,1.875334,1.916310,697760000
2006-08-11,1.891185,1.918104,1.871744,1.903748,777529200
2006-08-14,1.915712,1.950706,1.902253,1.912421,717620400
2006-08-15,1.954295,1.988991,1.938144,1.987495,861352800
2006-08-16,2.006936,2.035948,1.983906,2.033256,781284000
2006-08-17,2.033855,2.053595,2.009329,2.021592,581148400
2006-08-18,2.025182,2.045820,2.011723,2.031164,536354000
2006-08-21,2.012919,2.013219,1.978523,1.990786,526226400
2006-08-22,1.994375,2.043427,1.988991,2.022490,576968000
2006-08-23,2.033855,2.053297,2.002151,2.013218,536258800
2006-08-24,2.030565,2.039538,1.982112,2.028172,655191600
2006-08-25,2.014114,2.065259,2.013217,2.056286,543958800
2006-08-28,2.048810,2.052100,1.994374,2.003347,738161200
2006-08-29,2.003646,2.011722,1.947715,1.988393,947332400
2006-08-30,2.014114,2.028471,1.994374,2.002748,680142400
2006-08-31,2.012320,2.042828,1.993776,2.029368,574697200
2006-09-01,2.048212,2.053297,2.028472,2.045221,408494800
2006-09-05,2.062868,2.138540,2.050306,2.137942,1012457600
2006-09-06,2.125976,2.144221,2.084702,2.094571,974103200
2006-09-07,2.111620,2.197759,2.101152,2.177421,1267957600
2006-09-08,2.194469,2.200451,2.150801,2.169046,895921600
2006-09-11,2.166355,2.205237,2.136146,2.168449,949124400
2006-09-12,2.177720,2.196862,2.137043,2.172337,1684687200
2006-09-13,2.178917,2.222884,2.162467,2.219295,1146138000
2006-09-14,2.204938,2.233352,2.197161,2.218397,801729600
2006-09-15,2.231259,2.242624,2.192077,2.216304,981853600
2006-09-18,2.207331,2.239035,2.192376,2.210023,705278000
2006-09-19,2.216304,2.224080,2.177421,2.206434,710049200
2006-09-20,2.224679,2.263561,2.219893,2.250999,822791200
2006-09-21,2.250700,2.274927,2.213910,2.232754,794124800
2006-09-22,2.222286,2.223482,2.170842,2.183403,665112000
2006-09-25,2.207629,2.268944,2.204938,2.265654,858992400
2006-09-26,2.278516,2.326372,2.276123,2.321287,1102948000
2006-09-27,2.308127,2.317100,2.267749,2.285396,810373200
2006-09-28,2.303639,2.317398,2.271636,2.303340,723609600
2006-09-29,2.306332,2.318594,2.293470,2.302444,405812400
2006-10-02,2.246213,2.269244,2.222285,2.239035,712639200
2006-10-03,2.226773,2.241727,2.189087,2.215706,790708800
2006-10-04,2.216305,2.256981,2.188189,2.254589,829082800
2006-10-05,2.229165,2.277918,2.217201,2.238138,683883200
2006-10-06,2.225876,2.244420,2.207631,2.219894,466958800
2006-10-09,2.207331,2.245616,2.199256,2.232157,438222400
2006-10-10,2.229464,2.230660,2.185795,2.207629,531588400
2006-10-11,2.195965,2.212715,2.171439,2.190282,571855200
2006-10-12,2.201649,2.254888,2.201349,2.250999,592855200
2006-10-13,2.262065,2.299452,2.235446,2.243821,684196800
2006-10-16,2.248907,2.269544,2.236942,2.255188,508692800
2006-10-17,2.244419,2.251298,2.214509,2.221986,480925200
2006-10-18,2.235745,2.254289,2.210621,2.229165,1133907600
2006-10-19,2.370637,2.391275,2.337737,2.362561,1512977200
2006-10-20,2.361963,2.392472,2.352991,2.391275,639413600
2006-10-23,2.392473,2.449600,2.385294,2.436440,832507200
2006-10-24,2.428961,2.443019,2.398753,2.424176,463212400
2006-10-25,2.433149,2.452590,2.422980,2.443020,485214800
2006-10-26,2.449598,2.470535,2.426567,2.458272,432756800
2006-10-27,2.445112,2.466049,2.393070,2.405034,594966400
2006-10-30,2.392472,2.419689,2.377816,2.405333,499917600
2006-10-31,2.436140,2.443019,2.399650,2.425073,501474400
2006-11-01,2.425672,2.434047,2.343719,2.367647,611192400
2006-11-02,2.360468,2.372432,2.347906,2.362263,465483200
2006-11-03,2.373628,2.378712,2.326670,2.341624,431888800
2006-11-06,2.361365,2.394565,2.345812,2.384097,434576800
2006-11-07,2.406230,2.422680,2.396659,2.408025,525932400
2006-11-08,2.393368,2.473226,2.389479,2.466048,690916800
2006-11-09,2.479509,2.533047,2.456179,2.492670,923053600
2006-11-10,2.498950,2.500445,2.467545,2.486088,373864400
2006-11-13,2.489079,2.525868,2.471732,2.522877,450674000
2006-11-14,2.536336,2.542318,2.509418,2.542318,588954800
2006-11-15,2.543814,2.569237,2.512409,2.513904,655323200
2006-11-16,2.538430,2.581201,2.530953,2.560563,693940800
2006-11-17,2.546506,2.570434,2.542318,2.567741,466424000
2006-11-20,2.554283,2.602139,2.548301,2.586286,570794000
2006-11-21,2.614700,2.649993,2.605428,2.649993,622666800
2006-11-22,2.661658,2.714299,2.627562,2.701139,671941200
2006-11-24,2.677809,2.783988,2.676912,2.740619,518677600
2006-11-27,2.766941,2.786382,2.676913,2.678108,1074836000
2006-11-28,2.702634,2.750789,2.689174,2.746003,1036173600
2006-11-29,2.781596,2.786082,2.699344,2.745703,1157083200
2006-11-30,2.757967,2.772024,2.723571,2.741516,870486400
2006-12-01,2.745704,2.761556,2.694857,2.731348,795079600
2006-12-04,2.748097,2.753181,2.706821,2.725366,709536800
2006-12-05,2.741219,2.761558,2.717890,2.729854,662838400
2006-12-06,2.711010,2.733442,2.681997,2.686782,638184400
2006-12-07,2.692764,2.706822,2.599147,2.603334,1004827600
2006-12-08,2.609017,2.673622,2.602138,2.639825,784277200
2006-12-11,2.658966,2.670930,2.633543,2.654480,499780400
2006-12-12,2.650293,2.657172,2.558171,2.576416,1026620000
2006-12-13,2.630552,2.664050,2.606624,2.663452,857052000
2006-12-14,2.663453,2.691867,2.639824,2.648498,832330800
2006-12-15,2.662555,2.668537,2.612008,2.623672,739939200
2006-12-18,2.620981,2.632047,2.530055,2.556376,721576800
2006-12-19,2.534242,2.592566,2.501043,2.581499,911405600
2006-12-20,2.586286,2.592268,2.534543,2.535141,567691600
2006-12-21,2.533345,2.556674,2.458571,2.479508,903599200
2006-12-22,2.496257,2.513605,2.440625,2.458570,613303600
2006-12-26,2.457077,2.469639,2.419391,2.437934,490688800
2006-12-27,2.337438,2.452590,2.296163,2.438234,1935754800
2006-12-28,2.399350,2.430157,2.382302,2.418791,1119876800
2006-12-29,2.510913,2.554283,2.493267,2.537533,1076429200
2007-01-03,2.580902,2.589576,2.449599,2.506427,1238319600
2007-01-04,2.513905,2.570733,2.507025,2.562059,847260400
2007-01-05,2.565348,2.578209,2.524372,2.543813,834741600
2007-01-08,2.571032,2.588080,2.550693,2.556376,797106800
2007-01-09,2.585688,2.780997,2.546805,2.768734,3349298400
2007-01-10,2.833937,2.925161,2.795055,2.901234,2952880000
2007-01-11,2.869531,2.894655,2.844406,2.865343,1440252800
2007-01-12,2.829152,2.843210,2.788476,2.830050,1312690400
2007-01-16,2.861753,2.908710,2.854874,2.904224,1244076400
2007-01-17,2.917984,2.919180,2.836032,2.839920,1646260000
2007-01-18,2.754678,2.754977,2.663453,2.664051,2364605600
2007-01-19,2.650891,2.681399,2.635637,2.647002,1364473600
2007-01-22,2.666144,2.666742,2.561760,2.595856,1454026000
2007-01-23,2.564154,2.617393,2.557574,2.563256,1207424400
2007-01-24,2.592566,2.606624,2.574621,2.593165,927813600
2007-01-25,2.605427,2.647002,2.573125,2.579705,905973600
2007-01-26,2.605427,2.613203,2.542019,2.553684,986874000
2007-01-29,2.581200,2.591669,2.558170,2.570433,901664400
2007-01-30,2.585089,2.586884,2.549796,2.558768,577970400
2007-01-31,2.538131,2.572229,2.522877,2.564153,856069200
2007-02-01,2.579107,2.580303,2.534542,2.534542,664342000
2007-02-02,2.515998,2.549796,2.503436,2.534842,621530000
2007-02-05,2.521382,2.549199,2.510615,2.510615,578852400
2007-02-06,2.525868,2.526466,2.478312,2.516895,864393600
2007-02-07,2.526766,2.583594,2.498950,2.576715,1066825200
2007-02-08,2.555180,2.587483,2.554582,2.577612,679030800
2007-02-09,2.568639,2.578209,2.488780,2.490575,860540800
2007-02-12,2.525271,2.547703,2.501343,2.538730,724071600
2007-02-13,2.547105,2.550993,2.521382,2.533346,580986000
2007-02-14,2.531252,2.561461,2.529458,2.551292,507981600
2007-02-15,2.555479,2.560863,2.535738,2.548599,363661200
2007-02-16,2.549796,2.554581,2.532149,2.537234,399868000
2007-02-20,2.531851,2.577014,2.517195,2.569238,617702400
2007-02-21,2.571629,2.676612,2.571031,2.667938,1155313600
2007-02-22,2.715794,2.716093,2.647900,2.677211,838224800
2007-02-23,2.666744,2.702037,2.657471,2.664051,517893600
2007-02-26,2.687081,2.691867,2.620383,2.647301,615848800
2007-02-27,2.581201,2.604530,2.494763,2.510315,1145813200
2007-02-28,2.482499,2.560264,2.482499,2.530654,919475200
2007-03-01,2.513306,2.641319,2.504931,2.603932,1415528800
2007-03-02,2.595259,2.618289,2.548599,2.554581,860000400
2007-03-05,2.568938,2.651488,2.565050,2.581799,838899600
2007-03-06,2.626066,2.641320,2.614102,2.637731,723186800
2007-03-07,2.633543,2.661060,2.615597,2.623672,626284400
2007-03-08,2.649695,2.653583,2.615897,2.632048,511011200
2007-03-09,2.655976,2.657471,2.614102,2.631151,451836000
2007-03-12,2.634141,2.691568,2.631749,2.687979,729408400
2007-03-13,2.674220,2.709813,2.644012,2.644012,867890800
2007-03-14,2.649994,2.691868,2.629656,2.691868,796586000
2007-03-15,2.690669,2.702633,2.671228,2.679005,559498800
2007-03-16,2.678108,2.691568,2.671528,2.679604,571704000
2007-03-19,2.699045,2.738227,2.679604,2.725665,712961200
2007-03-20,2.732245,2.746901,2.723572,2.736134,488916400
2007-03-21,2.751386,2.811505,2.741217,2.807616,686896000
2007-03-22,2.803430,2.822273,2.781596,2.810309,561492400
2007-03-23,2.792064,2.813599,2.790569,2.797148,450884000
2007-03-26,2.811206,2.868333,2.790568,2.866837,864987200
2007-03-27,2.862651,2.896150,2.841415,2.855174,932052800
2007-03-28,2.837826,2.853379,2.786083,2.788774,942337200
2007-03-29,2.817189,2.817189,2.758566,2.804028,725723600
2007-03-30,2.819880,2.831844,2.774118,2.778903,600558000
2007-04-02,2.815693,2.818983,2.782194,2.801038,501992400
2007-04-03,2.815693,2.848294,2.804327,2.826460,583934400
2007-04-04,2.839620,2.845602,2.815393,2.819581,476784000
2007-04-05,2.815094,2.831844,2.797148,2.831844,355516000
2007-04-09,2.847696,2.850388,2.782792,2.801038,413341600
2007-04-10,2.801635,2.819282,2.793858,2.818982,352466800
2007-04-11,2.808515,2.810010,2.761557,2.769334,549018400
2007-04-12,2.752882,2.760958,2.713402,2.757369,656675600
2007-04-13,2.718786,2.733741,2.693662,2.699045,719941600
2007-04-16,2.708916,2.736732,2.699345,2.734638,609033600
2007-04-17,2.751686,2.760659,2.682894,2.702335,751920400
2007-04-18,2.696652,2.717290,2.679903,2.703830,464044000
2007-04-19,2.697549,2.729254,2.686781,2.699942,425913600
2007-04-20,2.718486,2.727161,2.708318,2.720880,522779600
2007-04-23,2.739423,2.805523,2.734339,2.796850,780290000
2007-04-24,2.810309,2.882990,2.730749,2.788774,1055252800
2007-04-25,2.818385,2.853380,2.805524,2.851884,1187144000
2007-04-26,3.038220,3.065737,2.940117,2.956268,1737778000
2007-04-27,2.936527,2.989467,2.921872,2.988569,699403600
2007-04-30,2.993655,3.020873,2.981093,2.984982,616509600
2007-05-01,2.978700,3.001431,2.947594,2.975111,532523600
2007-05-02,2.980496,3.007115,2.975112,3.002629,505145200
2007-05-03,3.012796,3.034331,2.991261,3.002926,576077600
2007-05-04,3.014890,3.038817,3.005917,3.015189,381987200
2007-05-07,3.023266,3.121071,3.021172,3.108210,861557200
2007-05-08,3.094750,3.144998,3.093254,3.142307,783997200
2007-05-09,3.137819,3.199134,3.137221,3.196741,717757600
2007-05-10,3.189264,3.255364,3.168028,3.210499,1197257600
2007-05-11,3.222464,3.264038,3.193750,3.252373,653696400
2007-05-14,3.278694,3.290059,3.237718,3.270917,651946400
2007-05-15,3.277199,3.296042,3.184778,3.215884,954514400
2007-05-16,3.246092,3.255065,3.093254,3.210499,1126767600
2007-05-17,3.204817,3.286171,3.204817,3.273309,735291200
2007-05-18,3.296938,3.309201,3.283180,3.290657,621345200
2007-05-21,3.299332,3.363338,3.291555,3.349281,639892400
2007-05-22,3.364534,3.402221,3.350178,3.395939,572409600
2007-05-23,3.410296,3.439607,3.367525,3.376498,911374800
2007-05-24,3.374106,3.423456,3.301126,3.310697,887362000
2007-05-25,3.349879,3.403118,3.334924,3.398333,632959600
2007-05-29,3.423157,3.435420,3.370516,3.420166,645694000
2007-05-30,3.418670,3.555656,3.395640,3.552366,1478444800
2007-05-31,3.591249,3.654059,3.575397,3.624748,1297066400
2007-06-01,3.622057,3.624749,3.538011,3.541301,885262000
2007-06-04,3.548180,3.640900,3.526346,3.628936,886673200
2007-06-05,3.631328,3.669613,3.604111,3.669015,920785600
2007-06-06,3.657949,3.710291,3.647481,3.698028,1112241200
2007-06-07,3.738405,3.816768,3.684568,3.710887,1915079600
2007-06-08,3.763229,3.763529,3.657648,3.723449,1241682400
2007-06-11,3.768614,3.773100,3.575398,3.594839,1874258400
2007-06-12,3.569714,3.640301,3.538608,3.600521,1426566400
2007-06-13,3.623552,3.624748,3.451572,3.514382,1721353200
2007-06-14,3.505408,3.572705,3.482079,3.551769,973266000
2007-06-15,3.607700,3.609195,3.584968,3.604110,811218800
2007-06-18,3.687259,3.744087,3.665126,3.741396,910604800
2007-06-19,3.729433,3.739004,3.676194,3.698627,943026000
2007-06-20,3.704908,3.728536,3.634022,3.635517,897512000
2007-06-21,3.640002,3.717468,3.610691,3.705803,867045200
2007-06-22,3.704307,3.722254,3.660341,3.678885,631876000
2007-06-25,3.714477,3.741396,3.620860,3.659144,965403600
2007-06-26,3.708196,3.708794,3.550871,3.578687,1345005200
2007-06-27,3.607401,3.650171,3.567023,3.645685,974696800
2007-06-28,3.659741,3.663629,3.589154,3.605903,838143600
2007-06-29,3.648079,3.708795,3.621759,3.650172,1137841600
2007-07-02,3.620559,3.651665,3.568218,3.626841,994862400
2007-07-03,3.648974,3.810486,3.634019,3.803607,1162481600
2007-07-05,3.852362,3.977085,3.849071,3.970505,1453051600
2007-07-06,3.981870,3.988151,3.900217,3.957045,874694800
2007-07-09,3.959438,3.974991,3.863727,3.898123,995820000
2007-07-10,3.854751,4.022843,3.852657,3.958538,1255007600
2007-07-11,3.950165,3.998918,3.927434,3.959736,821772000
2007-07-12,4.003402,4.015067,3.959734,4.009982,704608800
2007-07-13,4.038699,4.123043,4.023445,4.119455,907606000
2007-07-16,4.139193,4.186750,4.112573,4.130519,936112800
2007-07-17,4.136502,4.175384,4.112574,4.154746,709959600
2007-07-18,4.133210,4.140688,4.068904,4.131116,756856800
2007-07-19,4.196320,4.211575,4.176879,4.187347,732891600
2007-07-20,4.236700,4.312372,4.187349,4.299510,1167773600
2007-07-23,4.286350,4.343478,4.215165,4.298015,1036490000
2007-07-24,4.153849,4.217257,4.012376,4.034510,1795292800
2007-07-25,4.108087,4.138296,4.037800,4.105395,1496182800
2007-07-26,4.364115,4.441581,4.096424,4.366807,2186629200
2007-07-27,4.372487,4.454141,4.300406,4.302499,1161098400
2007-07-30,4.316858,4.350356,4.174488,4.230119,1106988400
2007-07-31,4.276179,4.291433,3.933714,3.940892,1762392800
2007-08-01,3.997124,4.049166,3.821554,4.037801,1750156800
2007-08-02,4.087151,4.096424,4.012377,4.082366,852644800
2007-08-03,4.045577,4.066215,3.933117,3.943586,679187600
2007-08-06,3.974990,4.045875,3.837406,4.045278,925170400
2007-08-07,4.036006,4.104798,3.966915,4.038698,949936400
2007-08-08,4.090442,4.093433,3.948072,4.008190,808096800
2007-08-09,3.921451,3.977981,3.741396,3.780278,1125395600
2007-08-10,3.682473,3.820954,3.598128,3.738703,1410749200
2007-08-13,3.838002,3.868809,3.783567,3.822150,752911600
2007-08-14,3.837107,3.837406,3.700120,3.709692,739006800
2007-08-15,3.671108,3.734517,3.578687,3.586165,992852000
2007-08-16,3.499726,3.544291,3.338513,3.500922,1866690000
2007-08-17,3.649274,3.693840,3.583772,3.650770,1195062400
2007-08-20,3.707597,3.723748,3.604109,3.655554,803317200
2007-08-21,3.655256,3.857146,3.619065,3.815571,1303047200
2007-08-22,3.924740,3.970501,3.898120,3.963323,1061765600
2007-08-23,3.980673,3.988151,3.881074,3.920255,866838000
2007-08-24,3.904104,4.048866,3.882568,4.046772,911834000
2007-08-27,3.989645,4.027631,3.951062,3.955548,707439600
2007-08-28,3.917863,3.960335,3.787457,3.793140,1179365600
2007-08-29,3.884661,4.013273,3.874492,4.010281,1166860800
2007-08-30,3.968112,4.135008,3.957045,4.075188,1435582400
2007-08-31,4.172093,4.176879,4.109881,4.141884,876887200
2007-09-04,4.185554,4.358730,4.182563,4.311772,1316842800
2007-09-05,4.336000,4.362021,4.070701,4.090442,2328222400
2007-09-06,4.054551,4.114669,3.969309,4.038101,1901261600
2007-09-07,3.948369,3.957042,3.888250,3.941190,1430576000
2007-09-10,4.097321,4.128726,4.006396,4.088946,1487838800
2007-09-11,4.124540,4.136504,4.000415,4.052458,971885600
2007-09-12,4.067411,4.169402,4.060232,4.093133,1022770000
2007-09-13,4.152355,4.157440,4.087152,4.103602,656163200
2007-09-14,4.084759,4.156841,4.073692,4.151756,607320000
2007-09-17,4.157141,4.204996,4.115567,4.139793,793371600
2007-09-18,4.159233,4.272590,4.122444,4.214864,1064089600
2007-09-19,4.277674,4.281861,4.169400,4.210377,1026880400
2007-09-20,4.191836,4.240888,4.167011,4.196621,691840800
2007-09-21,4.221443,4.326426,4.196619,4.311471,1138880400
2007-09-24,4.388642,4.481960,4.386249,4.435001,1052161600
2007-09-25,4.391930,4.582753,4.391331,4.581556,1192550800
2007-09-26,4.620139,4.635990,4.523830,4.569292,975268000
2007-09-27,4.599204,4.621636,4.555835,4.621038,658198800
2007-09-28,4.589334,4.624029,4.568696,4.590230,615101200
2007-10-01,4.624925,4.708074,4.574079,4.676070,837068400
2007-10-02,4.682354,4.743370,4.662614,4.739182,792069600
2007-10-03,4.719140,4.761013,4.696110,4.723327,692518400
2007-10-04,4.725722,4.728114,4.591129,4.673081,656958400
2007-10-05,4.736789,4.832799,4.716750,4.828911,943471200
2007-10-08,4.889924,5.022125,4.874371,5.022125,835928800
2007-10-09,5.090618,5.117836,4.985337,5.020630,1104286400
2007-10-10,5.011359,5.021229,4.953035,4.988628,667590000
2007-10-11,5.069383,5.140867,4.582455,4.852240,1643992000
2007-10-12,4.875569,5.003283,4.839378,5.002386,988176000
2007-10-15,5.024221,5.071776,4.890225,4.994310,1077930000
2007-10-16,4.951241,5.090021,4.939576,5.072076,1067830400
2007-10-17,5.165094,5.175562,5.060111,5.166888,1127613200
2007-10-18,5.129501,5.209957,5.116042,5.189320,823676000
2007-10-19,5.211454,5.223119,5.084637,5.097199,1291780000
2007-10-22,5.095107,5.231196,5.083442,5.215044,1649499600
2007-10-23,5.639760,5.640956,5.466284,5.567976,1795164000
2007-10-24,5.557508,5.599382,5.361003,5.561098,1288481600
2007-10-25,5.529395,5.560202,5.433384,5.466883,973602000
2007-10-26,5.541954,5.544347,5.469873,5.524308,706876800
2007-10-29,5.546740,5.580838,5.524309,5.535973,540554000
2007-10-30,5.568576,5.663988,5.525207,5.593102,939414000
2007-10-31,5.611943,5.686418,5.531786,5.681334,833310800
2007-11-01,5.640957,5.685822,5.383734,5.606262,805036400
2007-11-02,5.659201,5.666080,5.488117,5.619122,1002114400
2007-11-05,5.541955,5.651723,5.510550,5.568575,804176800
2007-11-06,5.594597,5.742649,5.541358,5.736369,954727200
2007-11-07,5.701075,5.762989,5.567080,5.572165,994327600
2007-11-08,5.583232,5.590111,5.017940,5.248244,1890378000
2007-11-09,5.119034,5.237775,4.941370,4.946156,1526380800
2007-11-12,4.943465,5.015847,4.505289,4.598907,1769065200
2007-11-13,4.810965,5.113950,4.598906,5.083442,1739446800
2007-11-14,5.298791,5.311054,4.897403,4.968289,1449168000
2007-11-15,4.976663,5.072374,4.794513,4.914152,1487410400
2007-11-16,4.944062,4.995507,4.765502,4.976664,1383494000
2007-11-19,4.967989,5.030799,4.848350,4.903683,1154428800
2007-11-20,4.955129,5.138175,4.891122,5.050241,1543642800
2007-11-21,4.960211,5.154923,4.925217,5.038575,1217809600
2007-11-23,5.144458,5.145953,5.077161,5.130700,465757600
2007-11-26,5.192013,5.302080,5.154924,5.160608,1305754800
2007-11-27,5.240766,5.257815,5.084937,5.228503,1317030400
2007-11-28,5.288621,5.401679,5.244654,5.390314,1150912000
2007-11-29,5.366684,5.538365,5.358309,5.512045,1050926800
2007-11-30,5.603270,5.614037,5.374760,5.450132,1187802000
2007-12-03,5.439364,5.507558,5.314940,5.349635,961469600
2007-12-04,5.298492,5.410653,5.293706,5.378052,773799600
2007-12-05,5.470172,5.563190,5.455815,5.548235,892402000
2007-12-06,5.568874,5.685821,5.566780,5.681334,899810800
2007-12-07,5.698981,5.832080,5.624207,5.811442,1066066400
2007-12-10,5.790205,5.852117,5.763286,5.808748,722377600
2007-12-11,5.824900,5.887112,5.604765,5.639161,1110925200
2007-12-12,5.785718,5.816825,5.556013,5.708552,1225660800
2007-12-13,5.688514,5.746240,5.617628,5.737565,864617600
2007-12-14,5.693897,5.778541,5.669072,5.694495,674312800
2007-12-17,5.704366,5.762091,5.472865,5.515337,1024693600
2007-12-18,5.578746,5.602972,5.341861,5.472865,1222603200
2007-12-19,5.472864,5.522514,5.410652,5.477051,827478400
2007-12-20,5.546144,5.617926,5.483334,5.599382,774057200
2007-12-21,5.686419,5.799776,5.679540,5.799776,993960800
2007-12-24,5.833275,5.961887,5.826098,5.946035,480202800
2007-12-26,5.952316,6.010640,5.886814,5.950521,703732400
2007-12-27,5.950520,6.070457,5.916124,5.939155,795527600
2007-12-28,5.999573,6.028585,5.888608,5.976841,699647200
2007-12-31,5.966971,5.996881,5.914630,5.924500,539333200
2008-01-02,5.960092,5.989703,5.759100,5.827592,1079178800
2008-01-03,5.844643,5.903863,5.763288,5.830286,842066400
2008-01-04,5.726199,5.772559,5.350534,5.385229,1455832000
2008-01-07,5.421120,5.491408,5.091516,5.313147,2072193200
2008-01-08,5.387920,5.457311,5.108564,5.122024,1523816000
2008-01-09,5.123520,5.368779,5.033791,5.365788,1813882000
2008-01-10,5.311352,5.413643,5.246448,5.324512,1482975200
2008-01-11,5.264095,5.319428,5.084637,5.165094,1232285600
2008-01-14,5.309559,5.366387,5.239270,5.347245,1100450400
2008-01-15,5.315538,5.360402,4.924918,5.055923,2343278000
2008-01-16,4.941969,5.055028,4.686841,4.774775,2213845200
2008-01-17,4.830705,4.945857,4.738284,4.812160,1757859600
2008-01-18,4.836687,4.957522,4.773877,4.826219,1724343600
2008-01-22,4.428419,4.784941,4.366805,4.655133,2434754000
2008-01-23,4.073393,4.187348,3.772801,4.159533,3372969600
2008-01-24,4.187050,4.208286,3.948371,4.055747,2005866800
2008-01-25,4.157140,4.160130,3.876587,3.888551,1554739200
2008-01-28,3.833218,3.983963,3.782072,3.888551,1474844000
2008-01-29,3.922649,3.971700,3.859839,3.934313,1099982800
2008-01-30,3.929228,4.051259,3.888252,3.953454,1243051600
2008-01-31,3.871802,4.087151,3.870307,4.048569,1345674400
2008-02-01,4.074888,4.085356,3.953455,4.000413,1010744000
2008-02-04,4.014172,4.064719,3.930724,3.937604,899234000
2008-02-05,3.901112,4.007889,3.855350,3.869108,1141042000
2008-02-06,3.913077,3.945679,3.642096,3.648975,1573272400
2008-02-07,3.588260,3.732125,3.507503,3.626245,2083331600
2008-02-08,3.651368,3.759641,3.637011,3.753061,1355972800
2008-02-11,3.828732,3.887654,3.804505,3.871802,1201432400
2008-02-12,3.909186,3.918159,3.697426,3.734515,1225980000
2008-02-13,3.788952,3.881672,3.757547,3.870306,968534000
2008-02-14,3.870305,3.912179,3.798821,3.812281,954097200
2008-02-15,3.776690,3.800916,3.710589,3.727637,901300400
2008-02-19,3.768314,3.791045,3.632225,3.654358,1005046000
2008-02-20,3.654957,3.726739,3.639403,3.703410,967439200
2008-02-21,3.770110,3.782672,3.614879,3.635217,938114800
2008-02-22,3.663332,3.664229,3.465629,3.573005,1529878000
2008-02-25,3.546983,3.594240,3.489258,3.581379,1256774400
2008-02-26,3.518568,3.621757,3.452767,3.563731,1504888000
2008-02-27,3.536214,3.680379,3.532027,3.677687,1475138000
2008-02-28,3.804506,3.954054,3.761735,3.885561,1618254400
2008-02-29,3.867015,3.894532,3.732721,3.739301,1255480800
2008-03-03,3.721957,3.768018,3.529339,3.640902,1593043200
2008-03-04,3.648675,3.735114,3.601119,3.727338,1785383600
2008-03-05,3.696231,3.742891,3.656452,3.723449,1221836000
2008-03-06,3.727040,3.813479,3.613383,3.616973,1473698800
2008-03-07,3.601418,3.678286,3.560742,3.656452,1230462800
2008-03-10,3.648378,3.692645,3.570314,3.579885,999588800
2008-03-11,3.711786,3.812880,3.648975,3.808991,1163943200
2008-03-12,3.799720,3.848771,3.743788,3.769511,1059629200
2008-03-13,3.711785,3.873297,3.678884,3.826638,1262102800
2008-03-14,3.884662,3.897225,3.714776,3.786859,1156640800
2008-03-17,3.665426,3.846080,3.665426,3.790448,1072598800
2008-03-18,3.863725,3.977980,3.848472,3.972596,1205120000
2008-03-19,3.981569,4.016563,3.878381,3.878381,1010536800
2008-03-20,3.921751,3.986655,3.863726,3.986057,908787600
2008-03-24,4.008190,4.212773,3.997124,4.173292,1066920400
2008-03-25,4.186152,4.280069,4.107491,4.216660,1052391200
2008-03-26,4.213369,4.359029,4.206490,4.338690,1182084400
2008-03-27,4.335403,4.346170,4.187051,4.194828,999829600
2008-03-28,4.241185,4.326427,4.235203,4.277376,714610400
2008-03-31,4.285152,4.358132,4.262720,4.292031,768065200
2008-04-01,4.375779,4.476276,4.295323,4.472387,1032567200
2008-04-02,4.449953,4.522335,4.362319,4.411370,1044968400
2008-04-03,4.398509,4.595015,4.396714,4.534597,1051568000
2008-04-04,4.551947,4.627319,4.508877,4.578567,854417200
2008-04-07,4.669789,4.776267,4.639281,4.662611,1158326400
2008-04-08,4.592624,4.679362,4.555835,4.571387,1014294400
2008-04-09,4.585445,4.602792,4.500202,4.529513,873398400
2008-04-10,4.520243,4.648555,4.504390,4.622534,955763200
2008-04-11,4.567799,4.585146,4.378770,4.400903,1210076000
2008-04-14,4.389837,4.464013,4.323139,4.420045,845087600
2008-04-15,4.468498,4.478069,4.358431,4.437990,698037200
2008-04-16,4.537887,4.609072,4.504987,4.597109,795774000
2008-04-17,4.611168,4.665903,4.586642,4.620739,704267200
2008-04-18,4.759220,4.853136,4.737087,4.816647,1026765600
2008-04-21,4.851640,5.039772,4.838181,5.029603,1039152800
2008-04-22,5.006872,5.024818,4.728413,4.791523,1439572400
2008-04-23,4.906675,4.930303,4.817843,4.871979,1504190800
2008-04-24,4.945259,5.084040,4.761315,5.052933,1696066400
2008-04-25,5.105573,5.117536,4.977559,5.076560,992474000
2008-04-28,5.077161,5.196800,5.058617,5.151637,787214400
2008-04-29,5.117836,5.253925,5.092114,5.235681,923476400
2008-04-30,5.269777,5.383733,5.171973,5.202780,1139524400
2008-05-01,5.232990,5.383735,5.229999,5.383735,903576800
2008-05-02,5.389417,5.441160,5.340365,5.411849,1006082000
2008-05-05,5.441160,5.542553,5.415138,5.525206,854557200
2008-05-06,5.523112,5.596689,5.448937,5.582932,918870400
2008-05-07,5.564687,5.628993,5.399885,5.461200,1157133600
2008-05-08,5.496494,5.578147,5.475557,5.535078,899085600
2008-05-09,5.478248,5.510849,5.424710,5.486922,673072400
2008-05-12,5.539565,5.649034,5.468977,5.627798,818563200
2008-05-13,5.641256,5.726200,5.618825,5.681635,823236400
2008-05-14,5.719620,5.749829,5.550332,5.570970,916823600
2008-05-15,5.587418,5.679839,5.509354,5.674754,873208000
2008-05-16,5.686119,5.691803,5.593100,5.611644,765769200
2008-05-19,5.618823,5.643648,5.422615,5.491408,945820400
2008-05-20,5.438170,5.567978,5.387324,5.560202,969850000
2008-05-21,5.553322,5.621516,5.271573,5.329598,1157657200
2008-05-22,5.361600,5.423513,5.144456,5.295500,1206735600
2008-05-23,5.406763,5.443253,5.317932,5.418727,906917200
2008-05-27,5.465986,5.576053,5.438768,5.576053,789905200
2008-05-28,5.605364,5.621515,5.494998,5.593400,743979600
2008-05-29,5.585924,5.628994,5.548237,5.583830,647186400
2008-05-30,5.606560,5.669072,5.604467,5.645442,610184400
2008-06-02,5.640957,5.672362,5.519225,5.566184,679840000
2008-06-03,5.588912,5.628992,5.453721,5.544347,750520400
2008-06-04,5.503970,5.595792,5.480341,5.538964,726983600
2008-06-05,5.573361,5.678045,5.554219,5.665782,755445600
2008-06-06,5.623010,5.681334,5.549731,5.552423,966422800
2008-06-09,5.527001,5.531487,5.256618,5.431888,1888392800
2008-06-10,5.398987,5.586520,5.354421,5.552423,1140941200
2008-06-11,5.513540,5.563190,5.371470,5.407959,961550800
2008-06-12,5.428300,5.461500,5.120530,5.182144,1308333600
2008-06-13,5.133690,5.209062,4.944363,5.155524,1345957200
2008-06-16,5.123520,5.320923,5.056821,5.289219,1051730400
2008-06-17,5.326905,5.443254,5.306268,5.426505,899656800
2008-06-18,5.417232,5.449535,5.304474,5.346347,811468000
2008-06-19,5.340365,5.453722,5.288023,5.410652,791949200
2008-06-20,5.364291,5.413643,5.234185,5.242260,888367200
2008-06-23,5.226409,5.260507,5.131297,5.179152,645780800
2008-06-24,5.155523,5.257514,5.133390,5.181843,621947200
2008-06-25,5.222521,5.348740,5.200687,5.305670,644450800
2008-06-26,5.206371,5.229401,5.025118,5.032596,869610000
2008-06-27,4.980253,5.101686,4.909666,5.087329,1042249600
2008-06-30,5.090321,5.144458,4.983544,5.008070,684196800
2008-07-01,4.912058,5.225810,4.905179,5.224614,1111280800
2008-07-02,5.240165,5.307462,5.030200,5.030200,837519200
2008-07-03,5.072375,5.149542,4.957521,5.088226,523362000
2008-07-07,5.179154,5.297894,5.141467,5.238972,820391600
2008-07-08,5.246150,5.374762,5.166591,5.370275,888350400
2008-07-09,5.389715,5.410951,5.208463,5.211753,895776000
2008-07-10,5.231794,5.304174,5.125614,5.282939,840688800
2008-07-11,5.248242,5.297293,5.114546,5.161802,930011600
2008-07-14,5.361002,5.362795,5.176758,5.200686,886054400
2008-07-15,5.158813,5.196499,4.976664,5.073869,1040043200
2008-07-16,5.090617,5.172271,5.042763,5.168682,747790400
2008-07-17,5.207266,5.233588,5.126211,5.138773,757526000
2008-07-18,5.040371,5.074169,4.935089,4.939575,868414400
2008-07-21,4.991917,5.009863,4.819040,4.973673,1360469600
2008-07-22,4.456534,4.868091,4.382657,4.845958,1879592400
2008-07-23,4.934792,5.035886,4.832202,4.972777,1061768400
2008-07-24,4.914749,4.942865,4.739180,4.756528,839619200
2008-07-25,4.797504,4.875270,4.745162,4.848949,633637200
2008-07-28,4.855528,4.859416,4.606679,4.618046,780712800
2008-07-29,4.648256,4.769091,4.595615,4.698205,684070800
2008-07-30,4.719143,4.800198,4.668296,4.781953,725183200
2008-07-31,4.711964,4.851343,4.695215,4.754137,637498400
2008-08-01,4.782549,4.785242,4.658425,4.685642,544639200
2008-08-04,4.683847,4.722730,4.573480,4.583052,592527600
2008-08-05,4.648555,4.809469,4.630610,4.804684,688371600
2008-08-06,4.784646,5.006875,4.725724,4.910865,791408800
2008-08-07,4.866595,4.969485,4.830405,4.892318,672372400
2008-08-08,4.900992,5.074169,4.897702,5.071178,713997200
2008-08-11,5.086731,5.279050,5.074767,5.191115,891304400
2008-08-12,5.189918,5.362496,5.189619,5.285928,836278800
2008-08-13,5.323317,5.383734,5.261105,5.362797,842346400
2008-08-14,5.333786,5.397195,5.319131,5.363397,711300800
2008-08-15,5.355019,5.376255,5.235680,5.256318,708251600
2008-08-18,5.251234,5.318232,5.198892,5.245851,552014400
2008-08-19,5.220429,5.296101,5.138775,5.190220,616204400
2008-08-20,5.227306,5.292210,5.192610,5.259309,506951200
2008-08-21,5.218333,5.247645,5.141167,5.212950,539744800
2008-08-22,5.258712,5.308960,5.251234,5.287724,439611200
2008-08-25,5.268581,5.270975,5.134287,5.160907,484425200
2008-08-26,5.167187,5.230595,5.162700,5.193508,445550000
2008-08-27,5.183640,5.256919,5.150141,5.224317,477780800
2008-08-28,5.242562,5.271574,5.166890,5.196501,431384800
2008-08-29,5.173170,5.189321,5.055924,5.070580,599289600
2008-09-02,5.156421,5.189322,4.935090,4.970682,780763200
2008-09-03,4.990122,5.045156,4.905179,4.993711,734834800
2008-09-04,4.960811,5.022126,4.809767,4.822030,743386000
2008-09-05,4.743370,4.857325,4.715254,4.790926,786884000
2008-09-08,4.922226,4.931798,4.530111,4.723327,1045979200
2008-09-09,4.691625,4.784345,4.480164,4.536693,1245025600
2008-09-10,4.555833,4.635692,4.450552,4.534597,973142800
2008-09-11,4.432010,4.575876,4.366807,4.565707,971135200
2008-09-12,4.513663,4.513663,4.381761,4.454741,793027200
2008-09-15,4.248064,4.417353,4.198115,4.198115,920634400
2008-09-16,4.003702,4.262121,3.952557,4.183758,1199836400
2008-09-17,4.142186,4.142785,3.823349,3.823349,1200455200
2008-09-18,3.905299,4.050660,3.609493,4.010581,1676253600
2008-09-19,4.265112,4.312968,4.076981,4.214565,1430875600
2008-09-22,4.185553,4.194825,3.907992,3.919656,856713200
2008-09-23,3.943585,4.061727,3.788353,3.793737,1280364400
2008-09-24,3.806598,3.916666,3.743190,3.849669,1047015200
2008-09-25,3.882270,4.031519,3.843986,3.945977,1006045600
2008-09-26,3.736013,3.882271,3.678886,3.835613,1126451200
2008-09-29,3.577790,3.579584,3.008609,3.148288,2622057200
2008-09-30,3.237717,3.439608,3.179394,3.399529,1626682400
2008-10-01,3.347486,3.360646,3.211995,3.263739,1296484000
2008-10-02,3.230539,3.253869,2.990964,2.993954,1609364400
2008-10-03,3.110603,3.185376,2.830947,2.903329,2294398400
2008-10-06,2.750490,2.954474,2.618290,2.935332,2107417200
2008-10-07,3.005319,3.035828,2.660462,2.666743,1878772000
2008-10-08,2.569536,2.881195,2.562657,2.685586,2207741200
2008-10-09,2.792064,2.865342,2.590173,2.654180,1617383600
2008-10-10,2.563255,2.990963,2.542318,2.895252,2219299600
2008-10-13,3.127052,3.305912,3.021471,3.297836,1539076000
2008-10-14,3.477294,3.481481,3.084879,3.112994,1980994400
2008-10-15,3.105815,3.200330,2.927853,2.929648,1584175600
2008-10-16,2.984084,3.093554,2.743910,3.047493,1980521200
2008-10-17,2.978999,3.051979,2.568938,2.913198,1762227600
2008-10-20,2.984382,2.991860,2.800738,2.944304,1549170000
2008-10-21,2.899739,2.928154,2.726562,2.736433,2193660000
2008-10-22,2.912300,3.028349,2.779502,2.897346,2248808800
2008-10-23,2.886579,2.968531,2.748696,2.938023,1675430400
2008-10-24,2.701737,2.928154,2.695157,2.882691,1590058400
2008-10-27,2.843509,2.920078,2.747499,2.754379,1208771200
2008-10-28,2.854276,3.005919,2.762753,2.988271,1634133200
2008-10-29,3.016685,3.276300,2.989168,3.127051,1950978400
2008-10-30,3.237119,3.355561,3.218575,3.321165,1638089600
2008-10-31,3.212295,3.313390,3.144699,3.217978,1659756000
2008-11-03,3.168327,3.263141,3.136324,3.199134,1057938000
2008-11-04,3.289760,3.343598,3.190460,3.319670,1398681200
2008-11-05,3.257459,3.281685,3.080393,3.089666,1256455200
2008-11-06,3.022369,3.074112,2.931144,2.964045,1319074400
2008-11-07,2.968232,2.986477,2.862950,2.938322,1095253600
2008-11-10,2.996047,3.002926,2.826460,2.867735,1123822000
2008-11-11,2.835732,2.906319,2.759463,2.834537,1224538000
2008-11-12,2.764547,2.788774,2.692166,2.695456,1178976400
2008-11-13,2.687979,2.884485,2.572827,2.884485,1854087200
2008-11-14,2.804327,2.811207,2.691867,2.699045,1405266800
2008-11-17,2.646404,2.708317,2.609914,2.636234,1162526400
2008-11-18,2.681100,2.721478,2.597951,2.689175,1209695200
2008-11-19,2.675117,2.739123,2.578509,2.580902,1171900800
2008-11-20,2.549496,2.585687,2.392770,2.407426,1716814400
2008-11-21,2.450495,2.515998,2.367048,2.469937,1569271200
2008-11-24,2.548600,2.835134,2.537534,2.780101,1442257600
2008-11-25,2.830348,2.832741,2.636833,2.715794,1235292800
2008-11-26,2.689475,2.848893,2.687381,2.841415,899836000
2008-11-28,2.832442,2.834237,2.747499,2.771726,297774400
2008-12-01,2.730749,2.759761,2.659564,2.659863,923767600
2008-12-02,2.692764,2.771127,2.587183,2.765743,1148722400
2008-12-03,2.673920,2.878204,2.655975,2.868333,1338680000
2008-12-04,2.824366,2.847696,2.663751,2.734039,1091370000
2008-12-05,2.702335,2.826161,2.657769,2.811505,1043795200
2008-12-08,2.909609,3.014891,2.865343,2.982589,1185142000
2008-12-09,2.932341,3.098638,2.907516,2.992758,1203496000
2008-12-10,2.927256,2.975709,2.886280,2.937425,938047600
2008-12-11,2.911703,3.028051,2.836331,2.841415,1040617200
2008-12-12,2.775614,2.961053,2.767538,2.939220,1041174400
2008-12-15,2.871027,2.877607,2.781597,2.833939,891758000
2008-12-16,2.810907,2.885681,2.774118,2.854276,1093506400
2008-12-17,2.722673,2.724767,2.632645,2.666743,1293860400
2008-12-18,2.671229,2.716691,2.645207,2.674818,857416000
2008-12-19,2.690073,2.719983,2.655976,2.691868,801920000
2008-12-22,2.692464,2.692763,2.533046,2.564451,844740400
2008-12-23,2.598250,2.628159,2.569237,2.583594,635031600
2008-12-24,2.576416,2.579705,2.528859,2.543515,271334000
2008-12-26,2.591371,2.614701,2.549498,2.566546,308324800
2008-12-29,2.587781,2.620682,2.544412,2.590473,686000000
2008-12-30,2.614699,2.633543,2.533943,2.580902,967601600
2008-12-31,2.571331,2.624271,2.552488,2.552787,607541200
2009-01-02,2.568639,2.722973,2.547104,2.714298,746015200
2009-01-05,2.786680,2.876708,2.772921,2.828852,1181608400
2009-01-06,2.869829,2.906319,2.763351,2.782194,1289310400
2009-01-07,2.746004,2.766641,2.699644,2.722076,753048800
2009-01-08,2.704728,2.786083,2.693063,2.772623,673500800
2009-01-09,2.787878,2.792962,2.696055,2.709215,546845600
2009-01-12,2.705625,2.721478,2.618589,2.651789,617716400
2009-01-13,2.639227,2.684091,2.582698,2.623374,798397600
2009-01-14,2.579407,2.609615,2.533944,2.552189,1021664000
2009-01-15,2.409819,2.515998,2.394266,2.493865,1831634000
2009-01-16,2.521381,2.523774,2.404734,2.462460,1047625600
2009-01-20,2.450495,2.452589,2.338933,2.338933,919914800
2009-01-21,2.374525,2.478910,2.372132,2.477414,1089270000
2009-01-22,2.633245,2.691868,2.566845,2.642816,1409528400
2009-01-23,2.596755,2.687979,2.587184,2.642816,763770000
2009-01-26,2.657770,2.720880,2.641021,2.681100,692238400
2009-01-27,2.697549,2.738227,2.684090,2.713700,618038400
2009-01-28,2.755275,2.841415,2.736731,2.817487,861406000
2009-01-29,2.784288,2.821675,2.769632,2.781596,592729200
2009-01-30,2.769632,2.800139,2.692166,2.695755,651478800
2009-02-02,2.664947,2.751685,2.658965,2.737029,558247200
2009-02-03,2.749293,2.792961,2.700241,2.780997,599309200
2009-02-04,2.788176,2.878801,2.784586,2.798045,808421600
2009-02-05,2.774716,2.908711,2.770230,2.885083,749246400
2009-02-06,2.901833,2.990964,2.901235,2.982589,687209600
2009-02-09,2.990964,3.080692,2.976008,3.066036,715010800
2009-02-10,3.030743,3.066036,2.903029,2.926059,849060800
2009-02-11,2.882391,2.940415,2.864445,2.895850,674973600
2009-02-12,2.866240,2.983486,2.866240,2.969129,817188400
2009-02-13,2.960754,2.989169,2.934733,2.965839,608977600
2009-02-17,2.897347,2.902431,2.819881,2.827358,678238400
2009-02-18,2.842910,2.866838,2.773221,2.822572,684779200
2009-02-19,2.792662,2.818982,2.695156,2.711009,922804400
2009-02-20,2.673921,2.763650,2.661957,2.727758,750316000
2009-02-23,2.741217,2.751685,2.587482,2.600642,786982000
2009-02-24,2.615597,2.718486,2.602138,2.699344,807105600
2009-02-25,2.687680,2.779203,2.669435,2.726562,833053200
2009-02-26,2.751686,2.779203,2.660761,2.667640,629868400
2009-02-27,2.629953,2.730749,2.622177,2.671229,706658400
2009-03-02,2.635637,2.727758,2.622177,2.630253,770929600
2009-03-03,2.659862,2.713999,2.628457,2.643113,724340400
2009-03-04,2.697250,2.774716,2.675416,2.726861,741403600
2009-03-05,2.705625,2.747797,2.645507,2.657171,706899200
2009-03-06,2.642217,2.644012,2.462460,2.551292,1011147200
2009-03-09,2.517793,2.620083,2.469639,2.485789,698297600
2009-03-10,2.538431,2.667043,2.523177,2.650891,844258800
2009-03-11,2.686184,2.813600,2.679306,2.772025,846372800
2009-03-12,2.778603,2.888671,2.751685,2.881791,768457200
2009-03-13,2.880298,2.907217,2.841714,2.869231,601168400
2009-03-16,2.887177,2.912899,2.816889,2.853977,797244000
2009-03-17,2.848594,2.981691,2.843508,2.980794,786646000
2009-03-18,2.988271,3.095048,2.982588,3.036425,796037200
2009-03-19,3.046296,3.086674,2.998440,3.039417,500180800
2009-03-20,3.053474,3.083983,3.008012,3.038520,695587200
2009-03-23,3.072018,3.235025,3.043305,3.220071,666397200
2009-03-24,3.181187,3.273309,3.152175,3.185374,640612000
2009-03-25,3.217678,3.241007,3.106414,3.185076,646618000
2009-03-26,3.225155,3.289461,3.217679,3.286172,616252000
2009-03-27,3.237119,3.246092,3.182384,3.195843,492872800
2009-03-30,3.125856,3.140810,3.069028,3.125258,502796000
2009-03-31,3.153971,3.213791,3.140512,3.144101,570080000
2009-04-01,3.113293,3.260149,3.107311,3.250877,589372000
2009-04-02,3.294247,3.432130,3.283479,3.371114,812366800
2009-04-03,3.415381,3.473406,3.395342,3.469219,636241200
2009-04-06,3.437814,3.551769,3.388163,3.542796,658064400
2009-04-07,3.485370,3.489557,3.415381,3.439608,536580800
2009-04-08,3.452469,3.493146,3.427046,3.479089,455630000
2009-04-09,3.541899,3.589156,3.528140,3.576295,530756800
2009-04-13,3.589454,3.618467,3.559246,3.595735,389236400
2009-04-14,3.576294,3.594240,3.506904,3.538608,454622000
2009-04-15,3.505409,3.536814,3.462340,3.518570,412882400
2009-04-16,3.564928,3.683370,3.552964,3.632524,593446000
2009-04-17,3.624449,3.716271,3.596633,3.691446,497495600
2009-04-20,3.640899,3.678586,3.564031,3.604110,466466000
2009-04-21,3.555956,3.653163,3.547283,3.641797,470685600
2009-04-22,3.667818,3.749172,3.625046,3.634319,938767200
2009-04-23,3.787158,3.804506,3.694139,3.750668,945156800
2009-04-24,3.727937,3.742891,3.677988,3.705803,540764000
2009-04-27,3.675893,3.738703,3.668714,3.730627,480690000
2009-04-28,3.689353,3.774895,3.686661,3.705803,455856800
2009-04-29,3.734217,3.794036,3.703709,3.742891,458110800
2009-04-30,3.775193,3.798523,3.736311,3.763529,498489600
2009-05-01,3.762631,3.826937,3.762631,3.805701,397516000
2009-05-04,3.835610,3.955548,3.818861,3.950164,609358400
2009-05-05,3.940594,3.973794,3.921751,3.969308,398255200
2009-05-06,3.987852,3.992936,3.894832,3.963027,473538800
2009-05-07,3.957941,3.959736,3.825442,3.860137,531776000
2009-05-08,3.859538,3.925041,3.776390,3.864025,467964000
2009-05-11,3.809591,3.916966,3.802113,3.875391,404658800
2009-05-12,3.875093,3.879580,3.686363,3.721357,609481600
2009-05-13,3.685165,3.709392,3.570611,3.573901,595971600
2009-05-14,3.582575,3.694737,3.580182,3.677388,447826400
2009-05-15,3.658545,3.727338,3.637310,3.661537,367567200
2009-05-18,3.700718,3.789550,3.636113,3.788054,458841600
2009-05-19,3.793141,3.867616,3.760838,3.811984,372422400
2009-05-20,3.817365,3.864622,3.747676,3.764724,388584000
2009-05-21,3.743190,3.791943,3.675595,3.714178,407946000
2009-05-22,3.710289,3.714177,3.641497,3.663929,297998400
2009-05-26,3.731524,3.913076,3.725243,3.911580,636927200
2009-05-27,3.941493,4.037203,3.915471,3.979478,646422000
2009-05-28,3.991440,4.049465,3.948969,4.039895,487552800
2009-05-29,4.049464,4.064718,4.003403,4.062026,456534400
2009-06-01,4.081768,4.187050,4.067710,4.167908,452499600
2009-06-02,4.157140,4.227427,4.137997,4.172094,456223600
2009-06-03,4.187348,4.220547,4.159532,4.215762,565199600
2009-06-04,4.191238,4.312372,4.188546,4.299212,550634000
2009-06-05,4.346168,4.378769,4.283358,4.327026,632716000
2009-06-08,4.301602,4.313865,4.170299,4.302499,931652400
2009-06-09,4.301304,4.323736,4.203799,4.268703,676964400
2009-06-10,4.255544,4.257638,4.136504,4.194828,688623600
2009-06-11,4.173891,4.234008,4.143980,4.185853,524823600
2009-06-12,4.151757,4.160431,4.068907,4.096724,563085600
2009-06-15,4.068009,4.095525,4.034510,4.070401,539750400
2009-06-16,4.087450,4.141586,4.070700,4.078178,514805200
2009-06-17,4.087749,4.111079,4.023743,4.055148,571412800
2009-06-18,4.071000,4.127530,4.055448,4.064121,427680400
2009-06-19,4.129621,4.172393,4.094628,4.171795,721856800
2009-06-22,4.207387,4.234006,4.077579,4.108685,634914000
2009-06-23,4.079675,4.096125,3.974393,4.008190,706532400
2009-06-24,4.050363,4.112574,4.033613,4.074290,485525600
2009-06-25,4.060233,4.193331,4.044082,4.183161,589447600
2009-06-26,4.181066,4.293826,4.179571,4.260327,439384400
2009-06-29,4.290835,4.305491,4.233409,4.246270,567616000
2009-06-30,4.264516,4.301005,4.241187,4.260029,434224000
2009-07-01,4.292033,4.326728,4.262721,4.271993,414178800
2009-07-02,4.224736,4.271992,4.181067,4.187946,370479200
2009-07-06,4.148465,4.157140,4.075187,4.145774,498688400
2009-07-07,4.141884,4.177776,4.043183,4.049763,461596800
2009-07-08,4.065318,4.128725,4.020453,4.104199,575929200
2009-07-09,4.120350,4.127229,4.065615,4.078476,343025200
2009-07-10,4.077881,4.156543,4.077282,4.143084,445275600
2009-07-13,4.173589,4.257336,4.113472,4.257336,483501200
2009-07-14,4.248063,4.282458,4.222042,4.255240,347247600
2009-07-15,4.338092,4.396715,4.316558,4.393126,485587200
2009-07-16,4.359627,4.427223,4.353945,4.412268,393570800
2009-07-17,4.458929,4.546863,4.445469,4.538787,602154000
2009-07-20,4.584251,4.637191,4.513066,4.573483,735526400
2009-07-21,4.584848,4.589035,4.478967,4.531608,874781600
2009-07-22,4.719441,4.747557,4.669193,4.688036,874104000
2009-07-23,4.684747,4.738883,4.652743,4.720339,526962800
2009-07-24,4.694315,4.785539,4.680856,4.785241,438362400
2009-07-27,4.790624,4.811860,4.703587,4.788530,433311200
2009-07-28,4.752043,4.788532,4.713758,4.785542,363554800
2009-07-29,4.752641,4.799000,4.733199,4.786438,382158000
2009-07-30,4.836387,4.926714,4.830405,4.868989,469604800
2009-07-31,4.874969,4.935088,4.872576,4.886933,422536800
2009-08-03,4.941370,4.984142,4.931201,4.977861,394240000
2009-08-04,4.932996,4.952138,4.911461,4.951540,395810800
2009-08-05,4.957520,5.006571,4.911459,4.938378,423183600
2009-08-06,4.952437,4.980254,4.877963,4.902489,341616800
2009-08-07,4.949745,4.982945,4.929107,4.950343,387354800
2009-08-10,4.954831,4.982945,4.895011,4.926715,300294400
2009-08-11,4.895907,4.916545,4.841771,4.870185,355342400
2009-08-12,4.861812,4.986236,4.859120,4.944363,445071200
2009-08-13,4.984439,5.044857,4.979953,5.037379,439980800
2009-08-14,5.023024,5.031698,4.950942,4.988329,305816000
2009-08-17,4.891720,4.892917,4.768194,4.773279,524381200
2009-08-18,4.834294,4.912358,4.827714,4.905180,431152400
2009-08-19,4.867793,4.944063,4.858821,4.923126,413271600
2009-08-20,4.934491,4.986534,4.923425,4.974869,342031200
2009-08-21,5.014349,5.065794,4.988926,5.061306,416074400
2009-08-24,5.088225,5.105872,5.032893,5.056521,406929600
2009-08-25,5.068487,5.112754,5.058617,5.066693,324354800
2009-08-26,5.052334,5.071177,4.987729,5.007171,303998800
2009-08-27,5.047249,5.071774,4.930003,5.068186,449181600
2009-08-28,5.152530,5.159110,5.040669,5.086131,453700800
2009-08-31,5.029601,5.050238,4.979951,5.031096,311337600
2009-09-01,5.024519,5.084638,4.933295,4.944062,469028000
2009-09-02,4.923722,5.013152,4.908468,4.940472,364249200
2009-09-03,4.978159,4.997899,4.935089,4.981449,293955200
2009-09-04,5.003284,5.105575,4.997601,5.093910,374628800
2009-09-08,5.173768,5.178553,5.144457,5.172273,315047600
2009-09-09,5.167788,5.218335,5.075666,5.118736,811087200
2009-09-10,5.146251,5.181843,5.108863,5.161205,491134000
2009-09-11,5.171673,5.179749,5.110658,5.149241,348961200
2009-09-14,5.109463,5.201285,5.092116,5.195902,322011200
2009-09-15,5.205473,5.253628,5.192015,5.238972,426470800
2009-09-16,5.323616,5.465986,5.320326,5.439665,754023200
2009-09-17,5.442955,5.586820,5.442656,5.519822,810572000
2009-09-18,5.558107,5.579641,5.526103,5.533880,601582800
2009-09-21,5.512045,5.538066,5.432187,5.503970,437715600
2009-09-22,5.538964,5.544647,5.468975,5.517728,356753600
2009-09-23,5.545245,5.649928,5.534178,5.548235,593563600
2009-09-24,5.599082,5.614037,5.466583,5.497988,550880400
2009-09-25,5.443854,5.548239,5.426806,5.454621,445239200
2009-09-28,5.499484,5.583530,5.483333,5.567678,337444800
2009-09-29,5.585025,5.605063,5.512643,5.544646,345385600
2009-09-30,5.567080,5.576651,5.461798,5.543750,539585200
2009-10-01,5.543751,5.569772,5.404671,5.409457,524711600
2009-10-02,5.425907,5.561397,5.424112,5.530291,553308000
2009-10-05,5.569172,5.588912,5.511446,5.563788,423133200
2009-10-06,5.615234,5.683128,5.602074,5.683128,605085600
2009-10-07,5.675653,5.699281,5.653818,5.690309,465668000
2009-10-08,5.702570,5.726198,5.649629,5.660995,438211200
2009-10-09,5.652023,5.703766,5.641555,5.696887,293272000
2009-10-12,5.713336,5.727991,5.672060,5.707055,288024800
2009-10-13,5.701673,5.717824,5.673857,5.683429,348020400
2009-10-14,5.750125,5.752218,5.689708,5.721412,375510800
2009-10-15,5.671764,5.710347,5.668773,5.699580,373556400
2009-10-16,5.663390,5.693598,5.618226,5.624507,431426800
2009-10-19,5.618525,5.682830,5.549733,5.678643,942230800
2009-10-20,5.999873,6.034268,5.917620,5.944838,1141039200
2009-10-21,5.967570,6.242440,5.958896,6.129082,1193726800
2009-10-22,6.122500,6.216716,6.056999,6.137455,791392000
2009-10-23,6.152410,6.155401,6.078533,6.099768,420786800
2009-10-26,6.091695,6.183816,5.984917,6.056102,484338400
2009-10-27,6.031575,6.065971,5.875745,5.903263,756551600
2009-10-28,5.913433,5.922706,5.715731,5.754614,818386800
2009-10-29,5.832378,5.886515,5.746837,5.872756,570270400
2009-10-30,5.864081,5.886214,5.628094,5.637964,717525200
2009-11-02,5.676848,5.768969,5.550330,5.662192,678983200
2009-11-03,5.618524,5.668473,5.560798,5.645442,522541600
2009-11-04,5.704662,5.797980,5.689707,5.707055,487530400
2009-11-05,5.754613,5.832378,5.737265,5.803366,384801200
2009-11-06,5.757904,5.838061,5.754614,5.812638,295097600
2009-11-09,5.890402,6.038753,5.870064,6.025594,528855600
2009-11-10,6.012435,6.130876,6.012136,6.071058,401195200
2009-11-11,6.118314,6.131475,6.036661,6.079133,443870000
2009-11-12,6.075842,6.127586,6.024697,6.041446,363731200
2009-11-13,6.067767,6.126390,6.043840,6.115025,343240800
2009-11-16,6.145830,6.221202,6.131773,6.180226,485206400
2009-11-17,6.163776,6.204453,6.131474,6.191293,396513600
2009-11-18,6.177534,6.191292,6.101563,6.160186,374320800
2009-11-19,6.119810,6.119810,5.975944,5.997180,542326400
2009-11-20,5.956503,5.993591,5.914928,5.979533,406666400
2009-11-23,6.071655,6.161384,6.070159,6.157794,474896800
2009-11-24,6.141343,6.157794,6.068663,6.114724,318438400
2009-11-25,6.143439,6.150917,6.094388,6.107249,286454000
2009-11-27,5.958596,6.070458,5.933173,5.999573,295257200
2009-11-30,6.015124,6.032173,5.945136,5.979233,424858000
2009-12-01,6.048923,6.064776,5.887112,5.891300,465763200
2009-12-02,5.950818,6.024396,5.854808,5.869165,715260000
2009-12-03,5.904760,5.951420,5.870364,5.876645,448719600
2009-12-04,5.972953,5.978336,5.691204,5.782130,826884800
2009-12-07,5.782129,5.795588,5.643348,5.651423,714758800
2009-12-08,5.663688,5.753118,5.643948,5.678942,690398800
2009-12-09,5.721114,5.926893,5.692102,5.916125,684782000
2009-12-10,5.966972,5.972954,5.865878,5.875150,489669600
2009-12-11,5.915528,5.922108,5.785421,5.822509,429774800
2009-12-14,5.843444,5.905058,5.759398,5.891599,495790400
2009-12-15,5.857202,5.907450,5.780633,5.807552,419459600
2009-12-16,5.835370,5.877244,5.818920,5.833276,352984800
2009-12-17,5.810245,5.832378,5.712740,5.738462,388838800
2009-12-18,5.777644,5.847333,5.760595,5.845240,608770400
2009-12-21,5.863783,5.974448,5.852416,5.928985,611906400
2009-12-22,5.965178,6.007351,5.941849,5.992695,349515600
2009-12-23,6.017817,6.053111,6.006153,6.044736,345525600
2009-12-24,6.088105,6.261581,6.082123,6.252309,500889200
2009-12-28,6.332467,6.399165,6.269357,6.329176,644565600
2009-12-29,6.359684,6.362376,6.243036,6.254103,445205600
2009-12-30,6.246028,6.340842,6.230476,6.330074,412084400
2009-12-31,6.374640,6.381220,6.297772,6.302856,352410800
2010-01-04,6.383612,6.415615,6.352207,6.400959,493729600
2010-01-05,6.418607,6.448218,6.378229,6.412027,601904800
2010-01-06,6.412027,6.437450,6.303454,6.310035,552160000
2010-01-07,6.333363,6.340841,6.252607,6.298368,477131200
2010-01-08,6.289994,6.340841,6.252907,6.340242,447610800
2010-01-11,6.364770,6.370752,6.234663,6.284313,462229600
2010-01-12,6.256795,6.274143,6.173945,6.212828,594459600
2010-01-13,6.217318,6.308840,6.104558,6.300466,605892000
2010-01-14,6.284313,6.294781,6.251711,6.263974,432894000
2010-01-15,6.308839,6.328879,6.157497,6.159291,594067600
2010-01-19,6.231074,6.436254,6.198473,6.431768,730007600
2010-01-20,6.427879,6.447021,6.266068,6.332767,612152800
2010-01-21,6.343236,6.380024,6.197575,6.223297,608154400
2010-01-22,6.184713,6.206248,5.896983,5.914629,881767600
2010-01-25,6.057001,6.122503,5.987611,6.073750,1065699600
2010-01-26,6.159889,6.391988,6.059093,6.159590,1867110000
2010-01-27,6.186806,6.298368,5.967867,6.217613,1722568400
2010-01-28,6.129381,6.146430,5.943044,5.960690,1173502400
2010-01-29,6.014230,6.047729,5.690308,5.744445,1245952400
2010-02-01,5.753714,5.862286,5.721711,5.824301,749876400
2010-02-02,5.859596,5.871859,5.783925,5.858100,698342400
2010-02-03,5.837462,5.987908,5.815030,5.958895,615328000
2010-02-04,5.884121,5.933173,5.729787,5.744144,757652000
2010-02-05,5.761492,5.862287,5.708252,5.846136,850306800
2010-02-08,5.853015,5.918517,5.802467,5.806056,478270800
2010-02-09,5.874849,5.907151,5.824900,5.867970,632886800
2010-02-10,5.858998,5.880235,5.810246,5.835968,370361600
2010-02-11,5.828789,5.974450,5.804263,5.942147,550345600
2010-02-12,5.925396,6.030978,5.847332,5.993291,655468800
2010-02-16,6.039950,6.092292,6.027388,6.083618,543737600
2010-02-17,6.107245,6.110835,6.007646,6.058194,436396800
2010-02-18,6.030678,6.098274,6.009442,6.069561,422825200
2010-02-19,6.037560,6.077639,6.015127,6.031877,415469600
2010-02-22,6.051916,6.056701,5.957700,5.994489,390563600
2010-02-23,5.981928,6.021708,5.853616,5.893993,575094800
2010-02-24,5.928986,6.024996,5.917321,6.001667,460566400
2010-02-25,5.903562,6.067466,5.888906,6.041744,665126000
2010-02-26,6.053113,6.136560,6.041747,6.120110,507460800
2010-03-01,6.153908,6.266069,6.144935,6.250815,550093600
2010-03-02,6.278930,6.305849,6.213428,6.246628,566546400
2010-03-03,6.249317,6.277133,6.219408,6.260982,372052800
2010-03-04,6.259488,6.308540,6.240046,6.302258,366041200
2010-03-05,6.428776,6.571146,6.419504,6.548714,899620400
2010-03-08,6.580417,6.582810,6.527776,6.552601,429889600
2010-03-09,6.529574,6.729669,6.517012,6.670448,920259200
2010-03-10,6.694675,6.744026,6.675832,6.724883,596218000
2010-03-11,6.697067,6.744622,6.679420,6.744622,405700400
2010-03-12,6.800551,6.811319,6.752098,6.777522,416323600
2010-03-15,6.741034,6.744623,6.587597,6.694973,493502800
2010-03-16,6.705139,6.729067,6.655190,6.713215,446908000
2010-03-17,6.726677,6.773037,6.677925,6.703348,450956800
2010-03-18,6.702748,6.729667,6.658183,6.719199,342109600
2010-03-19,6.723386,6.736845,6.616907,6.647415,559445600
2010-03-22,6.594176,6.759577,6.584605,6.722189,456419600
2010-03-23,6.748808,6.842724,6.702747,6.830162,602431200
2010-03-24,6.808629,6.885198,6.804741,6.860373,597780400
2010-03-25,6.906732,6.908228,6.767053,6.779017,542284400
2010-03-26,6.847813,6.937542,6.835849,6.906137,640875200
2010-03-29,6.968945,6.994965,6.927669,6.950699,540744400
2010-03-30,7.076616,7.102937,7.006328,7.054183,527310000
2010-03-31,7.043419,7.076918,7.012612,7.028763,430659600
2010-04-01,7.100846,7.140326,6.961467,7.057776,603145200
2010-04-05,7.028165,7.133745,7.021883,7.133147,684507600
2010-04-06,7.124473,7.185489,7.088582,7.164552,447017200
2010-04-07,7.164852,7.235738,7.138232,7.196257,628502000
2010-04-08,7.191472,7.224373,7.119689,7.176816,572989200
2010-04-09,7.221080,7.234839,7.192067,7.231847,334182800
2010-04-12,7.244111,7.270133,7.232446,7.246803,333026400
2010-04-13,7.233944,7.262059,7.211511,7.250992,306210800
2010-04-14,7.336232,7.352084,7.300042,7.348495,404076400
2010-04-15,7.351191,7.448397,7.343115,7.445107,376784800
2010-04-16,7.434639,7.511508,7.314403,7.399645,750545600
2010-04-19,7.388577,7.414299,7.231252,7.389773,566924400
2010-04-20,7.433738,7.454974,7.266843,7.315595,738326400
2010-04-21,7.740612,7.783982,7.648789,7.753174,982391200
2010-04-22,7.723861,7.978391,7.662844,7.970016,793424800
2010-04-23,8.015480,8.140802,7.985870,8.100424,796955600
2010-04-26,8.131829,8.149176,8.021462,8.060644,479068800
2010-04-27,7.993947,8.010995,7.792058,7.837520,709343600
2010-04-28,7.873711,7.896143,7.669129,7.824360,758402400
2010-04-29,7.866829,8.075598,7.836621,8.034922,558840800
2010-04-30,8.054962,8.092648,7.806414,7.809105,542463600
2010-05-03,7.891358,8.012193,7.862644,7.966431,454342000
2010-05-04,7.862942,7.874905,7.679297,7.737021,723819600
2010-05-05,7.568037,7.720875,7.439425,7.656569,883103200
2010-05-06,7.591966,7.724166,5.959497,7.365251,1285860800
2010-05-07,7.289277,7.374818,6.735948,7.054485,1676018400
2010-05-10,7.484886,7.616488,7.433441,7.596747,984306400
2010-05-11,7.532438,7.773211,7.492360,7.672416,848906800
2010-05-12,7.753773,7.870122,7.737623,7.839016,654379600
2010-05-13,7.872814,7.926053,7.668830,7.727454,599712400
2010-05-14,7.631743,7.671224,7.462455,7.591664,759362800
2010-05-17,7.617983,7.662249,7.408914,7.603626,762834800
2010-05-18,7.686180,7.733138,7.485187,7.547997,782678400
2010-05-19,7.462452,7.564743,7.323373,7.427757,1025726800
2010-05-20,7.234540,7.293463,7.064953,7.111314,1282915200
2010-05-21,6.963558,7.312904,6.919591,7.247701,1223891200
2010-05-24,7.396055,7.504328,7.365547,7.380502,754238800
2010-05-25,7.158870,7.380501,7.093369,7.334440,1048006400
2010-05-26,7.479800,7.541115,7.290471,7.301239,850654000
2010-05-27,7.495352,7.593755,7.450787,7.577604,666282400
2010-05-28,7.758260,7.758559,7.577605,7.683187,815614800
2010-06-01,7.767232,7.954167,7.745398,7.801329,876472800
2010-06-02,7.912295,7.920072,7.786376,7.894650,688548000
2010-06-03,7.931436,7.942503,7.788767,7.869823,650106800
2010-06-04,7.722966,7.833332,7.615890,7.655670,758304400
2010-06-07,7.725357,7.751079,7.493856,7.505522,886942000
2010-06-08,7.574314,7.591064,7.347300,7.457367,1000770400
2010-06-09,7.521374,7.534236,7.252786,7.274021,854630000
2010-06-10,7.323075,7.506719,7.244113,7.492662,776356000
2010-06-11,7.424469,7.592861,7.398747,7.582393,545759200
2010-06-14,7.655671,7.751082,7.597347,7.605422,602960400
2010-06-15,7.646098,7.772018,7.641911,7.767232,585074000
2010-06-16,7.809405,8.008304,7.795347,7.993350,783678000
2010-06-17,8.093546,8.162339,8.060645,8.131532,872855200
2010-06-18,8.142898,8.225150,8.118073,8.197333,784621600
2010-06-21,8.305604,8.345084,8.037614,8.080684,776490400
2010-06-22,8.140208,8.254163,8.120468,8.190755,717262000
2010-06-23,8.212584,8.214977,8.012787,8.104609,768457200
2010-06-24,8.105512,8.171314,8.018774,8.045693,714277200
2010-06-25,8.077397,8.083677,7.950280,7.976900,549942400
2010-06-28,7.983774,8.068120,7.911692,8.024751,584948000
2010-06-29,7.899729,7.907805,7.606017,7.661948,1133344800
2010-06-30,7.678102,7.715788,7.477708,7.523170,739452000
2010-07-01,7.606015,7.620971,7.274617,7.431942,1022896000
2010-07-02,7.492062,7.505224,7.274021,7.385884,693842800
2010-07-06,7.507317,7.561154,7.362555,7.436432,615235600
2010-07-07,7.492066,7.739719,7.469934,7.736727,654556000
2010-07-08,7.850680,7.863242,7.623666,7.719377,738144400
2010-07-09,7.683486,7.773514,7.631742,7.765140,433322400
2010-07-12,7.732537,7.831837,7.622769,7.695449,562878400
2010-07-13,7.666439,7.668831,7.370632,7.531247,1190924000
2010-07-14,7.458866,7.650884,7.447499,7.559062,812047600
2010-07-15,7.424467,7.685876,7.396650,7.520775,824866000
2010-07-16,7.572520,7.626058,7.429852,7.474417,1039858400
2010-07-19,7.473819,7.473819,7.166348,7.345207,1024478000
2010-07-20,7.265050,7.564146,7.178611,7.533937,1074950800
2010-07-21,7.928744,7.930538,7.597047,7.604224,1185671200
2010-07-22,7.707115,7.776505,7.636229,7.747194,645318800
2010-07-23,7.689470,7.787873,7.665243,7.774712,533388800
2010-07-26,7.776500,7.779491,7.708007,7.754965,420551600
2010-07-27,7.802526,7.920071,7.785478,7.898536,584771600
2010-07-28,7.886273,7.955663,7.783982,7.805217,519985200
2010-07-29,7.797739,7.855763,7.659856,7.719974,643806800
2010-07-30,7.653579,7.767534,7.623968,7.694256,448210000
2010-08-02,7.789659,7.853964,7.765133,7.831831,428055600
2010-08-03,7.806714,7.874010,7.759158,7.834231,417653600
2010-08-04,7.861447,7.904517,7.785776,7.865635,420375200
2010-08-05,7.828251,7.871620,7.792957,7.827354,289097200
2010-08-06,7.769921,7.821067,7.705615,7.779193,444897600
2010-08-09,7.820772,7.840812,7.763645,7.828848,303128000
2010-08-10,7.772017,7.789963,7.703224,7.758857,451920000
2010-08-11,7.638920,7.647594,7.471725,7.483090,620054400
2010-08-12,7.378407,7.570128,7.361358,7.530946,534920400
2010-08-13,7.526758,7.533637,7.450189,7.450489,354869200
2010-08-16,7.405026,7.477707,7.376312,7.406820,318430000
2010-08-17,7.479800,7.615890,7.453479,7.536330,422640400
2010-08-18,7.547995,7.617086,7.524665,7.569231,339696000
2010-08-19,7.562352,7.581495,7.437929,7.473820,426706000
2010-08-20,7.459164,7.594654,7.447499,7.466641,384230000
2010-08-23,7.530945,7.537226,7.335337,7.351786,414041600
2010-08-24,7.258172,7.268041,7.137935,7.176219,602565600
2010-08-25,7.119688,7.297651,7.094564,7.264750,596867600
2010-08-26,7.341322,7.350295,7.186689,7.186689,466505200
2010-08-27,7.230654,7.256376,7.045513,7.226765,548391200
2010-08-30,7.201043,7.350293,7.198651,7.253087,383289200
2010-08-31,7.233647,7.314703,7.188783,7.271034,420786800
2010-09-01,7.401735,7.521074,7.366143,7.487277,697037600
2010-09-02,7.515094,7.542312,7.434637,7.542312,415427600
2010-09-03,7.629647,7.740013,7.612000,7.739715,520788800
2010-09-07,7.676005,7.762444,7.664341,7.711000,342557600
2010-09-08,7.769924,7.907808,7.749585,7.863841,526551200
2010-09-09,7.927248,7.971514,7.863840,7.868326,438575200
2010-09-10,7.871914,7.911097,7.818376,7.878495,387542400
2010-09-13,7.950581,8.024159,7.948787,7.987071,388780000
2010-09-14,7.962242,8.050775,7.941605,8.017575,408150400
2010-09-15,8.020863,8.086964,8.010992,8.082177,429368800
2010-09-16,8.082776,8.275094,8.060643,8.272103,652103200
2010-09-17,8.305607,8.313683,8.185670,8.236217,634477200
2010-09-20,8.257452,8.487757,8.250573,8.471307,658677600
2010-09-21,8.490151,8.594535,8.458147,8.487458,668074400
2010-09-22,8.455750,8.613374,8.446777,8.606495,585289600
2010-09-23,8.564022,8.756341,8.554152,8.641488,786116800
2010-09-24,8.736605,8.779375,8.690245,8.743184,649488000
2010-09-27,8.792833,8.815265,8.704001,8.708488,482834800
2010-09-28,8.726732,8.726732,8.225148,8.579876,1035042400
2010-09-29,8.590943,8.668110,8.554154,8.595130,469644000
2010-09-30,8.643889,8.673798,8.412089,8.486863,673391600
2010-10-01,8.558641,8.571502,8.415075,8.450069,448142800
2010-10-04,8.422551,8.461433,8.307996,8.334019,435302000
2010-10-05,8.434518,8.657344,8.429133,8.642091,501967200
2010-10-06,8.661529,8.733312,8.532020,8.649565,670868800
2010-10-07,8.683964,8.688151,8.581374,8.650465,408399600
2010-10-08,8.724937,8.808385,8.673792,8.795524,658403200
2010-10-11,8.815563,8.890336,8.811375,8.834105,427753200
2010-10-12,8.835607,8.957938,8.748270,8.929224,558544000
2010-10-13,8.978873,9.031514,8.966909,8.977078,630092400
2010-10-14,9.023436,9.046766,8.984852,9.041981,435296400
2010-10-15,9.195421,9.421539,9.119750,9.413762,922194000
2010-10-18,9.525321,9.541173,9.400299,9.511264,1093010800
2010-10-19,9.074580,9.384742,8.973485,9.256729,1232784000
2010-10-20,9.242074,9.399100,9.178368,9.287836,721624400
2010-10-21,9.342570,9.413755,9.176273,9.257627,551460000
2010-10-22,9.244174,9.273186,9.161325,9.196319,372778000
2010-10-25,9.244771,9.319843,9.225329,9.237293,392462000
2010-10-26,9.178371,9.264211,9.141880,9.213664,392929600
2010-10-27,9.201695,9.268991,9.140380,9.207079,399002800
2010-10-28,9.210670,9.212166,8.999808,9.129616,551051200
2010-10-29,9.099406,9.148756,8.998909,9.002199,430511200
2010-11-01,9.039286,9.140381,9.038688,9.097909,423889200
2010-11-02,9.182255,9.277666,9.182255,9.252841,433930000
2010-11-03,9.312961,9.358125,9.228018,9.355732,508348400
2010-11-04,9.434994,9.576467,9.422432,9.519340,642488000
2010-11-05,9.510965,9.558221,9.473877,9.485242,361253200
2010-11-08,9.487333,9.564201,9.474173,9.529805,281758400
2010-11-09,9.602486,9.609964,9.406579,9.453835,383544000
2010-11-10,9.470582,9.534289,9.378161,9.512156,384227200
2010-11-11,9.421536,9.523229,9.399103,9.470887,361284000
2010-11-12,9.451443,9.466398,9.081462,9.213063,795846800
2010-11-15,9.225927,9.288139,9.160425,9.183455,403606000
2010-11-16,9.143971,9.200200,8.952549,9.020444,657650000
2010-11-17,9.008779,9.092227,8.905890,8.987843,479449600
2010-11-18,9.128420,9.262116,9.113167,9.225028,494491200
2010-11-19,9.211266,9.224127,9.129613,9.174178,384843200
2010-11-22,9.172686,9.372483,9.148460,9.372483,393075200
2010-11-23,9.285445,9.324329,9.169097,9.234000,519447600
2010-11-24,9.331803,9.433496,9.324327,9.415550,413725200
2010-11-26,9.383847,9.502290,9.359920,9.421534,237585600
2010-11-29,9.436487,9.495708,9.313260,9.477464,445785200
2010-11-30,9.377863,9.402389,9.298004,9.306379,501858000
2010-12-01,9.429606,9.503782,9.421531,9.463405,461750800
2010-12-02,9.497206,9.541173,9.418245,9.515751,462837200
2010-12-03,9.481652,9.530704,9.461613,9.494514,342092800
2010-12-06,9.530404,9.640771,9.523824,9.575568,448481600
2010-12-07,9.684738,9.690420,9.514851,9.517543,391454000
2010-12-08,9.560014,9.601589,9.484643,9.601290,321935600
2010-12-09,9.634792,9.645858,9.541772,9.563906,294151200
2010-12-10,9.560612,9.602485,9.529206,9.587830,262511200
2010-12-13,9.701784,9.722422,9.600988,9.621027,439815600
2010-12-14,9.622825,9.647052,9.541171,9.579755,351008000
2010-12-15,9.571083,9.660813,9.546857,9.581852,417312000
2010-12-16,9.603680,9.649143,9.574070,9.608466,322030800
2010-12-17,9.619832,9.624617,9.577958,9.589324,386929200
2010-12-20,9.618937,9.668289,9.518142,9.637182,385610400
2010-12-21,9.660811,9.702386,9.632398,9.696703,256354000
2010-12-22,9.701488,9.742165,9.677261,9.725415,265921600
2010-12-23,9.720630,9.725117,9.665896,9.678757,223157200
2010-12-27,9.656326,9.733791,9.616545,9.711060,249816000
2010-12-28,9.747847,9.770279,9.722424,9.734687,175924000
2010-12-29,9.757118,9.763998,9.723619,9.729302,163139200
2010-12-30,9.734983,9.735880,9.662303,9.680548,157494400
2010-12-31,9.659314,9.675166,9.610262,9.647650,193508000
2011-01-03,9.739773,9.877956,9.715846,9.857318,445138400
2011-01-04,9.943157,9.944951,9.814844,9.908761,309080800
2011-01-05,9.856716,9.999982,9.855220,9.989813,255519600
2011-01-06,10.011351,10.027203,9.956916,9.981741,300428800
2011-01-07,9.989517,10.060104,9.927005,10.053225,311931200
2011-01-10,10.134283,10.265885,10.084633,10.242556,448560000
2011-01-11,10.315233,10.317625,10.153421,10.218326,444108000
2011-01-12,10.266481,10.301774,10.229094,10.301475,302590400
2011-01-13,10.323607,10.367874,10.284426,10.339160,296780400
2011-01-14,10.345439,10.422905,10.302071,10.422905,308840000
2011-01-18,9.855824,10.311646,9.750542,10.188718,1880998000
2011-01-19,10.419020,10.426498,10.075958,10.134581,1135612800
2011-01-20,10.062497,10.118428,9.873768,9.950336,764789200
2011-01-21,9.982940,10.016140,9.769385,9.772078,754401200
2011-01-24,9.776558,10.093002,9.772072,10.093002,574683200
2011-01-25,10.059507,10.212345,10.006866,10.211148,546868000
2011-01-26,10.257804,10.336766,10.214137,10.284424,506875600
2011-01-27,10.282333,10.309551,10.253919,10.265285,285026000
2011-01-28,10.293998,10.300877,9.975760,10.052627,592057200
2011-01-31,10.043653,10.170471,9.998790,10.148935,377246800
2011-02-01,10.208158,10.338264,10.198586,10.319720,426633200
2011-02-02,10.302372,10.326298,10.275452,10.298483,258955200
2011-02-03,10.282931,10.296092,10.125906,10.272163,393797600
2011-02-04,10.278145,10.369669,10.274257,10.363687,321840400
2011-02-07,10.405263,10.565578,10.397786,10.524603,485021600
2011-02-08,10.578440,10.633474,10.532679,10.623902,381040800
2011-02-09,10.623603,10.737559,10.614033,10.712435,482745200
2011-02-10,10.689403,10.767466,10.408550,10.604159,928550000
2011-02-11,10.610443,10.701667,10.574252,10.673253,367572800
2011-02-14,10.671455,10.751911,10.669063,10.742939,310416400
2011-02-15,10.743240,10.766570,10.694189,10.764476,284174800
2011-02-16,10.791395,10.914025,10.782423,10.861086,481157600
2011-02-17,10.685217,10.775544,10.663382,10.716621,530583200
2011-02-18,10.728884,10.752513,10.454014,10.485121,816057200
2011-02-22,10.233577,10.330784,10.101078,10.127697,872555600
2011-02-23,10.132488,10.308056,10.127701,10.247640,671854400
2011-02-24,10.289509,10.323306,10.120519,10.255411,499900800
2011-02-25,10.326600,10.421414,10.312842,10.413339,380018800
2011-02-28,10.505457,10.619412,10.501867,10.564379,403074000
2011-03-01,10.631975,10.639452,10.398978,10.447731,456136800
2011-03-02,10.467173,10.598476,10.420513,10.531777,602590800
2011-03-03,10.683421,10.761186,10.645436,10.754307,500788400
2011-03-04,10.769564,10.776144,10.700173,10.767470,453266800
2011-03-07,10.809338,10.817415,10.507551,10.628685,546123200
2011-03-08,10.615227,10.689703,10.535668,10.640651,356316800
2011-03-09,10.608644,10.610738,10.486315,10.542245,453306000
2011-03-10,10.442054,10.461496,10.315835,10.368775,507539200
2011-03-11,10.328689,10.537758,10.318820,10.527887,471080400
2011-03-14,10.563483,10.662186,10.507553,10.574849,435957200
2011-03-15,10.232084,10.403765,10.172265,10.331683,721081200
2011-03-16,10.229095,10.259004,9.758317,9.870478,1162011200
2011-03-17,10.074457,10.157606,9.889914,10.008955,659422400
2011-03-18,10.083434,10.115437,9.870178,9.890218,753214000
2011-03-21,10.049339,10.161499,10.027504,10.148339,409402000
2011-03-22,10.245845,10.247639,10.143553,10.205167,325922800
2011-03-23,10.147741,10.175856,10.048141,10.145049,372996400
2011-03-24,10.224607,10.348732,10.135177,10.317924,404712000
2011-03-25,10.410646,10.529985,10.379241,10.514433,448910000
2011-03-28,10.562588,10.597583,10.481532,10.481532,309355200
2011-03-29,10.398383,10.497085,10.350528,10.497085,352900800
2011-03-30,10.487515,10.494695,10.391805,10.427397,329406000
2011-03-31,10.359500,10.462389,10.350528,10.423806,274019200
2011-04-01,10.501571,10.515927,10.267976,10.305662,418661600
2011-04-04,10.298188,10.306861,10.121421,10.204869,460084800
2011-04-05,10.079250,10.236574,10.049639,10.136078,482731200
2011-04-06,10.205763,10.285920,10.083732,10.110650,402539200
2011-04-07,10.112442,10.182131,10.050529,10.111845,373447200
2011-04-08,10.166882,10.173761,9.988321,10.021521,377535200
2011-04-11,9.991612,10.039767,9.870779,9.894108,398946800
2011-04-12,9.884832,9.981740,9.876158,9.941960,425639200
2011-04-13,10.020324,10.053823,9.945550,10.053524,346220000
2011-04-14,10.013746,10.049638,9.931794,9.942561,301800800
2011-04-15,9.968882,9.979051,9.774469,9.794209,453605600
2011-04-18,9.753531,9.936877,9.575868,9.925511,609898800
2011-04-19,9.962898,10.108856,9.921323,10.105268,419378400
2011-04-20,10.274259,10.341257,10.214142,10.241359,700666400
2011-04-21,10.617920,10.621809,10.424106,10.489309,753810400
2011-04-25,10.478540,10.580532,10.477342,10.558398,266546000
2011-04-26,10.576643,10.617619,10.448929,10.480932,338800000
2011-04-27,10.535368,10.538658,10.381633,10.472857,356213200
2011-04-28,10.354416,10.460894,10.334377,10.371166,360959200
2011-04-29,10.372063,10.586515,10.368772,10.472260,1006345200
2011-05-02,10.460595,10.482430,10.333779,10.357108,442713600
2011-05-03,10.408256,10.465084,10.337369,10.414536,313348000
2011-05-04,10.416327,10.523105,10.375052,10.455509,389250400
2011-05-05,10.420516,10.496786,10.350229,10.371166,335969200
2011-05-06,10.459097,10.468369,10.355012,10.368471,280134400
2011-05-09,10.404367,10.444447,10.364588,10.396591,204747200
2011-05-10,10.435172,10.459100,10.368474,10.451921,282091600
2011-05-11,10.439058,10.468369,10.326000,10.385519,336000000
2011-05-12,10.352323,10.382233,10.237171,10.365782,322000000
2011-05-13,10.338564,10.356210,10.179744,10.184230,326116000
2011-05-16,10.145349,10.205767,9.947944,9.968882,449775200
2011-05-17,9.930001,10.053826,9.892015,10.053826,452334400
2011-05-18,10.063694,10.200681,10.049637,10.165387,334776400
2011-05-19,10.231486,10.241356,10.129494,10.185126,261170000
2011-05-20,10.156118,10.197693,10.020328,10.026310,337968400
2011-05-23,9.869282,10.049039,9.852832,10.001781,383600000
2011-05-24,10.034682,10.046646,9.910257,9.935680,321927200
2011-05-25,9.972768,10.126205,9.955421,10.072966,294224000
2011-05-26,10.048736,10.076253,10.002675,10.019724,222560800
2011-05-27,10.013743,10.098388,9.999088,10.091807,203599200
2011-05-31,10.202174,10.403465,10.199182,10.403465,417754400
2011-06-01,10.434574,10.532078,10.308356,10.334077,554682800
2011-06-02,10.363686,10.407952,10.297885,10.351722,338783200
2011-06-03,10.264388,10.328693,10.229393,10.272163,313250000
2011-06-06,10.339758,10.380136,10.103771,10.110650,461941200
2011-06-07,10.114539,10.116034,9.927005,9.931192,529785200
2011-06-08,9.923417,10.013744,9.889619,9.937175,333723600
2011-06-09,9.967390,9.979952,9.892616,9.914749,275088800
2011-06-10,9.886629,9.919829,9.735885,9.747550,433955200
2011-06-13,9.786430,9.819631,9.722723,9.768485,329473200
2011-06-14,9.870179,9.967385,9.849541,9.943158,334569200
2011-06-15,9.862700,9.879150,9.717039,9.772971,399196000
2011-06-16,9.777458,9.830697,9.521133,9.725415,510591200
2011-06-17,9.839972,9.847749,9.551942,9.578860,615020000
2011-06-20,9.492120,9.502290,9.286940,9.431105,640645600
2011-06-21,9.471781,9.744556,9.427515,9.729602,493382400
2011-06-22,9.725417,9.837280,9.642268,9.649148,390583200
2011-06-23,9.539381,9.920729,9.514856,9.906971,559759200
2011-06-24,9.911152,9.964391,9.723319,9.761005,439807200
2011-06-27,9.798095,9.986825,9.787926,9.931192,339813600
2011-06-28,9.979349,10.070573,9.973068,10.027503,294299600
2011-06-29,10.050834,10.060704,9.926409,9.991014,352545200
2011-06-30,10.010755,10.053526,9.955123,10.039766,322954800
2011-07-01,10.048142,10.273959,9.995800,10.266782,435313200
2011-07-05,10.259004,10.463287,10.244049,10.451323,355054000
2011-07-06,10.436965,10.591001,10.369968,10.521011,444626000
2011-07-07,10.608050,10.707649,10.588010,10.683722,399663600
2011-07-08,10.568268,10.767466,10.534171,10.758792,489633200
2011-07-11,10.657998,10.760589,10.552716,10.588009,442674400
2011-07-12,10.573952,10.698078,10.427096,10.580533,451609200
2011-07-13,10.717523,10.767473,10.659199,10.708252,391638800
2011-07-14,10.797678,10.815625,10.658001,10.700771,430533600
2011-07-15,10.802459,10.917012,10.742640,10.914619,484467200
2011-07-18,10.929876,11.205643,10.925390,11.180221,572653200
2011-07-19,11.305838,11.325279,11.165861,11.271442,819145600
2011-07-20,11.847804,11.852290,11.545118,11.572037,941340400
2011-07-21,11.573530,11.666548,11.482305,11.583699,526534400
2011-07-22,11.614509,11.815801,11.597461,11.763459,516728800
2011-07-25,11.675224,11.963852,11.653390,11.918988,589806000
2011-07-26,11.963851,12.098445,11.954281,12.065844,476582400
2011-07-27,11.981501,12.042816,11.729063,11.742224,659324400
2011-07-28,11.713212,11.873826,11.608827,11.719193,594034000
2011-07-29,11.594170,11.818791,11.485298,11.679112,632584400
2011-08-01,11.897454,11.948898,11.735643,11.866648,612836000
2011-08-02,11.893566,11.901043,11.615406,11.632155,639539600
2011-08-03,11.694068,11.770936,11.432659,11.741625,732508000
2011-08-04,11.647111,11.704238,11.286401,11.286999,871407600
2011-08-05,11.378820,11.470344,10.844335,11.174835,1204590800
2011-08-08,10.818012,10.999862,10.558695,10.564379,1143833600
2011-08-09,10.806349,11.204447,10.617918,11.186501,1082583600
2011-08-10,11.100955,11.205638,10.842237,10.877830,878656800
2011-08-11,11.082117,11.229572,10.908641,11.177230,741969200
2011-08-12,11.307932,11.354890,11.193079,11.275630,528976000
2011-08-15,11.354594,11.514312,11.308533,11.467652,460544000
2011-08-16,11.411125,11.466458,11.247818,11.380018,498750000
2011-08-17,11.434749,11.500848,11.305838,11.378818,442061200
2011-08-18,11.091689,11.145826,10.808444,10.948421,851435200
2011-08-19,10.832374,10.976838,10.647831,10.648728,775888400
2011-08-22,10.902359,10.913426,10.620610,10.660988,535315200
2011-08-23,10.776436,11.175431,10.677735,11.174234,656835200
2011-08-24,11.170350,11.334554,11.084509,11.251406,626267600
2011-08-25,10.919407,11.229571,10.917015,11.177827,871346000
2011-08-26,11.101558,11.479317,11.090491,11.472737,641477200
2011-08-29,11.610321,11.709622,11.604938,11.663859,405269200
2011-08-30,11.612415,11.719791,11.551400,11.664458,417922400
2011-08-31,11.681806,11.726970,11.421294,11.510125,522586400
2011-09-01,11.539730,11.585192,11.387191,11.396462,343725200
2011-09-02,11.208331,11.305837,11.121295,11.187695,438939200
2011-09-06,10.987900,11.375529,10.961281,11.357883,509698000
2011-09-07,11.531955,11.533151,11.425475,11.483202,350576800
2011-09-08,11.437444,11.623183,11.434752,11.489487,416158400
2011-09-09,11.483204,11.545116,11.216708,11.290287,564813200
2011-09-12,11.156292,11.391979,11.123391,11.363865,467832400
2011-09-13,11.429667,11.551399,11.373137,11.503843,440560400
2011-09-14,11.575629,11.730860,11.537943,11.643823,534724400
2011-09-15,11.707529,11.774227,11.661767,11.753290,417818800
2011-09-16,11.830456,11.978807,11.815202,11.978807,698513200
2011-09-19,11.874120,12.359554,11.820284,12.311698,823860800
2011-09-20,12.419974,12.647588,12.298542,12.366138,775754000
2011-09-21,12.551276,12.609600,12.322766,12.326954,605976000
2011-09-22,11.994660,12.257565,11.865151,12.018288,968480800
2011-09-23,11.972229,12.165446,11.959368,12.092466,546277200
2011-09-26,11.959667,12.082895,11.703641,12.058668,812876400
2011-09-27,12.224962,12.240515,11.905827,11.941718,632497600
2011-09-28,11.969533,12.075712,11.859465,11.874421,429637600
2011-09-29,12.021279,12.029953,11.551398,11.681805,651086800
2011-09-30,11.578618,11.631559,11.400954,11.405142,547640800
2011-10-03,11.376728,11.444622,11.161379,11.204148,669099200
2011-10-04,11.203249,11.419495,10.595187,11.141335,1233677200
2011-10-05,11.002558,11.360276,10.776441,11.313319,786469600
2011-10-06,11.166163,11.508629,11.120402,11.286999,812582400
2011-10-07,11.239441,11.298064,11.021400,11.060581,535458000
2011-10-10,11.338444,11.629165,11.312123,11.629165,442514800
2011-10-11,11.741623,12.058964,11.709620,11.972525,605687600
2011-10-12,12.183391,12.240517,11.968041,12.029356,622286000
2011-10-13,12.112804,12.215993,12.049097,12.215993,426185200
2011-10-14,12.467233,12.621865,12.420572,12.621865,573367200
2011-10-17,12.614087,12.762438,12.440610,12.561745,686044800
2011-10-18,12.614684,12.705909,12.442106,12.629041,881602400
2011-10-19,12.004233,12.215694,11.898053,11.922580,1104059600
2011-10-20,11.963853,11.974321,11.790676,11.823576,549270400
2011-10-21,11.907024,11.938130,11.687188,11.750596,621244400
2011-10-24,11.849597,12.158263,11.826267,12.136430,502138000
2011-10-25,12.114297,12.159760,11.885489,11.897153,430427200
2011-10-26,12.016493,12.040122,11.758971,11.981798,456304800
2011-10-27,12.189969,12.233040,12.020382,12.104129,494664800
2011-10-28,12.053584,12.153782,12.038928,12.111908,322842800
2011-10-31,12.036232,12.242908,11.995256,12.106819,385501200
2011-11-01,11.886387,11.948897,11.761065,11.859468,531790000
2011-11-02,11.966549,11.977017,11.817598,11.886391,327350800
2011-11-03,11.936039,12.065548,11.825075,12.055678,441386400
2011-11-04,12.024569,12.066742,11.938729,11.971031,302229200
2011-11-07,11.961158,11.963850,11.848099,11.955773,270275600
2011-11-08,12.029954,12.203131,12.010513,12.150190,400442000
2011-11-09,11.873225,11.990471,11.791273,11.822678,558684000
2011-11-10,11.875022,11.880406,11.429967,11.521790,744752400
2011-11-11,11.563363,11.625874,11.373437,11.503843,653786000
2011-11-14,11.470940,11.522684,11.311821,11.343525,432905200
2011-11-15,11.389587,11.649800,11.349209,11.629762,430810800
2011-11-16,11.642325,11.698855,11.494870,11.508330,349210400
2011-11-17,11.484700,11.502646,11.231067,11.288195,479900400
2011-11-18,11.333359,11.365362,11.212524,11.214318,371938000
2011-11-21,11.078526,11.116812,10.944233,11.036953,447980400
2011-11-22,11.097071,11.303747,11.094678,11.261275,409021200
2011-11-23,11.201456,11.241236,10.973245,10.976536,428271200
2011-11-25,11.019306,11.100959,10.866767,10.874245,254760800
2011-11-28,11.136849,11.267554,11.076432,11.249608,346413200
2011-11-29,11.241239,11.330669,11.072549,11.162277,375855200
2011-11-30,11.404239,11.433849,11.314809,11.431457,405938400
2011-12-01,11.441628,11.634844,11.388090,11.602841,387181200
2011-12-02,11.659674,11.773330,11.622287,11.655786,379055600
2011-12-05,11.769143,11.856480,11.676424,11.754786,357210000
2011-12-06,11.739829,11.803238,11.646212,11.693170,283598000
2011-12-07,11.662660,11.692869,11.567846,11.637536,304746400
2011-12-08,11.708124,11.829258,11.671634,11.684495,376356400
2011-12-09,11.749998,11.785590,11.695562,11.773027,296993200
2011-12-12,11.715005,11.781404,11.648307,11.719790,301067200
2011-12-13,11.754486,11.826270,11.578019,11.629165,338928800
2011-12-14,11.566057,11.586396,11.296273,11.371346,406887600
2011-12-15,11.465259,11.477522,11.315113,11.333956,256200000
2011-12-16,11.376431,11.489788,11.352802,11.396171,421478400
2011-12-19,11.439537,11.510722,11.380016,11.431761,235530400
2011-12-20,11.597759,11.847206,11.582804,11.842719,337215200
2011-12-21,11.864852,11.883098,11.724875,11.857675,262948000
2011-12-22,11.874122,11.937831,11.847204,11.920483,202358800
2011-12-23,11.954583,12.071231,11.948601,12.063455,269399200
2011-12-27,12.056568,12.235727,12.054175,12.159158,265076000
2011-12-28,12.169929,12.210606,12.003931,12.042813,228662000
2011-12-29,12.065544,12.132841,11.979106,12.116988,215978000
2011-12-30,12.068833,12.151683,12.068235,12.113399,179662000
2012-01-03,12.245004,12.337724,12.233040,12.299738,302220800
2012-01-04,12.262947,12.402925,12.241412,12.365836,260022000
2012-01-05,12.411000,12.518674,12.342805,12.503121,271269600
2012-01-06,12.555163,12.644294,12.538713,12.633825,318292800
2012-01-09,12.726548,12.793844,12.602422,12.613788,394024400
2012-01-10,12.738812,12.741505,12.606911,12.658954,258196400
2012-01-11,12.642205,12.647290,12.541410,12.638317,215084800
2012-01-12,12.630239,12.648783,12.524658,12.603620,212587200
2012-01-13,12.553071,12.575503,12.521965,12.556360,226021600
2012-01-17,12.687666,12.741205,12.650578,12.702621,242897200
2012-01-18,12.770217,12.845290,12.750477,12.834523,276791200
2012-01-19,12.865631,12.902120,12.756760,12.793848,261738400
2012-01-20,12.786067,12.786366,12.554566,12.571016,413974400
2012-01-23,12.641905,12.814784,12.630839,12.783677,306062400
2012-01-24,12.714584,12.714584,12.548585,12.574307,547638000
2012-01-25,13.592130,13.592428,13.271798,13.359433,958314000
2012-01-26,13.410282,13.423142,13.254154,13.298719,323985200
2012-01-27,13.290046,13.413872,13.272998,13.377980,299709200
2012-01-30,13.331020,13.575980,13.321449,13.549360,379341200
2012-01-31,13.626526,13.705786,13.551154,13.653146,391683600
2012-02-01,13.710876,13.728223,13.625335,13.644476,270046000
2012-02-02,13.635801,13.673786,13.578375,13.612472,186796400
2012-02-03,13.677674,13.758430,13.625631,13.748858,286599600
2012-02-06,13.709978,13.907381,13.704595,13.877172,249412800
2012-02-07,13.915454,14.050048,13.895414,14.022531,316223600
2012-02-08,14.072481,14.260611,14.048552,14.257322,407890000
2012-02-09,14.379355,14.857611,14.373373,14.750534,884214800
2012-02-10,14.684439,14.883636,14.612355,14.758016,631302000
2012-02-13,14.940759,15.069371,14.867779,15.032582,517216000
2012-02-14,15.094194,15.240751,15.014635,15.237761,460398400
2012-02-15,15.381329,15.741141,14.861798,14.885129,1506120000
2012-02-16,14.700581,15.101071,14.554921,15.020913,944552000
2012-02-17,15.047834,15.187213,14.963788,15.018224,535805200
2012-02-21,15.160596,15.398976,15.078045,15.398976,605595200
2012-02-22,15.346026,15.418108,15.226088,15.344830,483302400
2012-02-23,15.405846,15.488098,15.238951,15.445027,568027600
2012-02-24,15.543140,15.639747,15.512333,15.625092,415072000
2012-02-27,15.592191,15.807242,15.441747,15.725290,547582000
2012-02-28,15.791087,16.013914,15.727978,16.013914,600387200
2012-02-29,16.197863,16.378816,16.022592,16.224182,952011200
2012-03-01,16.395561,16.396759,16.114410,16.284895,683270000
2012-03-02,16.278024,16.354591,16.226578,16.306139,431712400
2012-03-05,16.313319,16.374931,15.732472,15.946627,809124400
2012-03-06,15.662479,15.962472,15.439951,15.859882,810238800
2012-03-07,16.055493,16.084805,15.651713,15.872746,798520800
2012-03-08,15.992379,16.240629,15.915511,16.210720,516457200
2012-03-09,16.277120,16.382701,16.244219,16.305834,418919200
2012-03-12,16.419786,16.510115,16.360565,16.510115,407282400
2012-03-13,16.675818,16.994056,16.622278,16.991663,690855200
2012-03-14,17.289256,17.787848,17.209994,17.634113,1418844000
2012-03-15,17.934106,17.946070,17.304210,17.513876,1159718000
2012-03-16,17.488758,17.622753,17.287765,17.514181,825487600
2012-03-19,17.897023,17.998715,17.618265,17.978676,901236000
2012-03-20,17.931125,18.152156,17.690951,18.124043,816662000
2012-03-21,18.027736,18.234412,17.987957,18.020557,644042000
2012-03-22,17.879373,18.080367,17.812077,17.926033,623870800
2012-03-23,17.960426,17.999607,17.778276,17.827627,430488800
2012-03-26,17.939502,18.159638,17.804013,18.154552,595742000
2012-03-27,18.130614,18.432701,18.127025,18.378864,607129600
2012-03-28,18.495518,18.587342,18.254148,18.472788,655460400
2012-03-29,18.328019,18.441078,18.162021,18.240683,608238400
2012-03-30,18.208088,18.261626,17.884166,17.932322,731038000
2012-04-02,18.000516,18.507185,17.957147,18.502998,598351600
2012-04-03,18.762311,18.909170,18.619045,18.822729,834559600
2012-04-04,18.674075,18.719238,18.454238,18.672878,572980800
2012-04-05,18.752739,18.982446,18.645663,18.953135,641298000
2012-04-09,18.727317,19.137378,18.702492,19.029404,597536800
2012-04-10,19.140073,19.261805,18.723432,18.796412,889725200
2012-04-11,19.028507,19.048546,18.643867,18.729410,696614800
2012-04-12,18.693522,18.882851,18.558928,18.626823,614336800
2012-04-13,18.666903,18.684551,18.050765,18.102209,859644800
2012-04-16,18.246671,18.253251,17.295247,17.351477,1050786800
2012-04-17,17.315875,18.244866,17.105610,18.235893,1025528000
2012-04-18,18.356144,18.551455,18.026838,18.195230,954531200
2012-04-19,17.952357,18.087250,17.482776,17.570112,834719200
2012-04-20,17.687958,17.784866,17.061052,17.137621,1030985200
2012-04-23,17.066736,17.247989,16.648300,17.099337,966529200
2012-04-24,16.827462,16.979403,16.599849,16.757772,1076149200
2012-04-25,18.413562,18.484149,18.125233,18.244871,905777600
2012-04-26,18.372588,18.385151,18.009486,18.176083,536068400
2012-04-27,18.097418,18.130617,17.960730,18.035503,406722400
2012-04-30,17.879971,17.897917,17.437308,17.466619,506144800
2012-05-01,17.494145,17.848872,17.384376,17.411295,610999200
2012-05-02,17.354766,17.568919,17.313491,17.526447,427389200
2012-05-03,17.661636,17.688555,17.356557,17.402020,390549600
2012-05-04,17.260249,17.298533,16.904025,16.906418,529992400
2012-05-07,16.794265,17.131347,16.786189,17.032944,460118400
2012-05-08,17.035930,17.093356,16.711411,16.994057,497252000
2012-05-09,16.860055,17.167526,16.774812,17.023958,480704000
2012-05-10,17.185469,17.224351,17.001825,17.064035,333200000
2012-05-11,16.898939,17.182184,16.879498,16.950085,399546000
2012-05-14,16.826261,16.974014,16.677610,16.696154,352626400
2012-05-15,16.792765,16.845705,16.502641,16.545113,476336000
2012-05-16,16.571436,16.656379,16.182311,16.333055,560896000
2012-05-17,16.310021,16.375523,15.855694,15.855694,717220000
2012-05-18,15.970546,16.253191,15.618211,15.863469,732292400
2012-05-21,15.986698,16.795453,15.973237,16.787676,631106000
2012-05-22,17.035025,17.164535,16.527460,16.658764,694870400
2012-05-23,16.674617,17.132236,16.546905,17.065239,584897600
2012-05-24,17.224058,17.242902,16.786181,16.908512,496230000
2012-05-25,16.886677,16.924364,16.703629,16.817884,328507200
2012-05-29,17.075406,17.168125,16.908211,17.116381,380508800
2012-05-30,17.024562,17.347287,16.945601,17.322762,529429600
2012-05-31,17.369716,17.392448,17.092157,17.279690,491674400
2012-06-01,17.023363,17.127748,16.764945,16.779001,520987600
2012-06-04,16.794263,16.973720,16.405439,16.877710,556995600
2012-06-05,16.787375,16.942906,16.699442,16.834034,388214400
2012-06-06,16.981796,17.163646,16.913901,17.092163,401455600
2012-06-07,17.266527,17.267423,17.063440,17.099930,379766800
2012-06-08,17.096338,17.364927,17.018572,17.357149,347516400
2012-06-11,17.578490,17.601819,17.067334,17.083487,591264800
2012-06-12,17.181890,17.246493,16.949790,17.232735,435380400
2012-06-13,17.183681,17.302123,17.059855,17.113094,293580000
2012-06-14,17.085578,17.153175,16.966539,17.094252,345573200
2012-06-15,17.078395,17.186668,17.035026,17.172012,335255200
2012-06-18,17.077205,17.583574,17.059558,17.520464,440412000
2012-06-19,17.449281,17.646685,17.440309,17.569220,361404400
2012-06-20,17.593140,17.624247,17.371510,17.519264,358943200
2012-06-21,17.510299,17.593447,17.271021,17.277901,326351200
2012-06-22,17.318875,17.413090,17.210602,17.410398,284471600
2012-06-25,17.266827,17.341602,17.059554,17.071518,304382400
2012-06-26,17.088275,17.182790,16.968637,17.109213,276536400
2012-06-27,17.198035,17.250078,17.105914,17.183081,202997200
2012-06-28,17.098441,17.168130,16.917188,17.020077,282836400
2012-06-29,17.287769,17.467228,17.175608,17.467228,421500800
2012-07-02,17.489058,17.750467,17.455260,17.722054,400092000
2012-07-03,17.792647,17.945784,17.766327,17.928137,241712800
2012-07-05,17.962527,18.374682,17.935310,18.243080,484383200
2012-07-06,18.157830,18.198208,17.993029,18.121639,418930400
2012-07-09,18.104296,18.361518,18.068704,18.361219,379405600
2012-07-10,18.483256,18.540085,18.104600,18.191339,511957600
2012-07-11,18.128834,18.174895,17.862639,18.078287,469322000
2012-07-12,17.952957,18.049565,17.726840,17.912878,428041600
2012-07-13,18.034014,18.160829,17.945780,18.094431,311427200
2012-07-16,18.098912,18.293324,18.095920,18.152451,301260400
2012-07-17,18.268502,18.289739,18.039992,18.153351,293624800
2012-07-18,18.142887,18.195228,18.052260,18.133017,252700000
2012-07-19,18.283164,18.404897,18.125241,18.374090,436861600
2012-07-20,18.335505,18.377678,18.056448,18.074394,397471200
2012-07-23,17.778281,18.122243,17.578186,18.060329,487975600
2012-07-24,18.166508,18.235301,17.901210,17.973293,565132400
2012-07-25,17.181885,17.371511,17.048487,17.197138,877312800
2012-07-26,17.340402,17.359545,17.059253,17.194445,406632800
2012-07-27,17.198335,17.521957,17.096044,17.501917,403936400
2012-07-30,17.674196,17.929026,17.581475,17.797125,379142400
2012-07-31,18.042389,18.295725,18.027136,18.267609,462327600
2012-08-01,18.421634,18.436290,18.035500,18.149456,384501600
2012-08-02,18.030718,18.265508,17.953252,18.178770,332158400
2012-08-03,18.353448,18.483555,18.291535,18.415361,344920800
2012-08-06,18.462915,18.689632,18.402200,18.620241,302103200
2012-08-07,18.626819,18.693518,18.485347,18.571188,290446800
2012-08-08,18.525729,18.660024,18.457236,18.539787,244706000
2012-08-09,18.559011,18.675560,18.557510,18.645521,221642400
2012-08-10,18.584839,18.676454,18.584539,18.674652,194938800
2012-08-13,18.725422,18.923973,18.721216,18.923973,278832400
2012-08-14,18.980145,19.182602,18.930281,18.974737,340169200
2012-08-15,18.963021,19.044123,18.856386,18.948902,257342400
2012-08-16,18.960319,19.127030,18.938991,19.114414,254534000
2012-08-17,19.224358,19.470369,19.188613,19.467966,442761200
2012-08-20,19.525033,19.979809,19.521728,19.979809,613384800
2012-08-21,20.150126,20.272081,19.534646,19.706764,812719600
2012-08-22,19.657503,20.095457,19.467963,20.091553,565322800
2012-08-23,20.008651,20.122495,19.859662,19.904119,420128800
2012-08-24,19.810396,20.109875,19.691446,19.921837,437340400
2012-08-27,20.425573,20.452007,20.231828,20.296110,427008400
2012-08-28,20.275073,20.308716,20.145609,20.269667,267416800
2012-08-29,20.283197,20.355888,20.203596,20.229729,202806800
2012-08-30,20.144723,20.172057,19.910726,19.941364,302699600
2012-08-31,20.042889,20.083440,19.742508,19.982513,338321200
2012-09-04,19.998128,20.279885,19.960280,20.274778,367892000
2012-09-05,20.292815,20.316244,20.113487,20.132412,336375200
2012-09-06,20.220716,20.374511,20.149526,20.313833,391196400
2012-09-07,20.367298,20.500368,20.298813,20.439091,329666400
2012-09-10,20.439387,20.524694,19.888189,19.907413,487998000
2012-09-11,19.978606,20.128495,19.719978,19.842834,503983200
2012-09-12,20.030877,20.122493,19.704965,20.119188,712233200
2012-09-13,20.346869,20.591079,20.268770,20.515383,598360000
2012-09-14,20.725052,20.935919,20.662872,20.764702,600474000
2012-09-17,21.007110,21.020627,20.864730,21.020027,398031200
2012-09-18,21.023028,21.096621,20.919096,21.084005,373503200
2012-09-19,21.034446,21.146487,21.013720,21.089716,326874800
2012-09-20,21.001398,21.028434,20.834988,20.987581,336568400
2012-09-21,21.099027,21.178928,21.007411,21.029339,571589200
2012-09-24,20.631938,20.880052,20.515991,20.749987,639766400
2012-09-25,20.673986,20.809759,20.215605,20.231827,518789600
2012-09-26,20.087642,20.206292,19.861155,19.980707,576503200
2012-09-27,19.953974,20.491053,19.835623,20.465521,594090000
2012-09-28,20.388324,20.459214,20.027868,20.038382,535110800
2012-10-01,20.160335,20.328249,19.719978,19.806787,543594800
2012-10-02,19.879477,20.015850,19.544252,19.864458,627992400
2012-10-03,19.971103,20.181369,19.904118,20.169052,424281200
2012-10-04,20.163036,20.253151,19.991821,20.029367,370725600
2012-10-05,19.981312,20.005341,19.563182,19.602531,594006000
2012-10-08,19.431008,19.451434,19.107497,19.169376,637994000
2012-10-09,19.183802,19.239072,18.730228,19.099695,838597200
2012-10-10,19.216541,19.373941,19.134237,19.251686,510356000
2012-10-11,19.419591,19.440618,18.866890,18.866890,546081200
2012-10-12,18.910754,19.085576,18.782793,18.915260,460014800
2012-10-15,18.994557,19.078062,18.739233,19.066948,432502000
2012-10-16,19.085277,19.533745,18.954010,19.518425,549771600
2012-10-17,19.490796,19.608544,19.344510,19.362833,389037600
2012-10-18,19.212038,19.286231,18.923972,19.003273,476624400
2012-10-19,18.955516,18.977142,18.311800,18.318409,744086000
2012-10-22,18.395904,19.085578,18.346041,19.045027,546730800
2012-10-23,18.954006,19.041117,18.374273,18.424135,707145600
2012-10-24,18.666839,18.820332,18.342427,18.528362,558527200
2012-10-25,18.623585,18.683663,18.189535,18.309387,656325600
2012-10-26,18.306092,18.443367,17.752492,18.142986,1018432800
2012-10-31,17.869042,18.081712,17.653370,17.882259,510003200
2012-11-01,17.969357,18.112938,17.847704,17.918894,361298000
2012-11-02,17.899369,17.931209,17.264366,17.325943,599373600
2012-11-05,17.527803,17.655464,17.349976,17.560844,529135600
2012-11-06,17.729359,17.744678,17.424773,17.507677,374917200
2012-11-07,17.315763,17.336886,16.769892,16.837788,793648800
2012-11-08,16.917145,16.965427,16.152506,16.226736,1056146000
2012-11-09,16.307304,16.743638,16.105129,16.507668,929913600
2012-11-12,16.721605,16.732167,16.253889,16.380022,515802000
2012-11-13,16.261740,16.610867,16.184793,16.382139,532949200
2012-11-14,16.460594,16.519436,16.179361,16.200483,477170400
2012-11-15,16.220103,16.279547,15.770190,15.860715,789910800
2012-11-16,15.848038,15.992879,15.261129,15.922873,1266893600
2012-11-19,16.316058,17.124452,16.291013,17.071043,823317600
2012-11-20,17.257525,17.258732,16.734588,16.925596,642754000
2012-11-21,17.026380,17.120525,16.795538,16.949432,373002000
2012-11-23,17.114488,17.260235,16.976587,17.245146,272826400
2012-11-26,17.377923,17.803393,17.311838,17.789211,630579600
2012-11-27,17.789815,17.816069,17.504660,17.645880,533330000
2012-11-28,17.419264,17.676659,17.268086,17.590359,520864400
2012-11-29,17.810036,17.931641,17.660066,17.784084,514698800
2012-11-30,17.706528,17.755110,17.582507,17.660963,391319600
2012-12-03,17.913535,17.941900,17.667606,17.688427,364280000
2012-12-04,17.555956,17.555956,17.264162,17.376413,557068400
2012-12-05,17.166996,17.177255,16.257513,16.258118,1044638000
2012-12-06,15.960892,16.696262,15.649784,16.513100,1177212400
2012-12-07,16.698977,16.753292,15.992876,16.090946,787040800
2012-12-10,15.842000,16.249668,15.738801,15.987446,630484400
2012-12-11,16.287681,16.583097,16.215260,16.336565,592345600
2012-12-12,16.529088,16.536029,16.182074,16.264452,487144000
2012-12-13,16.027576,16.223414,15.866137,15.983520,625259600
2012-12-14,15.532709,15.634701,15.256002,15.383039,1009579200
2012-12-17,15.357090,15.691130,15.124741,15.655825,757607200
2012-12-18,15.842003,16.140738,15.698670,16.110563,625685200
2012-12-19,16.037240,16.104531,15.857093,15.881536,449369200
2012-12-20,15.992882,15.998917,15.657333,15.743333,481689600
2012-12-21,15.463906,15.681168,15.396615,15.670909,596268400
2012-12-24,15.701691,15.819373,15.652202,15.696259,175753200
2012-12-26,15.660949,15.674831,15.423169,15.479898,302436400
2012-12-27,15.496193,15.577969,15.228238,15.542061,455120400
2012-12-28,15.398124,15.524558,15.332642,15.377000,354278400
2012-12-31,15.405359,16.155819,15.359192,16.058352,659492400
2013-01-02,16.711656,16.747263,16.343820,16.567116,560518000
2013-01-03,16.532413,16.586426,16.324807,16.358000,352965200
2013-01-04,16.203197,16.253288,15.867044,15.902349,594333600
2013-01-07,15.751474,15.971753,15.546282,15.808807,484156400
2013-01-08,15.969034,16.049903,15.728840,15.851350,458707200
2013-01-09,15.766566,15.842306,15.570125,15.603621,407604400
2013-01-10,15.949128,15.954257,15.555944,15.797046,601146000
2013-01-11,15.721305,15.851662,15.661558,15.700183,350506800
2013-01-14,15.168485,15.313931,15.042655,15.140424,734207600
2013-01-15,15.036325,15.057146,14.586110,14.662756,876772400
2013-01-16,14.925882,15.372476,14.861308,15.271388,690804800
2013-01-17,15.398739,15.412016,15.148889,15.168501,453678400
2013-01-18,15.042966,15.154615,14.978995,15.087626,472922800
2013-01-22,15.225227,15.325408,14.985937,15.231564,461546400
2013-01-23,15.353462,15.539946,15.231555,15.510374,861509600
2013-01-24,13.880614,14.053519,13.586405,13.593950,1460852400
2013-01-25,13.629859,13.766854,13.126234,13.273489,1208026400
2013-01-28,13.211628,13.675723,13.152183,13.573730,785517600
2013-01-29,13.835347,13.886645,13.642829,13.828406,571158000
2013-01-30,13.790085,13.959067,13.714647,13.784955,417155200
2013-01-31,13.789480,13.858882,13.729130,13.744518,319334400
2013-02-01,13.853760,13.864925,13.529075,13.688098,539484400
2013-02-04,13.696841,13.758097,13.337454,13.347111,477117200
2013-02-05,13.399315,13.872765,13.344094,13.815432,573347600
2013-02-06,13.774097,14.076754,13.656714,13.800652,593706400
2013-02-07,14.060153,14.265021,13.783046,14.210998,704580800
2013-02-08,14.386429,14.532418,14.211909,14.416173,633158400
2013-02-11,14.462300,14.718464,14.363660,14.566403,517490400
2013-02-12,14.553658,14.640767,14.196426,14.201283,609053200
2013-02-13,14.180340,14.375498,14.059239,14.174270,475207600
2013-02-14,14.098695,14.314795,14.083520,14.161522,355275200
2013-02-15,14.230117,14.269878,13.959082,13.966367,391745200
2013-02-19,13.994898,14.044371,13.774853,13.961207,435783600
2013-02-20,13.891399,13.891399,13.621577,13.623096,476302400
2013-02-21,13.536593,13.632807,13.440077,13.538414,447182400
2013-02-22,13.635235,13.706559,13.554804,13.682582,330654800
2013-02-25,13.774851,13.813397,13.432490,13.439471,372579200
2013-02-26,13.470428,13.704739,13.283465,13.626737,501499600
2013-02-27,13.610344,13.732052,13.374213,13.493189,587350400
2013-02-28,13.477409,13.593349,13.396978,13.396978,322515200
2013-03-01,13.293783,13.299247,13.050368,13.065240,552448400
2013-03-04,12.984201,12.996342,12.717112,12.748981,582755600
2013-03-05,12.792383,13.208496,12.770227,13.085574,638433600
2013-03-06,13.187862,13.210322,12.881922,12.919254,460250000
2013-03-07,12.884043,13.111980,12.779635,13.068578,468473600
2013-03-08,13.044904,13.215780,13.008786,13.103178,391482000
2013-03-11,13.043387,13.324439,12.903468,13.289838,474236000
2013-03-12,13.220941,13.320492,12.977221,13.003323,465911600
2013-03-13,13.003932,13.187556,12.910147,13.000896,405549200
2013-03-14,13.136869,13.191804,13.064633,13.126854,303875600
2013-03-15,13.291660,13.482872,13.271021,13.465572,643960800
2013-03-18,13.398500,13.884420,13.390912,13.831611,606197200
2013-03-19,13.946334,13.990951,13.612472,13.794276,526775200
2013-03-20,13.883204,13.889577,13.645554,13.721128,308660800
2013-03-21,13.664672,13.900196,13.661030,13.740852,383255600
2013-03-22,13.797009,14.025248,13.752393,14.019483,395105200
2013-03-25,14.103854,14.263502,14.015533,14.070165,501135600
2013-03-26,14.126618,14.138758,13.977595,13.996109,294294000
2013-03-27,13.854066,13.864385,13.680154,13.721128,331237200
2013-03-28,13.652537,13.713239,13.403658,13.435223,442839600
2013-04-01,13.412154,13.466787,12.982383,13.017894,389732000
2013-04-02,12.978135,13.298035,12.941713,13.044603,529519200
2013-04-03,13.092558,13.271933,13.060386,13.111376,363216000
2013-04-04,13.165097,13.202732,12.906808,12.981775,358447600
2013-04-05,12.884043,12.897702,12.737751,12.844587,383695200
2013-04-08,12.894667,12.975097,12.823039,12.935945,300829200
2013-04-09,12.940499,13.005449,12.830931,12.959316,306614000
2013-04-10,12.993312,13.265258,12.929878,13.223677,375928000
2013-04-11,13.163882,13.293481,13.087397,13.182397,328364400
2013-04-12,13.176932,13.176932,13.023356,13.044906,238613200
2013-04-15,12.959923,12.986936,12.733808,12.742913,317520000
2013-04-16,12.795119,12.948088,12.764768,12.936859,305771200
2013-04-17,12.755663,12.765679,12.083082,12.225429,945056000
2013-04-18,12.291896,12.316177,11.829041,11.899153,666299200
2013-04-19,11.775316,12.128300,11.688208,11.853015,609274400
2013-04-22,11.917059,12.207216,11.875479,12.100076,429920400
2013-04-23,12.261541,12.394783,12.104322,12.326493,664238400
2013-04-24,11.944374,12.603296,11.912809,12.306159,969651200
2013-04-25,12.481284,12.563535,12.352898,12.394783,384837600
2013-04-26,12.438186,12.710131,12.390838,12.662480,764097600
2013-04-29,12.761121,13.160846,12.747463,13.054617,640326400
2013-04-30,13.205767,13.513831,13.113803,13.438863,691538400
2013-05-01,13.489855,13.504120,13.184220,13.332940,506909200
2013-05-02,13.408508,13.615199,13.373605,13.522022,421828400
2013-05-03,13.697758,13.756034,13.632200,13.657393,361300800
2013-05-06,13.831302,14.028282,13.788812,13.983060,496641600
2013-05-07,14.112351,14.136024,13.770294,13.920835,483753200
2013-05-08,13.932372,14.124495,13.834338,14.078057,472598000
2013-05-09,14.048113,14.145573,13.918878,13.955235,398487600
2013-05-10,13.991900,14.045061,13.763066,13.839140,334852000
2013-05-13,13.794538,13.989766,13.794233,13.893221,316948800
2013-05-14,13.866027,13.907271,13.508567,13.560812,447118000
2013-05-15,13.417219,13.473435,12.903945,13.102227,741613600
2013-05-16,12.930830,13.377195,12.798234,13.277289,603204000
2013-05-17,13.413858,13.445632,13.168220,13.236961,427904400
2013-05-20,13.195713,13.620081,13.140414,13.532396,451578400
2013-05-21,13.386361,13.610307,13.265680,13.432494,456022000
2013-05-22,13.566616,13.697990,13.388497,13.484125,443038400
2013-05-23,13.319146,13.631082,13.314257,13.508263,353021200
2013-05-24,13.468852,13.615807,13.453882,13.600225,276166800
2013-05-28,13.745350,13.782317,13.468854,13.486879,386145200
2013-05-29,13.442886,13.672026,13.424554,13.594118,330576400
2013-05-30,13.615499,13.885885,13.580670,13.796673,353519600
2013-05-31,13.824780,13.965320,13.733125,13.740152,384302800
2013-06-03,13.770703,13.820503,13.518650,13.770398,372352400
2013-06-04,13.846782,13.883750,13.668664,13.727324,292728800
2013-06-05,13.615499,13.770398,13.556228,13.599001,290589600
2013-06-06,13.610002,13.656746,13.261098,13.395832,416934000
2013-06-07,13.335949,13.541870,13.221990,13.498180,404535600
2013-06-10,13.587390,13.720290,13.345113,13.408966,450153200
2013-06-11,13.312728,13.527202,13.238791,13.369554,286112400
2013-06-12,13.427609,13.481075,13.183192,13.204273,265227200
2013-06-13,13.213745,13.355506,13.099174,13.319454,285832400
2013-06-14,13.302339,13.329530,13.091529,13.138885,271866000
2013-06-17,13.181355,13.311506,13.148359,13.198463,259414400
2013-06-18,13.185021,13.287065,13.143776,13.191437,195025600
2013-06-19,13.180136,13.188080,12.923500,12.923500,310940000
2013-06-20,12.810455,13.014542,12.684275,12.735297,357310800
2013-06-21,12.785709,12.831844,12.468274,12.633255,481118400
2013-06-24,12.446889,12.485384,12.161227,12.298406,480746000
2013-06-25,12.394952,12.458805,12.185059,12.301157,314162800
2013-06-26,12.339955,12.367147,12.088207,12.161838,367724000
2013-06-27,12.197888,12.263268,12.023436,12.030767,337246000
2013-06-28,11.956834,12.229052,11.880759,12.114788,578516400
2013-07-01,12.302989,12.595677,12.258077,12.502493,391053600
2013-07-02,12.525100,12.881641,12.510129,12.785707,469865200
2013-07-03,12.858115,12.922886,12.753934,12.856282,240928800
2013-07-05,12.843760,12.932360,12.689777,12.753019,274024800
2013-07-08,12.835205,12.862396,12.546182,12.680611,298138400
2013-07-09,12.636312,12.938776,12.537934,12.903642,352584400
2013-07-10,12.819624,12.978494,12.778379,12.854147,281405600
2013-07-11,12.921969,13.083895,12.867587,13.054564,326292400
2013-07-12,13.065565,13.130946,12.936025,13.030736,279563200
2013-07-15,12.984910,13.181969,12.978493,13.059150,241917200
2013-07-16,13.031042,13.159055,12.959245,13.143475,216538000
2013-07-17,13.128195,13.205186,13.082977,13.146831,198990400
2013-07-18,13.240627,13.286150,13.155999,13.191133,218878800
2013-07-19,13.232076,13.258962,12.964746,12.983078,268721600
2013-07-22,13.120864,13.129724,12.998961,13.024625,207796400
2013-07-23,13.015154,13.044483,12.792430,12.800984,369395600
2013-07-24,13.410189,13.583114,13.298064,13.458462,591936800
2013-07-25,13.464269,13.485655,13.314869,13.397054,229493600
2013-07-26,13.299288,13.474656,13.269958,13.473129,200152400
2013-07-29,13.467322,13.748095,13.448991,13.680881,248057600
2013-07-30,13.747182,13.966851,13.724879,13.849837,309422400
2013-07-31,13.900860,13.972656,13.730990,13.825701,322957600
2013-08-01,13.924074,13.956152,13.847998,13.952486,206250800
2013-08-02,13.993129,14.141001,13.951884,14.131529,274783600
2013-08-05,14.197214,14.379915,14.119613,14.342642,318855600
2013-08-06,14.298953,14.417189,14.120223,14.214324,334857600
2013-08-07,14.170017,14.267784,14.107996,14.206068,298858000
2013-08-08,14.265426,14.272807,14.083670,14.177778,255777200
2013-08-09,14.104891,14.160864,13.951431,13.976033,266865200
2013-08-12,14.050148,14.412733,14.043074,14.373062,364434000
2013-08-13,14.483160,15.212639,14.394281,15.056103,881941200
2013-08-14,15.311669,15.507570,15.173893,15.330736,756372400
2013-08-15,15.266769,15.450676,15.041035,15.312591,490294000
2013-08-16,15.381475,15.467279,15.341804,15.448519,362306000
2013-08-19,15.510334,15.799419,15.499879,15.614898,510518400
2013-08-20,15.675487,15.701935,15.402086,15.409774,358688400
2013-08-21,15.487272,15.596755,15.413771,15.449446,335879600
2013-08-22,15.530021,15.548780,15.321510,15.467897,244207600
2013-08-23,15.477431,15.479891,15.356877,15.408236,222731600
2013-08-26,15.399932,15.690556,15.392244,15.468206,330965600
2013-08-27,15.315355,15.454056,14.955537,15.025963,424188800
2013-08-28,14.946311,15.247698,14.946311,15.097004,307608000
2013-08-29,15.120070,15.269225,15.104077,15.121607,239657600
2013-08-30,15.130837,15.160053,14.961692,14.983835,272297200
2013-09-03,15.164664,15.395317,14.987831,15.025658,331928800
2013-09-04,15.363329,15.445750,15.262457,15.336573,345032800
2013-09-05,15.384555,15.397780,15.181272,15.231400,236367600
2013-09-06,15.328886,15.357792,15.067786,15.322119,359525600
2013-09-09,15.530635,15.620436,15.483890,15.566617,340687200
2013-09-10,15.567539,15.605981,15.053952,15.212026,743195600
2013-09-11,14.362305,14.567740,14.294647,14.383834,898696400
2013-09-12,14.408125,14.620325,14.331547,14.536983,404051200
2013-09-13,14.433954,14.510530,14.291258,14.297407,298835600
2013-09-16,14.177472,14.196231,13.753685,13.842871,543706800
2013-09-17,13.776438,14.137795,13.762292,14.002786,399380800
2013-09-18,14.244511,14.342000,14.167011,14.290642,456862000
2013-09-19,14.475781,14.633547,14.431187,14.524986,404541200
2013-09-20,14.700280,14.717194,14.331235,14.374599,699302800
2013-09-23,15.256921,15.281831,14.841745,15.089005,762106800
2013-09-24,15.219409,15.237553,15.002289,15.041653,364344400
2013-09-25,15.044727,15.058257,14.805770,14.808845,316957200
2013-09-26,14.946316,15.025044,14.881732,14.953081,237221600
2013-09-27,14.878042,14.905413,14.783936,14.846366,228040400
2013-09-30,14.677220,14.812843,14.589879,14.661843,260156400
2013-10-01,14.714121,15.042879,14.711968,15.006590,353883600
2013-10-02,14.934931,15.124680,14.877114,15.055792,289184000
2013-10-03,15.085009,15.141597,14.784547,14.866658,322753200
2013-10-04,14.880494,14.903251,14.718730,14.854969,258868400
2013-10-07,14.963537,15.150826,14.926325,15.000134,312292400
2013-10-08,15.067487,15.089016,14.778404,14.790706,290917200
2013-10-09,14.904487,15.001360,14.708893,14.964457,301725200
2013-10-10,15.109926,15.142524,14.978299,15.058259,278602800
2013-10-11,14.976762,15.187424,14.920482,15.155748,267738800
2013-10-14,15.064105,15.302446,15.049343,15.255085,261898000
2013-10-15,15.300286,15.438371,15.239088,15.336268,320073600
2013-10-16,15.401156,15.454668,15.353181,15.410997,251101200
2013-10-17,15.376253,15.523871,15.367027,15.515260,253593200
2013-10-18,15.561077,15.661642,15.552466,15.650263,290542000
2013-10-21,15.738833,16.124178,15.731145,16.033762,398106800
2013-10-22,16.189075,16.251812,15.623820,15.987945,534063600
2013-10-23,15.961185,16.166314,15.961185,16.144478,313723200
2013-10-24,16.145710,16.375442,16.067290,16.358219,384764800
2013-10-25,16.340075,16.398814,16.149095,16.175236,337792000
2013-10-28,16.269956,16.330235,16.090662,16.295790,550440800
2013-10-29,16.492303,16.583949,15.824024,15.889836,635807200
2013-10-30,15.979946,16.223208,15.900293,16.142633,354163600
2013-10-31,16.145712,16.222289,16.031000,16.074978,275696400
2013-11-01,16.115572,16.139560,15.864006,15.992865,274890000
2013-11-04,16.025769,16.201681,15.955343,16.199528,244627600
2013-11-05,16.132789,16.265338,16.084198,16.159544,265213200
2013-11-06,16.213682,16.235645,16.029629,16.113768,223375600
2013-11-07,16.072319,16.183987,15.849599,15.853001,262620400
2013-11-08,15.917648,16.120261,15.856090,16.102629,279316800
2013-11-11,16.084997,16.136964,15.912389,16.055920,227452400
2013-11-12,16.013230,16.206564,15.992506,16.085615,204276800
2013-11-13,16.023442,16.154910,15.991271,16.104797,197220800
2013-11-14,16.172231,16.372369,16.143154,16.337725,282419200
2013-11-15,16.288850,16.366491,16.224200,16.239666,317920400
2013-11-18,16.239669,16.307723,16.029632,16.042933,244944000
2013-11-19,16.055303,16.189863,16.022513,16.071388,208938800
2013-11-20,16.061485,16.098297,15.909913,15.930637,193916800
2013-11-21,16.011069,16.122739,15.889502,16.120573,262026800
2013-11-22,16.070459,16.152123,16.039836,16.079121,223725600
2013-11-25,16.116859,16.266886,16.116242,16.200998,229311600
2013-11-26,16.212748,16.584568,16.209038,16.499809,401382800
2013-11-27,16.589828,16.889572,16.499812,16.888334,363448400
2013-11-29,16.997222,17.270981,16.945564,17.201073,318127600
2013-12-02,17.260771,17.456578,17.038671,17.051353,472544800
2013-12-03,17.270052,17.519994,17.250874,17.518137,450968000
2013-12-04,17.492778,17.606923,17.348010,17.477312,377809600
2013-12-05,17.713941,17.790964,17.520917,17.567007,447580000
2013-12-06,17.501741,17.531438,17.309337,17.323256,344352400
2013-12-09,17.350480,17.618981,17.350480,17.521542,320493600
2013-12-10,17.433388,17.566401,17.359766,17.494326,278269600
2013-12-11,17.539176,17.661982,17.313055,17.364712,359718800
2013-12-12,17.388837,17.487822,17.323567,17.339342,262290000
2013-12-13,17.410803,17.411732,17.126837,17.150345,332822000
2013-12-16,17.168599,17.404310,17.168290,17.245312,282592800
2013-12-17,17.193034,17.305322,17.117866,17.167669,229902400
2013-12-18,17.004025,17.058158,16.666852,17.037123,565863200
2013-12-19,16.997842,17.013308,16.819357,16.841938,320308800
2013-12-20,16.871936,17.063104,16.853067,16.982986,436413600
2013-12-23,17.570101,17.654239,17.408012,17.634752,501306400
2013-12-24,17.628571,17.690129,17.509169,17.559900,167554800
2013-12-26,17.573195,17.616502,17.427190,17.443275,204008000
2013-12-27,17.440810,17.459060,17.307178,17.325428,225884400
2013-12-30,17.244075,17.325428,17.085076,17.153130,253629600
2013-12-31,17.142306,17.362240,17.137046,17.354198,223084400
2014-01-02,17.189005,17.230765,17.075789,17.110125,234684800
2014-01-03,17.101779,17.127762,16.717277,16.734291,392467600
2014-01-06,16.625095,16.914320,16.506001,16.825542,412610800
2014-01-07,16.837612,16.888342,16.639639,16.705217,317209200
2014-01-08,16.667162,16.875962,16.663451,16.811003,258529600
2014-01-09,16.914316,16.916173,16.560131,16.596323,279148800
2014-01-10,16.698716,16.728722,16.428978,16.485586,304976000
2014-01-13,16.391856,16.781306,16.390928,16.571888,378492800
2014-01-14,16.648918,16.912160,16.631595,16.901644,332561600
2014-01-15,17.122189,17.328823,17.064653,17.240973,391638800
2014-01-16,17.164880,17.225200,17.065274,17.144773,229278000
2014-01-17,17.059088,17.077338,16.700880,16.724699,426739600
2014-01-21,16.734605,17.015479,16.716973,16.984547,328526800
2014-01-22,17.041460,17.238813,16.945567,17.060020,379985200
2014-01-23,17.011447,17.214369,16.852759,17.204470,403239200
2014-01-24,17.137036,17.187149,16.850904,16.891737,429354800
2014-01-27,17.015476,17.161790,16.881844,17.028776,554878800
2014-01-28,15.737618,15.930641,15.530673,15.667709,1065523200
2014-01-29,15.588831,15.694622,15.423956,15.489843,502810000
2014-01-30,15.545215,15.667712,15.364565,15.459839,678501600
2014-01-31,15.317542,15.513968,15.267121,15.485200,464797200
2014-02-03,15.547381,15.705760,15.444992,15.513972,401464000
2014-02-04,15.647602,15.759272,15.552018,15.738545,376681200
2014-02-05,15.669566,15.939304,15.659976,15.856093,328344800
2014-02-06,15.872276,15.979324,15.802258,15.948516,257765200
2014-02-07,16.224535,16.272768,16.100061,16.171633,370280400
2014-02-10,16.139899,16.554709,16.119362,16.461353,345559200
2014-02-11,16.511755,16.733940,16.477213,16.678240,282256800
2014-02-12,16.709051,16.790270,16.593602,16.676998,308100800
2014-02-13,16.637789,16.954887,16.623475,16.941818,307398000
2014-02-14,16.880822,16.990049,16.841614,16.928122,272924400
2014-02-18,16.990671,17.152175,16.978534,16.990360,260251600
2014-02-19,16.951772,17.018366,16.628141,16.722118,313768000
2014-02-20,16.585826,16.710612,16.461663,16.528568,305858000
2014-02-21,16.579600,16.634991,16.324740,16.344967,278784800
2014-02-24,16.279621,16.490292,16.256904,16.416540,288909600
2014-02-25,16.473484,16.479396,16.212712,16.245697,231952000
2014-02-26,16.293934,16.337189,16.044675,16.099133,276217200
2014-02-27,16.092593,16.454812,16.058674,16.420271,301882000
2014-02-28,16.464148,16.578354,16.247563,16.375772,371968800
2014-03-03,16.288020,16.513007,16.269038,16.423075,238781200
2014-03-04,16.523898,16.574931,16.423384,16.531364,259140000
2014-03-05,16.521407,16.640589,16.465704,16.566217,200062800
2014-03-06,16.579595,16.630941,16.433650,16.516113,185488800
2014-03-07,16.526695,16.554390,16.369858,16.506468,220729600
2014-03-10,16.441745,16.596403,16.441121,16.521408,178584000
2014-03-11,16.662373,16.764751,16.573373,16.682287,279224400
2014-03-12,16.633125,16.721500,16.555017,16.698473,199326400
2014-03-13,16.724305,16.793387,16.466643,16.513010,257742800
2014-03-14,16.455118,16.520467,16.274943,16.327534,237199200
2014-03-17,16.421209,16.491847,16.363639,16.391335,199544800
2014-03-18,16.365191,16.554080,16.343409,16.536343,209647200
2014-03-19,16.563105,16.686955,16.461658,16.531986,224756000
2014-03-20,16.489351,16.575861,16.410310,16.452320,208398400
2014-03-21,16.552839,16.609475,16.378577,16.582090,374046400
2014-03-24,16.754798,16.819524,16.650239,16.778759,355700800
2014-03-25,16.850644,16.982896,16.791206,16.959246,282293200
2014-03-26,17.006852,17.084026,16.768485,16.797113,299768000
2014-03-27,16.804586,16.850642,16.652106,16.724922,222031600
2014-03-28,16.751688,16.770981,16.625036,16.706255,200564000
2014-03-31,16.780001,16.829169,16.677309,16.702517,168669200
2014-04-01,16.734253,16.862152,16.703447,16.855305,200760000
2014-04-02,16.878026,16.912256,16.812055,16.883316,180420800
2014-04-03,16.847218,16.881759,16.730524,16.766310,162344000
2014-04-04,16.798051,16.803963,16.510828,16.549414,275251200
2014-04-07,16.431169,16.520790,16.240414,16.289579,289850400
2014-04-08,16.343096,16.372037,16.141137,16.288639,243888400
2014-04-09,16.263749,16.508029,16.244456,16.502739,206169600
2014-04-10,16.513934,16.562480,16.280235,16.289883,239652000
2014-04-11,16.150473,16.269658,16.092593,16.169456,271717600
2014-04-14,16.240717,16.248807,16.094772,16.233871,205674000
2014-04-15,16.189997,16.232628,15.911797,16.118113,266490000
2014-04-16,16.120917,16.215517,15.999244,16.150791,214765600
2014-04-17,16.181593,16.423073,16.156698,16.335318,284334400
2014-04-21,16.347763,16.559368,16.304819,16.529184,182548800
2014-04-22,16.440183,16.549720,16.383859,16.545675,202563200
2014-04-23,16.463531,16.527947,16.320074,16.329411,394940000
2014-04-24,17.681814,17.737516,17.449047,17.668121,759911600
2014-04-25,17.567299,17.799442,17.549563,17.797888,390275200
2014-04-28,17.824656,18.538824,17.816874,18.487167,669485600
2014-04-29,18.476266,18.545971,18.344635,18.432388,337377600
2014-04-30,18.442039,18.653333,18.353662,18.362686,456640800
2014-05-01,18.422117,18.509249,18.246610,18.405937,244048000
2014-05-02,18.432694,18.490575,18.350852,18.440161,191514400
2014-05-05,18.364243,18.702189,18.359885,18.700943,287067200
2014-05-06,18.727080,18.808299,18.497116,18.497116,374564400
2014-05-07,18.523255,18.586736,18.289244,18.432388,282864400
2014-05-08,18.407670,18.600431,18.349780,18.399534,230297200
2014-05-09,18.291573,18.345083,18.159832,18.322866,291597600
2014-05-12,18.383891,18.576963,18.381073,18.550991,213208800
2014-05-13,18.525014,18.604495,18.484335,18.580088,159737200
2014-05-14,18.538476,18.693998,18.516884,18.583536,166404000
2014-05-15,18.609506,18.668960,18.401099,18.425507,230846000
2014-05-16,18.419561,18.698062,18.318487,18.697437,276256400
2014-05-19,18.708082,19.004733,18.691810,18.918993,317755200
2014-05-20,18.916482,18.975624,18.798197,18.922741,234836000
2014-05-21,18.895208,18.985016,18.839821,18.972813,196859600
2014-05-22,18.981877,19.083577,18.903647,19.002842,200760000
2014-05-23,19.002222,19.236288,18.977814,19.217512,232209600
2014-05-27,19.272275,19.584572,19.264452,19.577375,348866000
2014-05-28,19.589573,19.708797,19.519478,19.526676,315481600
2014-05-29,19.646842,19.929099,19.644339,19.882473,376474000
2014-05-30,19.963830,20.157529,19.679696,19.807995,564020800
2014-06-02,19.838040,19.865263,19.479430,19.671877,369350800
2014-06-03,19.665930,19.987615,19.659359,19.950064,292709200
2014-06-04,19.946935,20.273940,19.905316,20.177872,335482000
2014-06-05,20.221056,20.320253,20.108717,20.257042,303805600
2014-06-06,20.336838,20.379397,20.166922,20.201342,349938400
2014-06-09,20.305546,20.564020,20.097453,20.524591,301660000
2014-06-10,20.750202,20.820297,20.496108,20.645060,251108000
2014-06-11,20.618775,20.756775,20.474206,20.559633,182724000
2014-06-12,20.599063,20.616587,20.130305,20.215733,218996000
2014-06-13,20.196017,20.248589,19.906877,19.994495,218100000
2014-06-16,20.044883,20.316500,20.031740,20.196024,142244000
2014-06-17,20.220115,20.305542,20.108402,20.169735,118904000
2014-06-18,20.211360,20.215742,20.009838,20.191647,134056000
2014-06-19,20.215737,20.217928,20.007643,20.121548,142112000
2014-06-20,20.119364,20.272697,19.911271,19.913462,403592000
2014-06-23,20.003263,20.068978,19.845550,19.895931,174776000
2014-06-24,19.878403,20.095258,19.755738,19.775452,156144000
2014-06-25,19.760127,19.867459,19.637462,19.792984,147476000
2014-06-26,19.795159,19.944110,19.670303,19.911253,130516000
2014-06-27,19.893733,20.152207,19.882780,20.147827,256116000
2014-06-30,20.174112,20.531158,20.171922,20.355921,197929200
2014-07-01,20.485167,20.605642,20.399739,20.485167,152892000
2014-07-02,20.561828,20.603446,20.390971,20.476400,113860000
2014-07-03,20.518021,20.612211,20.415070,20.596878,91567200
2014-07-07,20.620975,21.026210,20.612213,21.021830,225872000
2014-07-08,21.087531,21.203627,20.572774,20.886009,260888000
2014-07-09,20.905732,21.017444,20.756781,20.894779,145744000
2014-07-10,20.537735,20.929827,20.485163,20.818113,158744000
2014-07-11,20.888206,21.004300,20.778684,20.857540,136072000
2014-07-14,20.997728,21.223345,20.951729,21.126965,171240000
2014-07-15,21.203633,21.214584,20.815921,20.879444,181911600
2014-07-16,21.240867,21.269342,20.752394,20.761156,213585200
2014-07-17,20.815925,20.870687,20.277073,20.390976,229192000
2014-07-18,20.507071,20.752402,20.375642,20.684498,199952000
2014-07-21,20.807157,20.809348,20.528970,20.577160,156316000
2014-07-22,20.739252,20.785252,20.616587,20.748014,220788000
2014-07-23,20.901345,21.440197,20.846583,21.289057,371672000
2014-07-24,21.256206,21.317538,21.120397,21.254015,182916000
2014-07-25,21.214586,21.431441,21.168586,21.394203,173876000
2014-07-28,21.427068,21.738113,21.367926,21.689922,221272000
2014-07-29,21.757819,21.781914,21.521249,21.549725,172572000
2014-07-30,21.562869,21.619820,21.394203,21.499346,132040000
2014-07-31,21.282484,21.346005,20.881629,20.940771,227372000
2014-08-01,20.787442,21.164201,20.767727,21.056868,194044000
2014-08-04,21.109444,21.155444,20.846588,20.938587,159832000
2014-08-05,20.888209,20.958303,20.669163,20.835638,223732000
2014-08-06,20.754591,20.914495,20.745829,20.800591,154232000
2014-08-07,20.897448,21.121985,20.714735,20.798388,186844000
2014-08-08,20.749957,20.873233,20.534224,20.855621,167460000
2014-08-11,20.972291,21.150602,20.877633,21.130789,146340000
2014-08-12,21.141802,21.326715,21.047143,21.126392,135180000
2014-08-13,21.166013,21.405960,21.141798,21.405960,127664000
2014-08-14,21.425777,21.478609,21.309106,21.463200,112464000
2014-08-15,21.551250,21.615089,21.322309,21.568861,195804000
2014-08-18,21.681127,21.874847,21.568859,21.828619,190288000
2014-08-19,21.883660,22.163232,21.863847,22.130211,277596000
2014-08-20,22.110391,22.253477,22.002523,22.139008,210796000
2014-08-21,22.139020,22.220471,22.037758,22.141222,133912000
2014-08-22,22.077370,22.337130,22.055357,22.304110,176736000
2014-08-25,22.407575,22.491226,22.295305,22.352541,161080000
2014-08-26,22.326125,22.343736,22.202850,22.209454,132608000
2014-08-27,22.238072,22.579282,22.167628,22.482422,209476000
2014-08-28,22.363552,22.625514,22.356949,22.508842,273840000
2014-08-29,22.643118,22.651924,22.497828,22.563869,178380000
2014-09-02,22.687149,22.836841,22.612304,22.739983,214256000
2014-09-03,22.695946,22.717959,21.700935,21.780184,501684000
2014-09-04,21.760378,22.033345,21.527035,21.599680,342872000
2014-09-05,21.749366,21.879245,21.641499,21.786789,233828000
2014-09-08,21.859441,21.861641,21.584272,21.652514,185426800
2014-09-09,21.811012,22.691554,21.163814,21.571064,759385200
2014-09-10,21.575460,22.257879,21.520426,22.233664,403478400
2014-09-11,22.103786,22.330525,21.929879,22.328323,249412400
2014-09-12,22.279900,22.495633,22.251283,22.378962,250504400
2014-09-15,22.632116,22.684950,22.330532,22.372356,245266000
2014-09-16,21.969515,22.290912,21.769191,22.202858,267632400
2014-09-17,22.293102,22.409775,22.143410,22.361345,243706000
2014-09-18,22.438398,22.530855,22.356948,22.407579,149197600
2014-09-19,22.517643,22.530851,22.123601,22.224863,283609600
2014-09-22,22.409775,22.484620,22.141210,22.246874,211153600
2014-09-23,22.145618,22.660735,22.132410,22.594694,253608800
2014-09-24,22.489029,22.640922,22.277698,22.398773,240687200
2014-09-25,22.125800,22.169827,21.511623,21.544643,400368000
2014-09-26,21.689934,22.178635,21.661317,22.178635,249482000
2014-09-29,21.716353,22.110395,21.711949,22.037750,199065200
2014-09-30,22.191842,22.352542,22.130205,22.178635,221056400
2014-10-01,22.143409,22.165424,21.727354,21.833019,205965200
2014-10-02,21.852832,22.061961,21.582066,21.991518,191031200
2014-10-03,21.890258,22.059761,21.802203,21.929882,173878400
2014-10-06,22.002525,22.156621,21.885854,21.929882,148204800
2014-10-07,21.888057,22.039951,21.733963,21.738365,168376800
2014-10-08,21.740566,22.257883,21.641504,22.189642,229618800
2014-10-09,22.352539,22.537452,22.147813,22.238068,309506000
2014-10-10,22.165427,22.460407,22.079574,22.174232,265326400
2014-10-13,22.306313,22.405373,21.971706,21.971706,214333600
2014-10-14,22.099387,22.128004,21.698741,21.738365,254754400
2014-10-15,21.566660,21.826420,20.952482,21.472002,403734400
2014-10-16,21.033932,21.511625,21.003113,21.190228,288618000
2014-10-17,21.463197,21.793400,21.311303,21.500620,272718800
2014-10-20,21.643700,22.004722,21.621687,21.960695,310069200
2014-10-21,22.678336,22.678336,22.293099,22.557262,378495600
2014-10-22,22.638715,22.918288,22.585883,22.671736,273052400
2014-10-23,22.911683,23.125214,22.812621,23.076784,284298800
2014-10-24,23.153838,23.222079,23.010749,23.162643,188215600
2014-10-27,23.081183,23.219869,23.048162,23.138418,136750800
2014-10-28,23.202261,23.497242,23.191254,23.497242,192243600
2014-10-29,23.477441,23.635939,23.413602,23.629333,210751600
2014-10-30,23.545672,23.631525,23.312329,23.550076,162619200
2014-10-31,23.776824,23.783428,23.600715,23.774622,178557200
2014-11-03,23.823048,24.280930,23.776820,24.082808,209130400
2014-11-04,24.074002,24.102619,23.712980,23.906698,166297600
2014-11-05,24.016762,24.060790,23.803231,23.963930,149743600
2014-11-06,24.010360,24.052368,23.833489,24.032469,139874000
2014-11-07,24.043522,24.169543,23.999304,24.101006,134766000
2014-11-10,24.103217,24.171756,24.025835,24.061211,108782000
2014-11-11,24.032473,24.264618,23.966147,24.253563,109769200
2014-11-12,24.182810,24.636045,24.180600,24.596249,187769600
2014-11-13,24.717848,25.082645,24.673629,24.943359,238091600
2014-11-14,25.016321,25.246255,24.587406,25.244043,176254400
2014-11-17,25.263937,25.929418,25.049481,25.202032,186986800
2014-11-18,25.190982,25.577889,25.179927,25.529249,176896000
2014-11-19,25.522617,25.588943,25.160030,25.352377,167476800
2014-11-20,25.405443,25.836568,25.392177,25.714968,173582000
2014-11-21,25.980269,25.993534,25.653056,25.750336,228717200
2014-11-24,25.834350,26.258842,25.783501,26.227890,189803200
2014-11-25,26.325166,26.475508,25.967000,26.000164,275361600
2014-11-26,26.075343,26.331807,26.051023,26.309698,163073200
2014-11-28,26.369388,26.398131,26.099660,26.294218,99257600
2014-12-01,26.267691,26.364971,24.600673,25.440815,335256000
2014-12-02,25.093698,25.591150,24.927880,25.343529,237395600
2014-12-03,25.591153,25.723806,25.449655,25.630949,172253600
2014-12-04,25.595570,25.911728,25.489447,25.533665,168178000
2014-12-05,25.644215,25.664114,25.345744,25.425337,153275600
2014-12-08,25.226354,25.347954,24.678052,24.850502,230659600
2014-12-09,24.361893,25.270572,24.176176,25.230776,240832000
2014-12-10,25.294884,25.392162,24.660355,24.751001,178261200
2014-12-11,24.819554,25.160033,24.616150,24.678057,165606800
2014-12-12,24.421584,24.733321,24.227025,24.260189,224112400
2014-12-15,24.474647,24.673628,23.512906,23.928556,268872400
2014-12-16,23.517332,24.355262,23.493011,23.601345,243162800
2014-12-17,23.683153,24.284516,23.616826,24.189449,213647200
2014-12-18,24.733329,24.905779,24.465810,24.905779,236024800
2014-12-19,24.819545,25.036212,24.686891,24.713421,353719200
2014-12-22,24.797446,25.091495,24.755439,24.969896,180670000
2014-12-23,25.034009,25.056118,24.863769,24.881456,104113600
2014-12-24,24.890298,24.919039,24.764277,24.764277,57918400
2014-12-26,24.784172,25.319209,24.764275,25.202032,134884000
2014-12-29,25.157814,25.374481,25.137915,25.184345,110395600
2014-12-30,25.124655,25.186559,24.786387,24.877033,119526000
2014-12-31,24.943354,25.011891,24.366310,24.403894,165613600
2015-01-02,24.627213,24.638268,23.734009,24.171768,212818400
2015-01-05,23.941830,24.021423,23.305092,23.490807,257142000
2015-01-06,23.554911,23.751680,23.132628,23.493006,263188400
2015-01-07,23.700837,23.921927,23.590292,23.822437,160423600
2015-01-08,24.149651,24.795233,24.032472,24.737749,237458000
2015-01-09,24.910195,25.038427,24.366314,24.764277,214798000
2015-01-12,24.894721,24.901353,24.054580,24.154070,198603200
2015-01-13,24.636043,24.938937,24.078897,24.368525,268367600
2015-01-14,24.107642,24.428222,23.988253,24.275671,195826400
2015-01-15,24.319887,24.333152,23.581448,23.616821,240056000
2015-01-16,23.663255,23.784855,23.258660,23.433321,314053200
2015-01-20,23.842330,24.092162,23.546070,24.036890,199599600
2015-01-21,24.087741,24.554241,23.937400,24.220396,194303600
2015-01-22,24.377370,24.865978,24.257981,24.850502,215185600
2015-01-23,24.828394,25.148973,24.658154,24.978735,185859200
2015-01-26,25.146758,25.283834,24.938935,25.005260,222460000
2015-01-27,24.854928,24.868194,24.105433,24.129753,382274800
2015-01-28,26.006804,26.115139,25.493876,25.493876,585908400
2015-01-29,25.717172,26.351701,25.549143,26.287584,337745600
2015-01-30,26.177033,26.530776,25.834343,25.902882,334982000
2015-02-02,26.099659,26.347279,25.664112,26.227890,250956400
2015-02-03,26.199147,26.329590,26.002378,26.232311,207662800
2015-02-04,26.199147,26.643539,26.157140,26.433502,280598800
2015-02-05,26.639929,26.686543,26.469019,26.622173,168984800
2015-02-06,26.639929,26.690982,26.291448,26.397991,174826400
2015-02-09,26.313648,26.599978,26.287012,26.573343,155559200
2015-02-10,26.673225,27.112711,26.671006,27.083855,248034000
2015-02-11,27.250327,27.727547,27.190398,27.718668,294247200
2015-02-12,27.980581,28.295769,27.871820,28.069366,297898000
2015-02-13,28.251381,28.251381,27.889583,28.206989,217088800
2015-02-17,28.297989,28.606518,28.171470,28.373457,252609600
2015-02-18,28.329061,28.584318,28.289108,28.571001,179566800
2015-02-19,28.517736,28.639817,28.484443,28.511078,149449600
2015-02-20,28.548807,28.744135,28.422290,28.744135,195793600
2015-02-23,28.859549,29.520996,28.779643,29.520996,283896400
2015-02-24,29.507687,29.654183,29.114812,29.336775,276912400
2015-02-25,29.201383,29.210263,28.444490,28.586546,298846800
2015-02-26,28.586542,29.048224,28.102665,28.948341,365150000
2015-02-27,28.855119,28.981639,28.464466,28.513298,248059200
2015-03-02,28.688652,28.917273,28.477788,28.653137,192386800
2015-03-03,28.624271,28.748569,28.431161,28.713055,151265200
2015-03-04,28.655350,28.757450,28.482219,28.531048,126665200
2015-03-05,28.539937,28.577670,27.914003,28.058279,226068400
2015-03-06,28.499976,28.715280,28.024978,28.100445,291368400
2015-03-09,28.402312,28.759673,27.758620,28.220303,354114000
2015-03-10,28.058276,28.238065,27.478954,27.636547,275426400
2015-03-11,27.689819,27.694257,27.103838,27.132692,275756000
2015-03-12,27.148223,27.723106,26.997288,27.623222,193450800
2015-03-13,27.612126,27.834088,27.208154,27.432335,207309200
2015-03-16,27.496707,27.734207,27.272527,27.734207,143497200
2015-03-17,27.945068,28.260254,27.889577,28.198105,204092400
2015-03-18,28.189231,28.668671,28.049395,28.515516,261083600
2015-03-19,28.577666,28.688647,28.278017,28.300213,183238000
2015-03-20,28.466684,28.499977,27.780820,27.945072,274780400
2015-03-23,28.215870,28.377901,28.082691,28.235846,150838800
2015-03-24,28.240280,28.420068,28.091564,28.120420,131369200
2015-03-25,28.087121,28.149270,27.385719,27.385719,206620800
2015-03-26,27.248107,27.718666,27.212592,27.576611,190291600
2015-03-27,27.649853,27.678708,27.281397,27.356863,158184800
2015-03-30,27.534438,28.056049,27.523339,28.049391,188398800
2015-03-31,27.987243,28.076028,27.603249,27.618786,168362400
2015-04-01,27.705347,27.771937,27.323572,27.578829,162485600
2015-04-02,27.751959,27.869599,27.565511,27.816328,128880400
2015-04-06,27.627661,28.302427,27.596587,28.266912,148776000
2015-04-07,28.331284,28.437825,27.962828,27.969486,140049200
2015-04-08,27.933973,28.056053,27.738647,27.878483,149316800
2015-04-09,27.933975,28.096008,27.669841,28.091568,129936000
2015-04-10,27.956174,28.235848,27.803021,28.211432,160752000
2015-04-13,28.493317,28.537713,28.102665,28.155935,145460400
2015-04-14,28.189225,28.253594,27.947286,28.033852,102098400
2015-04-15,28.058277,28.218088,27.969491,28.140402,115881600
2015-04-16,28.029415,28.211424,27.991682,28.004999,113476000
2015-04-17,27.867384,27.998341,27.625444,27.689814,207828000
2015-04-20,27.871829,28.437832,27.783044,28.322412,188217200
2015-04-21,28.433388,28.455582,28.115980,28.169252,129740400
2015-04-22,28.187009,28.604298,28.038295,28.548807,150618000
2015-04-23,28.477777,28.948336,28.442262,28.781864,183083600
2015-04-24,28.963879,28.994953,28.684204,28.917265,178103600
2015-04-27,29.367855,29.549866,29.110378,29.443321,387816800
2015-04-28,29.845069,29.862823,28.759673,28.979414,475696000
2015-04-29,28.890622,29.208026,28.477772,28.553238,253544400
2015-04-30,28.553249,28.553249,27.652082,27.778601,332781600
2015-05-01,27.989464,28.883974,27.811895,28.622057,234050400
2015-05-04,28.744135,28.981637,28.468901,28.566565,203953200
2015-05-05,28.444484,28.511074,27.918434,27.922874,197085600
2015-05-06,28.091569,28.133742,27.381290,27.747528,288564000
2015-05-07,27.809934,28.101921,27.642767,27.919151,175763600
2015-05-08,28.235655,28.445171,28.108608,28.445171,222201600
2015-05-11,28.393904,28.431795,28.001618,28.155413,168143200
2015-05-12,27.994934,28.280232,27.821080,28.055115,192640000
2015-05-13,28.117521,28.349327,28.055113,28.086317,138776800
2015-05-14,28.398363,28.741611,28.342641,28.741611,180814000
2015-05-15,28.768364,28.861977,28.576678,28.701496,152832000
2015-05-18,28.614568,29.136129,28.610109,29.017998,203531600
2015-05-19,29.129432,29.171781,28.895397,28.991241,178532800
2015-05-20,28.975648,29.194079,28.828541,28.989021,145819600
2015-05-21,28.991247,29.338954,28.937752,29.285460,158921600
2015-05-22,29.332275,29.637632,29.287694,29.541788,182384000
2015-05-26,29.555163,29.624258,28.779504,28.890949,282790400
2015-05-27,29.051428,29.479376,28.986792,29.430340,183332800
2015-05-28,29.390228,29.410287,29.220833,29.372396,122933200
2015-05-29,29.249800,29.298836,28.953356,29.038055,203538000
2015-06-01,29.038062,29.285470,28.986798,29.096012,128451200
2015-06-02,28.944447,29.122760,28.824089,28.966738,134670400
2015-06-03,29.122748,29.185157,28.953350,29.002386,123934000
2015-06-04,28.882030,29.104920,28.732695,28.832994,153800400
2015-06-05,28.864215,28.906564,28.610120,28.674757,142507200
2015-06-08,28.730459,28.799558,28.269080,28.485283,210699200
2015-06-09,28.240108,28.547697,27.999389,28.400589,224301600
2015-06-10,28.512034,28.828537,28.496432,28.726009,156349200
2015-06-11,28.792871,29.015761,28.636849,28.661367,141563600
2015-06-12,28.572218,28.603422,28.331497,28.344870,147544800
2015-06-15,28.106375,28.360469,28.019448,28.289145,175955600
2015-06-16,28.313669,28.496438,28.166563,28.440716,125976400
2015-06-17,28.467461,28.503123,28.249029,28.373848,131672400
2015-06-18,28.358245,28.598965,28.356016,28.503122,141628800
2015-06-19,28.465229,28.489747,28.173244,28.217821,218867600
2015-06-22,28.416194,28.543241,28.324810,28.442942,136157200
2015-06-23,28.413971,28.442946,28.280235,28.313669,121075600
2015-06-24,28.353787,28.931072,28.333728,28.554388,221123600
2015-06-25,28.721555,28.797336,28.418425,28.418425,127752400
2015-06-26,28.456311,28.527636,28.197760,28.251253,176267200
2015-06-29,27.963727,28.188846,27.745296,27.756439,196645600
2015-06-30,27.988247,28.110837,27.829996,27.957043,177482800
2015-07-01,28.284689,28.293604,28.081858,28.217821,120955200
2015-07-02,28.179934,28.237886,28.032826,28.182163,108844000
2015-07-06,27.847829,28.135357,27.827768,28.084091,112241600
2015-07-07,28.059573,28.117525,27.587046,28.014996,187787200
2015-07-08,27.745288,27.780950,27.312882,27.319569,243046400
2015-07-09,27.604876,27.651683,26.572898,26.762354,314380000
2015-07-10,27.179154,27.604872,27.016444,27.477825,245418000
2015-07-13,27.867889,28.030599,27.709637,28.008310,165762000
2015-07-14,28.093004,28.166558,27.870115,27.997162,127072400
2015-07-15,28.021679,28.340411,27.990475,28.266857,134596800
2015-07-16,28.471910,28.656910,28.384983,28.643534,144889600
2015-07-17,28.770590,28.890949,28.598964,28.890949,184658800
2015-07-20,29.191857,29.637636,29.131675,29.437037,235600800
2015-07-21,29.610888,29.626489,29.046978,29.142818,307025600
2015-07-22,27.190302,27.972645,27.190302,27.910236,461802400
2015-07-23,28.128666,28.327037,27.874572,27.896862,203998000
2015-07-24,27.932525,28.026138,27.616022,27.749756,168649200
2015-07-27,27.435479,27.551383,27.219278,27.364155,177822000
2015-07-28,27.500118,27.618251,27.315121,27.500118,134472400
2015-07-29,27.448852,27.526863,27.252708,27.413189,148046800
2015-07-30,27.263854,27.319577,27.127892,27.275000,134513200
2015-07-31,27.326262,27.335178,26.949580,27.036507,171540000
2015-08-03,27.081084,27.319575,26.193982,26.399042,279904000
2015-08-04,26.171698,26.234107,25.242248,25.552065,496554400
2015-08-05,25.175384,26.176159,24.985928,25.721464,397250400
2015-08-06,25.965507,26.084173,25.551295,25.777431,211612000
2015-08-07,25.654292,26.028202,25.636380,25.864756,154681600
2015-08-10,26.090886,26.865574,26.090886,26.805122,219806400
2015-08-11,26.377488,26.460331,25.374423,25.410246,388331200
2015-08-12,25.195298,25.842365,24.545992,25.802063,404870000
2015-08-13,25.981181,26.061785,25.645334,25.781912,194143200
2015-08-14,25.596075,26.041632,25.526667,25.963268,171718000
2015-08-17,25.981182,26.341659,25.860277,26.231949,163538800
2015-08-18,26.068498,26.294636,25.974462,26.084171,138242800
2015-08-19,25.994613,26.088650,25.676678,25.750565,193146000
2015-08-20,25.542341,25.602793,24.993789,25.222166,274006400
2015-08-21,24.725110,25.054241,23.654875,23.679504,513102000
2015-08-24,21.241254,24.360161,20.598665,23.088417,648825200
2015-08-25,24.877365,24.877365,23.173497,23.227232,414406400
2015-08-26,23.977282,24.604199,23.520531,24.559420,387098400
2015-08-27,25.128125,25.354261,24.633308,25.282614,338464400
2015-08-28,25.114691,25.369935,24.973635,25.365458,212657600
2015-08-31,25.083347,25.643093,25.076630,25.246794,224917200
2015-09-01,24.662413,25.049756,24.037736,24.118340,307383600
2015-09-02,24.680337,25.152761,24.434047,25.152761,247555200
2015-09-03,25.186335,25.251266,24.637785,24.711672,212935600
2015-09-04,24.398219,24.729588,24.295226,24.465387,199985200
2015-09-08,25.020652,25.202009,24.700477,25.146034,219374400
2015-09-09,25.470690,25.528902,24.577334,24.662416,340043200
2015-09-10,24.689279,25.363214,24.606438,25.204247,251571200
2015-09-11,25.029612,25.571445,25.022895,25.571445,199662000
2015-09-14,26.102086,26.171494,25.716980,25.817734,233453600
2015-09-15,25.956556,26.090894,25.618468,26.034920,173364800
2015-09-16,26.028194,26.093124,25.846836,26.064018,148694000
2015-09-17,25.896096,26.081931,25.461733,25.506512,256450400
2015-09-18,25.123644,25.591593,25.047519,25.401278,297141200
2015-09-21,25.450543,25.831172,25.448306,25.795347,200888000
2015-09-22,25.385606,25.564726,25.193053,25.390085,201384800
2015-09-23,25.441594,25.685644,25.367709,25.596085,143026800
2015-09-24,25.356505,25.860277,25.159475,25.748327,200878000
2015-09-25,26.070739,26.126713,25.528903,25.683393,224607600
2015-09-28,25.490838,25.652045,25.175142,25.175142,208436000
2015-09-29,25.262472,25.414723,24.149696,24.418373,293461600
2015-09-30,24.666893,24.973635,24.344481,24.696001,265892000
2015-10-01,24.420607,24.543752,24.026545,24.534796,255716400
2015-10-02,24.183282,24.854978,24.080289,24.713921,232079200
2015-10-05,24.601965,24.935575,24.420608,24.803474,208258800
2015-10-06,24.769891,25.018418,24.577338,24.922142,192787200
2015-10-07,25.018417,25.025133,24.496735,24.803474,187062400
2015-10-08,24.671374,24.671374,24.228055,24.516884,247918400
2015-10-09,24.628833,25.139321,24.514644,25.103498,211064400
2015-10-12,25.240076,25.244554,24.951247,24.987070,121868800
2015-10-13,24.812430,25.177384,24.781084,25.029612,132197200
2015-10-14,24.917666,24.969162,24.530321,24.675856,177849600
2015-10-15,24.837061,25.099021,24.738545,25.045286,150694000
2015-10-16,25.027377,25.076635,24.747504,24.861692,156930400
2015-10-19,24.807952,25.020655,24.653462,25.016178,119036800
2015-10-20,24.928854,25.562487,24.812427,25.472927,195871200
2015-10-21,25.524427,25.878187,25.457257,25.470692,167180800
2015-10-22,25.598311,25.860271,25.546813,25.860271,166616400
2015-10-23,26.128950,26.695414,26.046108,26.661829,237467600
2015-10-26,26.437936,26.449130,25.730416,25.811020,265335200
2015-10-27,25.837883,26.093127,25.522185,25.647570,279537600
2015-10-28,26.180443,26.711083,25.985651,26.704365,342205600
2015-10-29,26.576748,27.022307,26.480472,26.986483,204909200
2015-10-30,27.089471,27.140969,26.744668,26.755863,197461200
2015-11-02,27.046931,27.172313,26.780491,27.132011,128813200
2015-11-03,27.044698,27.649224,27.024547,27.443237,182076000
2015-11-04,27.568621,27.723112,27.230536,27.315617,179544400
2015-11-05,27.398810,27.587691,27.023300,27.189693,158210800
2015-11-06,27.232422,27.389821,27.122242,27.221178,132169200
2015-11-09,27.198692,27.389820,26.994073,27.110998,135485600
2015-11-10,26.285765,26.548847,26.096885,26.256533,236511600
2015-11-11,26.166595,26.402693,25.905760,26.108131,180872000
2015-11-12,26.141870,26.267789,26.004707,26.020447,130102400
2015-11-13,25.903516,25.986714,25.244686,25.260426,183249600
2015-11-16,25.044556,25.687647,24.959111,25.674156,152426800
2015-11-17,25.840551,25.869784,25.480781,25.563978,110467600
2015-11-18,26.029441,26.418443,25.970978,26.373472,186698800
2015-11-19,26.452163,26.926611,26.254290,26.708500,173183200
2015-11-20,26.802943,26.964840,26.724243,26.825430,137148400
2015-11-23,26.818670,26.922106,26.384697,26.476889,129930000
2015-11-24,26.382464,26.836674,26.335244,26.730991,171212800
2015-11-25,26.805193,26.809691,26.515127,26.539862,85553200
2015-11-27,26.598323,26.625306,26.443171,26.490391,52185600
2015-11-30,26.530860,26.850158,26.476895,26.600567,156721200
2015-12-01,26.701752,26.715243,26.276772,26.384703,139409600
2015-12-02,26.384708,26.557849,26.101390,26.146360,133546400
2015-12-03,26.207069,26.261034,25.683152,25.903511,166278000
2015-12-04,25.923751,26.814184,25.883277,26.764715,231108000
2015-12-07,26.753476,26.951349,26.490392,26.596075,128336800
2015-12-08,26.425179,26.668025,26.276775,26.584829,137238000
2015-12-09,26.452164,26.463407,25.876530,25.997953,185445600
2015-12-10,26.092391,26.294763,25.973217,26.121622,116850800
2015-12-11,25.901265,25.946236,25.375099,25.449303,187544800
2015-12-14,25.224443,25.336871,24.687035,25.291901,257274800
2015-12-15,25.170484,25.363861,24.812961,24.844440,213292400
2015-12-16,24.974856,25.181724,24.464431,25.035566,224954000
2015-12-17,25.188471,25.240189,24.504908,24.504908,179091200
2015-12-18,24.489167,24.626328,23.792109,23.841578,385813200
2015-12-21,24.122647,24.142885,23.738142,24.133890,190362400
2015-12-22,24.149628,24.221582,23.936013,24.111403,131157600
2015-12-23,24.120394,24.475669,24.104654,24.421703,130629600
2015-12-24,24.509400,24.509400,24.273299,24.291288,54281600
2015-12-28,24.192348,24.214835,23.875301,24.019209,106816800
2015-12-29,24.050694,24.606091,24.028209,24.450939,123724800
2015-12-30,24.414962,24.441943,24.100162,24.131641,100855200
2015-12-31,24.061936,24.066432,23.569498,23.668436,163649200
2016-01-04,23.072566,23.693171,22.935403,23.688673,270597600
2016-01-05,23.778618,23.801103,23.027597,23.095053,223164000
2016-01-06,22.611611,23.018604,22.456461,22.643091,273829600
2016-01-07,22.188878,22.514920,21.682950,21.687447,324377600
2016-01-08,22.159645,22.285565,21.757151,21.802122,283192000
2016-01-11,22.254089,22.274325,21.887571,22.155151,198957600
2016-01-12,22.609362,22.640842,22.224856,22.476696,196616800
2016-01-13,22.557640,22.753266,21.878573,21.898809,249758400
2016-01-14,22.026980,22.593620,21.527797,22.377756,252680400
2016-01-15,21.631232,21.970767,21.442353,21.840349,319335600
2016-01-19,22.128164,22.182130,21.473830,21.734665,212350800
2016-01-20,21.383883,22.078691,21.006123,21.763891,289337600
2016-01-21,21.824611,22.008993,21.347915,21.653721,208646000
2016-01-22,22.177634,22.813980,22.119173,22.804985,263202000
2016-01-25,22.827467,22.829716,22.308048,22.359766,207178000
2016-01-26,22.469950,22.683563,22.051716,22.483440,300308000
2016-01-27,21.595256,21.727921,20.988141,21.006130,533478800
2016-01-28,21.089326,21.253471,20.774526,21.156782,222715200
2016-01-29,21.314184,21.887568,21.215246,21.887568,257666000
2016-02-01,21.691940,21.745905,21.451343,21.682945,163774000
2016-02-02,21.455844,21.595256,21.199508,21.244480,149428800
2016-02-03,21.361404,21.775140,21.154536,21.664961,183857200
2016-02-04,21.671740,22.004074,21.520269,21.839037,185886800
2016-02-05,21.820953,21.911384,21.181156,21.255760,185672400
2016-02-08,21.054556,21.635574,21.034210,21.479582,216085600
2016-02-09,21.316799,21.689826,21.235411,21.475052,177324800
2016-02-10,21.685304,21.782517,21.273844,21.312277,169374400
2016-02-11,21.203764,21.414016,20.932471,21.183416,200298800
2016-02-12,21.294198,21.364281,21.027427,21.248981,161405600
2016-02-16,21.481832,21.895554,21.389142,21.848078,196231600
2016-02-17,21.854869,22.203028,21.737310,22.182682,179452800
2016-02-18,22.345448,22.356753,21.723736,21.762171,156084000
2016-02-19,21.703399,21.875218,21.658184,21.712442,141496800
2016-02-22,21.773476,21.906862,21.685306,21.902340,137123200
2016-02-23,21.793828,21.816435,21.375585,21.407236,127770400
2016-02-24,21.246714,21.789297,21.097502,21.725996,145022800
2016-02-25,21.714699,21.875214,21.533837,21.875214,110330800
2016-02-26,21.974691,22.160074,21.834524,21.909130,115964400
2016-02-29,21.897823,22.207549,21.850347,21.859390,140865200
2016-03-01,22.076419,22.781778,22.024420,22.727520,201628400
2016-03-02,22.723000,22.808909,22.526312,22.777258,132678400
2016-03-03,22.738833,22.994299,22.709442,22.946823,147822800
2016-03-04,23.143505,23.455491,22.917428,23.288195,184220400
2016-03-07,23.148025,23.247500,22.824735,23.030466,143315600
2016-03-08,22.784042,23.005598,22.698133,22.840561,126247600
2016-03-09,22.903866,22.964908,22.668745,22.860912,108806800
2016-03-10,22.926477,23.114120,22.641619,22.872217,134054400
2016-03-11,23.114109,23.123152,22.946812,23.118631,109632800
2016-03-14,23.039509,23.265586,23.010117,23.177414,100304400
2016-03-15,23.502965,23.778779,23.478096,23.643133,160270800
2016-03-16,23.649914,24.034244,23.645391,23.957378,153214000
2016-03-17,23.855646,24.070420,23.729044,23.918949,137682800
2016-03-18,24.041037,24.077210,23.781050,23.946085,176820800
2016-03-21,23.948334,24.337187,23.769733,23.943813,142010800
2016-03-22,23.794610,24.255807,23.785567,24.126944,129777600
2016-03-23,24.072678,24.206062,23.941553,23.993549,102814000
2016-03-24,23.844342,24.020682,23.713217,23.889557,104532000
2016-03-28,23.964164,24.007119,23.751651,23.781042,77645600
2016-03-29,23.713224,24.368847,23.710962,24.343979,124760400
2016-03-30,24.563270,24.963425,24.551965,24.768999,182404400
2016-03-31,24.805174,24.845868,24.615268,24.640137,103553600
2016-04-01,24.592658,24.868472,24.461533,24.866211,103496000
2016-04-04,24.963426,25.363584,24.929514,25.121681,149424800
2016-04-05,24.757697,25.033512,24.737350,24.825520,106314800
2016-04-06,24.920464,25.090021,24.687603,25.085499,105616400
2016-04-07,24.857164,24.963421,24.443445,24.538397,127207600
2016-04-08,24.622052,24.816477,24.454754,24.565533,94326800
2016-04-11,24.635605,25.006371,24.603954,24.646908,117630000
2016-04-12,24.719261,24.981511,24.565530,24.967947,108929200
2016-04-13,25.049333,25.397490,25.049333,25.329668,133029200
2016-04-14,25.234715,25.408794,25.169153,25.343231,101895600
2016-04-15,25.345491,25.388446,24.807428,24.834557,187756000
2016-04-18,24.617529,24.631093,24.176680,24.298761,243286000
2016-04-19,24.389188,24.416318,24.016163,24.169895,129539600
2016-04-20,24.108858,24.436669,23.977733,24.219635,122444000
2016-04-21,24.174412,24.174412,23.855643,23.957378,126210000
2016-04-22,23.740344,24.072677,23.652174,23.891815,134732400
2016-04-25,23.738091,23.885042,23.627314,23.756178,112126400
2016-04-26,23.491664,23.805911,23.491664,23.591137,224064800
2016-04-27,21.703393,22.316061,21.631048,22.114853,458408400
2016-04-28,22.067379,22.128419,21.307760,21.438885,328970800
2016-04-29,21.248975,21.414011,20.914382,21.192455,274126000
2016-05-02,21.244459,21.269328,20.889518,21.169853,192640400
2016-05-03,21.296457,21.644616,21.178897,21.518013,227325200
2016-05-04,21.522539,21.680794,21.210554,21.294203,164102000
2016-05-05,21.380625,21.396547,21.080386,21.207760,143562000
2016-05-06,21.237328,21.255523,20.891598,21.089483,174799600
2016-05-09,21.153175,21.328313,21.059918,21.105410,131745600
2016-05-10,21.228233,21.282821,20.950740,21.248703,134747200
2016-05-11,21.262350,21.282820,21.030346,21.041719,114876400
2016-05-12,21.089490,21.103136,20.350266,20.548149,305258800
2016-05-13,20.470817,20.850664,20.470817,20.589092,177571200
2016-05-16,21.014427,21.469334,20.846112,21.353333,245039200
2016-05-17,21.505722,21.539838,21.155443,21.264620,187667600
2016-05-18,21.417019,21.655845,21.355606,21.507999,168249600
2016-05-19,21.526197,21.526197,21.282822,21.426117,121768400
2016-05-20,21.526196,21.705884,21.498901,21.658119,128104000
2016-05-23,21.805957,22.106196,21.760465,21.933331,152074400
2016-05-24,22.113022,22.310906,22.026589,22.267691,140560800
2016-05-25,22.442829,22.686204,22.315456,22.658911,152675200
2016-05-26,22.672558,22.911385,22.436007,22.838600,225324800
2016-05-27,22.617979,22.852256,22.574762,22.824961,145364800
2016-05-31,22.654364,22.836328,22.476951,22.713503,169228800
2016-06-01,22.522439,22.640715,22.365497,22.395065,116693200
2016-06-02,22.199458,22.254047,21.978828,22.226753,160766400
2016-06-03,22.242673,22.351850,22.165338,22.272242,114019600
2016-06-06,22.288167,23.175236,22.188088,22.433737,93170000
2016-06-07,22.574755,22.715777,22.508794,22.524715,89638000
2016-06-08,22.522437,22.645262,22.445104,22.504242,83392400
2016-06-09,22.404163,22.743069,22.395065,22.665735,106405600
2016-06-10,22.410987,22.597498,22.399615,22.479223,126851600
2016-06-13,22.447380,22.545185,22.085728,22.140316,152082000
2016-06-14,22.135773,22.399619,22.006124,22.167616,127727600
2016-06-15,22.249498,22.383696,22.069810,22.094830,117780800
2016-06-16,21.937889,22.233579,21.851457,22.188089,125307200
2016-06-17,21.976551,21.983374,21.676313,21.683136,244032800
2016-06-20,21.835532,21.965180,21.614901,21.630823,137647600
2016-06-21,21.594433,21.915142,21.535295,21.815063,142185600
2016-06-22,21.892400,22.037970,21.687691,21.733183,116876400
2016-06-23,21.821883,21.901491,21.664939,21.858274,128960800
2016-06-24,21.132697,21.530740,21.073558,21.244148,301245600
2016-06-27,21.153171,21.164545,20.811991,20.934816,181958400
2016-06-28,21.130429,21.303294,20.957564,21.287371,161779600
2016-06-29,21.373804,21.505727,21.296469,21.471609,146124000
2016-06-30,21.480707,21.783219,21.448864,21.744553,143345600
2016-07-01,21.719535,21.942440,21.683143,21.810516,104106000
2016-07-05,21.696786,21.699061,21.485254,21.605804,110820800
2016-07-06,21.517098,21.758200,21.464785,21.728630,123796400
2016-07-07,21.767292,21.949256,21.749097,21.821882,100558400
2016-07-08,21.946985,22.037967,21.846907,21.990202,115648400
2016-07-11,22.006118,22.210827,22.001570,22.058434,95179600
2016-07-12,22.101654,22.222205,22.090283,22.158518,96670000
2016-07-13,22.156240,22.215377,22.026590,22.033415,103568800
2016-07-14,22.151694,22.515619,22.135772,22.470129,155676000
2016-07-15,22.499697,22.586130,22.404167,22.467854,120548000
2016-07-18,22.449657,22.774915,22.426912,22.706680,145975600
2016-07-19,22.645270,22.745350,22.595230,22.715782,95119600
2016-07-20,22.745350,22.849979,22.686212,22.736252,105104000
2016-07-21,22.706680,22.972800,22.547461,22.615698,130808000
2016-07-22,22.577033,22.586131,22.360951,22.440561,113254800
2016-07-25,22.347299,22.481496,22.044786,22.140316,161531600
2016-07-26,22.022039,22.283611,21.931057,21.987921,224959200
2016-07-27,23.716569,23.734765,23.370840,23.416330,369379200
2016-07-28,23.389043,23.757516,23.386768,23.732496,159479200
2016-07-29,23.698378,23.780262,23.582377,23.702927,110934800
2016-08-01,23.748425,24.144194,23.748425,24.121449,152671600
2016-08-02,24.121443,24.125992,23.655163,23.764341,135266400
2016-08-03,23.839400,24.073677,23.830302,24.062305,120810400
2016-08-04,24.144630,24.240677,24.076024,24.210949,109634800
2016-08-05,24.302425,24.618012,24.281844,24.579136,162213600
2016-08-08,24.588281,24.782665,24.505956,24.782665,112148800
2016-08-09,24.750651,24.913018,24.700340,24.883287,105260800
2016-08-10,24.860422,24.903873,24.643171,24.698055,96034000
2016-08-11,24.816957,24.910719,24.663738,24.682034,109938000
2016-08-12,24.647736,24.798669,24.647736,24.739210,74641600
2016-08-15,24.730065,25.050225,24.716344,25.036505,103472800
2016-08-16,25.070809,25.208022,24.974761,25.013638,135177600
2016-08-17,24.949608,25.011354,24.775806,24.977051,101424000
2016-08-18,24.979335,25.063948,24.931310,24.945032,87938800
2016-08-19,24.874134,25.084527,24.780374,25.009060,101472400
2016-08-22,24.894720,24.949604,24.663747,24.814680,103280800
2016-08-23,24.832974,24.999916,24.819254,24.892433,85030800
2016-08-24,24.828399,24.869562,24.624869,24.704908,94700400
2016-08-25,24.558551,24.670606,24.396184,24.599714,100344800
2016-08-26,24.563125,24.686614,24.311570,24.455643,111065200
2016-08-29,24.382463,24.569985,24.306997,24.428200,99881200
2016-08-30,24.194940,24.355020,24.126334,24.240677,99455600
2016-08-31,24.162929,24.371032,24.158355,24.263550,118649600
2016-09-01,24.272694,24.423627,24.153778,24.407619,106806000
2016-09-02,24.629441,24.698047,24.428198,24.636303,107210000
2016-09-06,24.675184,24.766659,24.585997,24.629446,107521600
2016-09-07,24.659173,24.871851,24.485372,24.780376,169457200
2016-09-08,24.526536,24.531109,24.066877,24.130909,212008000
2016-09-09,23.929664,24.176645,23.584349,23.584349,186228000
2016-09-12,23.474581,24.176645,23.447138,24.112614,181171200
2016-09-13,24.585993,24.878710,24.524246,24.686613,248704800
2016-09-14,24.864987,25.848335,24.835257,25.560190,443554800
2016-09-15,26.038141,26.465784,25.953527,26.429193,359934400
2016-09-16,26.326292,26.557263,26.079311,26.280554,319547600
2016-09-19,26.342299,26.568698,25.898649,25.974115,188092000
2016-09-20,25.852905,26.097599,25.729415,25.971821,138057200
2016-09-21,26.035859,26.067875,25.713413,25.967255,144012800
2016-09-22,26.150204,26.285130,26.070165,26.211950,124296000
2016-09-23,26.166214,26.250828,25.509887,25.775162,209924800
2016-09-26,25.530466,25.930666,25.509885,25.814035,119477600
2016-09-27,25.841476,25.882639,25.690543,25.862057,98429600
2016-09-28,25.999274,26.216525,25.939815,26.058731,118564400
2016-09-29,25.878068,26.024427,25.567056,25.653955,143548000
2016-09-30,25.717986,25.926090,25.567054,25.852911,145516400
2016-10-03,25.775157,25.852911,25.676823,25.731707,86807200
2016-10-04,25.855197,26.141054,25.756862,25.841476,118947200
2016-10-05,25.932951,25.992409,25.770584,25.852911,85812400
2016-10-06,26.001553,26.147912,25.871202,26.045004,115117200
2016-10-07,26.141059,26.198230,25.958111,26.083887,97433600
2016-10-10,26.303423,26.699050,26.234819,26.538971,144944000
2016-10-11,26.916300,27.142700,26.573272,26.596142,256164000
2016-10-12,26.836255,26.980328,26.699044,26.833967,150347200
2016-10-13,26.708191,26.856837,26.463498,26.751642,140769600
2016-10-14,26.957467,27.023786,26.785952,26.900295,142608800
2016-10-17,26.831687,26.948315,26.705909,26.881998,94499600
2016-10-18,27.026066,27.032926,26.859124,26.863699,98214000
2016-10-19,26.813395,26.930025,26.024430,26.783667,80138400
2016-10-20,26.724207,26.843123,26.603004,26.769943,96503200
2016-10-21,26.712769,26.735639,26.591566,26.664745,92770800
2016-10-24,26.779086,26.925444,26.756217,26.904863,94154800
2016-10-25,26.973472,27.067234,26.827113,27.042078,192516000
2016-10-26,26.141050,26.458923,25.912364,26.433767,264536800
2016-10-27,26.388039,26.495521,26.093034,26.179935,138248000
2016-10-28,26.040435,26.346873,25.944386,26.006132,151446800
2016-10-31,25.990119,26.122758,25.887210,25.964964,105677600
2016-11-01,25.946675,26.017567,25.276626,25.496164,175303200
2016-11-02,25.475579,25.692829,25.436702,25.519028,113326800
2016-11-03,25.509836,25.620168,25.181136,25.245497,107730400
2016-11-04,24.946679,25.342038,24.850138,25.017935,123348000
2016-11-07,25.302966,25.401806,25.160453,25.378820,130240000
2016-11-08,25.355830,25.679933,25.215616,25.528225,97016800
2016-11-09,25.256991,25.587990,24.836349,25.486851,236705600
2016-11-10,25.535121,25.535121,24.326060,24.776585,228538000
2016-11-11,24.622579,25.024833,24.491559,24.923695,136575600
2016-11-14,24.758187,24.781173,23.923797,24.298468,204702000
2016-11-15,24.496151,24.751295,24.401909,24.620275,129058000
2016-11-16,24.526039,25.337446,24.503054,25.282278,235362000
2016-11-17,25.240901,25.365025,25.015639,25.273081,110528000
2016-11-18,25.220209,25.408694,25.206418,25.298361,113715600
2016-11-21,25.312156,25.741992,25.286871,25.682230,117058400
2016-11-22,25.732800,25.840834,25.606378,25.698322,103862000
2016-11-23,25.597186,25.631665,25.360430,25.567305,109705600
2016-11-25,25.544316,25.714413,25.502941,25.696024,45903600
2016-11-28,25.613272,25.852327,25.604078,25.645452,108776000
2016-11-29,25.463860,25.751185,25.300660,25.620165,114115200
2016-11-30,25.652349,25.790265,25.346635,25.404100,144649200
2016-12-01,25.369623,25.500643,25.061610,25.167345,148347600
2016-12-02,25.093791,25.305261,25.020236,25.261589,106112000
2016-12-05,25.284565,25.291461,24.882311,25.079990,137298000
2016-12-06,25.169645,25.367324,25.098389,25.273081,104782000
2016-12-07,25.114475,25.558104,25.091489,25.521326,119994800
2016-12-08,25.482250,25.843129,25.422486,25.771873,108273200
2016-12-09,25.815545,26.364909,25.815545,26.192514,137610400
2016-12-12,26.040818,26.433879,25.856930,26.043118,105497600
2016-12-13,26.167238,26.645347,26.146552,26.477551,174935200
2016-12-14,26.443071,26.709708,26.429280,26.477551,136127200
2016-12-15,26.521216,26.831528,26.486738,26.622355,186098000
2016-12-16,26.771771,26.778667,26.583286,26.656841,177404400
2016-12-19,26.617763,26.980940,26.606269,26.810844,111117600
2016-12-20,26.833827,27.008521,26.820036,26.882097,85700000
2016-12-21,26.847623,26.985538,26.843024,26.907385,95132800
2016-12-22,26.744185,26.780964,26.580985,26.730394,104343600
2016-12-23,26.569491,26.783260,26.569491,26.783260,56998000
2016-12-27,26.783258,27.077480,26.776363,26.953356,73187600
2016-12-28,27.013121,27.128051,26.709706,26.838428,83623600
2016-12-29,26.767166,26.918874,26.755674,26.831528,60158000
2016-12-30,26.813139,26.939560,26.532709,26.622355,122345200
2017-01-03,26.617759,26.739585,26.378705,26.698210,115127600
2017-01-04,26.629252,26.780960,26.606266,26.668327,84472400
2017-01-05,26.645344,26.861412,26.620059,26.803947,88774400
2017-01-06,26.843021,27.160229,26.771766,27.102764,127007600
2017-01-09,27.111963,27.452156,27.109665,27.351017,134247600
2017-01-10,27.300446,27.440661,27.192413,27.378599,97848400
2017-01-11,27.293546,27.567080,27.261366,27.525705,110354400
2017-01-12,27.330326,27.422270,27.171722,27.410776,108344800
2017-01-13,27.378599,27.495828,27.309640,27.362509,104447600
2017-01-17,27.201600,27.638334,27.174018,27.583168,137759200
2017-01-18,27.583174,27.698104,27.516515,27.580875,94852000
2017-01-19,27.445258,27.603860,27.438363,27.532604,102389200
2017-01-20,27.686604,27.686604,27.521107,27.583168,130391600
2017-01-23,27.583171,27.769357,27.530303,27.601561,88200800
2017-01-24,27.479732,27.606154,27.468239,27.576273,92844000
2017-01-25,27.679713,28.065878,27.647533,28.015308,129510400
2017-01-26,27.967039,28.144032,27.950949,28.029102,105350400
2017-01-27,28.075075,28.123345,27.950950,28.031401,82251600
2017-01-30,27.796941,27.957842,27.734879,27.957842,121510000
2017-01-31,27.847513,27.902679,27.725687,27.893484,196804000
2017-02-01,29.199078,29.994394,29.194481,29.594437,447940000
2017-02-02,29.417451,29.741552,29.371478,29.543873,134841600
2017-02-03,29.493307,29.695584,29.458829,29.670300,98029200
2017-02-06,29.681794,29.996701,29.628924,29.948429,107383600
2017-02-07,30.005905,30.362188,29.985218,30.233467,152735200
2017-02-08,30.192079,30.392056,30.162196,30.350679,92016400
2017-02-09,30.392241,30.576927,30.269888,30.570002,113399600
2017-02-10,30.579224,30.690034,30.484572,30.500731,80262000
2017-02-13,30.722360,30.893195,30.646177,30.770838,92141600
2017-02-14,30.812395,31.186381,30.761607,31.170223,132904800
2017-02-15,31.285649,31.458792,31.077877,31.283339,142492400
2017-02-16,31.320279,31.373375,31.128668,31.246407,90338400
2017-02-17,31.188699,31.357223,31.188699,31.331829,88792800
2017-02-21,31.449561,31.569607,31.391847,31.558064,98028800
2017-02-22,31.495718,31.655010,31.421846,31.652702,83347600
2017-02-23,31.715047,31.738131,31.465722,31.518818,83152800
2017-02-24,31.375686,31.548828,31.230245,31.548828,87106400
2017-02-27,31.659649,31.728907,31.461113,31.611168,81029600
2017-02-28,31.645791,31.728900,31.558065,31.625015,93931600
2017-03-01,31.832775,32.354509,31.765828,32.271400,145658400
2017-03-02,32.319885,32.384524,32.033622,32.079796,104844000
2017-03-03,32.038244,32.280644,31.994381,32.269100,84432400
2017-03-06,32.174440,32.266785,31.996683,32.167515,87000000
2017-03-07,32.102873,32.315260,32.040541,32.209068,69785200
2017-03-08,32.077484,32.273713,32.047475,32.089027,74828800
2017-03-09,32.029002,32.040542,31.638855,32.015148,88623600
2017-03-10,32.146755,32.172149,32.005933,32.121361,78451200
2017-03-13,32.054399,32.188293,32.047474,32.135197,69686800
2017-03-14,32.158288,32.239086,32.052093,32.086723,61236400
2017-03-15,32.183683,32.493029,32.095956,32.426083,102767200
2017-03-16,32.486105,32.555362,32.379909,32.479179,76928000
2017-03-17,32.550749,32.550749,32.294498,32.317585,175540000
2017-03-20,32.412218,32.666162,32.372973,32.656929,86168000
2017-03-21,32.806996,32.966288,32.257557,32.282951,158119600
2017-03-22,32.285266,32.689265,32.264486,32.647709,103440800
2017-03-23,32.610759,32.684635,32.460704,32.532269,81385200
2017-03-24,32.666150,32.721556,32.400666,32.467613,89582400
2017-03-27,32.179060,32.601527,32.001299,32.523037,94300400
2017-03-28,32.529965,33.252543,32.463015,33.197140,133499200
2017-03-29,33.169445,33.356442,33.056328,33.271023,116760000
2017-03-30,33.287179,33.358744,33.127887,33.227154,84829200
2017-03-31,33.178672,33.305644,33.014763,33.164822,78646800
2017-04-03,33.176368,33.271016,33.024002,33.174057,79942800
2017-04-04,33.070171,33.448776,33.051702,33.421074,79565600
2017-04-05,33.294107,33.580370,33.199455,33.247936,110871600
2017-04-06,33.310259,33.363358,33.116340,33.164822,84596000
2017-04-07,33.180972,33.284857,33.074780,33.090939,66688800
2017-04-10,33.150974,33.215614,32.989372,33.051704,75733600
2017-04-11,32.998603,33.093255,32.333736,32.696182,121517600
2017-04-12,32.689265,32.816233,32.553057,32.735435,81400000
2017-04-13,32.760819,32.869322,32.562283,32.562283,71291600
2017-04-17,32.661554,32.753899,32.520732,32.742355,66328400
2017-04-18,32.645398,32.790835,32.576140,32.596916,58790000
2017-04-19,32.753890,32.781592,32.423764,32.476860,69313600
2017-04-20,32.601526,32.993981,32.587675,32.883171,93278400
2017-04-21,32.883182,32.938585,32.746978,32.843937,69283600
2017-04-24,33.127871,33.231755,33.053995,33.160191,68537200
2017-04-25,33.222532,33.451077,33.213296,33.365662,75486000
2017-04-26,33.351816,33.381828,33.100183,33.169437,80164800
2017-04-27,33.224848,33.280255,33.084026,33.194836,56985200
2017-04-28,33.264091,33.312572,33.074791,33.162514,83441600
2017-05-01,33.497262,33.982058,33.464942,33.838928,134411600
2017-05-02,34.060549,34.187520,33.898950,34.053623,181408800
2017-05-03,33.610375,34.049004,33.305646,33.949734,182788000
2017-05-04,33.825078,33.968207,33.661168,33.827385,93487600
2017-05-05,33.880476,34.392977,33.880476,34.388363,109310800
2017-05-08,34.404526,35.482625,34.404526,35.323334,195009600
2017-05-09,35.521859,35.755026,35.424900,35.549564,156521600
2017-05-10,35.466466,35.538030,35.115563,35.381046,103222800
2017-05-11,35.339313,35.714846,35.306860,35.687027,109020400
2017-05-12,35.860882,36.259594,35.853928,36.185417,130108000
2017-05-15,36.164561,36.312919,35.942026,36.092701,104038800
2017-05-16,36.148326,36.176142,35.865518,36.039375,80194000
2017-05-17,35.605900,35.830756,34.704163,34.829338,203070800
2017-05-18,35.065781,35.545624,35.033328,35.360176,134272800
2017-05-19,35.554894,35.693977,35.381037,35.480713,107843200
2017-05-22,35.698621,35.833071,35.445950,35.696304,91865600
2017-05-23,35.907252,35.907252,35.538676,35.652264,79675600
2017-05-24,35.661540,35.738037,35.390323,35.545635,76712000
2017-05-25,35.636027,35.779751,35.473761,35.668480,76942400
2017-05-26,35.698625,35.754260,35.538676,35.608219,87710400
2017-05-30,35.564164,35.798290,35.543302,35.622116,80507600
2017-05-31,35.691658,35.738019,35.323082,35.411167,97804800
2017-06-01,35.506217,35.543307,35.285999,35.508533,65616400
2017-06-02,35.601255,36.034737,35.441306,36.034737,111082800
2017-06-05,35.777435,35.802934,35.573445,35.682392,101326800
2017-06-06,35.675437,36.118193,35.647621,35.802933,106499600
2017-06-07,35.935066,36.157601,35.809887,36.016197,84278400
2017-06-08,35.988381,36.055604,35.791342,35.928112,85003200
2017-06-09,35.974480,35.974480,33.848789,34.534943,259530800
2017-06-12,33.783878,33.865009,33.035132,33.709698,289229200
2017-06-13,34.113056,34.180279,33.647117,33.980923,136661600
2017-06-14,34.191858,34.191858,33.343436,33.649426,126124800
2017-06-15,33.222891,33.491787,32.965583,33.447742,128661600
2017-06-16,33.329534,33.496437,32.963275,32.979504,201444400
2017-06-19,33.301719,34.015692,33.301719,33.922966,130165600
2017-06-20,34.045816,34.045816,33.598426,33.614651,99600400
2017-06-21,33.732876,33.860371,33.521928,33.814007,85063200
2017-06-22,33.790838,34.006419,33.640160,33.758385,76425200
2017-06-23,33.642475,34.113047,33.637837,33.909054,141757600
2017-06-26,34.115350,34.372659,33.700414,33.802410,102769600
2017-06-27,33.614659,33.881242,33.292444,33.317944,99047600
2017-06-28,33.494121,33.869651,33.185814,33.804745,88329600
2017-06-29,33.545121,33.642481,32.981823,33.306355,125997600
2017-06-30,33.484842,33.603067,33.329531,33.385166,92096400
2017-07-03,33.584531,33.681891,33.171911,33.264633,57111200
2017-07-05,33.308664,33.563652,33.083809,33.401386,86278400
2017-07-06,33.153363,33.264630,33.011959,33.086136,96515200
2017-07-07,33.125533,33.554382,33.125533,33.422249,76806800
2017-07-10,33.406026,33.832554,33.234485,33.626244,84362400
2017-07-11,33.549743,33.809372,33.468612,33.735191,79127200
2017-07-12,33.814011,33.885871,33.570614,33.783878,99538000
2017-07-13,33.728248,34.421359,33.714340,34.254456,100797600
2017-07-14,34.300809,34.616070,34.152452,34.548843,80528400
2017-07-17,34.497859,34.980019,34.439907,34.669395,95174000
2017-07-18,34.585935,34.801520,34.463077,34.789928,71475200
2017-07-19,34.882645,35.100546,34.759786,35.007824,83692000
2017-07-20,35.119100,35.174736,34.815431,34.850201,68974800
2017-07-21,34.769063,34.873376,34.511754,34.833969,105010400
2017-07-24,34.905836,35.337002,34.748204,35.255867,85972800
2017-07-25,35.188639,35.661528,35.188639,35.406540,75415600
2017-07-26,35.547934,35.682380,35.480707,35.573433,63124000
2017-07-27,35.640656,35.696291,34.145488,34.901184,129905200
2017-07-28,34.745893,34.824707,34.583627,34.655487,68854800
2017-07-31,34.748202,34.847882,34.337903,34.476986,79383600
2017-08-01,34.562764,34.822389,34.402815,34.782982,141474400
2017-08-02,36.922574,37.031524,36.199330,36.426502,279747200
2017-08-03,36.405645,36.442736,35.935073,36.062569,108389200
2017-08-04,36.178459,36.486762,36.090370,36.252636,82239600
2017-08-07,36.407963,36.839128,36.317557,36.813629,87481200
2017-08-08,36.764944,37.513687,36.688447,37.108021,144823600
2017-08-09,36.917936,37.383875,36.883166,37.335194,104526000
2017-08-10,37.211840,37.235114,35.985411,36.145988,163217200
2017-08-11,36.443879,36.902337,36.320538,36.648670,105028400
2017-08-14,37.076885,37.284005,36.944233,37.200226,88490800
2017-08-15,37.388730,37.747116,37.267715,37.607487,117862000
2017-08-16,37.686605,37.819253,37.270035,37.456211,110686400
2017-08-17,37.356145,37.400362,36.732455,36.737110,111762400
2017-08-18,36.737111,37.118771,36.471811,36.653332,109712400
2017-08-21,36.653322,36.744082,36.097122,36.585835,105474000
2017-08-22,36.823202,37.235117,36.774333,37.183918,86418400
2017-08-23,37.018697,37.344503,36.974479,37.230469,77596400
2017-08-24,37.335191,37.407337,36.897681,37.065239,79275600
2017-08-25,37.153676,37.365452,37.065245,37.202549,101920400
2017-08-28,37.267707,37.700566,37.218835,37.577225,103864000
2017-08-29,37.258397,37.961207,37.235124,37.912338,118067600
2017-08-30,38.119452,38.140396,37.842515,38.014729,109078400
2017-08-31,38.082236,38.287031,38.045000,38.166016,107140400
2017-09-01,38.352179,38.384759,38.079897,38.177639,66364400
2017-09-05,38.107822,38.224182,37.365446,37.719181,117874000
2017-09-06,37.865795,37.930956,37.356139,37.679619,86606800
2017-09-07,37.721497,37.756407,37.318893,37.528339,87714000
2017-09-08,37.435273,37.502760,36.893036,36.916309,114446000
2017-09-11,37.351482,37.712198,37.209523,37.584202,126323200
2017-09-12,37.842516,38.156689,36.948874,37.435257,286856000
2017-09-13,37.204870,37.225817,36.748742,37.153671,179629600
2017-09-14,37.000079,37.095491,36.790629,36.834846,95042800
2017-09-15,36.879067,37.460866,36.769689,37.207203,196458400
2017-09-18,37.260715,37.351475,36.769677,36.925598,113077600
2017-09-19,37.121085,37.181594,36.872077,36.939564,83242400
2017-09-20,36.746419,36.830198,35.799252,36.320545,211805600
2017-09-21,36.257709,36.257709,35.547913,35.696854,150046800
2017-09-22,35.266317,35.436205,35.038253,35.347771,186581600
2017-09-25,34.905608,35.333811,34.712451,35.035931,177549200
2017-09-26,35.322169,35.820189,35.301225,35.638668,146640000
2017-09-27,35.792259,36.006360,35.731749,35.892326,102016800
2017-09-28,35.813201,35.903961,35.536264,35.671242,88022000
2017-09-29,35.654969,35.869071,35.373377,35.866741,105199200
2017-10-02,35.899305,35.943523,35.540919,35.794582,74795200
2017-10-03,35.841137,36.092475,35.817867,35.950516,64921200
2017-10-04,35.752695,35.806219,35.480414,35.717785,80655200
2017-10-05,35.880689,36.173918,35.850438,36.162281,85135200
2017-10-06,36.064556,36.185571,35.969140,36.141354,69630400
2017-10-09,36.260032,36.474134,36.185564,36.267014,65051600
2017-10-10,36.318211,36.769688,36.094803,36.280975,62468000
2017-10-11,36.297258,36.532303,36.246059,36.432236,67622400
2017-10-12,36.385691,36.623062,36.241402,36.304237,64500400
2017-10-13,36.474132,36.602128,36.399664,36.534641,65576800
2017-10-16,36.746416,37.235128,36.688236,37.207203,96486000
2017-10-17,37.183928,37.437592,37.055932,37.344505,75989200
2017-10-18,37.332867,37.400358,37.142039,37.179272,65496800
2017-10-19,36.478790,36.555588,36.076186,36.299595,170336800
2017-10-20,36.446198,36.711498,36.294932,36.362419,95896400
2017-10-23,36.511369,36.697546,36.187889,36.343811,87937200
2017-10-24,36.371736,36.634710,36.350792,36.560242,71028800
2017-10-25,36.516010,36.664951,36.134351,36.399651,84828400
2017-10-26,36.590502,36.730135,36.485778,36.632393,68002000
2017-10-27,37.069888,38.072912,36.932585,37.944916,177816800
2017-10-30,38.140396,39.113165,38.100834,38.798992,178803200
2017-10-31,39.073601,39.480861,38.850193,39.338902,144187200
2017-11-01,39.532065,39.548357,38.540681,38.838562,134551200
2017-11-02,38.771058,39.213224,38.463867,39.122463,165573600
2017-11-03,40.493187,40.553693,39.822954,40.144108,237594400
2017-11-06,40.113859,40.723586,39.962592,40.551373,140105200
2017-11-07,40.472252,40.784095,40.400109,40.681698,97446000
2017-11-08,40.646795,41.014492,40.569997,41.014492,97638000
2017-11-09,40.751519,40.981912,40.293061,40.930714,117930400
2017-11-10,40.898027,40.961088,40.701840,40.795261,100582000
2017-11-13,40.521992,40.755548,40.498635,40.631763,67928400
2017-11-14,40.414558,40.517323,39.980143,40.017513,99130000
2017-11-15,39.697527,39.779273,39.326174,39.489662,116632400
2017-11-16,39.980130,40.141284,39.774603,39.961449,94550000
2017-11-17,39.947439,40.029185,39.620462,39.739574,87598000
2017-11-20,39.772273,39.835334,39.601778,39.699871,65049600
2017-11-21,39.886719,40.568703,39.886719,40.437912,100525200
2017-11-22,40.489296,40.872328,40.416894,40.862988,102355600
2017-11-24,40.895674,40.989095,40.790571,40.865311,56106800
2017-11-27,40.884009,40.891016,40.484627,40.659794,82867200
2017-11-28,40.708843,40.841968,40.138965,40.421570,105715200
2017-11-29,40.318792,40.386521,39.041240,39.583088,166665600
2017-11-30,39.804963,40.204345,39.340189,40.136616,166108800
2017-12-01,39.692866,40.094583,39.354211,39.949780,159037200
2017-12-04,40.283773,40.316471,39.618140,39.657845,130169600
2017-12-05,39.484986,40.059536,39.330838,39.620449,109400800
2017-12-06,39.120652,39.751252,38.877755,39.473320,114240000
2017-12-07,39.477997,39.807312,39.449972,39.545731,102693200
2017-12-08,39.818985,39.938097,39.428947,39.557400,93420800
2017-12-11,39.517696,40.379519,39.421938,40.328136,141095200
2017-12-12,40.206693,40.262747,40.045542,40.101593,77636800
2017-12-13,40.288428,40.531324,40.171650,40.234711,95273600
2017-12-14,40.265076,40.435575,40.089909,40.223038,81906000
2017-12-15,40.552355,40.678474,40.279095,40.631763,160677200
2017-12-18,40.844297,41.386145,40.839625,41.203972,117684400
2017-12-19,40.879325,40.963405,40.659782,40.764881,109745600
2017-12-20,40.841959,40.970416,40.463599,40.720512,93902400
2017-12-21,40.678467,41.110547,40.662120,40.874653,83799600
2017-12-22,40.797579,40.970412,40.755541,40.874653,65397600
2017-12-26,39.891394,40.047876,39.629809,39.837677,132742000
2017-12-27,39.727891,39.886708,39.636805,39.844669,85992800
2017-12-28,39.938095,40.136619,39.816644,39.956779,65920800
2017-12-29,39.825986,39.842333,39.522362,39.524696,103999600
2018-01-02,39.741907,40.241717,39.531704,40.232372,102223600
2018-01-03,40.295440,40.767224,40.162315,40.225372,118071600
2018-01-04,40.297761,40.514970,40.190327,40.412205,89738400
2018-01-05,40.507975,40.958737,40.416888,40.872322,94640000
2018-01-08,40.720512,41.014792,40.622416,40.720512,82271200
2018-01-09,40.767226,40.886338,40.500972,40.715843,86336000
2018-01-10,40.442577,40.708831,40.405208,40.706493,95839600
2018-01-11,40.776556,40.986758,40.753202,40.937710,74670800
2018-01-12,41.147918,41.423516,41.024133,41.360455,101672400
2018-01-16,41.549628,41.897628,41.138571,41.150249,118263600
2018-01-17,41.140917,41.864942,40.888679,41.829910,137547200
2018-01-18,41.892951,42.063450,41.631370,41.867260,124773600
2018-01-19,41.715456,41.942005,41.435189,41.680424,129700400
2018-01-22,41.409503,41.521609,41.246015,41.339436,108434400
2018-01-23,41.409493,41.909303,41.297387,41.348766,130756400
2018-01-24,41.397826,41.409505,40.451923,40.690151,204420400
2018-01-25,40.757876,40.860642,39.828324,39.963787,166116000
2018-01-26,40.171657,40.171657,39.718557,40.057213,156572000
2018-01-29,39.741911,39.741911,39.020224,39.228088,202561600
2018-01-30,38.660539,39.090282,38.466687,38.996861,184192800
2018-01-31,38.973518,39.340203,38.887104,39.104309,129915600
2018-02-01,39.043581,39.382237,38.947822,39.186050,188923200
2018-02-02,38.770326,38.957172,37.392346,37.485767,346375200
2018-02-05,37.158780,38.275178,36.434754,36.549198,290954000
2018-02-06,36.161500,38.237814,35.967648,38.076660,272975200
2018-02-07,38.090672,38.163074,37.151779,37.261547,206434400
2018-02-08,37.436719,37.602545,36.208215,36.236240,217562000
2018-02-09,36.834231,37.026526,35.232539,36.679455,282690400
2018-02-12,37.169567,38.433567,36.937403,38.156849,243278000
2018-02-13,37.978622,38.635246,37.908269,38.539097,130196800
2018-02-14,38.234239,39.289526,38.196720,39.249660,162579600
2018-02-15,39.817174,40.591053,39.631914,40.567604,204588800
2018-02-16,40.419866,40.996758,40.281506,40.436279,160704400
2018-02-20,40.347160,40.865421,40.199418,40.300259,135722000
2018-02-21,40.530085,40.832599,40.103278,40.117352,149886400
2018-02-22,40.288539,40.792730,40.267434,40.452694,123967600
2018-02-23,40.727069,41.191394,40.696581,41.156219,135249600
2018-02-26,41.355556,42.068460,41.322725,41.969967,152648800
2018-02-27,42.000449,42.324068,41.780010,41.833946,155712400
2018-02-28,42.037962,42.356893,41.754209,41.770622,151128400
2018-03-01,41.869121,42.159913,40.490215,41.038963,195208000
2018-03-02,40.523038,41.343817,40.440958,41.322712,153816000
2018-03-05,41.088212,41.681518,40.926401,41.465771,113605600
2018-03-06,41.721379,41.801111,41.303955,41.430588,95154000
2018-03-07,41.024900,41.238304,40.867780,41.046005,126814000
2018-03-08,41.151536,41.536129,41.055390,41.493919,95096400
2018-03-09,41.733106,42.211501,41.599434,42.206810,128740800
2018-03-12,42.279504,42.771973,42.260747,42.614853,128828400
2018-03-13,42.818875,43.032278,42.033274,42.204464,126774000
2018-03-14,42.286542,42.333443,41.697924,41.845665,117473600
2018-03-15,41.859746,42.267791,41.758909,41.894920,90975200
2018-03-16,41.894915,42.005134,41.653372,41.747177,157618800
2018-03-19,41.583030,41.618204,40.724728,41.109322,133787200
2018-03-20,41.095257,41.461089,41.024904,41.095257,78597600
2018-03-21,41.048343,41.060070,40.161902,40.164249,148219600
2018-03-22,39.866420,40.494901,39.538110,39.596737,165963200
2018-03-23,39.488870,39.847668,38.679817,38.679817,164115200
2018-03-26,39.413818,40.593395,39.031568,40.516006,150164800
2018-03-27,40.729408,41.074136,39.144133,39.477135,163690400
2018-03-28,39.221516,39.871105,38.738429,39.040943,166674000
2018-03-29,39.352853,40.276816,39.139449,39.345818,153594000
2018-04-02,39.078485,39.617855,38.569602,39.087864,150347200
2018-04-03,39.312987,39.573292,38.665746,39.488869,121112000
2018-04-04,38.665736,40.337778,38.639940,40.243977,138422000
2018-04-05,40.471460,40.858398,40.354206,40.523052,107732800
2018-04-06,40.093895,40.448001,39.444305,39.486519,140021200
2018-04-09,39.838274,40.591043,39.831239,39.878139,116070800
2018-04-10,40.569943,40.804452,40.225216,40.628571,113634400
2018-04-11,40.389373,40.785693,40.265084,40.438622,89726400
2018-04-12,40.666098,41.038965,40.579327,40.837288,91557200
2018-04-13,40.987373,41.235951,40.769282,40.975647,100497200
2018-04-16,41.046010,41.318041,40.999109,41.231274,86313600
2018-04-17,41.388389,41.962934,41.369628,41.798779,106421600
2018-04-18,41.697933,41.934788,41.479841,41.704967,83018000
2018-04-19,40.748178,41.130428,40.490221,40.523052,139235200
2018-04-20,40.007126,40.152520,38.794715,38.862724,261964400
2018-04-23,39.123020,39.144125,38.480466,38.750153,146062000
2018-04-24,38.850999,39.005776,37.807438,38.210793,134768000
2018-04-25,38.135749,38.792373,38.086505,38.377293,113528400
2018-04-26,38.487515,38.865074,38.311634,38.510967,111852000
2018-04-27,38.459364,38.536752,37.669072,38.065392,142623200
2018-04-30,38.020847,39.223873,37.952838,38.754856,169709600
2018-05-01,39.024529,39.678806,38.757190,39.655357,214277600
2018-05-02,41.092899,41.683861,40.757553,41.407143,266157600
2018-05-03,41.245333,41.625236,40.907641,41.482185,136272800
2018-05-04,41.801108,43.208158,41.782347,43.109665,224805200
2018-05-07,43.426254,44.010181,43.325417,43.421566,169805600
2018-05-08,43.381697,43.670142,43.072145,43.630276,113611200
2018-05-09,43.747553,43.946883,43.435656,43.937504,92844800
2018-05-10,44.026612,44.643367,44.005504,44.565979,111957200
2018-05-11,44.608343,44.742526,44.128099,44.396469,104848800
2018-05-14,44.495351,44.617767,44.224628,44.292896,83115200
2018-05-15,43.970375,44.038646,43.574883,43.890335,94780800
2018-05-16,43.803229,44.365865,43.786748,44.299946,76732400
2018-05-17,44.257571,44.471798,43.871495,44.019806,69176000
2018-05-18,44.066909,44.212864,43.817372,43.859745,73190800
2018-05-21,44.257580,44.556555,44.000981,44.170479,73603200
2018-05-22,44.347033,44.464740,43.970372,44.059830,60962800
2018-05-23,43.869145,44.375281,43.730249,44.342323,80233600
2018-05-24,44.438855,44.455332,43.836199,44.292896,92936000
2018-05-25,44.311712,44.645997,44.175172,44.394108,69844000
2018-05-29,44.163415,44.434138,43.991561,44.234035,90056400
2018-05-30,44.191672,44.257587,43.970384,44.139881,74762000
2018-05-31,44.073958,44.311723,43.819712,43.991562,109931200
2018-06-01,44.255226,44.789610,44.198726,44.784904,93770000
2018-06-04,45.114485,45.533519,45.046217,45.159214,105064800
2018-06-05,45.451125,45.655933,45.283980,45.507622,86264000
2018-06-06,45.582956,45.688891,45.180399,45.665348,83734400
2018-06-07,45.703009,45.717134,45.279266,45.542931,85388800
2018-06-08,45.003825,45.199218,44.674249,45.128593,106627200
2018-06-11,45.046219,45.192174,44.777849,45.017967,73234000
2018-06-12,45.055639,45.342842,44.999138,45.265156,67644400
2018-06-13,45.298095,45.406386,44.831979,44.893185,86553600
2018-06-14,45.093292,45.098002,44.780193,44.916733,86440400
2018-06-15,44.735460,44.766065,44.318779,44.455318,246876800
2018-06-18,44.229315,44.544767,44.069233,44.431770,73939600
2018-06-19,43.584306,43.864447,43.186458,43.713783,134314000
2018-06-20,43.869147,44.069245,43.723188,43.904457,82514800
2018-06-21,44.081021,44.339976,43.537218,43.659634,102847600
2018-06-22,43.814992,43.822054,43.480706,43.532497,108801600
2018-06-25,43.174688,43.532517,42.546137,42.885132,126652400
2018-06-26,43.078165,43.911524,42.972226,43.417156,98276800
2018-06-27,43.605482,44.088078,43.322987,43.353592,101141200
2018-06-28,43.339464,43.836185,43.268840,43.669041,69460800
2018-06-29,43.855029,44.066903,43.059337,43.577244,90950800
2018-07-02,43.273554,44.092789,43.179387,44.064537,70925200
2018-07-03,44.208142,44.245809,43.207638,43.297096,55819200
2018-07-05,43.612546,43.883273,43.381843,43.645504,66416800
2018-07-06,43.650197,44.358787,43.598406,44.250500,69940800
2018-07-09,44.610698,44.888484,44.563617,44.864944,79026400
2018-07-10,44.895540,45.029723,44.770768,44.810791,63756400
2018-07-11,44.375290,44.676618,44.165773,44.229336,75326000
2018-07-12,44.617763,45.060340,44.565972,44.970882,72164400
2018-07-13,44.982643,45.161555,44.940267,45.041496,50055600
2018-07-16,45.086229,45.352243,44.827273,44.942627,60172400
2018-07-17,44.669555,45.168628,44.540077,45.069756,62138000
2018-07-18,45.147441,45.152151,44.711927,44.822571,65573600
2018-07-19,44.655428,45.328708,44.655428,45.170982,81147200
2018-07-20,45.147441,45.300458,44.768427,45.067402,82704800
2018-07-23,44.888490,45.189822,44.624829,45.107426,63957600
2018-07-24,45.305161,45.590012,45.210998,45.434639,74791600
2018-07-25,45.448762,45.870153,45.300451,45.863091,66839600
2018-07-26,45.813646,46.131454,45.578233,45.719482,76304000
2018-07-27,45.903121,45.950203,44.751953,44.959114,96096000
2018-07-30,45.175687,45.246312,44.509472,44.707218,84118000
2018-07-31,44.799033,45.232192,44.573035,44.796677,157492000
2018-08-01,46.877719,47.496852,46.449267,47.435646,271742800
2018-08-02,47.219068,49.055287,47.164924,48.822227,249616000
2018-08-03,48.737480,49.140038,48.372590,48.963478,133789600
2018-08-06,48.965831,49.260096,48.746899,49.217724,101701600
2018-08-07,49.276577,49.318949,48.673917,48.756313,102349600
2018-08-08,48.506770,48.921095,48.146589,48.789265,90102000
2018-08-09,49.326006,49.384859,48.777494,49.172989,93970400
2018-08-10,48.986371,49.397427,48.823366,49.026531,98444800
2018-08-13,49.447024,49.834455,49.066680,49.343079,103563600
2018-08-14,49.647842,49.742336,49.198987,49.550983,82992000
2018-08-15,49.425776,49.784860,49.215524,49.666740,115230400
2018-08-16,50.023456,50.510106,49.957310,50.394352,114001600
2018-08-17,50.422689,51.488122,50.356542,51.400715,141708000
2018-08-20,51.523575,51.778709,50.817221,50.899906,121150800
2018-08-21,51.216448,51.308581,50.562067,50.800667,104639200
2018-08-22,50.578614,51.112511,50.517190,50.803040,76072400
2018-08-23,50.708532,51.275506,50.696723,50.906975,75532800
2018-08-24,51.169215,51.240083,50.817219,51.065269,73905600
2018-08-27,51.299133,51.674755,51.105420,51.485764,82100400
2018-08-28,51.738545,52.099990,51.717285,51.901550,91107200
2018-08-29,52.007852,52.796891,51.833038,52.676407,109019200
2018-08-30,52.740187,53.923739,52.539383,53.160690,195175200
2018-08-31,53.510332,54.067855,53.389852,53.774921,173360400
2018-09-04,53.959189,54.141090,53.538685,53.947376,109560400
2018-09-05,54.096203,54.256843,53.177236,53.595375,133332000
2018-09-06,53.444181,53.708770,52.279528,52.704758,137160000
2018-09-07,52.409461,53.241017,52.140150,52.279530,150479200
2018-09-10,52.196839,52.409456,51.138493,51.577896,158066000
2018-09-11,51.502312,52.988253,51.159767,52.881947,142996000
2018-09-12,53.139430,53.153604,51.934614,52.225189,197114800
2018-09-13,52.803977,53.945009,52.579552,53.486706,166825600
2018-09-14,53.330794,53.588293,52.567745,52.879578,127997200
2018-09-17,52.480334,52.669326,51.327494,51.471600,148780400
2018-09-18,51.450342,52.409473,51.292063,51.556652,126286800
2018-09-19,51.618057,51.882643,50.862096,51.587345,108495200
2018-09-20,52.029115,52.511040,51.771613,51.979504,106435200
2018-09-21,52.156675,52.293694,51.332202,51.419613,384986800
2018-09-24,51.221184,52.270078,51.176298,52.159046,110773600
2018-09-25,51.913370,52.638623,51.901557,52.489792,98217600
2018-09-26,52.208670,52.858326,51.915733,52.071651,95938800
2018-09-27,52.874853,53.493796,52.808703,53.141800,120724800
2018-09-28,53.103993,53.352044,52.922092,53.328423,91717600
2018-10-01,53.850513,54.197783,53.472534,53.687508,94403200
2018-10-02,53.685151,54.334807,53.538685,54.164715,99152800
2018-10-03,54.346608,55.154543,54.282823,54.823811,114619200
2018-10-04,54.519069,54.889965,53.562304,53.859966,128168000
2018-10-05,53.852887,53.959194,52.109447,52.985889,134322000
2018-10-08,52.494506,53.106362,52.019665,52.863037,118655600
2018-10-09,52.832326,53.689873,52.503955,53.595375,107564000
2018-10-10,53.262292,53.472544,51.039289,51.112522,167962400
2018-10-11,50.677839,51.854305,50.158116,50.661301,212497600
2018-10-12,52.071639,52.652787,51.225906,52.470882,161351600
2018-10-15,52.246457,52.404736,51.327490,51.348751,123164000
2018-10-16,51.719636,52.678767,51.207000,52.480324,116736000
2018-10-17,52.515772,52.596092,51.816505,52.253548,91541600
2018-10-18,51.466874,51.911003,50.318755,51.032196,130325200
2018-10-19,51.514124,52.270086,51.365292,51.809422,132314800
2018-10-22,51.922811,52.766184,51.722011,52.125977,115168400
2018-10-23,50.987324,52.740212,50.720373,52.617367,155071200
2018-10-24,52.586632,52.971698,50.682549,50.812481,163702000
2018-10-25,51.431426,52.298420,51.204636,51.925163,119423200
2018-10-26,51.003842,52.017306,50.240793,51.098339,189033600
2018-10-29,51.781061,51.899180,48.686339,50.139206,183742000
2018-10-30,49.881707,50.833747,49.437582,50.389622,146640000
2018-10-31,51.235355,52.078724,51.173931,51.703106,153435600
2018-11-01,51.747993,52.529941,51.218818,52.496868,233292800
2018-11-02,49.503728,50.472303,48.530424,49.014713,365314800
2018-11-05,48.263483,48.284744,46.815341,47.623276,264654800
2018-11-06,47.701229,48.362697,47.646895,48.138271,127531600
2018-11-07,48.657997,49.624211,48.223320,49.598225,133697600
2018-11-08,49.778392,49.811580,49.012681,49.425171,101450400
2018-11-09,48.728200,48.837246,47.945893,48.472172,137463200
2018-11-12,47.175446,47.376951,45.940349,46.030434,204542000
2018-11-13,45.428295,46.743989,45.385621,45.570530,187531600
2018-11-14,45.966421,46.103918,44.077033,44.283279,243204000
2018-11-15,44.660203,45.508887,44.306979,45.376133,185915200
2018-11-16,45.160420,46.220090,44.913877,45.878719,147713200
2018-11-19,45.041879,45.207822,43.854197,44.060440,167701200
2018-11-20,42.284847,43.019742,41.606848,41.955330,271300800
2018-11-21,42.607247,42.735263,41.853390,41.907913,124496800
2018-11-23,41.471724,41.865249,40.798467,40.843506,94496000
2018-11-26,41.305774,41.474086,40.362262,41.395855,179994000
2018-11-27,40.658588,41.431414,40.509241,41.305771,165549600
2018-11-28,41.896058,42.977062,41.469345,42.894093,184250000
2018-11-29,43.301844,43.335032,42.126012,42.564579,167080000
2018-11-30,42.740019,42.749504,41.967197,42.334644,158126000
2018-12-03,43.728565,43.842354,42.958112,43.813908,163210000
2018-12-04,42.896474,43.237845,41.787023,41.886589,165377200
2018-12-06,40.717860,41.433790,40.400197,41.419567,172393600
2018-12-07,41.127986,41.365048,39.897630,39.942673,169126400
2018-12-10,39.115321,40.321969,38.719427,40.205811,248104000
2018-12-11,40.694164,40.724979,39.589451,39.975864,189126800
2018-12-12,40.395459,40.755795,40.068315,40.087280,142510800
2018-12-13,40.416798,40.909888,40.193958,40.525845,127594400
2018-12-14,40.063560,40.082526,39.181687,39.229099,162814800
2018-12-17,39.221980,39.909464,38.577170,38.864017,177151600
2018-12-18,39.205403,39.715086,38.970710,39.368977,135366000
2018-12-19,39.352385,39.696125,37.714282,38.140995,196189200
2018-12-20,38.024839,38.430218,36.815822,37.178528,259092000
2018-12-21,37.185636,37.493818,35.471674,35.732441,382978400
2018-12-24,35.120824,35.926839,34.751007,34.807903,148676800
2018-12-26,35.156370,37.273336,34.781811,37.259113,234330000
2018-12-27,36.943822,37.164292,35.575974,37.017311,212468400
2018-12-28,37.337348,37.579153,36.638014,37.036278,169165600
2018-12-31,37.581527,37.778289,37.095548,37.394249,140014000
2019-01-02,36.718613,37.657383,36.562151,37.436913,148158800
2019-01-03,34.132272,34.544762,33.662889,33.707932,365248800
2019-01-04,34.262650,35.215643,34.089596,35.146893,234428400
2019-01-07,35.251200,35.282019,34.587424,35.068661,219111200
2019-01-08,35.455078,35.990841,35.208534,35.737183,164101200
2019-01-09,35.865195,36.633279,35.471674,36.344063,180396400
2019-01-10,36.152042,36.500524,35.763260,36.460224,143122800
2019-01-11,36.242119,36.436508,35.917341,36.102249,108092800
2019-01-14,35.760884,35.860450,35.374471,35.559380,129756800
2019-01-15,35.623379,36.363013,35.571225,36.287155,114843600
2019-01-16,36.289536,36.953312,36.270571,36.730473,122278800
2019-01-17,36.555046,37.375284,36.332206,36.948570,119284800
2019-01-18,37.337344,37.427429,36.977008,37.176144,135004000
2019-01-22,37.078955,37.154813,36.180486,36.341690,121576000
2019-01-23,36.543194,36.777887,35.962391,36.488670,92522400
2019-01-24,36.533707,36.621419,35.971870,36.199448,101766000
2019-01-25,36.858481,37.486699,36.583491,37.398983,134142000
2019-01-28,36.931971,37.059987,36.427031,37.052876,104768400
2019-01-29,37.041028,37.486707,36.533715,36.668839,166348800
2019-01-30,38.700462,39.387942,37.984532,39.174587,244439200
2019-01-31,39.378461,40.063571,39.011013,39.456692,162958400
2019-02-01,39.579963,40.058826,39.335785,39.475655,130672400
2019-02-04,39.686639,40.694155,39.655820,40.596958,125982000
2019-02-05,40.978629,41.504908,40.857728,41.291550,144406400
2019-02-06,41.402964,41.621064,40.976254,41.305771,112958400
2019-02-07,40.869581,41.234659,40.381233,40.523472,126966800
2019-02-08,40.233015,40.630607,40.097308,40.571087,95280000
2019-02-11,40.723452,40.761545,40.294908,40.337761,83973600
2019-02-12,40.497283,40.711553,40.402049,40.685364,89134000
2019-02-13,40.804404,41.063910,40.454428,40.516327,89960800
2019-02-14,40.404431,40.773451,40.325865,40.663937,87342800
2019-02-15,40.771077,40.878212,40.413958,40.573471,98507200
2019-02-19,40.404439,40.816316,40.352062,40.694893,75891200
2019-02-20,40.756794,41.263904,40.709179,40.956779,104457600
2019-02-21,40.902018,41.037721,40.544899,40.725838,68998800
2019-02-22,40.849642,41.187715,40.802027,41.180573,75652800
2019-02-25,41.463889,41.871003,41.413891,41.480553,87493600
2019-02-26,41.356745,41.735290,41.228180,41.504353,68280800
2019-02-27,41.237714,41.663875,41.123434,41.632923,111341600
2019-02-28,41.501979,41.642445,41.168666,41.223423,112861600
2019-03-01,41.492452,41.699579,41.161522,41.656727,103544800
2019-03-04,41.828144,42.318587,41.418647,41.866238,109744800
2019-03-05,41.887675,41.901960,41.554362,41.790062,78949600
2019-03-06,41.585305,41.780532,41.411508,41.549595,83241600
2019-03-07,41.394847,41.530554,40.954403,41.068680,99185600
2019-03-08,40.549673,41.204391,40.354447,41.166298,95997600
2019-03-11,41.780529,42.644754,41.747198,42.592377,128044000
2019-03-12,42.854270,43.489941,42.704279,43.070923,129870400
2019-03-13,43.389944,43.639928,43.073298,43.261383,124130000
2019-03-14,43.782771,43.830390,43.463746,43.742298,94318000
2019-03-15,44.008956,44.599391,43.744687,44.311314,156171600
2019-03-18,44.235124,44.851749,44.232741,44.763660,104879200
2019-03-19,44.842219,44.994589,44.263684,44.408913,126585600
2019-03-20,44.337498,45.113639,43.980380,44.796993,124140800
2019-03-21,45.239820,46.742100,45.189822,46.446880,204136800
2019-03-22,46.506405,47.065893,45.420764,45.485046,169630800
2019-03-25,45.594555,45.706452,44.425588,44.935078,175381200
2019-03-26,45.630270,45.920727,43.944668,44.470821,199202000
2019-03-27,44.937458,45.177917,44.413684,44.870796,119393600
2019-03-28,44.985078,45.130306,44.647006,44.930321,83121600
2019-03-29,45.194576,45.254096,44.887452,45.223145,94256000
2019-04-01,45.625507,45.635029,44.849370,45.530277,111448000
2019-04-02,45.494568,46.296898,45.485047,46.192142,91062800
2019-04-03,46.008814,46.782571,45.985004,46.508781,93087200
2019-04-04,46.375456,46.751621,45.982626,46.589729,76457200
2019-04-05,46.770671,46.925425,46.646869,46.901615,74106400
2019-04-08,46.763534,47.670615,46.744487,47.639668,103526800
2019-04-09,47.692030,48.294370,47.432521,47.496803,143072800
2019-04-10,47.301588,47.792034,47.182548,47.763462,86781200
2019-04-11,47.818232,47.853942,47.244460,47.365879,83603200
2019-04-12,47.425391,47.649186,46.713537,47.346825,111042800
2019-04-15,47.277779,47.580141,47.142072,47.432529,70146400
2019-04-16,47.487300,47.942029,47.273026,47.437302,102785600
2019-04-17,47.506331,48.420558,47.284919,48.361038,115627200
2019-04-18,48.358656,48.603877,48.215810,48.534836,96783200
2019-04-22,48.289613,48.791961,48.172953,48.694347,77758000
2019-04-23,48.670540,49.460965,48.544359,49.396683,93292000
2019-04-24,49.368118,49.634766,49.294314,49.320503,70162400
2019-04-25,49.241941,49.463353,48.834824,48.872917,74172800
2019-04-26,48.782448,48.806257,48.120588,48.639603,74596400
2019-04-29,48.663407,49.037194,48.534846,48.713406,88818800
2019-04-30,48.344381,48.425327,47.403968,47.775372,186139600
2019-05-01,49.968071,51.260839,49.813317,50.120441,259309200
2019-05-02,49.958556,50.627559,49.551443,49.794281,127985200
2019-05-03,50.208528,50.434703,50.051395,50.413277,83569600
2019-05-06,48.637209,49.720470,48.449128,49.634762,129772400
2019-05-07,49.015773,49.382413,47.813471,48.296772,155054800
2019-05-08,48.068203,48.887196,48.032492,48.306282,105358000
2019-05-09,47.711086,48.015827,46.820672,47.787273,139634400
2019-05-10,47.182608,47.524375,46.071278,47.125248,164834800
2019-05-13,44.861948,45.284969,43.700427,44.386345,229722400
2019-05-14,44.551271,45.337567,44.312275,45.089012,146118800
2019-05-15,44.517794,45.827491,44.458045,45.629124,106178800
2019-05-16,45.387750,45.999580,45.132023,45.428379,132125600
2019-05-17,44.675538,45.624352,44.634909,45.170261,131516400
2019-05-20,43.860575,44.058942,43.086226,43.757805,154449200
2019-05-21,44.266856,44.931265,44.142577,44.596672,113459200
2019-05-22,44.133018,44.383965,43.628736,43.683704,118994400
2019-05-23,42.971497,43.148352,42.495894,42.938038,146118800
2019-05-24,43.067085,43.530738,42.689471,42.773121,94858800
2019-05-28,42.761183,43.160306,42.519798,42.596275,111792800
2019-05-29,42.163693,42.863954,42.063315,42.393131,113924800
2019-05-30,42.529353,42.835267,42.223438,42.613003,84873600
2019-05-31,42.118278,42.538913,41.821925,41.841045,108174400
2019-06-03,41.967710,42.522179,40.693861,41.418018,161584400
2019-06-04,41.929483,42.978676,41.709607,42.933266,123872000
2019-06-05,44.042193,44.211882,43.291746,43.626339,119093600
2019-06-06,43.755402,44.326602,43.533134,44.266853,90105200
2019-06-07,44.575172,45.868142,44.398317,45.445118,122737600
2019-06-10,45.841836,46.692661,45.796426,46.025864,104883600
2019-06-11,46.570773,46.843229,46.269639,46.558823,107731600
2019-06-12,46.353292,46.836065,46.219455,46.410652,73012800
2019-06-13,46.532545,47.032046,46.269651,46.401096,86698400
2019-06-14,45.779704,46.267254,45.480959,46.064110,75046000
2019-06-17,46.102347,46.594683,45.927881,46.338955,58676400
2019-06-18,46.855194,47.868535,46.654438,47.428783,106204000
2019-06-19,47.722736,47.770538,47.156316,47.290154,84496800
2019-06-20,47.887650,47.945010,47.328400,47.670166,86056000
2019-06-21,47.512418,48.002361,47.357068,47.507637,191202400
2019-06-24,47.450288,47.837465,47.361861,47.459850,72881600
2019-06-25,47.424004,47.622371,46.673556,46.740479,84281200
2019-06-26,47.266257,48.035825,47.165879,47.751419,104270000
2019-06-27,47.868532,48.174451,47.696458,47.737087,83598800
2019-06-28,47.483733,47.679712,47.094172,47.302097,124442400
2019-07-01,48.556843,48.872319,47.954571,48.169670,109012000
2019-07-02,48.136202,48.547276,48.124252,48.451675,67740800
2019-07-03,48.583121,48.860357,48.442114,48.853188,45448000
2019-07-05,48.599863,49.013325,48.492312,48.810177,69062000
2019-07-08,47.992802,48.133809,47.419213,47.803997,101354400
2019-07-09,47.608023,48.160104,47.514815,48.095577,82312000
2019-07-10,48.241366,48.690676,48.172055,48.571178,71588400
2019-07-11,48.590290,48.848406,48.207899,48.217457,80767200
2019-07-12,48.384746,48.755191,48.324997,48.587894,70380800
2019-07-15,48.776706,49.202119,48.755197,49.044384,67789600
2019-07-16,48.896219,49.259494,48.635714,48.874710,67467200
2019-07-17,48.767146,49.015701,48.580730,48.599850,56430000
2019-07-18,48.755205,49.204519,48.683505,49.151939,74162400
2019-07-19,49.183011,49.352700,48.363256,48.418224,83717200
2019-07-22,48.671551,49.527157,48.661993,49.524769,89111600
2019-07-23,49.821133,49.928681,49.541504,49.911949,73420800
2019-07-24,49.632319,49.986032,49.512821,49.871315,59966400
2019-07-25,49.923888,50.007538,49.407656,49.476967,55638400
2019-07-26,49.586914,50.124655,49.505656,49.649055,70475600
2019-07-29,49.821137,50.342147,49.816356,50.112709,86693600
2019-07-30,49.892817,50.227414,49.546274,49.897598,135742800
2019-07-31,51.723538,52.906568,50.499879,50.915730,277125600
2019-08-01,51.121266,52.108321,49.410057,49.813957,216071600
2019-08-02,49.120858,49.335953,48.188775,48.759975,163448400
2019-08-05,47.318838,47.476573,46.025869,46.207504,209572000
2019-08-06,46.917322,47.337957,46.374800,47.082230,143299200
2019-08-07,46.702233,47.694065,46.322230,47.569786,133457600
2019-08-08,47.847016,48.642874,47.653430,48.618973,108038000
2019-08-09,48.292712,48.642970,47.810502,48.218342,98478800
2019-08-12,47.889668,48.472637,47.776912,48.095985,89927600
2019-08-13,48.225537,50.893270,48.095987,50.132774,188874000
2019-08-14,48.738929,49.525815,48.602182,48.640568,146189600
2019-08-15,48.810894,49.213931,47.901655,48.398258,108909600
2019-08-16,49.007627,49.698552,48.902069,49.540215,110481600
2019-08-19,50.528616,51.034814,50.387073,50.463844,97654400
2019-08-20,50.590999,51.183562,50.456653,50.466248,107537200
2019-08-21,51.097193,51.255527,50.763727,51.013226,86141600
2019-08-22,51.145161,51.445041,50.559794,50.970032,89014800
2019-08-23,50.243125,50.871677,48.220735,48.614178,187272000
2019-08-26,49.386663,49.705736,49.194739,49.537804,104174400
2019-08-27,49.866489,50.032023,48.827703,48.978844,103493200
2019-08-28,48.964442,49.353085,48.777317,49.307503,63755200
2019-08-29,50.020019,50.216742,49.578596,50.142368,83962000
2019-08-30,50.418254,50.487825,49.708137,50.077591,84573600
2019-09-03,49.523415,49.655363,48.993229,49.348286,80092000
2019-09-04,49.993627,50.255121,49.736931,50.185551,76752400
2019-09-05,50.859686,51.332298,50.742132,51.166763,95654800
2019-09-06,51.351491,51.440254,50.982036,51.161964,77449200
2019-09-09,51.541015,51.924863,50.636579,51.380280,109237600
2019-09-10,51.305901,52.006421,50.790109,51.987228,127111600
2019-09-11,52.315899,53.668958,52.234329,53.640167,177158400
2019-09-12,53.930448,54.319091,53.465033,53.520210,128906800
2019-09-13,52.778918,52.968441,52.064005,52.479038,159053200
2019-09-16,52.234341,52.810113,52.193557,52.754932,84632400
2019-09-17,52.769315,52.975633,52.567793,52.946842,73274800
2019-09-18,53.033206,53.462636,52.644562,53.443443,101360000
2019-09-19,53.261120,53.680953,52.867678,53.009224,88242400
2019-09-20,53.109982,53.393067,52.171955,52.234329,221652400
2019-09-23,52.527013,52.740528,52.215137,52.471836,76662000
2019-09-24,53.026020,53.376282,52.104789,52.222340,124763200
2019-09-25,52.431040,53.138756,52.092774,53.026001,87613600
2019-09-26,52.778911,53.004422,52.498224,52.752522,75334000
2019-09-27,52.908462,53.009225,52.126376,52.495831,101408000
2019-09-30,52.994823,53.877673,52.968434,53.731331,103909600
2019-10-01,53.995238,54.750935,53.786519,53.880081,139223200
2019-10-02,53.513016,53.637767,52.282307,52.529411,138449200
2019-10-03,52.402261,53.009222,51.610580,52.975636,114426000
2019-10-04,54.131976,54.575800,53.712144,54.460644,138478800
2019-10-07,54.283118,55.161165,54.179958,54.472641,122306000
2019-10-08,54.175151,54.712534,53.817693,53.834484,111820000
2019-10-09,54.465435,54.647761,54.131968,54.465435,74770400
2019-10-10,54.681357,55.283519,54.530220,55.199551,113013600
2019-10-11,55.885673,57.010824,55.732134,56.667763,166795600
2019-10-14,56.353474,57.128367,56.298297,56.586182,96427600
2019-10-15,56.710950,57.013228,56.348696,56.454254,87360000
2019-10-16,55.986429,56.435053,55.945646,56.226334,73903200
2019-10-17,56.399063,56.653360,56.022415,56.444645,67585200
2019-10-18,56.279120,56.996435,56.207148,56.715748,97433600
2019-10-21,56.982037,57.814505,56.934057,57.699348,87247200
2019-10-22,57.855290,58.104789,57.485836,57.567406,82293600
2019-10-23,58.080796,58.354287,57.869679,58.339890,75828800
2019-10-24,58.658969,58.728543,58.011228,58.435860,69275200
2019-10-25,58.335099,59.191555,58.267926,59.155571,73477200
2019-10-28,59.357082,59.796107,59.189150,59.748127,96572800
2019-10-29,59.728937,59.916062,58.193552,58.366280,142839600
2019-10-30,58.718953,58.848503,57.867296,58.359097,124522000
2019-10-31,59.313903,59.776916,56.919657,59.678555,139162000
2019-11-01,59.865682,61.398670,59.774521,61.372284,151125200
2019-11-04,61.734524,61.859278,61.266715,61.775311,103272000
2019-11-05,61.667365,61.940859,61.492240,61.686562,79897600
2019-11-06,61.600189,61.772920,61.264324,61.712944,75864400
2019-11-07,62.259159,62.646568,62.107564,62.425190,94940400
2019-11-08,62.247134,62.668227,61.804386,62.596043,69986400
2019-11-11,62.153287,63.156694,62.148477,63.091728,81821200
2019-11-12,62.935309,63.233688,62.783722,63.033966,87388800
2019-11-13,62.834243,63.712521,62.819807,63.637928,102734400
2019-11-14,63.464710,63.736617,63.067681,63.197620,89182800
2019-11-15,63.447842,63.953155,63.286628,63.948345,100206400
2019-11-18,63.957959,64.350178,63.580184,64.270775,86703200
2019-11-19,64.463276,64.487340,63.859314,64.075874,76167200
2019-11-20,63.895410,64.025342,62.658597,63.329941,106234400
2019-11-21,63.450249,63.527250,62.846279,63.046001,121395200
2019-11-22,63.185552,63.327519,62.764459,62.990646,65325200
2019-11-25,63.214437,64.111969,63.168718,64.095123,84020400
2019-11-26,64.232281,64.285218,63.163908,63.594627,105207600
2019-11-27,63.905024,64.482528,63.840058,64.448837,65235600
2019-11-29,64.150480,64.487353,63.982040,64.306885,46617600
2019-12-02,64.311674,64.547488,63.392494,63.563335,94487200
2019-12-03,62.155689,62.449251,61.669630,62.430004,114430400
2019-12-04,62.819815,63.358812,62.725968,62.981030,67181600
2019-12-05,63.474317,63.979630,63.219256,63.905029,74424400
2019-12-06,64.362200,65.209195,64.318882,65.139412,106075600
2019-12-09,64.968598,65.161095,63.743821,64.227478,128042400
2019-12-10,64.631726,64.985444,63.972410,64.602852,90420400
2019-12-11,64.682255,65.233287,64.607662,65.153877,78756800
2019-12-12,64.434427,65.584612,64.323742,65.319923,137310400
2019-12-13,65.319890,66.243886,65.192359,66.207794,133587600
2019-12-16,66.652951,67.564919,66.648141,67.341133,128186000
2019-12-17,67.271364,67.800734,67.086079,67.473488,114158400
2019-12-18,67.326723,67.832036,67.163100,67.312286,116028400
2019-12-19,67.254517,67.658764,67.122176,67.379639,98369200
2019-12-20,67.911410,68.012469,67.028316,67.240067,275978000
2019-12-23,67.502367,68.397490,67.463866,68.337334,98572000
2019-12-24,68.503356,68.551484,68.077453,68.402290,48478800
2019-12-26,68.534652,69.776275,68.505779,69.759430,93121200
2019-12-27,70.050590,70.736371,69.328716,69.732964,146266000
2019-12-30,69.651150,70.428369,68.630904,70.146835,144114400
2019-12-31,69.764225,70.666566,69.665568,70.659348,100805600
2020-01-02,71.282568,72.331694,71.029915,72.271538,135480400
2020-01-03,71.501527,72.326866,71.345122,71.568901,146322800
2020-01-06,70.693051,72.177699,70.442799,72.139198,118387200
2020-01-07,72.148835,72.403897,71.580965,71.799934,108872000
2020-01-08,71.503975,73.255721,71.503975,72.954941,132079200
2020-01-09,73.929474,74.697067,73.679230,74.504570,170108400
2020-01-10,74.737939,75.236034,74.172470,74.672966,140644800
2020-01-13,74.988202,76.294791,74.870291,76.268318,121532000
2020-01-14,76.205749,76.415091,75.115720,75.238434,161954400
2020-01-15,75.038721,75.916999,74.485281,74.916000,121923600
2020-01-16,75.457410,75.965131,75.096473,75.854439,108829200
2020-01-17,76.102265,76.696607,75.796675,76.694206,137816400
2020-01-21,76.323655,76.763994,76.037311,76.174469,110843200
2020-01-22,76.658132,76.997413,76.352541,76.446388,101832400
2020-01-23,76.499342,76.893963,75.953120,76.814560,104472000
2020-01-24,77.059967,77.801087,76.403060,76.593155,146537600
2020-01-27,74.607994,75.019459,73.361561,74.340904,161940000
2020-01-28,75.219200,76.614819,75.120543,76.443977,162234000
2020-01-29,78.070601,78.888723,77.331882,78.044128,216229200
2020-01-30,77.129724,77.983937,76.699004,77.931000,126743200
2020-01-31,77.223589,77.644682,74.182100,74.475662,199588400
2020-02-03,73.222007,75.433346,72.721512,74.271133,173788400
2020-02-04,75.871271,76.913179,75.467024,76.723083,136616400
2020-02-05,77.846819,78.145198,76.747171,77.348732,118826800
2020-02-06,77.618212,78.255865,77.062370,78.253456,105425600
2020-02-07,77.754185,78.002616,76.700162,77.189789,117684000
2020-02-10,75.778795,77.556404,75.699203,77.556404,109348800
2020-02-11,78.050845,78.123201,76.871396,77.088470,94323200
2020-02-12,77.537121,78.923995,77.537121,78.919174,113730400
2020-02-13,78.193174,78.682801,77.990571,78.357185,94747600
2020-02-14,78.325816,78.624904,77.869961,78.376472,80113600
2020-02-18,76.063405,77.122257,75.882509,76.941360,152531200
2020-02-19,77.182553,78.284818,77.182553,78.055679,93984000
2020-02-20,77.816911,78.304123,76.750823,77.254921,100566000
2020-02-21,76.849701,77.291093,74.891195,75.506241,129554000
2020-02-24,71.697774,73.366843,69.760975,71.919670,222195200
2020-02-25,72.587797,72.968883,69.013278,69.483604,230673600
2020-02-26,69.109731,71.847301,69.102495,70.585846,198054800
2020-02-27,67.800068,68.981925,65.836733,65.971802,320605600
2020-02-28,62.049955,67.151239,61.835288,65.933197,426510000
2020-03-02,68.084649,72.705955,66.984799,72.071609,341397200
2020-03-03,73.243817,73.323408,68.933649,69.782661,319475600
2020-03-04,71.499987,73.178706,70.701631,73.019516,219178400
2020-03-05,71.278088,72.250106,70.286778,70.650986,187572800
2020-03-06,68.017134,70.144480,67.831416,69.712738,226176800
2020-03-09,63.615309,67.074051,63.434412,64.199005,286744800
2020-03-10,66.844925,69.088040,64.970831,68.822723,285290000
2020-03-11,66.905221,67.828996,65.571403,66.432472,255598800
2020-03-12,61.731575,65.122783,59.816482,59.871956,418474000
2020-03-13,63.890279,67.515447,61.010400,67.045113,370732000
2020-03-16,58.357254,62.488931,57.886924,58.419968,322423600
2020-03-17,59.698296,62.134368,57.501005,60.988693,324056000
2020-03-18,57.831442,60.298871,57.192272,59.495689,300233600
2020-03-19,59.669353,60.983868,58.516439,59.039833,271857200
2020-03-20,59.618701,60.740262,54.992573,55.291656,401693200
2020-03-23,55.011868,55.113170,51.280573,54.117031,336752800
2020-03-24,57.008967,59.741713,56.512105,59.546345,287531200
2020-03-25,60.479774,62.288741,58.924064,59.218323,303602000
2020-03-26,59.459511,62.392445,59.420919,62.334560,252087200
2020-03-27,60.962157,61.714686,59.587343,59.753769,204216800
2020-03-30,60.477351,61.630265,60.154147,61.459015,167976400
2020-03-31,61.649564,63.311397,60.781259,61.333595,197002000
2020-04-01,59.454689,59.990143,57.677079,58.106407,176218400
2020-04-02,57.968925,59.129075,57.139212,59.076012,165934000
2020-04-03,58.562267,59.261732,57.638487,58.227005,129880000
2020-04-06,60.515939,63.460933,60.149324,63.306572,201820400
2020-04-07,65.315733,65.532815,62.469629,62.573341,202887200
2020-04-08,63.371703,64.488440,63.007503,64.174889,168895200
2020-04-09,64.809239,65.139676,63.844457,64.637985,161834800
2020-04-13,64.715163,66.015211,64.116996,65.906670,131022800
2020-04-14,67.534750,69.524614,67.064416,69.235176,194994800
2020-04-15,68.113614,69.061511,67.686701,68.603241,131154400
2020-04-16,69.314756,69.512538,68.101543,69.148331,157125200
2020-04-17,68.665961,69.211066,66.777396,68.210098,215250000
2020-04-20,67.040298,67.939952,66.774981,66.794273,130015200
2020-04-21,66.637487,66.871447,64.020514,64.729630,180991600
2020-04-22,65.993489,67.028219,65.653410,66.594070,116862400
2020-04-23,66.538610,67.956840,66.297414,66.336006,124814400
2020-04-24,66.859396,68.260741,66.811154,68.251091,126161200
2020-04-27,67.968865,68.629745,67.522659,68.299309,117087600
2020-04-28,68.760016,68.940913,67.100597,67.192245,112004800
2020-04-29,68.675584,69.867090,68.472980,69.399170,137280800
2020-04-30,69.937038,71.039303,69.548717,70.863228,183064000
2020-05-01,69.042186,72.117427,68.945709,69.722359,240616800
2020-05-04,69.746495,70.836696,69.059086,70.708862,133568000
2020-05-05,71.167153,72.599855,71.022434,71.770142,147751200
2020-05-06,72.469576,73.140098,72.086076,72.510582,142333600
2020-05-07,73.135285,73.605619,72.833791,73.260704,115215200
2020-05-08,73.918558,75.057663,73.592062,75.004456,133838400
2020-05-11,74.513504,76.678043,74.305510,76.184677,145946400
2020-05-12,76.866681,77.316523,75.193094,75.314018,162301200
2020-05-13,75.492989,76.412017,73.330863,74.404671,200622400
2020-05-14,73.645266,74.922225,72.924555,74.861763,158929200
2020-05-15,72.639173,74.465126,72.605311,74.419174,166348400
2020-05-18,75.739658,76.545010,75.050389,76.172562,135178400
2020-05-19,76.189519,77.033568,75.700988,75.732430,101729600
2020-05-20,76.588551,77.275400,76.549854,77.205269,111504800
2020-05-21,77.067407,77.606731,76.392647,76.629662,102688800
2020-05-22,76.368451,77.205252,76.266879,77.123024,81803200
2020-05-26,78.237958,78.416923,76.545019,76.600647,125522000
2020-05-27,76.457953,77.079498,75.720311,76.934387,112945200
2020-05-28,76.610323,78.223456,76.334620,76.968262,133560800
2020-05-29,77.210116,77.669627,76.537778,76.893295,153532400
2020-06-01,76.847333,77.959837,76.716733,77.838913,80791200
2020-06-02,77.572886,78.223458,77.132720,78.199272,87642800
2020-06-03,78.518497,78.890946,77.947731,78.629745,104491200
2020-06-04,78.453219,78.750688,77.580142,77.952591,87560400
2020-06-05,78.201667,80.233192,78.172646,80.172729,137250400
2020-06-08,79.870413,80.680606,79.161799,80.646744,95654400
2020-06-09,80.327530,83.585221,80.296089,83.193428,147712400
2020-06-10,84.139039,85.800536,83.701294,85.333771,166651600
2020-06-11,84.480065,84.903300,81.135305,81.236877,201662400
2020-06-12,83.369970,84.114860,80.830563,81.938225,200146000
2020-06-15,80.595990,83.602164,80.433948,82.951591,138808800
2020-06-16,85.000041,85.420863,83.369985,85.149986,165428800
2020-06-17,85.892466,85.952928,84.910562,85.031487,114406400
2020-06-18,84.987945,85.481318,84.458296,85.065338,96820400
2020-06-19,85.769121,86.233466,83.473975,84.579224,264476000
2020-06-22,84.971004,86.934812,84.925052,86.792122,135445200
2020-06-23,88.032815,90.059506,87.614415,88.644691,212155600
2020-06-24,88.274657,89.191265,86.707477,87.079926,192623200
2020-06-25,87.234721,88.274666,86.477734,88.235970,137522400
2020-06-26,88.131982,88.352065,85.377325,85.524857,205256800
2020-06-29,85.432944,87.590235,84.956503,87.495911,130646000
2020-06-30,87.084771,88.511682,87.065426,88.226295,140223200
2020-07-01,88.303672,88.845410,88.011037,88.059402,110737200
2020-07-02,88.963920,89.597562,87.945741,88.059402,114041600
2020-07-06,89.483906,90.881789,89.452465,90.415024,118655600
2020-07-07,90.792311,91.568643,90.023235,90.134483,112424400
2020-07-08,91.109118,92.265153,91.022049,92.233711,117092000
2020-07-09,93.123729,93.176936,91.585577,92.630363,125642800
2020-07-10,92.226457,92.850430,91.617002,92.792381,90257200
2020-07-13,94.093549,96.695840,92.151506,92.364334,191649200
2020-07-14,91.747613,94.083870,90.816502,93.892815,170989200
2020-07-15,95.762288,96.011392,93.343804,94.538536,153198000
2020-07-16,93.413948,94.228976,92.777886,93.375252,110577600
2020-07-17,93.825098,93.979878,92.715008,93.186615,92186800
2020-07-20,93.273675,95.288269,92.930247,95.150414,90318000
2020-07-21,95.938844,96.013817,93.588078,93.837181,103433200
2020-07-22,93.539702,94.780385,93.452640,94.100792,89001600
2020-07-23,93.834772,93.912165,89.009900,89.817673,197004400
2020-07-24,88.020733,89.938589,86.238304,89.595161,185438800
2020-07-27,90.654443,91.810478,90.431947,91.718575,121214000
2020-07-28,91.290518,91.467070,90.207034,90.211876,103625600
2020-07-29,90.693147,92.124893,90.656871,91.941086,90329200
2020-07-30,91.116366,93.157567,90.710063,93.053574,158130000
2020-07-31,99.530296,102.945195,97.537461,102.795250,374336800
2020-08-03,104.671996,107.997412,104.374528,105.385452,308151200
2020-08-04,105.574080,107.177536,104.853369,106.089218,173071600
2020-08-05,105.811085,106.792989,105.346733,106.473747,121776800
2020-08-06,106.805096,110.681926,106.217406,110.188553,202428800
2020-08-07,109.711254,110.166750,106.888642,107.683334,198045600
2020-08-10,109.124922,110.263662,106.605165,109.248489,212403600
2020-08-11,108.514349,109.011029,105.740189,105.999435,187902400
2020-08-12,107.087307,109.779091,106.893482,109.522270,165598000
2020-08-13,110.898424,112.461161,110.411430,111.460526,210082000
2020-08-14,111.286106,111.450858,109.556191,111.361214,165565200
2020-08-17,112.480539,112.504769,110.445352,111.070442,119561600
2020-08-18,110.823324,112.419977,110.488970,111.995979,105633600
2020-08-19,112.403012,113.546595,112.042010,112.136497,145538000
2020-08-20,112.177712,114.738660,112.160750,114.624786,126907200
2020-08-21,115.581800,121.013821,115.569689,120.531677,338054800
2020-08-24,124.725615,124.810423,120.112524,121.973267,345937600
2020-08-25,120.849066,121.316673,119.254830,120.972626,211495600
2020-08-26,122.285801,123.073225,121.222168,122.617729,163022400
2020-08-27,123.218610,123.550539,120.010759,121.151924,155552400
2020-08-28,122.123463,122.540193,120.732753,120.955658,187630000
2020-08-31,123.642600,126.957050,122.111361,125.057533,225702700
2020-09-01,128.662706,130.639755,126.501533,130.038879,151948100
2020-09-02,133.343685,133.721648,123.080518,127.344719,200119000
2020-09-03,122.993275,124.863704,116.781099,117.149368,257599600
2020-09-04,116.364381,119.882349,107.467696,117.226913,332607200
2020-09-08,110.433250,115.317706,109.202448,109.338127,231366600
2020-09-09,113.641096,115.463072,111.702820,113.699242,176940500
2020-09-10,116.645429,116.781108,109.028005,109.987450,182274400
2020-09-11,111.034110,111.673745,106.605151,108.543427,180860300
2020-09-14,111.179496,112.352152,109.318753,111.799744,140150100
2020-09-15,114.678101,115.162670,110.103768,111.974205,184642000
2020-09-16,111.673767,112.420000,108.582215,108.669434,154679000
2020-09-17,106.333801,108.737259,105.354970,106.934662,178011000
2020-09-18,106.992799,107.457981,102.815810,103.542664,287104900
2020-09-21,101.313662,106.789292,99.918101,106.682686,195713800
2020-09-22,109.202436,109.376881,105.791074,108.359283,183055400
2020-09-23,108.175161,108.650037,103.474837,103.814041,150718700
2020-09-24,101.924231,106.847453,101.759479,104.880104,167743300
2020-09-25,105.083625,108.969870,104.347078,108.814804,149981400
2020-09-28,111.460546,111.760977,109.299366,111.412086,137672400
2020-09-29,111.014734,111.751273,110.064976,110.568924,99382200
2020-09-30,110.278192,113.641102,110.113441,112.235847,142675200
2020-10-01,114.009374,114.086906,112.255236,113.185608,116120400
2020-10-02,109.405959,111.809424,108.756639,109.531944,144712000
2020-10-05,110.394493,113.049928,110.045603,112.904556,106243800
2020-10-06,112.129252,112.536296,108.785729,109.667648,161498200
2020-10-07,111.082579,111.983877,110.607696,111.528381,96849000
2020-10-08,112.662279,112.807651,111.053506,111.421783,83477200
2020-10-09,111.722194,113.389112,111.373304,113.360039,100506900
2020-10-12,116.354683,121.316672,115.598757,120.560745,240226800
2020-10-13,121.403890,121.520189,115.957340,117.362587,262330500
2020-10-14,117.265683,119.233032,115.928275,117.449821,150712000
2020-10-15,115.056052,117.459510,114.503644,116.984634,112559200
2020-10-16,117.537025,117.798696,115.143253,115.346771,115393800
2020-10-19,116.257761,116.703563,112.090473,112.400597,120639300
2020-10-20,112.613817,115.308026,112.061408,113.883392,124423700
2020-10-21,113.069306,115.046348,112.856094,113.263138,89946000
2020-10-22,113.825235,114.397030,111.053500,112.177704,101988000
2020-10-23,112.797959,112.953024,110.753077,111.489624,82572600
2020-10-26,110.491394,112.953005,109.396264,111.499298,111850700
2020-10-27,111.925714,113.660471,111.005036,113.001457,92276800
2020-10-28,111.499322,111.867592,107.671223,107.768135,143937800
2020-10-29,108.902010,113.321276,108.737251,111.760963,146129200
2020-10-30,107.632436,108.533734,104.395519,105.500336,190272600
2020-11-02,105.742627,107.264173,104.007870,105.413116,122866900
2020-11-03,106.275682,108.049199,105.374383,107.031609,107624400
2020-11-04,110.617368,112.022614,108.882610,111.402367,138235500
2020-11-05,114.309805,115.928271,113.263142,115.356476,126387100
2020-11-06,114.866208,115.720518,112.740132,115.225410,114457900
2020-11-09,116.982568,118.429073,112.662468,112.924583,154515300
2020-11-10,112.177070,114.157515,110.798515,112.584808,138023400
2020-11-11,113.769187,116.137957,113.041080,116.002045,112295000
2020-11-12,116.128283,117.011716,115.108930,115.730247,103162300
2020-11-13,115.953516,116.176799,114.429346,115.778770,81581900
2020-11-16,115.448707,117.458283,114.701187,116.788429,91183000
2020-11-17,116.060332,117.147634,115.487550,115.904999,74271000
2020-11-18,115.147758,116.322437,114.555563,114.584686,76322100
2020-11-19,114.157519,115.584611,113.400289,115.176872,74113000
2020-11-20,115.176874,115.303076,113.866282,113.914818,73604300
2020-11-23,113.759502,114.186660,110.429623,110.526703,127959300
2020-11-24,110.584944,112.468310,109.303468,111.808159,113874200
2020-11-25,112.177082,113.342051,111.808169,112.643066,76499200
2020-11-27,113.167301,114.060444,112.827519,113.186714,46691300
2020-11-30,113.555627,117.438866,113.400294,115.574913,169410200
2020-12-01,117.477688,119.865879,116.506878,119.137772,127728200
2020-12-02,118.458218,119.768818,117.361206,119.487282,89004200
2020-12-03,119.914428,120.166841,118.642670,119.351364,78967600
2020-12-04,119.021285,119.273698,117.972809,118.681503,78260400
2020-12-07,118.739742,120.933774,118.681496,120.137711,86712000
2020-12-08,120.739618,121.331813,119.496975,120.749321,82225500
2020-12-09,120.894955,122.273503,117.467997,118.225227,115089200
2020-12-10,116.982592,120.254224,116.642810,119.642609,81312200
2020-12-11,118.856243,119.176612,117.031123,118.836830,86939800
2020-12-14,119.021291,119.749399,117.992235,118.225227,79184500
2020-12-15,120.710488,124.166576,120.506619,124.147156,157243700
2020-12-16,123.690906,124.622875,122.865711,124.079224,98208600
2020-12-17,125.137396,125.797555,124.302499,124.943237,94359800
2020-12-18,125.195657,125.331570,122.438553,122.962791,192541500
2020-12-21,121.370640,124.564605,119.846469,124.486938,121251600
2020-12-22,127.768288,130.486559,125.865494,128.030411,168904800
2020-12-23,128.302198,128.564306,126.962476,127.137230,88223700
2020-12-24,127.486747,129.564279,127.273168,128.117767,54930100
2020-12-28,130.078798,133.331002,129.612799,132.699982,124486200
2020-12-29,134.020288,134.738678,130.418577,130.933105,121047300
2020-12-30,131.622388,132.020423,129.506015,129.816681,96452100
2020-12-31,130.166167,130.806905,127.875055,128.816742,99116600
2021-01-04,129.622536,129.709906,123.059860,125.632507,143301900
2021-01-05,125.127694,127.894508,124.681115,127.185806,97664900
2021-01-06,123.991820,127.224618,122.690931,122.904510,155088000
2021-01-07,124.613133,127.787685,124.127729,127.098404,109578200
2021-01-08,128.564348,128.758521,126.428569,128.195450,105158200
2021-01-11,125.418926,126.370316,124.749065,125.215050,100384500
2021-01-12,124.749053,125.904319,123.156925,125.040298,91951100
2021-01-13,125.001453,127.612934,124.739345,127.069283,88636800
2021-01-14,126.981925,127.176084,125.001464,125.147095,90221800
2021-01-15,125.020907,126.418876,123.292867,123.428780,111598500
2021-01-19,124.050082,124.952943,123.234605,124.098625,90757300
2021-01-20,124.904431,128.622635,124.797641,128.176056,104319500
2021-01-21,129.894362,135.593011,129.690485,132.874741,120150900
2021-01-22,132.301976,135.767774,131.078761,135.010544,114459400
2021-01-25,138.893754,140.854778,132.554352,138.748123,157611700
2021-01-26,139.408268,140.087832,137.243352,138.981110,98390600
2021-01-27,139.243228,140.087842,136.311393,137.913223,140843800
2021-01-28,135.447378,137.845279,132.709687,133.088303,142621100
2021-01-29,131.865123,132.748564,126.409176,128.108093,177523800
2021-02-01,129.845796,131.428220,127.108105,130.224411,106239800
2021-02-02,131.768027,132.331098,130.680724,131.049637,83305400
2021-02-03,131.797155,131.806873,129.709920,130.030289,89880900
2021-02-04,132.321383,133.389265,130.661292,133.379562,84183100
2021-02-05,133.540030,133.608081,132.091356,132.966385,75693800
2021-02-08,132.256604,133.160814,131.177394,133.112198,71297200
2021-02-09,132.830216,134.055274,132.081586,132.237137,76774200
2021-02-10,132.694114,133.189976,130.671810,131.634354,73046600
2021-02-11,132.130191,132.606604,130.059286,131.381561,64280000
2021-02-12,130.623173,131.770433,129.981478,131.614868,60145100
2021-02-16,131.731548,132.237112,129.106433,129.495346,80576300
2021-02-17,127.609225,128.552319,125.878602,127.210594,97918500
2021-02-18,125.616046,126.393857,123.875706,126.111908,96856700
2021-02-19,126.627210,127.084174,125.227153,126.267464,87668800
2021-02-22,124.459076,126.121648,122.115931,122.504837,103916400
2021-02-23,120.326953,123.195118,115.105912,122.368698,158273000
2021-02-24,121.474218,122.077015,118.839393,121.872841,111039900
2021-02-25,121.221440,122.952063,117.196282,117.633797,148199500
2021-02-26,119.189417,121.386728,117.837976,117.896317,164560400
2021-03-01,120.317237,124.381286,119.383868,124.245171,116307900
2021-03-02,124.847961,125.149359,121.542274,121.649223,102260900
2021-03-03,121.347827,122.222863,118.460212,118.674110,112966300
2021-03-04,118.372710,120.171391,115.329538,116.797646,178155000
2021-03-05,117.624075,118.557444,114.308663,118.051865,153766600
2021-03-08,117.575487,117.643545,112.986415,113.132256,154376600
2021-03-09,115.728164,118.674112,115.494823,117.731018,129525800
2021-03-10,118.314397,118.781078,116.136528,116.651833,111943300
2021-03-11,119.140779,119.792192,117.896287,118.576866,103026500
2021-03-12,117.060170,117.808807,115.854569,117.672691,88105100
2021-03-15,118.042156,120.560308,117.079613,120.550583,92403800
2021-03-16,122.213145,123.690985,121.260334,122.086754,115227900
2021-03-17,120.608928,122.368718,118.946356,121.299232,111932600
2021-03-18,119.471380,119.763061,116.982395,117.186569,121229700
2021-03-19,116.574037,118.061595,116.360139,116.661537,185549500
2021-03-22,116.992109,120.433912,116.924051,119.967224,111912300
2021-03-23,119.908895,120.793648,118.751902,119.140808,95467100
2021-03-24,119.413033,119.490816,116.739317,116.758759,88530500
2021-03-25,116.224034,118.285230,115.699013,117.244904,98844700
2021-03-26,117.011550,118.110209,115.621217,117.847694,94071200
2021-03-29,118.275503,119.179705,117.381025,118.022713,80819200
2021-03-30,116.778209,117.060166,115.562884,116.574036,85671900
2021-03-31,118.275497,120.093619,117.789367,118.761627,118323800
2021-04-01,120.229746,120.735319,119.092196,119.588051,75089100
2021-04-05,120.433913,122.660390,119.656101,122.407600,88651200
2021-04-06,122.990948,123.603470,122.164529,122.708992,80171300
2021-04-07,122.339548,124.371569,121.668686,124.352127,83466700
2021-04-08,125.372983,126.773040,124.954918,126.743874,88844600
2021-04-09,126.199408,129.349522,125.878560,129.310638,106686700
2021-04-12,128.843933,129.164781,127.006362,127.599442,91420000
2021-04-13,128.766200,130.924619,128.270337,130.700989,91266500
2021-04-14,131.196882,131.255215,128.007868,128.367599,87222800
2021-04-15,130.107898,131.255158,129.932883,130.769028,89347100
2021-04-16,130.574638,130.934370,129.582928,130.438522,84922400
2021-04-19,129.806501,131.712138,129.641219,131.099609,94264200
2021-04-20,131.274639,131.770487,128.153676,129.417618,94812300
2021-04-21,128.688422,130.039864,127.657828,129.796799,68847100
2021-04-22,129.349568,130.428778,127.764793,128.280090,84566500
2021-04-23,128.493939,131.371821,128.493939,130.594025,78657500
2021-04-26,131.089859,131.313475,129.855085,130.982910,66905100
2021-04-27,131.264891,131.653804,130.389862,130.662094,66015800
2021-04-28,130.584303,131.274615,129.388427,129.874557,107760100
2021-04-29,132.684424,133.267786,128.775932,129.777359,151101000
2021-04-30,128.124485,129.855108,127.434189,127.813370,109839500
2021-05-03,128.377227,130.350929,128.173061,128.863358,75135100
2021-05-04,127.550867,127.842548,123.185411,124.303513,137564700
2021-05-05,125.616063,126.831389,124.420186,124.546585,84000900
2021-05-06,124.342395,126.150800,123.603475,126.141083,78128300
2021-05-07,127.436406,127.835699,126.102136,126.813103,78973300
2021-05-10,126.033945,126.160544,123.501768,123.540726,88071200
2021-05-11,120.278143,122.975876,119.567184,122.625275,126142800
2021-05-12,120.180746,121.388395,119.060746,119.567177,112172300
2021-05-13,121.329953,122.858994,121.018301,121.709778,105861300
2021-05-14,122.956385,124.553600,122.566819,124.125076,81918000
2021-05-17,123.511500,123.618631,121.904544,122.975845,74244600
2021-05-18,123.258284,123.677066,121.524722,121.592896,63342900
2021-05-19,119.946981,121.661061,119.654805,121.437065,92612000
2021-05-20,121.963008,124.388047,121.836394,123.988739,76857100
2021-05-21,124.485425,124.660729,121.943514,122.157776,79295400
2021-05-24,122.722657,124.602308,122.654484,123.784218,63092900
2021-05-25,124.485444,124.972408,123.024576,123.589447,72009500
2021-05-26,123.647857,124.066639,123.121943,123.540726,56575900
2021-05-27,123.141445,124.310137,121.816924,122.011703,94625600
2021-05-28,122.294116,122.518119,121.300729,121.359161,71311100
2021-06-01,121.816906,122.079859,120.706647,121.037773,67637100
2021-06-02,121.037782,121.972736,120.813786,121.797432,59278900
2021-06-03,121.427352,121.592915,119.917785,120.317093,76229200
2021-06-04,120.833239,122.868719,120.618978,122.605759,75169300
2021-06-07,122.878477,123.024566,121.573439,122.615524,71057600
2021-06-08,123.297254,125.108739,122.917429,123.433601,74403800
2021-06-09,123.891330,124.417244,123.219329,123.813416,56877900
2021-06-10,123.706294,124.845777,122.654475,122.820038,71186400
2021-06-11,123.229080,124.115343,122.810297,124.027687,53522400
2021-06-14,124.485440,127.134475,123.755006,127.076042,96906500
2021-06-15,126.550103,127.192889,126.014449,126.257927,62746300
2021-06-16,126.968893,127.475331,125.108732,126.754631,91815000
2021-06-17,126.413762,129.092020,126.267666,128.351837,96721700
2021-06-18,127.300027,128.079145,126.842287,127.056549,108953300
2021-06-21,126.900748,128.955703,125.839187,128.848572,79663300
2021-06-22,128.682953,130.582077,128.186248,130.484680,74783600
2021-06-23,130.280202,130.815856,129.754281,130.212021,60214200
2021-06-24,130.942473,131.127519,129.462123,129.929611,68711000
2021-06-25,129.978280,130.397055,129.345229,129.637405,70783700
2021-06-28,129.929585,131.721579,129.871153,131.263840,62111300
2021-06-29,131.283323,132.929236,130.845066,132.773407,64556100
2021-06-30,132.617595,133.825251,132.325418,133.386993,63261400
2021-07-01,133.036385,133.747336,132.218287,133.688904,52485800
2021-07-02,134.302475,136.347696,134.156394,136.308746,78852600
2021-07-06,136.415862,139.415498,136.415862,138.314987,108181800
2021-07-07,139.795319,141.110106,138.938286,140.798462,104911600
2021-07-08,137.886446,140.301743,137.000183,139.503143,105575500
2021-07-09,139.025923,141.850262,138.928526,141.324356,99890800
2021-07-12,142.395682,142.502813,140.243330,140.730286,76299700
2021-07-13,140.272547,143.613073,139.882988,141.840546,100827100
2021-07-14,144.236346,145.667998,143.827290,145.258942,127050800
2021-07-15,145.346613,146.086780,143.252693,144.606430,106820300
2021-07-16,144.586989,145.853063,142.074294,142.570984,93251400
2021-07-19,139.999838,140.311497,137.974099,138.733749,121434600
2021-07-20,139.717394,143.262432,139.230438,142.337204,96350000
2021-07-21,141.733364,142.317717,140.856849,141.606750,74993500
2021-07-22,142.132726,144.333762,142.006113,142.970291,77338200
2021-07-23,143.700711,144.840186,143.087142,144.684357,71447400
2021-07-26,144.401932,145.921232,143.846795,145.103149,72434100
2021-07-27,145.229755,145.317418,141.752897,142.941071,104818600
2021-07-28,141.032145,143.135798,138.821361,141.197708,118931200
2021-07-29,140.915332,142.726809,140.808201,141.840546,56699500
2021-07-30,140.613424,142.512549,140.350464,142.054810,70440600
2021-08-02,142.541746,143.116350,141.460703,141.723663,62880000
2021-08-03,142.006074,144.177893,141.392505,143.515640,64786600
2021-08-04,143.427992,143.934415,142.463814,143.116333,56368300
2021-08-05,143.145581,143.983146,142.356714,143.223495,46397700
2021-08-06,142.745560,143.486837,142.043292,142.540726,54126800
2021-08-09,142.599281,143.086966,141.936035,142.491989,48908700
2021-08-10,142.833377,144.072103,141.721454,142.014069,69023100
2021-08-11,142.452947,143.106444,141.945750,142.267624,48493500
2021-08-12,142.589493,145.379055,142.248107,145.222992,72282600
2021-08-13,145.301023,145.759449,144.618266,145.427826,59375000
2021-08-16,144.881657,147.466400,142.862646,147.398117,103296000
2021-08-17,146.530006,147.944291,145.418083,146.490997,92229700
2021-08-18,146.110605,147.007944,142.550491,142.755325,86326000
2021-08-19,141.458046,144.354899,140.941101,143.086914,86960300
2021-08-20,143.808740,144.842631,143.164991,144.540268,60549600
2021-08-23,144.657299,146.491001,144.247644,146.022827,60131800
2021-08-24,145.769202,147.144478,145.476587,145.935013,48606400
2021-08-25,146.120324,146.617773,144.159834,144.706039,58991300
2021-08-26,144.696344,145.447369,143.877021,143.906281,48597200
2021-08-27,143.847744,145.086470,143.213759,144.940170,55802400
2021-08-30,145.330322,149.709744,144.949927,149.348846,90956700
2021-08-31,148.900167,149.036718,147.563898,148.090607,86453100
2021-09-01,149.065986,151.163029,148.588049,148.753860,80313700
2021-09-02,150.080336,150.909407,148.646539,149.865753,71115500
2021-09-03,149.973093,150.821676,149.319596,150.499802,57808700
2021-09-07,151.153278,153.386871,150.587561,152.830917,82278300
2021-09-08,153.113749,153.172269,150.187636,151.289810,74420200
2021-09-09,151.660462,152.265187,150.158382,150.275436,57305700
2021-09-10,151.182527,151.650701,145.037686,145.301041,140893200
2021-09-13,146.920132,147.690669,145.086430,145.866730,102404300
2021-09-14,146.647027,147.349295,143.291749,144.471939,109296300
2021-09-15,144.901148,145.759479,142.765082,145.359573,83281300
2021-09-16,144.784102,145.301048,143.594148,145.125473,68034100
2021-09-17,145.154757,145.154757,142.170108,142.462723,129868800
2021-09-20,140.258391,141.272770,137.790703,139.419571,123478900
2021-09-21,140.385162,141.038674,139.263491,139.897476,75834000
2021-09-22,140.892360,142.823591,140.160832,142.257889,76404300
2021-09-23,143.038171,143.457588,142.053051,143.213745,64838200
2021-09-24,142.072582,143.838001,141.975039,143.301544,53477900
2021-09-27,141.887246,142.365184,140.277890,141.789703,74150700
2021-09-28,139.721942,141.184998,138.200365,138.414948,108972300
2021-09-29,138.961106,140.892337,138.531941,139.312241,74602000
2021-09-30,140.121820,140.824088,137.800432,138.015015,89056700
2021-10-01,138.405130,139.400012,135.683851,139.136658,94639600
2021-10-04,138.268633,138.707562,134.864597,135.713165,98322000
2021-10-05,136.054502,138.736772,135.927699,137.634598,80861100
2021-10-06,136.034998,138.648985,134.962084,138.502686,83221100
2021-10-07,139.536594,140.668028,139.204971,139.760925,61732700
2021-10-08,140.482698,140.628997,139.048901,139.380524,58773200
2021-10-11,138.766076,141.243513,138.317399,139.292770,64452200
2021-10-12,139.702405,139.721916,137.566339,138.024765,73035900
2021-10-13,137.761450,137.917498,135.771684,137.439575,78762700
2021-10-14,138.609974,140.336384,138.024745,140.219330,69907100
2021-10-15,140.229127,141.331286,139.975521,141.272766,67940300
2021-10-18,139.917002,143.223510,139.634151,142.940659,85589200
2021-10-19,143.389292,145.496097,142.940630,145.096191,76378900
2021-10-20,145.037672,146.061815,144.471955,145.583878,58418800
2021-10-21,145.144965,145.954525,144.228114,145.798462,61421000
2021-10-22,146.003279,146.481202,144.979137,145.027908,58883400
2021-10-25,145.018165,145.691173,143.984274,144.979156,50720600
2021-10-26,145.652174,147.124979,145.340048,145.642426,60893400
2021-10-27,145.681394,146.042276,144.832826,145.183960,56094900
2021-10-28,146.130137,149.397622,146.032594,148.812408,100077900
2021-10-29,143.594106,146.247117,142.804058,146.110565,124953200
2021-11-01,145.320565,146.013071,144.159871,145.291306,74588300
2021-11-02,144.998690,147.837024,144.988927,146.325195,69122000
2021-11-03,146.686058,148.227146,146.130104,147.758972,54511500
2021-11-04,147.846806,148.675863,146.929955,147.242081,60394600
2021-11-05,148.365346,148.668150,146.577810,147.769501,65463900
2021-11-08,147.896482,148.052773,146.675489,146.948990,55020900
2021-11-09,146.714579,147.916033,146.577829,147.310425,56787900
2021-11-10,146.538747,146.646195,144.419105,144.487473,65187100
2021-11-11,145.503331,145.962411,144.253021,144.438614,41000000
2021-11-12,144.985633,146.909920,144.057681,146.509445,63804000
2021-11-15,146.880605,148.355574,145.962415,146.519196,59222800
2021-11-16,146.460602,147.974637,145.874519,147.496002,59256200
2021-11-17,147.495999,151.403177,147.486236,149.928223,88807000
2021-11-18,150.143119,154.988012,149.498431,154.206573,137827700
2021-11-19,153.991673,157.283481,152.897668,156.824387,117305600
2021-11-22,157.928166,161.854885,157.263953,157.283493,117467900
2021-11-23,157.381180,158.045409,155.368985,157.664459,96041900
2021-11-24,157.019711,158.377454,155.935468,158.182098,69463600
2021-11-26,155.867089,156.726658,152.731573,153.171127,76959800
2021-11-29,155.671770,157.449543,155.105227,156.521591,88748200
2021-11-30,156.277395,161.679068,156.209012,161.464172,174048100
2021-12-01,163.593562,166.348130,160.712021,160.946457,152052500
2021-12-02,155.056371,160.389661,154.138182,159.959869,136739200
2021-12-03,160.213847,161.132036,156.013627,158.084427,118023100
2021-12-06,160.477607,163.984311,160.467844,161.483719,107497000
2021-12-07,165.156458,167.598445,164.433624,167.207718,120405400
2021-12-08,168.135701,171.876827,166.738876,171.017242,116998900
2021-12-09,170.851131,172.648429,169.884099,170.509247,108923700
2021-12-10,171.144182,175.461613,170.636245,175.285782,115402700
2021-12-13,176.917041,177.903613,171.456762,171.661896,153237000
2021-12-14,171.183241,173.615465,168.213792,170.284592,139380400
2021-12-15,171.046480,175.334608,168.311453,175.139252,131063300
2021-12-16,175.119737,176.936575,166.787680,168.262634,150185800
2021-12-17,165.986727,169.444589,165.752306,167.168655,195432700
2021-12-20,164.374978,166.621609,163.574014,165.810867,107499100
2021-12-21,167.578884,169.180827,165.195503,168.975708,91185900
2021-12-22,169.024552,171.779120,168.155205,171.564224,92135300
2021-12-23,171.769347,172.746142,171.202804,172.189362,68356600
2021-12-27,172.980581,176.233309,172.961055,176.145401,74919600
2021-12-28,175.979323,177.122171,174.387143,175.129501,79144300
2021-12-29,175.168565,176.438400,174.006177,175.217407,62348900
2021-12-30,175.305337,176.379818,173.957356,174.064804,59773000
2021-12-31,173.957340,175.070885,173.146598,173.449417,64062300
2022-01-03,173.703383,178.636198,173.586172,177.786377,104487900
2022-01-04,178.392015,178.694819,174.963456,175.529999,99310400
2022-01-05,175.442101,175.989104,170.587430,170.860931,94537600
2022-01-06,168.692405,171.232077,167.657005,168.008652,96904000
2022-01-07,168.878006,170.099000,167.061168,168.174713,86709100
2022-01-10,165.156413,168.497048,164.267526,168.194244,106765600
2022-01-11,168.321294,171.114913,166.856102,171.017242,76138300
2022-01-12,172.033062,173.068462,170.763241,171.456757,74805200
2022-01-13,171.700933,172.521437,167.803518,168.194244,84505800
2022-01-14,167.363983,169.747364,167.119784,169.053848,80440800
2022-01-18,167.530052,168.536149,165.478792,165.859741,90956700
2022-01-19,166.055063,167.110003,162.089279,162.372543,94815000
2022-01-20,163.105143,165.742485,160.370115,160.692459,91420500
2022-01-21,160.604556,162.470238,158.533757,158.641205,122848900
2022-01-24,156.306675,158.533765,151.110121,157.869537,162294600
2022-01-25,155.290796,158.983079,153.376287,156.072235,115798400
2022-01-26,159.705930,160.575276,154.157743,155.984344,108275300
2022-01-27,158.680265,160.038009,154.607034,155.525223,121954600
2022-01-28,161.864625,166.396951,159.022149,166.377411,179935700
2022-01-31,166.211380,170.939063,165.576455,170.724167,115541600
2022-02-01,169.972038,170.782779,168.311490,170.558121,86213900
2022-02-02,170.694880,171.798663,169.307833,171.759583,84914300
2022-02-03,170.431124,172.150292,168.125888,168.887787,89418100
2022-02-04,167.909727,170.276594,166.931688,168.604141,82465400
2022-02-07,169.063842,170.129901,167.195783,167.890198,77251200
2022-02-08,167.958658,171.499170,167.665243,170.990585,74829200
2022-02-09,172.183777,172.770592,171.059023,172.408722,71285000
2022-02-10,170.315716,171.626284,167.782598,168.340073,90865900
2022-02-11,168.545490,169.279020,164.349694,164.936523,98670700
2022-02-14,163.694431,165.855904,162.902222,165.171280,86185500
2022-02-15,167.215368,169.151882,166.511179,168.995392,62527400
2022-02-16,168.076041,169.533310,166.315568,168.760666,61177400
2022-02-17,167.274058,168.134738,164.770280,165.171280,69589300
2022-02-18,166.090578,166.794752,162.540292,163.625916,82772700
2022-02-22,161.356890,163.029343,158.589037,160.711395,91162800
2022-02-23,161.904594,162.501198,156.241754,156.554733,90009200
2022-02-24,149.229211,159.273677,148.661946,159.166092,141147500
2022-02-25,160.241923,161.493811,157.337145,161.229752,91974200
2022-02-28,159.479062,161.787235,158.862892,161.493820,95056600
2022-03-01,161.083056,162.941340,158.413013,159.615997,83474400
2022-03-02,160.779833,163.684610,159.371454,162.902176,79724800
2022-03-03,164.770235,165.200574,161.914363,162.579422,76678400
2022-03-04,160.877689,161.914408,158.540176,159.586670,83737200
2022-03-07,159.772472,161.396021,155.547336,155.801636,96418800
2022-03-08,155.332182,159.303018,152.378499,153.982483,131148300
2022-03-09,157.933772,159.821395,155.909238,159.371490,91454900
2022-03-10,156.681902,156.867732,152.554575,155.038803,105342000
2022-03-11,155.439747,155.782066,151.107041,151.331985,96970100
2022-03-14,148.124015,150.735377,146.803671,147.312241,108732100
2022-03-15,147.586066,152.153521,147.077497,151.684052,92964300
2022-03-16,153.601023,156.486235,151.067906,156.085236,102300200
2022-03-17,155.126813,157.464326,154.168339,157.092667,75615400
2022-03-18,156.985078,160.867895,156.251549,160.378876,123511700
2022-03-21,159.919150,162.696792,159.430130,161.748093,95811400
2022-03-22,161.875212,165.699348,161.288398,165.112534,81532000
2022-03-23,164.300828,168.848705,163.968283,166.472076,98062700
2022-03-24,167.303377,170.315739,166.472052,170.247284,90131400
2022-03-25,170.061446,171.430695,168.956257,170.882996,80546200
2022-03-28,168.388986,171.870803,168.222721,171.743668,90371900
2022-03-29,172.809724,175.078767,172.467404,175.029877,100589400
2022-03-30,174.628897,175.665616,172.819519,173.866028,92633200
2022-03-31,173.934484,174.120313,170.570026,170.775421,103049300
2022-04-01,170.208175,171.039515,168.164077,170.482025,78751300
2022-04-04,170.736339,174.570252,170.609190,174.521347,76468400
2022-04-05,173.601979,174.384414,170.589616,171.215561,73401800
2022-04-06,168.574832,169.816946,166.393809,168.056473,89058800
2022-04-07,167.401160,169.552843,166.119932,168.359634,77594700
2022-04-08,168.007548,168.007548,165.484206,166.354660,76575500
2022-04-11,165.004988,165.317952,161.865476,162.109985,72246700
2022-04-12,164.330137,166.139501,162.980439,163.978043,79265200
2022-04-13,163.713960,167.283797,163.107580,166.657852,70618900
2022-04-14,166.873030,167.508765,161.415570,161.660080,75329400
2022-04-18,160.320177,162.941330,159.977872,161.444931,69023900
2022-04-19,161.396017,164.134529,160.310393,163.723740,67723800
2022-04-20,165.053848,165.171223,162.452275,163.557449,67929800
2022-04-21,165.200597,167.763055,162.266479,162.765274,87227800
2022-04-22,162.804363,164.183386,157.953283,158.236908,84882400
2022-04-25,157.581681,159.586664,154.980108,159.303040,96046400
2022-04-26,158.686831,158.774851,153.278277,153.356522,95623200
2022-04-27,152.486098,156.280880,151.967738,153.131607,88063200
2022-04-28,155.752734,160.907005,155.439755,160.046326,130216800
2022-04-29,158.285853,162.550104,153.796657,154.187866,131747600
2022-05-02,153.268510,154.755118,149.904053,154.491058,123055300
2022-05-03,154.676883,157.180675,152.887084,155.977676,88966500
2022-05-04,156.163500,162.823944,155.762500,162.374054,108256500
2022-05-05,160.251713,160.476658,151.547156,153.327194,130525300
2022-05-06,152.808048,156.167658,151.015605,154.051987,116124600
2022-05-09,151.750240,152.631777,148.380854,148.939148,131577900
2022-05-10,152.328148,153.523110,149.791293,151.338867,115366700
2022-05-11,150.349573,152.259548,142.817399,143.493240,142689800
2022-05-12,139.839821,143.199418,135.951300,139.634125,182602000
2022-05-13,141.622445,145.060415,140.172824,144.090729,113990900
2022-05-16,142.562752,144.492321,141.220860,142.552948,86643800
2022-05-17,145.804812,146.696138,143.669546,146.177017,78336300
2022-05-18,143.836064,144.335592,137.028694,137.929825,109742900
2022-05-19,137.009125,138.752591,133.796445,134.531052,136095600
2022-05-20,136.235312,137.812269,129.888312,134.766098,137426100
2022-05-23,134.962031,140.319767,134.824904,140.172852,117726300
2022-05-24,137.920009,139.056205,134.511437,137.479248,104132700
2022-05-25,135.588885,138.879926,135.500736,137.636002,92482700
2022-05-26,134.570219,141.377575,134.325350,140.829071,90601500
2022-05-27,142.406043,146.607990,142.278707,146.568817,90978500
2022-05-31,146.010492,147.567855,143.826250,145.785202,103718400
2022-06-01,146.823493,148.625740,144.649054,145.657928,74286600
2022-06-02,144.795964,148.165364,143.845871,148.106598,72348100
2022-06-03,143.885049,144.933095,141.495139,142.396255,88570300
2022-06-06,144.012389,145.520791,141.926100,143.140656,71598400
2022-06-07,141.387411,145.941970,141.142542,145.657928,67808200
2022-06-08,145.530564,146.794082,144.433556,144.923294,53950200
2022-06-09,144.061339,144.913479,139.604720,139.712463,69473000
2022-06-10,137.400911,137.871055,134.246997,134.315567,91437900
2022-06-13,130.142981,132.425162,128.742337,129.173309,122207100
2022-06-14,130.397679,131.142076,128.781535,130.035263,84784300
2022-06-15,131.533880,134.521286,129.447605,132.650482,91533000
2022-06-16,129.369217,129.672852,126.391601,127.390671,108123900
2022-06-17,127.400469,130.348686,127.145795,128.859879,134520300
2022-06-21,130.681692,134.246985,130.583754,133.081406,81000500
2022-06-22,132.023639,134.932686,131.161710,132.572159,73409200
2022-06-23,134.011937,135.745599,132.846358,135.432175,72433800
2022-06-24,137.028721,138.997478,136.901400,138.752609,89116800
2022-06-27,139.771258,140.545053,138.076768,138.752609,70207900
2022-06-28,139.212947,140.476465,134.501669,134.619202,67083400
2022-06-29,134.638820,137.782931,133.865025,136.372482,66242400
2022-06-30,134.433092,135.530101,131.024519,133.913971,98964500
2022-07-01,133.247913,136.186341,132.875722,136.078598,71051600
2022-07-05,134.942425,138.703609,134.119654,138.654633,73353800
2022-07-06,138.448940,141.162078,138.184477,139.986710,74064300
2022-07-07,140.349134,143.542236,140.339345,143.346344,66253700
2022-07-08,142.278720,144.521729,142.024061,144.022186,64547800
2022-07-11,142.680282,143.630375,140.829073,141.896698,63141600
2022-07-12,142.768410,145.403203,142.072990,142.866364,77588800
2022-07-13,140.055292,143.444271,139.203138,142.503983,71185600
2022-07-14,141.122892,145.892935,140.309925,145.422791,78140700
2022-07-15,146.705926,147.763762,145.158352,147.087921,76259900
2022-07-18,147.646251,148.459218,143.689158,144.051575,81420900
2022-07-19,144.884106,148.126169,143.894840,147.900894,82982400
2022-07-20,148.018425,150.565069,147.283818,149.899017,64823400
2022-07-21,151.329045,152.377092,148.821589,152.161606,65086600
2022-07-22,152.200812,153.072546,150.261454,150.927490,66675400
2022-07-25,150.849140,151.858000,149.154650,149.810898,53623900
2022-07-26,149.135060,149.948027,147.705033,148.488617,55138700
2022-07-27,149.448466,154.100977,149.037088,153.572052,78620700
2022-07-28,153.758174,154.404632,151.240928,154.120590,81378700
2022-07-29,157.930759,160.271706,156.226464,159.174683,101786900
2022-08-01,157.705452,160.232503,157.587920,158.195190,67829400
2022-08-02,156.814116,159.076704,156.353761,156.725952,59907000
2022-08-03,157.538960,163.170949,157.450811,162.720398,82507500
2022-08-04,162.602829,163.758619,161.055255,162.406937,55474100
2022-08-05,160.082376,162.671784,159.876394,162.181366,56697000
2022-08-08,163.181765,164.594172,161.053352,161.710510,60276900
2022-08-09,160.876851,162.642360,160.121602,161.759598,63135500
2022-08-10,164.466723,166.094916,163.701672,165.996841,70170500
2022-08-11,166.801091,167.713276,164.966931,165.261185,57149200
2022-08-12,166.565680,168.870637,166.153716,168.801987,68039400
2022-08-15,168.233144,170.067304,168.066403,169.871140,54091700
2022-08-16,169.468963,170.381149,168.370431,169.714172,56377100
2022-08-17,169.459159,172.774377,169.262995,171.205048,79542000
2022-08-18,170.420354,171.548311,169.802423,170.812683,62290100
2022-08-19,169.714197,170.410598,168.027157,168.233139,70346300
2022-08-22,166.438179,166.604920,163.937043,164.358810,69026800
2022-08-23,163.878164,165.476933,163.456397,164.025284,54147100
2022-08-24,164.113567,164.888421,163.064065,164.319534,53841500
2022-08-25,165.545622,166.879560,165.123869,166.771667,51218200
2022-08-26,167.301308,167.772106,160.425634,160.484482,78961000
2022-08-29,158.061827,159.778291,156.757327,158.287430,73314000
2022-08-30,159.023088,159.444840,154.697594,155.864792,77906200
2022-08-31,157.237935,157.502765,154.128685,154.207153,87991100
2022-09-01,153.638257,155.384145,151.706007,154.932968,74229900
2022-09-02,156.688657,157.286968,152.000259,152.824158,76957800
2022-09-06,153.471505,154.079619,150.744781,151.568680,73714800
2022-09-07,151.853160,153.667699,150.666341,152.971313,87449600
2022-09-08,151.676559,153.363599,149.754112,151.500015,84923800
2022-09-09,152.490710,154.795682,151.784506,154.354294,68028800
2022-09-12,156.531732,161.112238,156.247296,160.298141,104956000
2022-09-13,156.835790,157.463525,150.430928,150.891922,122656600
2022-09-14,151.823655,154.089400,150.666276,152.333694,87965400
2022-09-15,151.686380,152.265085,148.479055,149.450073,90481100
2022-09-16,148.312324,148.449641,145.526737,147.812088,162278800
2022-09-19,146.448729,151.598122,146.242762,151.519653,81474200
2022-09-20,150.460351,155.050675,150.146491,153.893280,107689800
2022-09-21,154.324855,155.698036,150.656535,150.774231,101696800
2022-09-22,149.459887,151.509831,148.018055,149.812988,86652500
2022-09-23,148.292702,148.567335,145.713097,147.547256,96029900
2022-09-26,146.792038,150.823278,146.772417,147.880768,93339400
2022-09-27,149.813007,151.755059,147.076464,148.851776,84442700
2022-09-28,144.810714,147.753224,142.064369,146.968552,146691400
2022-09-29,143.300258,143.908372,137.984109,139.749619,128138200
2022-09-30,138.572599,140.357729,135.355456,135.551620,124925300
2022-10-03,135.561461,140.328329,135.051422,139.720200,114311700
2022-10-04,142.250760,143.417958,141.495511,143.300262,87830100
2022-10-05,141.309146,144.555713,140.269447,143.594482,79471000
2022-10-06,143.015804,144.712648,142.437114,142.643082,68402200
2022-10-07,139.808458,140.357739,136.777676,137.405411,85925600
2022-10-10,137.729065,139.170896,135.914526,137.729065,74899000
2022-10-11,137.219049,138.641274,135.571250,136.316681,77033700
2022-10-12,136.463804,137.670228,135.512391,135.688934,70433700
2022-10-13,132.403154,140.838340,131.795025,140.249847,113224000
2022-10-14,141.544518,141.750500,135.541803,135.728165,88598000
2022-10-17,138.366652,140.161570,137.581979,139.680969,85250900
2022-10-18,142.701946,143.888750,137.915458,140.995285,99136600
2022-10-19,138.974751,142.172273,138.788390,141.103165,61758300
2022-10-20,140.279246,143.094242,139.916326,140.642151,64522000
2022-10-21,140.132125,145.016702,139.916340,144.447815,86548600
2022-10-24,144.369359,147.351096,143.202161,146.586044,75981900
2022-10-25,147.213772,149.567789,146.497765,149.420654,74732300
2022-10-26,148.067108,149.077369,145.203052,146.487961,88194300
2022-10-27,145.232502,146.193718,141.368003,142.025162,109180200
2022-10-28,145.360006,154.481791,144.987298,152.755524,164762400
2022-10-31,150.224961,151.284267,149.008718,150.401505,97943200
2022-11-01,152.108145,152.471050,146.272170,147.763031,80379300
2022-11-02,146.095626,149.253921,142.221324,142.250748,93604600
2022-11-03,139.337651,140.063475,136.091084,136.218597,97918500
2022-11-04,139.598239,140.168070,132.023454,135.953308,140814800
2022-11-07,134.705584,136.709803,133.290834,136.483841,83374600
2022-11-08,137.947757,138.949859,135.078964,137.053711,89908500
2022-11-09,136.071231,136.120357,132.229794,132.504883,74917800
2022-11-10,138.763188,144.294449,137.053696,144.294449,118854000
2022-11-11,143.262850,147.379360,141.838266,147.074799,93979700
2022-11-14,146.357605,147.644630,144.844603,145.679703,73374100
2022-11-15,149.550654,150.896624,145.954832,147.408875,89868300
2022-11-16,146.514820,147.241833,144.707075,146.180771,64218300
2022-11-17,143.862157,148.823602,143.587068,148.076935,80389400
2022-11-18,149.639065,150.022225,147.340103,148.636948,74829600
2022-11-21,147.526719,147.733028,145.129506,145.414413,58724100
2022-11-22,145.532363,147.782199,144.353395,147.546402,51804100
2022-11-23,146.829190,149.167459,146.721119,148.420792,58301400
2022-11-25,145.709200,146.269212,144.540066,145.512711,35195900
2022-11-28,142.594829,144.068525,140.865698,141.690964,69246000
2022-11-29,141.759694,142.270580,137.888800,138.694412,83763800
2022-11-30,138.920358,146.112000,138.085273,145.434097,111380900
2022-12-01,145.610976,146.514841,144.039028,145.709213,71250400
2022-12-02,143.400438,145.404658,143.095861,145.217987,65447400
2022-12-05,145.178663,148.273417,143.213735,144.058655,68826400
2022-12-06,144.490969,144.716931,139.431271,140.403915,64727200
2022-12-07,139.696540,140.855840,137.544942,138.468460,69721100
2022-12-08,139.863530,141.003191,138.625631,140.148438,62128300
2022-12-09,139.843905,143.017274,138.429154,139.667068,76097000
2022-12-12,140.197574,141.966011,138.586334,141.956192,70462700
2022-12-13,146.878318,147.340078,141.710565,142.918991,93886200
2022-12-14,142.801095,144.088120,138.684570,140.698624,82291200
2022-12-15,138.635419,139.313322,133.644503,134.106262,98931900
2022-12-16,134.292978,135.236135,131.384879,132.151199,160156900
2022-12-19,132.740677,132.829096,129.017146,130.048721,79592600
2022-12-20,129.085920,130.913303,127.612224,129.979965,77432800
2022-12-21,130.648005,134.410843,130.422043,133.074692,85928000
2022-12-22,131.993981,132.200290,128.015001,129.911148,77852100
2022-12-23,128.624150,130.097846,127.366598,129.547668,63814900
2022-12-27,129.076111,129.105584,126.462753,127.749779,69007800
2022-12-28,127.396068,128.732219,123.662710,123.829727,85438400
2022-12-29,125.745526,128.191859,125.490091,127.337120,75703700
2022-12-30,126.158178,127.671166,125.195360,127.651512,77034200
2023-01-03,127.995383,128.604505,121.992528,122.876747,112117500
2023-01-04,124.664832,126.403797,122.886574,124.144127,89113600
2023-01-05,124.900605,125.529381,122.572171,122.827606,80962700
2023-01-06,123.800252,128.005188,122.699890,127.346939,87754700
2023-01-09,128.182071,131.070518,127.612241,127.867676,70790800
2023-01-10,127.975726,128.958189,125.873254,128.437485,63896200
2023-01-11,128.948384,131.168747,128.172245,131.149109,69458900
2023-01-12,131.532255,131.905581,129.135041,131.070496,71379600
2023-01-13,129.714683,132.554003,129.351176,132.396805,57809700
2023-01-17,132.465571,134.882423,131.777850,133.556107,63646600
2023-01-18,134.420711,136.179315,132.662092,132.838943,69672800
2023-01-19,131.728739,133.860683,131.424177,132.897873,58280400
2023-01-20,132.907708,135.599664,131.866299,135.452286,80223600
2023-01-23,135.697925,140.806750,135.481782,138.635498,81760300
2023-01-24,137.849508,140.649536,137.839688,140.030579,66435100
2023-01-25,138.419323,139.932311,136.375797,139.372314,65799300
2023-01-26,140.659316,141.720378,139.411583,141.435471,54105100
2023-01-27,140.649527,144.648147,140.570928,143.370941,70555800
2023-01-30,142.417945,142.997595,140.344946,140.492310,64015300
2023-01-31,140.197576,141.808816,139.784943,141.759689,65874500
2023-02-01,141.445311,144.039015,138.841788,142.879700,77663600
2023-02-02,146.288843,148.528859,145.571648,148.175186,118339000
2023-02-03,145.434108,154.620150,145.237618,151.790649,154357300
2023-02-06,149.894495,150.415199,148.135876,149.069214,69858300
2023-02-07,147.998315,152.507819,147.998315,151.937988,83322600
2023-02-08,151.181541,151.869263,148.519057,149.255905,64120100
2023-02-09,151.083308,151.623667,147.782229,148.224335,56007100
2023-02-10,147.063217,148.913058,146.827060,148.588348,57450700
2023-02-13,148.529354,151.786272,148.499836,151.382858,62199000
2023-02-14,149.680558,151.304107,148.440769,150.743240,61707600
2023-02-15,150.654725,153.006399,150.428418,152.839127,65573800
2023-02-16,151.048282,153.823067,150.890859,151.245087,68167900
2023-02-17,149.906894,150.546464,148.430948,150.103683,59144100
2023-02-21,147.791372,148.873739,146.030084,146.098953,58867200
2023-02-22,146.482682,147.545365,144.800112,146.522049,51011300
2023-02-23,147.683118,147.929109,144.878831,147.004181,48394200
2023-02-24,144.750940,144.829659,143.383231,144.357361,55469600
2023-02-27,145.341304,146.777883,145.085464,145.547928,44998500
2023-02-28,144.691884,146.689330,144.475411,145.046112,50547000
2023-03-01,144.475411,144.868991,142.684590,142.979782,55479000
2023-03-02,142.064697,144.357334,141.592383,143.570160,52238100
2023-03-03,145.666020,148.686797,144.967414,148.608078,70732300
2023-03-06,151.323777,153.793536,150.999082,151.363144,87558000
2023-03-07,151.235214,151.559924,148.706435,149.168900,56182000
2023-03-08,150.359498,151.008918,149.395218,150.418533,47204800
2023-03-09,151.097468,152.061748,147.820867,148.175095,53833600
2023-03-10,147.801222,148.519511,145.242910,146.118637,68572400
2023-03-13,145.439720,150.684250,145.331483,148.057068,84457100
2023-03-14,148.854061,150.940060,147.692991,150.143051,73695900
2023-03-15,148.765498,150.792462,147.515860,150.536636,77167900
2023-03-16,149.719925,153.950972,149.208260,153.350754,76161100
2023-03-17,153.577056,154.226476,151.805919,152.514374,98944600
2023-03-20,152.583263,155.289163,151.678003,154.875885,73641400
2023-03-21,154.797163,156.843794,154.029658,156.725723,73938300
2023-03-22,156.745455,159.539909,155.279343,155.299026,75701800
2023-03-23,156.282960,158.959343,155.151393,156.381348,67622100
2023-03-24,156.312527,157.768790,155.318729,157.680237,59196500
2023-03-27,157.375174,158.191866,155.338362,155.741791,52390300
2023-03-28,155.436763,155.948428,153.478669,155.121887,45992200
2023-03-29,156.814291,158.467357,156.794622,158.191849,51305700
2023-03-30,158.939702,159.864630,158.683876,159.756393,49501700
2023-03-31,159.835118,162.354063,159.313618,162.255661,68749800
2023-04-03,161.635739,163.623335,161.586538,163.505264,56976200
2023-04-04,163.928399,164.164541,162.462288,162.973953,46278300
2023-04-05,162.098222,162.403248,159.205366,161.133926,51511700
2023-04-06,159.825190,162.314632,159.402093,162.019440,45390100
2023-04-10,158.831437,159.431656,157.512929,159.431656,47716900
2023-04-11,159.746537,159.756371,157.936032,158.221390,47644200
2023-04-12,158.634658,159.461184,157.217748,157.532623,50133100
2023-04-13,159.038074,163.141201,158.831435,162.905045,68445600
2023-04-14,161.950601,163.652869,161.192960,162.560669,49386500
2023-04-17,162.442598,162.737791,161.399599,162.580353,41516200
2023-04-18,163.436399,164.725389,162.993603,163.800461,49923000
2023-04-19,163.141239,165.463394,162.885398,164.941895,47720200
2023-04-20,163.426537,165.177991,162.905037,163.977554,52456400
2023-04-21,162.403221,163.780764,161.852203,162.373703,58337300
2023-04-24,162.354016,162.944401,161.261816,162.678726,41949600
2023-04-25,162.540964,163.642999,161.104371,161.143738,48714100
2023-04-26,160.445155,162.629556,160.189329,161.133926,45498800
2023-04-27,162.541001,165.856954,162.541001,165.709366,64902300
2023-04-28,165.788050,167.126241,165.187831,166.958954,55275900
2023-05-01,166.565411,167.716647,165.935675,166.870438,52472900
2023-05-02,167.362412,167.618252,164.853301,165.837265,48425700
2023-05-03,166.781853,168.179080,164.479382,164.764725,65136000
2023-05-04,162.245786,164.361302,161.675085,163.131348,81235400
2023-05-05,168.238128,171.504895,168.021655,170.786606,113453200
2023-05-08,169.714065,171.062106,169.350003,170.717712,55962800
2023-05-09,170.274945,170.757078,168.848200,169.015472,45326900
2023-05-10,170.245415,171.239213,169.143365,170.776749,53724500
2023-05-11,171.062132,171.790256,169.409065,170.963730,49514700
2023-05-12,171.072070,171.505615,168.490524,170.037491,45533100
2023-05-15,170.618846,170.668115,168.953645,169.544846,37266700
2023-05-16,169.466018,170.599135,169.278804,169.544846,42110300
2023-05-17,169.190148,170.392230,167.919070,170.155762,57951600
2023-05-18,170.461221,172.668354,170.047386,172.481140,65496700
2023-05-19,173.801438,173.801438,172.372720,172.589493,55809500
2023-05-22,171.426843,172.146141,170.904622,171.643616,43570900
2023-05-23,170.589280,170.835611,168.766423,169.042313,50747300
2023-05-24,168.579228,169.889712,168.017601,169.318222,45143500
2023-05-25,169.879865,171.347989,169.170430,170.451355,56058300
2023-05-26,170.776539,173.190582,170.569614,172.855560,54835000
2023-05-30,174.363068,176.363276,173.978792,174.698074,55964400
2023-05-31,174.727647,176.718007,174.166004,174.648819,99625300
2023-06-01,175.092218,177.476702,174.333514,177.447144,68901800
2023-06-02,178.373338,179.112331,176.629309,178.294510,61996900
2023-06-05,179.949854,182.235799,175.427202,176.944611,121946500
2023-06-06,177.328904,177.476697,174.826171,176.580063,64848400
2023-06-07,175.821392,178.550746,174.717833,175.210495,61944600
2023-06-08,175.289275,178.186132,174.855744,177.920105,50214900
2023-06-09,178.836482,179.555765,177.979254,178.304413,48900000
2023-06-12,178.609812,181.191358,178.314211,181.092819,54274900
2023-06-13,180.117378,181.447558,179.762661,180.619888,54929100
2023-06-14,180.678998,181.684034,179.348819,181.250488,57462900
2023-06-15,181.260354,183.782783,181.082988,183.280258,65433200
2023-06-16,183.989704,184.245898,181.565813,182.206268,101256200
2023-06-20,181.703797,183.368999,181.703797,182.294983,49799100
2023-06-21,182.186553,182.689079,179.910455,181.260361,49515700
2023-06-22,181.043569,184.304991,180.974589,184.255722,51245300
2023-06-23,182.827008,184.807505,182.294924,183.940414,53117000
2023-06-26,184.088221,185.290318,182.511696,182.551117,48088700
2023-06-27,183.162018,185.625330,182.945245,185.300171,50730800
2023-06-28,185.172096,187.113188,184.846953,186.472733,51216800
2023-06-29,186.305244,187.280721,186.167299,186.807755,46347300
2023-06-30,188.817802,191.625969,188.453222,191.123459,85213200
2023-07-03,190.936256,191.034795,188.945896,189.635635,31458200
2023-07-05,188.758700,190.147997,187.822629,188.522217,46920300
2023-07-06,187.054057,189.202073,186.423449,188.995148,45094300
2023-07-07,188.600996,189.842500,187.448168,187.881699,46815000
2023-07-10,186.482588,187.201886,184.295165,185.842133,59922200
2023-07-11,186.384038,186.521983,183.861609,185.319885,46638100
2023-07-12,186.896386,188.886746,185.704152,186.985077,60750200
2023-07-13,187.704353,188.384229,186.994918,187.743759,41342300
2023-07-14,187.438330,188.374386,186.847144,187.891586,41616200
2023-07-17,189.083818,191.468317,188.995142,191.143158,50520200
2023-07-18,190.512534,191.478148,189.596175,190.886948,48288200
2023-07-19,190.266213,195.320918,189.822805,192.236862,80507300
2023-07-20,192.227020,193.586773,189.675032,190.295792,59581200
2023-07-21,191.251566,192.108794,188.423673,189.123260,71951700
2023-07-24,190.571674,192.049661,189.428694,189.921356,45377800
2023-07-25,190.492857,191.586569,190.088871,190.778595,37283200
2023-07-26,190.827885,192.768976,190.483030,191.645706,47471900
2023-07-27,193.143404,194.306080,189.724325,190.384491,47460200
2023-07-28,191.813196,193.744440,191.290975,192.956177,48291400
2023-07-31,193.182771,193.606469,192.394508,193.567047,38824100
2023-08-01,193.360139,193.842939,192.414221,192.739380,35175100
2023-08-02,192.177751,192.315696,189.034578,189.753860,50389300
2023-08-03,188.758671,189.546919,187.891581,188.364532,61235200
2023-08-04,182.797486,184.630191,179.250310,179.319290,115956800
2023-08-07,179.457221,180.442546,174.747370,176.225357,97576100
2023-08-08,177.053021,177.624511,174.973985,177.161407,67823000
2023-08-09,178.215706,178.274823,174.412352,175.575043,60378500
2023-08-10,176.846127,178.097494,174.993726,175.358292,54686900
2023-08-11,174.953736,176.236376,174.194007,175.417450,52036700
2023-08-14,175.595079,177.292127,174.943882,177.065201,43675600
2023-08-15,176.492910,177.084895,174.687329,175.081985,43622600
2023-08-16,174.766285,176.157458,174.144687,174.213760,46964900
2023-08-17,174.776121,175.141179,171.164959,171.678024,66062900
2023-08-18,170.000691,172.763329,169.665232,172.161469,61172200
2023-08-21,172.733771,173.779623,171.421517,173.493484,46311900
2023-08-22,174.697200,175.308921,173.898011,174.864929,42038900
2023-08-23,176.137723,179.127288,175.950256,178.703018,52722800
2023-08-24,178.259036,178.683306,173.661218,174.026291,54945800
2023-08-25,175.012935,176.759304,173.473755,176.226517,51449600
2023-08-28,177.686744,178.180072,176.167302,177.785416,43820700
2023-08-29,177.301979,182.432584,177.104651,181.662994,53003900
2023-08-30,182.472016,185.343187,182.274688,185.145844,60813900
2023-08-31,185.333317,186.596234,184.978120,185.362915,60794500
2023-09-01,186.961331,187.385585,185.767471,186.931732,45766500
2023-09-05,185.767484,187.444796,185.106427,187.168533,45280000
2023-09-06,185.885860,186.329867,179.048345,180.469131,81755800
2023-09-07,172.842292,175.831872,171.224177,175.190536,112488800
2023-09-08,175.969991,177.834769,175.417451,175.802246,65551300
2023-09-11,177.667039,177.893965,174.973459,176.966507,58953100
2023-09-12,177.094775,177.726234,172.487096,173.947342,90370200
2023-09-13,174.154518,174.933985,171.658282,171.885223,84267900
2023-09-14,171.678051,173.750033,171.263657,173.394836,60895800
2023-09-15,174.124945,174.144683,171.500453,172.674561,109259500
2023-09-18,174.124955,176.986265,173.819095,175.595078,67257600
2023-09-19,175.151055,177.232899,174.766260,176.680374,51826900
2023-09-20,176.867827,177.301958,173.059337,173.148148,58436200
2023-09-21,172.220684,173.947331,171.539890,171.608948,63149100
2023-09-22,172.339080,174.716923,171.727358,172.457474,56725400
2023-09-25,171.875384,174.608424,171.826048,173.730301,46172700
2023-09-26,172.487118,172.862037,169.369284,169.665283,64588900
2023-09-27,170.316417,170.730810,166.794066,168.155640,66921800
2023-09-28,167.080225,169.734331,165.383177,168.412216,56294400
2023-09-29,169.724466,170.760457,168.066877,168.925278,51861100
2023-10-02,168.935114,171.974014,168.648976,171.431351,52164500
2023-10-03,169.961265,171.312993,168.540493,170.099396,49594600
2023-10-04,168.806864,171.885239,168.688470,171.342575,53020300
2023-10-05,171.470818,173.108669,170.375630,172.575882,48527900
2023-10-06,171.480714,175.614803,170.868978,175.121475,57266700
2023-10-09,174.450524,176.660637,173.454008,176.601440,42390800
2023-10-10,175.723352,177.321729,175.575345,176.009476,43698000
2023-10-11,175.821995,177.449986,175.230011,177.400650,47551100
2023-10-12,177.667064,179.906761,176.650795,178.298523,56743100
2023-10-13,178.999030,179.502219,175.762801,176.463333,51427100
2023-10-16,174.391340,176.690249,174.154537,176.335052,52517000
2023-10-17,174.292668,176.039052,172.467364,174.785995,57549400
2023-10-18,173.236960,175.210270,172.773230,173.493484,54764400
2023-10-19,173.690792,175.466775,172.852144,173.118546,59302900
2023-10-20,172.970533,173.079065,170.336165,170.572968,64244000
2023-10-23,168.629255,171.687877,167.662322,170.691360,55980100
2023-10-24,170.740709,171.352430,169.162054,171.125504,43816600
2023-10-25,169.586347,170.750593,168.372750,168.816757,57157000
2023-10-26,168.096459,169.092991,163.459182,164.662903,70625300
2023-10-27,164.682658,166.705304,164.603724,165.975174,58499100
2023-10-30,166.764491,168.885794,166.616484,168.017532,51131000
2023-10-31,167.090086,168.619390,165.659424,168.491135,44846000
2023-11-01,168.718070,171.904962,167.849808,171.648438,56934900
2023-11-02,173.177777,175.407613,173.118580,175.200424,77334800
2023-11-03,171.914836,174.460408,171.036713,174.292664,79829200
2023-11-06,174.026298,177.035585,173.858568,176.838257,63841300
2023-11-07,176.788907,180.005414,176.581718,179.393692,70530000
2023-11-08,179.916615,181.001926,179.166747,180.449402,49340300
2023-11-09,180.518478,181.662987,179.383816,179.975815,53763500
2023-11-10,181.754152,184.322842,181.319450,184.154877,66133400
2023-11-13,183.581830,183.789293,181.991222,182.574112,43627500
2023-11-14,185.439205,185.844271,184.056074,185.182343,60108400
2023-11-15,185.587422,187.217542,185.518258,185.745483,53790500
2023-11-16,187.286690,188.659947,186.377758,187.425003,54412900
2023-11-17,187.958495,188.086934,186.298738,187.405243,50922700
2023-11-20,187.602835,189.598509,187.592961,189.144043,46505100
2023-11-21,189.104526,189.213201,187.454642,188.343796,38134500
2023-11-22,189.183592,190.606236,188.531538,189.005753,39617700
2023-11-24,188.571023,188.600661,186.970540,187.681870,24048300
2023-11-27,187.632467,188.373434,186.624749,187.504028,40552600
2023-11-28,187.494147,188.778492,187.118719,188.106674,38415400
2023-11-29,188.600651,189.776320,186.693905,187.089081,43014200
2023-11-30,187.553403,188.027633,185.923283,187.662079,48794400
2023-12-01,188.037541,189.252722,186.950785,188.936584,45704800
2023-12-04,187.691709,187.760873,185.192184,187.148331,43389500
2023-12-05,187.918974,192.058493,187.889321,191.090302,66628400
2023-12-06,192.107905,192.414169,189.796093,190.003571,41089700
2023-12-07,191.297763,192.651257,191.258236,191.930054,47477700
2023-12-08,191.860915,193.629364,191.337300,193.352737,53406400
2023-12-11,190.784046,191.159474,189.114399,190.853195,60943700
2023-12-12,190.754405,192.374651,189.410785,192.364777,52696900
2023-12-13,192.740196,195.615149,192.503096,195.575638,70404200
2023-12-14,195.634873,197.215592,193.797276,195.723785,66831600
2023-12-15,195.150781,196.010297,194.627166,195.190308,128538400
2023-12-18,193.728167,194.261671,192.048646,193.530579,55751900
2023-12-19,193.797313,194.577791,193.530561,194.567917,40714100
2023-12-20,194.528397,195.299001,192.483337,192.483337,52242800
2023-12-21,193.738054,194.706246,191.169364,192.335144,46482500
2023-12-22,192.829099,193.056339,190.645726,191.268143,37149600
2023-12-26,191.278030,191.554656,190.507426,190.724777,28919300
2023-12-27,190.171493,191.169322,188.788347,190.823532,48087700
2023-12-28,191.801635,192.315376,190.843317,191.248383,34049900
2023-12-29,191.564492,192.058470,189.420631,190.210999,42672100
2024-01-02,184.895829,186.170300,181.675100,183.404022,82488700
2024-01-03,182.001109,183.641118,181.220616,182.030746,58414500
2024-01-04,179.956033,180.884713,178.701340,179.718933,71983600
2024-01-05,179.797952,180.558667,177.999867,178.997696,62379700
2024-01-08,179.896776,183.364508,179.313886,183.324982,59144500
2024-01-09,181.704728,182.919908,180.529058,182.910034,42841800
2024-01-10,182.129523,184.154819,181.704695,183.947357,46792900
2024-01-11,184.293184,184.797051,181.408356,183.354630,49128400
2024-01-12,183.818931,184.490749,182.959415,183.680618,40477800
2024-01-16,179.965948,182.040645,178.750752,181.418243,65603000
2024-01-17,179.086639,180.726634,178.128322,180.479645,47317400
2024-01-18,183.848602,186.861869,183.591739,186.358017,78005800
2024-01-19,187.049565,189.638003,186.545713,189.252701,68903000
2024-01-22,189.983812,192.977315,189.944285,191.554657,60133900
2024-01-23,192.671040,193.392243,191.495371,192.829102,42355600
2024-01-24,193.066205,194.014648,191.999211,192.157288,53631300
2024-01-25,192.868609,193.905965,190.784023,191.831253,54822100
2024-01-26,191.930048,192.414137,189.628111,190.102325,44594000
2024-01-29,189.697296,189.885010,187.296572,189.420670,47145600
2024-01-30,188.640165,189.489807,185.211959,185.775085,55859400
2024-01-31,184.787141,184.846431,182.129554,182.178940,55467800
2024-02-01,181.773902,184.698242,181.605952,184.609329,64885400
2024-02-02,177.693609,185.073635,177.090956,183.611465,102551700
2024-02-05,185.883758,186.970515,183.601584,185.419418,69668800
2024-02-06,184.609330,187.029817,184.520418,187.019943,43490800
2024-02-07,188.343797,188.748862,186.338249,187.128616,53439000
2024-02-08,187.108847,187.257034,185.093425,186.051743,40962000
2024-02-09,186.615576,187.941136,185.972591,186.813431,45155200
2024-02-12,186.388053,186.635357,184.775626,185.131744,41781900
2024-02-13,183.766648,184.201906,181.531011,183.044510,56529500
2024-02-14,183.321504,183.529231,180.472557,182.164108,54630500
2024-02-15,181.570589,182.500454,179.394316,181.877243,65434500
2024-02-16,181.441963,182.856550,179.710836,180.343933,49752500
2024-02-20,179.829551,180.462649,178.058861,179.602036,53665600
2024-02-21,179.977960,180.917712,178.711764,180.353867,41371400
2024-02-22,181.501328,182.965378,180.492338,182.381729,52292200
2024-02-23,183.014835,183.044510,180.264816,180.551697,45119700
2024-02-26,180.274715,180.789096,178.701850,179.206360,40867400
2024-02-27,179.147023,181.936604,177.623622,180.660522,54318900
2024-02-28,180.541804,181.145226,178.187480,179.463562,48953900
2024-02-29,179.315193,180.601177,177.593952,178.800797,136682600
2024-03-01,177.613705,178.583132,175.467108,177.722519,73563100
2024-03-04,174.250380,174.992292,171.915830,173.211716,81510100
2024-03-05,168.918529,170.184724,167.790823,168.285431,95132400
2024-03-06,169.215254,169.393321,166.860916,167.296173,68587700
2024-03-07,167.325867,168.888830,166.672996,167.177490,71765100
2024-03-08,167.177500,171.826812,167.118150,168.888840,76267000
2024-03-11,171.074993,172.499466,170.194591,170.887039,60139500
2024-03-12,171.282723,172.153238,169.165802,171.361862,59825400
2024-03-13,170.906860,171.322329,168.918526,169.284546,52488700
2024-03-14,171.045313,172.430209,170.194586,171.134338,72913500
2024-03-15,169.324093,170.758453,168.453578,170.758453,121752700
2024-03-18,173.676628,175.793549,171.648733,171.846573,75604200
2024-03-19,172.459896,174.705420,171.164026,174.181137,55215200
2024-03-20,173.825026,176.743210,173.201815,176.743210,53423100
2024-03-21,175.140697,175.575954,168.997659,169.521942,106181300
2024-03-22,169.907707,171.183804,168.226044,170.422104,71160100
2024-03-25,168.730528,170.085749,167.622596,169.007507,54288300
2024-03-26,168.166703,169.571388,167.751234,167.879837,57388400
2024-03-27,168.572274,171.727875,168.275507,171.440994,60273300
2024-03-28,169.897845,170.372665,168.671212,169.630753,65672700
2024-04-01,169.343875,169.403225,167.652309,168.196381,46240500
2024-04-02,167.256628,167.513819,166.415789,167.019211,49329500
2024-04-03,166.969739,168.839356,166.762012,167.820465,47691700
2024-04-04,168.453569,170.065996,166.999435,166.999435,53704400
2024-04-05,167.761107,168.552483,167.128010,167.751221,42104800
2024-04-08,167.207185,167.375350,166.425711,166.633438,37425500
2024-04-09,166.880730,168.245853,166.534514,167.840271,42373800
2024-04-10,166.979647,167.266513,165.307869,165.970642,49709300
2024-04-11,166.524586,173.567812,166.346534,173.152328,91070300
2024-04-12,172.380775,176.436566,172.331326,174.646088,101670900
2024-04-15,173.468902,174.725211,170.639744,170.827698,73531800
2024-04-16,169.897812,171.886130,166.455345,167.553375,73711200
2024-04-17,167.780901,168.809679,166.188263,166.188263,50901200
2024-04-18,166.217931,166.821353,164.753896,165.238602,43122900
2024-04-19,164.417600,164.605538,162.310565,163.220642,68149400
2024-04-22,163.735018,165.456244,162.993106,164.051559,48116400
2024-04-23,163.566856,165.248520,163.141485,165.100128,49537800
2024-04-24,164.744015,167.474260,164.417587,167.197281,48251800
2024-04-25,167.701758,168.770113,166.336636,168.057877,50558300
2024-04-26,168.048005,169.492252,167.355542,167.474258,44838400
2024-04-29,171.500349,174.131667,171.233272,171.628952,68169400
2024-04-30,171.460781,173.102883,168.166691,168.493134,65934800
2024-05-01,167.751238,170.847488,167.286305,167.474258,50383100
2024-05-02,170.649635,171.549826,169.047110,171.164032,94214900
2024-05-03,184.637130,184.983361,180.690168,181.402405,163224100
2024-05-06,180.383510,182.213550,178.474315,179.750412,78569700
2024-05-07,181.471648,182.906008,179.364628,180.432968,77305800
2024-05-08,180.878163,181.095791,179.493251,180.769348,45057100
2024-05-09,180.591226,182.668585,180.146082,182.579559,48983000
2024-05-10,183.154086,183.342294,180.410253,181.321564,50759500
2024-05-13,183.689023,185.333352,182.876758,184.521088,72044800
2024-05-14,185.739464,186.522013,184.530982,185.660217,52393600
2024-05-15,186.135682,188.849800,185.600772,187.928589,70400000
2024-05-16,188.671511,189.295567,187.869162,188.047455,52845200
2024-05-17,187.720608,189.008336,187.393722,188.077209,41282900
2024-05-20,187.542285,190.107825,187.225299,189.236130,44361300
2024-05-21,189.285655,190.910169,189.117262,190.533768,42309400
2024-05-22,190.454548,190.999357,188.473432,189.097473,34648500
2024-05-23,189.176679,189.196495,184.867763,185.115402,51005900
2024-05-24,187.037107,188.780483,186.264458,188.186142,36327000
2024-05-28,189.701682,191.177618,187.314449,188.196045,52280100
2024-05-29,187.819653,190.434725,187.720591,188.493225,53068000
2024-05-30,188.958786,190.365376,188.830023,189.483780,49889100
2024-05-31,189.632358,190.751693,188.116806,190.434708,75158300
2024-06-03,191.078541,193.148818,190.702140,192.197876,50080500
2024-06-04,192.802132,193.475719,191.207334,192.514877,47471400
2024-06-05,193.554960,195.040796,193.029965,194.020523,54156800
2024-06-06,193.842212,194.644561,192.336561,192.643631,41181800
2024-06-07,192.812060,195.080445,192.306881,195.030914,53103900
2024-06-10,195.040785,195.437017,190.335636,191.296478,97010200
2024-06-11,191.821458,205.203900,191.801658,205.193985,172373300
2024-06-12,205.411945,218.120802,204.946382,211.058136,198134300
2024-06-13,212.712366,214.703381,209.602015,212.217087,97862700
2024-06-14,211.830740,213.138269,209.304816,210.483582,70122700
2024-06-17,211.355287,216.882601,210.711430,214.624130,93728300
2024-06-18,215.535445,216.565633,210.988789,212.266602,79943300
2024-06-20,211.910020,212.217106,206.878000,207.700150,86172500
2024-06-21,208.403434,209.889271,205.154406,205.530823,241805100
2024-06-24,205.758620,210.691592,204.639285,206.174652,80727000
2024-06-25,207.175102,209.384056,206.640208,207.095871,55549700
2024-06-26,209.502929,212.831203,208.651049,211.236404,66213200
2024-06-27,212.662825,213.702914,210.344924,212.078400,49772700
2024-06-28,213.732606,214.029776,208.314255,208.631226,82542700
2024-07-01,210.087352,215.456172,209.918959,214.703354,60402900
2024-07-02,214.109032,218.299102,213.068958,218.190140,58046200
2024-07-03,217.922686,219.458054,216.961844,219.458054,37369800
2024-07-05,219.557102,224.311782,219.557102,224.202820,60412400
2024-07-08,224.945721,225.698554,221.141983,225.668839,59085900
2024-07-09,225.777788,227.233909,224.232521,226.520706,48076100
2024-07-10,227.134876,230.879183,227.085345,230.780121,62627700
2024-07-11,229.205126,230.195683,223.638197,225.421204,64710600
2024-07-12,226.758445,230.443321,226.520706,228.363144,53046500
2024-07-15,234.247068,234.989986,230.889078,232.186707,62631300
2024-07-16,232.781031,234.039043,230.136244,232.602737,43234300
2024-07-17,227.283452,229.274482,224.499987,226.718842,57345900
2024-07-18,228.105578,228.264071,220.171218,222.063171,66034600
2024-07-19,222.697180,224.658480,221.171713,222.191986,49151500
2024-07-22,224.866480,225.629213,220.983496,221.845291,48201800
2024-07-23,222.251435,224.797176,220.577390,222.885391,39960300
2024-07-24,221.884907,222.677356,215.079781,216.476456,61777600
2024-07-25,216.862776,218.764660,212.593475,215.436386,51391200
2024-07-26,216.634950,217.417499,213.970348,215.901947,41601300
2024-07-29,214.911378,217.229279,213.712797,216.179291,36311800
2024-07-30,217.120326,218.249561,214.079307,216.734009,41643800
2024-07-31,219.349106,221.706639,218.546757,219.983063,50036300
2024-08-01,222.251418,222.360380,214.970828,216.298172,62501000
2024-08-02,217.080679,223.469787,215.654289,217.783981,105568600
2024-08-05,197.210136,211.484077,194.149316,207.294022,119548600
2024-08-06,203.361485,208.007203,199.171431,205.273254,69660500
2024-08-07,204.946380,211.622744,204.441201,207.838821,63516400
2024-08-08,211.097744,212.177448,206.858159,211.295853,47161100
2024-08-09,210.097303,214.733106,209.968526,214.198212,42201600
2024-08-12,214.277523,217.688973,213.811421,215.725403,38028100
2024-08-13,217.193126,220.049239,217.193126,219.434387,44155300
2024-08-14,218.740192,221.179776,217.877399,219.880646,41960600
2024-08-15,222.736759,223.480537,220.912012,222.855759,46414000
2024-08-16,222.062409,224.948272,221.794644,224.174744,44340200
2024-08-19,223.847480,224.115244,221.189704,224.016068,40687800
2024-08-20,223.897069,225.285449,223.579716,224.630920,30299000
2024-08-21,224.640850,226.088730,223.183044,224.521835,34765500
2024-08-22,225.900309,226.445749,222.042580,222.667358,43695300
2024-08-23,223.787972,226.326732,222.469004,224.958176,38677300
2024-08-26,224.878850,225.394541,222.032664,225.295364,30602200
2024-08-27,224.125147,226.951510,223.024355,226.138306,35934600
2024-08-28,226.029214,227.953122,223.807791,224.611084,38052200
2024-08-29,228.191139,230.987736,226.981258,227.883698,51906300
2024-08-30,228.280411,228.488661,225.592886,227.100281,52990800
2024-09-03,226.654000,227.100264,219.335219,220.921951,50190600
2024-09-04,219.821146,219.940146,215.675815,219.017868,43840200
2024-09-05,219.791409,223.609461,219.682321,220.535187,36615400
2024-09-06,222.092137,223.371444,217.946821,218.988113,48423000
2024-09-09,218.988112,219.434376,214.912208,219.077362,67180000
2024-09-10,217.103881,219.642642,214.932047,218.284012,51591000
2024-09-11,219.622824,221.239292,216.082433,220.812866,44587100
2024-09-12,220.654187,221.695479,217.996427,220.921951,37455600
2024-09-13,221.725232,222.181408,220.069088,220.654190,36766600
2024-09-16,214.743628,215.417995,212.145368,214.525467,59357400
2024-09-17,213.960181,215.100635,212.720551,214.991547,45519300
2024-09-18,215.745257,220.862454,215.735330,218.859207,59894900
2024-09-19,223.123542,227.913475,222.766528,226.971344,66781300
2024-09-20,228.062221,231.156333,225.731710,226.306900,318679900
2024-09-23,225.454025,227.546522,223.936719,224.591248,54146000
2024-09-24,226.753145,227.447350,223.857370,225.483765,43556100
2024-09-25,223.063994,225.404416,222.161555,224.492050,42308700
2024-09-26,225.414362,226.604404,223.540041,225.632538,36636700
2024-09-27,226.564754,227.615958,225.414374,225.900299,34026000
2024-09-30,228.131627,231.067078,227.744863,231.067078,54541900
2024-10-01,227.615943,227.744854,221.883894,224.333405,63285000
2024-10-02,224.016065,225.483783,221.169879,224.898682,32880600
2024-10-03,223.272280,224.928424,221.467386,223.797882,34044200
2024-10-04,226.009368,226.108545,222.270655,224.918503,37245100
2024-10-07,222.637593,223.817723,219.493892,219.850906,39505400
2024-10-08,222.439227,224.105283,221.397935,223.897034,31855700
2024-10-09,223.361545,227.844053,222.964869,227.635788,33591100
2024-10-10,225.890381,227.596114,225.285441,227.139923,28183500
2024-10-11,227.397775,227.506863,225.454028,225.662292,31759200
2024-10-14,226.802758,229.807621,226.703597,229.381195,39882100
2024-10-15,231.672004,235.519821,230.442286,231.910019,64751400
2024-10-16,229.678678,230.194354,227.933269,229.857178,34082200
2024-10-17,231.493501,231.910030,228.607654,230.224121,32993800
2024-10-18,234.220695,234.220695,232.068699,233.050491,46431500
2024-10-21,232.505030,234.885129,232.505030,234.518188,36254500
2024-10-22,231.949677,234.260350,230.670386,233.903336,38846600
2024-10-23,232.138138,233.189342,225.870560,228.845673,52287000
2024-10-24,228.072140,228.905183,226.515172,228.657257,31109500
2024-10-25,227.834121,231.285247,227.665533,229.490265,38802300
2024-10-28,231.384437,232.782729,230.620821,231.463760,36087100
2024-10-29,231.166258,232.386050,230.392730,231.731522,35417200
2024-10-30,230.680319,231.533185,227.645707,228.191147,47070900
2024-10-31,227.437427,227.923367,223.500360,224.035889,64370100
2024-11-01,219.136882,223.480552,218.442692,221.060791,65276700
2024-11-04,219.156716,220.941771,217.887336,220.168243,44944500
2024-11-05,219.959992,222.092150,219.305464,221.596298,28111300
2024-11-06,220.763257,224.194560,219.355039,220.872345,54561100
2024-11-07,222.766517,225.989556,222.707017,225.592865,42137700
2024-11-08,225.533292,227.012563,224.778773,225.324814,38328800
2024-11-11,223.378928,224.073882,219.904145,222.614471,42005600
2024-11-12,222.932173,223.964674,221.750744,222.614471,40398300
2024-11-13,222.396074,225.017053,221.155080,223.498077,48566200
2024-11-14,223.398788,227.221040,223.378928,226.575729,44923900
2024-11-15,224.768844,225.285102,222.654200,223.378937,47923700
2024-11-18,223.627120,228.084776,223.547694,226.377167,44633700
2024-11-19,225.344663,228.501760,225.026976,226.635300,36211800
2024-11-20,226.416883,228.273405,224.262519,227.350113,35169600
2024-11-21,227.230988,228.501765,224.083829,226.873581,42108300
2024-11-22,226.416880,229.057719,226.416880,228.213837,38168300
2024-11-25,229.792370,231.569467,228.084761,231.192200,90152800
2024-11-26,231.648923,233.872790,231.648923,233.366455,45986200
2024-11-27,232.780704,233.991915,232.125455,233.237381,33498400
2024-11-29,233.118254,236.096639,232.284309,235.620102,28481400
2024-12-02,235.560538,239.055167,235.451330,237.863815,48137100
2024-12-03,238.082229,241.010972,237.178782,240.901764,38861000
2024-12-04,241.120195,242.351267,239.511871,241.259186,44383900
2024-12-05,242.232123,242.778149,240.385524,241.288956,40033900
2024-12-06,241.159896,242.867505,240.335874,241.090393,36870600
2024-12-09,240.087678,245.458704,240.008253,244.972229,44649200
2024-12-10,245.111214,246.421711,243.572378,245.984879,36914800
2024-12-11,246.173522,248.993057,244.485758,244.714111,45205800
2024-12-12,245.111225,246.947902,243.909936,246.173523,32777500
2024-12-13,246.034521,247.493916,244.465903,246.342285,33155300
2024-12-16,246.203295,249.568870,245.865733,249.231308,51694800
2024-12-17,248.278235,252.001217,247.980393,251.653732,51356400
2024-12-18,250.343268,252.447989,245.955114,246.262878,56774100
2024-12-19,245.716862,250.184441,245.309812,247.990356,60882300
2024-12-20,246.252937,253.162799,243.919877,252.656479,147495300
2024-12-23,252.934450,253.808099,251.623953,253.430847,40858800
2024-12-24,253.649240,256.349629,253.450669,256.339722,23234700
2024-12-26,256.329802,258.226044,255.773839,257.153809,27237100
2024-12-27,255.972418,256.836175,251.236795,253.748566,42355300
2024-12-30,250.412748,251.673602,248.943415,250.382965,35557500
2024-12-31,250.621250,251.455194,247.632926,248.615799,39480700
2025-01-02,247.136495,247.305284,240.077736,242.093109,55740700
2025-01-03,241.606659,242.420743,240.147249,241.606659,40244100
2025-01-06,242.549802,245.548047,241.447798,243.234833,45045600
2025-01-07,241.229392,243.780883,239.611146,240.464951,40856000
2025-01-08,240.177006,241.954118,238.320484,240.951385,37628900
2025-01-10,238.280776,238.429704,231.321287,235.143555,61710900
2025-01-13,231.847485,232.979271,228.064937,232.711212,49630700
2025-01-14,233.058684,234.418809,230.795112,231.599274,39435300
2025-01-15,232.949495,237.238378,232.741001,236.156219,39832000
2025-01-16,235.639985,236.295218,226.387125,226.615463,71759100
2025-01-17,230.447625,230.616398,226.833851,228.323044,68488300
2025-01-21,222.386152,222.803124,217.799442,221.035950,98070400
2025-01-22,218.206460,222.505265,218.206460,222.217361,64126500
2025-01-23,223.120789,225.394284,220.698367,222.048569,60234800
2025-01-24,223.160517,224.004399,219.814802,221.174927,54697900
2025-01-27,222.406013,230.477428,222.366292,228.203934,94863400
2025-01-28,229.186795,238.459499,229.147074,236.543396,75707600
2025-01-29,232.433230,238.131880,232.324022,237.635483,45486100
2025-01-30,236.950440,239.055161,235.500968,235.878220,55658300
2025-01-31,245.409048,245.409048,231.758114,234.299667,100959800
2025-02-03,228.333010,230.159749,224.073909,226.367264,73063300
2025-02-04,225.612740,231.450381,225.017057,231.122757,45067300
2025-02-05,226.883504,230.993676,226.625383,230.795120,39620300
2025-02-06,229.623601,232.115526,228.769796,231.539703,29925300
2025-02-07,230.924184,232.314091,225.622646,225.989990,39707200
2025-02-10,228.166623,229.180376,225.811100,226.258347,33115600
2025-02-11,226.804974,233.791998,226.735410,231.197952,53718400
2025-02-12,229.786645,235.511443,229.269820,235.421982,45243300
2025-02-13,235.461730,240.858528,234.129925,240.053482,53614100
2025-02-14,239.775194,244.048911,239.516789,243.104721,40896200
2025-02-18,242.657459,243.681161,240.361582,242.975510,48822500
2025-02-19,243.164370,244.506108,241.673539,243.373077,32204200
2025-02-20,243.442620,245.271368,242.796585,244.327179,32316900
2025-02-21,244.446453,247.169708,243.720920,244.048904,53197400
2025-02-24,243.432699,247.338682,242.925822,245.589447,51326400
2025-02-25,246.483954,248.471728,243.412847,245.529816,48013300
2025-02-26,242.836372,243.482393,237.668164,238.890640,44433600
2025-02-27,237.946452,240.977810,235.610812,235.849350,41153600
2025-02-28,235.501482,240.610059,228.792745,240.361588,56833400
2025-03-03,240.311915,242.538227,234.666644,236.574905,47184000
2025-03-04,236.256849,238.602423,233.245358,234.487717,53798100
2025-03-05,233.980853,235.103950,227.828691,234.298904,47227600
2025-03-06,233.006829,236.405920,231.734655,233.891388,45170400
2025-03-07,233.672737,239.894463,233.324871,237.608536,46273600
2025-03-10,234.100096,234.716316,222.849305,226.089371,72071200
2025-03-11,222.441836,224.459425,216.120714,219.489990,76137400
2025-03-12,218.794266,220.394425,213.596242,215.653580,62547500
2025-03-13,214.629853,215.514411,207.145886,208.398178,61368300
2025-03-14,209.958624,212.642116,208.298835,212.184937,60107600
2025-03-17,212.005988,213.904316,208.686410,212.691772,48073400
2025-03-18,212.850816,213.834754,210.197140,211.389801,42432400
2025-03-19,212.910441,217.422680,212.443313,213.924210,54385400
2025-03-20,212.681840,216.160444,210.922656,212.791168,48862900
2025-03-21,210.266682,217.502177,209.988395,216.935669,94127800
2025-03-24,219.648984,220.126046,217.243780,219.380630,44299500
2025-03-25,219.420393,222.730038,218.734609,222.382172,34493600
2025-03-26,222.143642,223.644421,219.122233,220.175751,34466100
2025-03-27,220.036614,223.614613,219.211686,222.481583,37094800
2025-03-28,220.314921,222.441838,216.349306,216.567963,39818600
2025-03-31,215.683384,224.240750,214.908153,220.772095,65299300
2025-04-01,218.466265,222.312602,217.561824,221.825607,36412700
2025-04-02,219.967035,223.813372,219.668866,222.521317,35905900
2025-04-03,204.283486,206.221577,200.019718,201.947861,103419000
2025-04-04,192.704720,198.658108,186.194758,187.228409,125910900
2025-04-07,176.116740,192.963119,173.552511,180.350708,160466300
2025-04-08,185.558670,189.176417,168.175599,171.365967,120859500
2025-04-09,170.898822,199.383619,170.839191,197.634384,184395900
2025-04-10,187.914197,193.589283,181.881297,189.255936,121880000
2025-04-11,184.962336,198.320162,184.922572,196.938660,87435900
2025-04-14,210.147436,211.638266,199.930280,201.281967,101352900
2025-04-15,200.625995,202.265902,198.578590,200.904282,51343900
2025-04-16,197.147375,199.473067,191.193988,193.082382,59732400
2025-04-17,195.994489,197.614530,193.231485,195.775833,52164700
2025-04-21,192.088500,192.615259,188.649645,191.979172,46742500
2025-04-22,194.921071,200.357633,194.771994,198.518951,52976400
2025-04-23,204.740694,206.728468,201.560259,203.349258,52929200
2025-04-24,203.637470,207.553386,201.699393,207.096191,47311000
2025-04-25,205.108396,208.467738,204.939437,208.000610,38222300
2025-04-28,208.716249,210.207079,206.191783,208.855392,38743100
2025-04-29,207.414240,210.942541,207.096188,209.918839,36827600
2025-04-30,208.020508,212.274343,205.406581,211.200943,52286500
2025-05-01,207.801845,213.248340,207.622937,212.015930,57365700
2025-05-02,204.830132,205.724639,200.924164,204.094666,101010600
2025-05-05,201.858419,202.852306,196.998313,197.674149,69018500
2025-05-06,196.998340,199.423411,195.815612,197.296494,51216500
2025-05-07,197.952425,198.220779,192.068617,195.050278,68536700
2025-05-08,196.511289,198.827047,193.489865,196.282700,50478900
2025-05-09,197.783458,199.314037,196.332377,197.316330,36453900
2025-05-12,209.955280,210.253841,205.755577,209.776138,63775800
2025-05-13,209.417847,212.373563,207.994733,211.905823,51909300
2025-05-14,211.408241,212.910988,209.567148,211.308731,49325800
2025-05-15,209.935373,211.935715,208.532151,210.432968,45029500
2025-05-16,211.338597,211.547593,208.761058,210.243881,54737900
2025-05-19,206.910007,208.472448,203.277554,207.775818,46140500
2025-05-20,206.671138,207.467293,204.043836,205.865036,42496600
2025-05-21,204.183153,206.044154,199.744614,201.117966,59211800
2025-05-22,199.744612,201.774793,198.739460,200.391479,46742400
2025-05-23,192.738485,196.749100,192.529503,194.330795,78432900
2025-05-27,197.346238,199.774505,196.480412,199.247055,56288500
2025-05-28,199.625205,201.754911,198.938521,199.456024,45339700
2025-05-29,202.600811,202.829701,197.555190,198.988266,51396800
2025-05-30,198.411049,200.988603,195.833511,199.883942,70819900
2025-06-02,199.316675,201.157783,199.157441,200.729843,35423300
2025-06-03,200.381549,202.789908,199.993426,202.292313,46381600
2025-06-04,201.934046,205.248031,201.127944,201.844482,43604000
2025-06-05,202.521199,203.765187,199.187306,199.665009,55126100
2025-06-06,202.023590,204.710600,201.078163,202.939163,46607700
2025-06-09,203.406941,205.009198,199.057964,200.481079,72862600
2025-06-10,199.635155,203.367118,199.605300,201.695190,54672600
2025-06-11,202.521197,203.516387,197.455683,197.823898,60989900
2025-06-12,198.122449,198.719554,196.410721,198.241867,43904600
2025-06-13,198.769319,199.406240,194.758704,195.505096,51447300
2025-06-16,196.351014,197.734328,195.614568,197.465622,43020700
2025-06-17,196.251484,197.435763,194.271065,194.698990,38856200
2025-06-18,194.997585,196.619750,194.131774,195.634506,45394700
2025-06-20,197.286499,200.729848,195.913132,200.033218,96813500
2025-06-23,200.660202,201.326978,198.003046,200.530823,55814300
2025-06-24,201.615572,202.461490,199.237069,199.336594,54064000
2025-06-25,200.481044,202.690367,199.655034,200.590515,39525700
2025-06-26,200.461143,201.665330,198.500632,200.033218,50799100
2025-06-27,200.918925,202.242530,199.038016,200.112823,73188600
2025-06-30,201.038362,206.392490,198.301589,204.183167,91912800
2025-07-01,205.675957,209.179030,205.148507,206.820435,78788900
2025-07-02,207.905193,212.313878,207.138892,211.418213,67941800
2025-07-03,211.129582,213.617558,210.791221,212.522858,34955800
2025-07-07,211.657035,215.189963,207.795708,208.940170,50229000
2025-07-08,209.089472,210.413061,207.447399,208.999893,42848900
2025-07-09,208.522194,210.313539,206.223307,210.124451,48749400
2025-07-10,209.497481,212.453197,209.019794,211.388351,44443600
2025-07-11,209.557190,211.109684,208.850598,210.144348,39765800
2025-07-14,208.920274,209.895571,206.541770,207.616577,38840100
2025-07-15,208.213689,210.870845,207.915129,208.104218,42296300
2025-07-16,209.288511,211.378402,207.636492,209.149185,47490500
2025-07-17,209.557200,210.781279,208.581902,209.009842,48068100
2025-07-18,209.855739,210.771312,208.691368,210.164246,48974600
2025-07-21,211.079846,214.742138,210.612105,211.458008,51377400
2025-07-22,212.114825,213.916117,211.209198,213.368759,46404100
2025-07-23,213.965882,214.115155,211.388343,213.119965,46989300
2025-07-24,212.871168,214.652567,212.502953,212.731842,46022600
2025-07-25,213.667336,214.204747,212.373586,212.851288,40268800
2025-07-28,213.000539,213.816602,212.035203,213.020447,37858000
2025-07-29,213.149822,213.776796,209.805997,210.253830,51411700
2025-07-30,210.880777,211.368426,206.720890,208.044495,45512500
2025-07-31,207.487198,208.830695,206.163593,206.571625,80698400
2025-08-01,209.855756,212.552728,200.530829,201.406601,104434500
2025-08-04,203.526327,206.880128,200.709937,202.371918,75109300
2025-08-05,202.421703,204.352374,201.187676,201.944016,44155100
2025-08-06,204.640945,214.344049,204.601129,212.224289,108483100
2025-08-07,217.827232,219.787758,215.538292,218.971695,90224800
2025-08-08,219.767847,229.888930,218.195445,228.246872,113854000
2025-08-11,227.081169,228.715133,223.932796,226.343887,61806100
2025-08-12,227.170831,229.950571,226.234303,228.804794,55626200
2025-08-13,230.219561,234.135089,229.581901,232.471237,69878500
2025-08-14,233.198567,234.254663,230.000389,231.923279,51916300
2025-08-15,233.138790,233.417758,228.495937,230.737656,56038700
2025-08-18,230.847254,232.262026,229.263109,230.040237,37476200
2025-08-19,230.428808,232.012952,228.505918,229.711456,39402600
2025-08-20,229.133582,229.621784,224.939085,225.178192,42263900
2025-08-21,225.437249,225.686329,222.956408,224.072281,30621200
2025-08-22,225.337608,228.246860,224.580411,226.921753,42477800
2025-08-25,225.646469,228.456098,225.397389,226.323975,30983100
2025-08-26,226.035012,228.645379,223.863042,228.466034,54575100
2025-08-27,227.768623,230.050188,227.419905,229.641708,31259500
2025-08-28,229.970500,232.550964,228.495936,231.704086,38074700
2025-08-29,231.654263,232.521071,230.518459,231.285629,39418400
2025-09-02,228.406271,230.000388,226.134663,228.874542,44075600
2025-09-03,236.336989,237.970953,233.497472,237.592346,66427800
2025-09-04,237.572400,239.017060,235.868702,238.897507,47549400
2025-09-05,239.116703,240.431852,237.612266,238.807846,54870400
2025-09-08,238.419289,239.266151,235.470176,237.004517,48999500
2025-09-09,236.127759,237.901207,232.501156,233.487518,66313900
2025-09-10,231.335473,231.564622,225.118433,225.955338,83440800
2025-09-11,226.045010,229.601863,225.815845,229.183411,50208600
2025-09-12,228.376386,233.646910,228.177125,233.208542,55824200
2025-09-15,236.127756,237.313379,234.165005,235.828857,42699500
2025-09-16,236.307067,240.332207,235.450247,237.273499,63421100
2025-09-17,238.090512,239.216359,236.855071,238.110443,46508000
2025-09-18,239.086821,240.312290,235.779033,237.004517,44249600
2025-09-19,240.342162,245.393509,239.325927,244.596451,163741300
2025-09-22,247.386162,255.695479,247.206817,255.137512,105517400
2025-09-23,254.938282,256.392900,252.646744,253.493607,60275200
2025-09-24,254.280687,254.798778,250.116063,251.381393,42303700
2025-09-25,252.278088,256.223520,250.783609,255.924606,55202100
2025-09-26,253.164811,256.651929,252.845981,254.519806,46076300
2025-09-29,253.623133,254.061516,252.078834,253.493607,40127700
2025-09-30,253.922005,254.978101,252.178446,253.692856,37704300
2025-10-01,254.101347,257.837561,253.991751,254.509842,48713900
2025-10-02,255.635691,257.229809,253.214642,256.183685,42630200
2025-10-03,253.732712,258.285885,253.015361,257.070374,49155600
2025-10-06,257.040488,258.116531,254.111321,255.745285,44664100
2025-10-07,255.864844,256.452669,254.489918,255.536072,31955800
2025-10-08,255.575889,257.568528,255.167394,257.110229,36496900
2025-10-09,256.861155,257.050459,252.208345,253.105026,38322000
2025-10-10,254.001718,255.436421,243.101979,244.367310,61999100
2025-10-13,248.462191,248.771048,244.656243,246.748520,38142900
2025-10-14,245.692432,247.934151,243.799415,246.858124,35478000
2025-10-15,248.571775,250.893201,246.559205,248.422318,33893600
2025-10-16,247.336350,248.123436,244.227838,246.539291,39777000
2025-10-17,247.107207,252.447481,246.359967,251.361481,49147000
2025-10-20,254.948221,263.406980,254.689183,261.274841,90483000
2025-10-21,260.916178,264.313632,260.866344,261.802887,46695900
2025-10-22,261.683334,261.882610,254.489905,257.498810,45015300
2025-10-23,258.983294,259.660784,257.060405,258.624603,32754900
2025-10-24,260.228747,263.157929,258.226134,261.852753,38253700
2025-10-27,263.905180,268.129566,263.676015,267.820709,44888200
2025-10-28,268.000006,268.896718,267.163101,268.009979,41534800
2025-10-29,268.288960,270.411126,266.126933,268.707428,51086700
2025-10-30,270.988979,273.131090,267.491917,270.401154,69886500
2025-10-31,275.970570,276.299373,268.169401,269.374939,86167100
2025-11-03,269.424737,269.853147,265.270071,268.059753,50194600
2025-11-04,267.342445,270.490818,266.635066,269.046173,49274800
2025-11-05,267.621415,270.700069,265.947605,269.145813,43683100
2025-11-06,266.904075,272.393775,266.904075,268.777130,51204000
2025-11-07,268.807025,271.287882,265.788178,267.481934,48227400
2025-11-10,268.229883,272.986954,266.733955,268.698608,41312400
2025-11-11,269.077602,275.161050,269.067620,274.502838,46208300
2025-11-12,274.253476,274.981505,270.962446,272.727631,48398000
2025-11-13,273.365900,275.948896,271.351395,272.209076,49602800
2025-11-14,270.314208,275.210883,268.868163,271.670532,47431300
2025-11-17,268.090272,269.755721,265.008663,266.733948,45018300
2025-11-18,269.257085,269.975132,264.599780,266.714020,45677300
2025-11-19,264.809190,271.471049,264.779272,267.830963,40424500
2025-11-20,270.094806,274.682325,265.198161,265.527252,45823600
2025-11-21,265.228082,272.588023,264.948843,270.753021,59030800
2025-11-24,270.164628,276.248075,270.164628,275.171021,65585800
2025-11-25,274.522742,279.618887,274.502808,276.218140,46914200
2025-11-26,276.208175,278.771206,275.879084,276.796570,33431400
2025-11-28,276.507338,278.242604,275.240766,278.093018,20135600
2025-12-01,277.255303,282.650621,275.390385,282.331482,46587700
2025-12-02,282.231774,286.619823,281.862783,285.413116,53669500
2025-12-03,285.423116,287.836529,282.530963,283.378662,43538700
2025-12-04,283.328814,283.957109,277.833761,279.938049,43989100
2025-12-05,279.778487,280.376864,277.295225,278.023254,47265800
2025-12-08,277.374989,278.910817,275.400353,277.135651,38211800
2025-12-09,277.404933,279.269851,276.168308,276.427582,32193300
2025-12-10,276.996052,278.990623,275.689610,278.023254,33038300
2025-12-11,278.342341,278.831001,273.066693,277.275238,33248000
2025-12-12,277.145624,278.462048,276.068569,277.524597,39532900
2025-12-15,279.389487,279.389487,272.099334,273.365875,50409100
2025-12-16,272.079413,274.752131,271.052211,273.864532,37648600
2025-12-17,274.263459,275.410331,270.902612,271.102051,50138700
2025-12-18,272.867239,272.887204,266.225345,271.451111,51630700
2025-12-19,271.411231,273.854592,269.167338,272.927124,144632000
2025-12-22,272.119320,273.136571,269.775724,270.234467,36571800
2025-12-23,270.104803,271.760301,268.828279,271.620667,29642000
2025-12-24,271.600731,274.682340,271.461127,273.066742,17910600
2025-12-26,273.415753,274.622460,272.119264,272.657806,21521800
2025-12-29,271.949773,273.615223,271.610700,273.016876,23715200
2025-12-30,272.069428,273.335969,271.540868,272.338684,22139600
2025-12-31,272.318764,272.937076,271.012322,271.122009,27293600
2026-01-02,271.520929,277.085768,268.269769,270.274323,37838100
2026-01-05,269.905345,270.772978,265.417561,266.534515,45647200
2026-01-06,266.275216,266.823711,261.408458,261.647797,52352100
2026-01-07,262.485526,262.964203,259.104714,259.623291,48309800
2026-01-08,256.322317,258.586174,255.005908,258.336853,50419300
2026-01-09,258.376703,259.503640,255.524481,258.665924,39997000
2026-01-12,258.456481,260.590656,256.102871,259.543518,45263800
2026-01-13,258.017678,261.099286,257.688587,260.341339,45730800
2026-01-14,258.785608,261.109300,256.013156,259.254333,40019400
2026-01-15,259.942443,260.331399,256.352209,257.509064,39388600
2026-01-16,257.199911,258.197197,254.237972,254.836349,72142800
2026-01-20,252.043949,254.098355,242.759224,246.030319,80267500
2026-01-21,248.024906,250.877143,244.514456,246.977753,54641700
2026-01-22,248.523526,250.318643,247.476373,247.675842,39708300
2026-01-23,246.648652,248.732975,244.015804,247.366684,41689000
2026-01-26,250.797335,255.863547,249.121903,254.716675,55969200
2026-01-27,258.466459,261.238911,257.509043,257.568878,49648300
2026-01-28,256.950588,258.157295,253.819112,255.743881,41288000
2026-01-29,257.299649,258.945164,253.719398,257.578888,67253000
2026-01-30,254.477322,261.189048,251.495433,258.775635,92443400
2026-02-02,259.324149,269.755747,258.506367,269.277069,73913400
2026-02-03,268.469266,271.141984,266.883555,268.748505,64394700
2026-02-04,271.550860,278.192785,271.550860,275.739441,90545700
2026-02-05,277.374985,278.741262,272.488293,275.161011,52977400
2026-02-06,276.367735,280.147456,276.178249,277.365021,50453400
2026-02-09,277.414946,277.704438,271.216017,274.130798,44623400
2026-02-10,274.400310,274.879436,272.453772,273.192444,34376900
2026-02-11,274.210654,279.680872,273.961099,275.009216,51931300
2026-02-12,275.099059,275.228832,259.716506,261.263763,81077200
2026-02-13,261.543269,261.762878,254.994942,255.324356,56290700
2026-02-17,257.590311,265.815653,255.084787,263.409943,58469100
2026-02-18,263.130456,266.344721,261.982510,263.879120,34203300
2026-02-19,262.132205,264.008861,259.586729,260.115784,30845300
2026-02-20,258.508681,264.278384,257.700127,264.108673,42070500
2026-02-23,263.020600,268.950021,262.910811,265.705811,37308200
2026-02-24,267.382838,274.400344,267.233111,271.655243,47014600
2026-02-25,271.295868,274.450243,270.567158,273.741516,33714300
2026-02-26,274.460213,275.618120,270.317581,272.463776,32345100
2026-02-27,272.324044,272.324044,262.421731,263.709412,72366500
2026-03-02,261.942531,266.055186,259.736476,264.248413,41827900
2026-03-03,263.010674,265.086955,259.666635,263.280182,38568900
2026-03-04,264.178548,265.675876,260.954322,262.052338,39803100
2026-03-05,260.325434,261.094051,256.791731,259.826324,49658600
2026-03-06,258.169272,258.309007,253.916851,257.001343,41120000
2026-03-09,255.234515,260.684780,253.228086,259.417053,38218500
2026-03-10,257.191028,262.012442,256.492294,260.365356,30590800
2026-03-11,260.624898,261.663054,259.087633,260.345398,26218900
2026-03-12,258.199241,258.488733,253.727210,255.304398,40794000
2026-03-13,255.024891,255.873368,249.075516,249.674438,36930000
2026-03-16,251.660902,253.437730,249.434879,252.369644,32074200
2026-03-17,252.509388,254.675521,251.730764,253.777115,32361600
2026-03-18,252.179977,254.485859,248.556438,249.494766,35757900
2026-03-19,248.955729,251.381408,246.859479,248.516525,34864100
2026-03-20,247.538241,248.756069,245.561773,247.548233,88331100
2026-03-23,253.517585,254.146468,249.834156,251.042007,40546100
2026-03-24,249.904031,254.376046,249.105453,251.191727,45152300
2026-03-25,253.647357,254.545748,251.151811,252.169983,28476700
2026-03-26,251.670882,256.542193,250.323295,252.439514,41796700
2026-03-27,253.447702,255.034881,247.628101,248.356796,47900000
2026-03-30,249.624533,250.423096,245.072643,246.190659,39446200
2026-03-31,247.468391,255.024898,246.659836,253.337906,49598100
2026-04-01,253.627395,255.723645,252.878731,255.174637,40059400
2026-04-02,253.747174,255.673744,250.203495,255.464111,31289400
2026-04-06,256.053075,261.693005,256.003146,258.398865,29329900
2026-04-07,255.703681,255.743619,245.262308,253.048416,62148000
2026-04-08,257.989632,259.287304,256.073039,258.438812,41032800
2026-04-09,258.538634,260.654853,255.613861,260.025970,28121600
2026-04-10,259.516882,261.722936,258.558570,260.015991,31291500
2026-04-13,259.267336,259.716516,256.202797,258.738281,36234700
2026-04-14,258.788192,261.463411,256.731864,258.368927,48370700
2026-04-15,257.700126,266.085157,257.350744,265.955383,49913500
2026-04-16,266.324723,266.684098,260.804576,262.930786,43323100
2026-04-17,266.484432,271.814916,266.244870,269.748627,61436200
2026-04-20,269.848412,273.791388,269.808506,272.563568,36590200
2026-04-21,271.016354,272.314026,264.927214,265.695862,50209800
2026-04-22,267.342935,273.252372,266.394615,272.683411,43249200
2026-04-23,274.560011,275.278729,271.166074,272.942902,33399600
2026-04-24,272.274102,272.573555,269.169626,270.577118,38157100
2026-04-27,265.615989,267.881934,264.597817,267.133270,41466800
2026-04-28,271.854854,272.743283,268.181417,270.227753,40018900
2026-04-29,267.073362,270.557166,266.564292,269.688721,30047900
2026-04-30,270.018146,275.508349,267.662365,270.866638,91848200
2026-05-01,278.363242,286.708366,277.874125,279.640991,79915400
2026-05-04,279.161798,280.130071,274.370331,276.336823,46668400
2026-05-05,276.436682,284.063087,276.007455,283.673767,49311700
2026-05-06,281.417825,287.516927,280.569333,286.997864,58336100
2026-05-07,288.754705,291.609627,285.270932,286.927979,45224300
2026-05-08,289.493384,294.234923,289.483392,292.797485,52692800
2026-05-11,291.728417,293.626774,289.979925,292.427795,42247300
2026-05-12,292.307899,295.015556,292.307899,294.545959,45748100
2026-05-13,293.247090,300.660709,293.247090,298.612457,52684300
2026-05-14,299.561662,300.191124,295.125485,297.953033,35324900
2026-05-15,297.643304,302.938756,296.264488,299.971313,54862800
2026-05-18,299.981269,300.400921,294.655876,297.583344,34483000
2026-05-19,296.714095,300.251053,296.094634,298.712372,42243600
2026-05-20,297.923063,302.539077,297.823143,301.989563,38229800
2026-05-21,300.800567,305.276717,300.141132,304.727173,42965100
2026-05-22,305.856208,311.131657,305.576451,308.553894,43670200
2026-05-26,309.293252,311.551314,307.404896,308.064301,48000500
2026-05-27,308.064305,312.990080,308.034332,310.582153,50430900
2026-05-28,310.412282,312.530451,309.303254,312.240723,48220400
2026-05-29,311.511350,314.728576,309.263288,311.791107,70026800
2026-06-01,309.363198,310.672066,304.757154,306.046051,48849900
2026-06-02,307.195055,315.178190,306.425729,314.928406,44534700
2026-06-03,313.909250,316.666882,308.583857,309.992645,50836700
2026-06-04,312.960099,313.269830,309.383167,310.961823,44869100
2026-06-05,312.590397,314.898435,306.885326,307.075165,65310500
2026-06-08,308.473960,317.126501,300.910506,301.280182,77949100
2026-06-09,300.021248,300.490844,287.532019,290.299622,70108800
2026-06-10,290.489463,294.496017,287.132373,291.328735,52793300
2026-06-11,293.466886,296.744059,289.340441,295.375244,42572500
2026-06-12,295.774922,296.883982,289.370442,290.879150,38742100
2026-06-15,293.866545,297.523395,291.448647,296.164581,45732600
2026-06-16,294.995595,300.221099,293.716699,298.982147,39874400
2026-06-17,300.590748,301.809698,294.106320,295.694977,42745100
2026-06-18,297.853094,300.310996,295.365249,297.753204,85962200
2026-06-22,297.053819,302.159431,296.504305,296.754089,44879900
2026-06-23,297.283616,301.380089,293.926495,294.046387,52010900
2026-06-24,295.105457,299.441744,292.687560,292.827423,53081900
2026-06-25,287.152347,288.551135,273.514115,274.912903,107013700
2026-06-26,274.763028,285.703605,273.973701,283.535461,261775500
2026-06-29,286.482944,288.121515,279.608867,281.497223,66427000
2026-06-30,280.927742,289.690174,280.458146,289.110657,65100200
2026-07-01,293.187150,296.334430,288.950814,294.126343,50164200
2026-07-02,293.866538,309.153372,293.426915,308.364044,75352800
2026-07-06,307.095143,313.929276,306.735468,312.390594,53590000
2026-07-07,315.018319,315.208157,309.882733,310.392303,42490000
2026-07-08,311.641229,314.548725,306.785401,313.119965,41323500
2026-07-09,310.242439,316.257240,307.894458,315.947510,48124500
2026-07-10,314.448820,316.636936,311.901030,315.048309,34132300
2026-07-13,316.746801,323.171284,315.507880,317.036560,43257800
2026-07-14,313.489656,315.917555,311.641244,314.588684,36336800
2026-07-15,317.346312,328.446755,317.046583,327.217804,60957600
2026-07-16,327.727363,334.391599,326.508413,332.972839,62970600
2026-07-17,331.693930,334.701315,328.716487,333.452393,63407100
2026-07-20,333.222613,333.422423,323.401067,326.308563,53468000
2026-07-21,322.851568,329.315994,321.942348,327.457581,41338900
2026-07-22,327.587466,328.716497,323.061371,325.609192,38755900
2026-07-23,321.452790,323.021414,319.074836,321.382843,40840800
2026-07-24,321.512728,334.081875,321.342861,332.733032,47489400
2026-07-27,334.251737,339.277401,333.732166,336.619690,49604300
2026-07-28,339.736982,342.594533,335.310806,339.786926,51859000
2026-07-29,339.437272,344.273097,337.059318,337.898590,56090800
2026-07-30,332.812967,334.461540,329.305982,333.142670,74817800
2026-07-31,304.547356,310.422294,299.741503,308.643829,132489100
2026-08-03,309.313235,311.531323,302.299295,303.158569,75052000
2026-08-04,302.469140,310.152516,301.060351,309.113403,68001000
2026-08-05,309.093424,311.441405,305.406631,310.732025,49438800
2026-08-06,314.069138,316.017470,308.963556,312.140808,46139900
2026-08-07,311.181643,314.538733,310.472233,313.059998,34437200
2026-08-10,306.829987,308.260010,304.609985,308.260010,44812500
2026-08-11,307.750000,309.970001,302.790009,304.910004,37476700
2026-08-12,305.100006,305.660004,300.570007,302.250000,41657800
2026-08-13,304.209991,306.000000,302.049988,305.260010,40349300
2026-08-14,306.000000,307.489990,304.299988,305.929993,28229400
2026-08-17,306.209991,307.660004,302.940002,305.589996,38169300
2026-08-18,307.579987,311.489990,305.739990,310.029999,53424500
2026-08-19,310.140015,319.279999,309.600006,316.829987,50505600
2026-08-20,317.459991,320.279999,310.649994,311.299988,40959200
2026-08-21,312.049988,312.380005,307.010010,309.350006,46876800
2026-08-24,311.470001,313.359985,309.970001,310.339996,34673600
2026-08-25,310.790009,313.589996,308.209991,309.899994,25869800
2026-08-26,310.299988,315.429993,308.799988,313.450012,34024500
2026-08-27,310.549988,315.399994,309.399994,314.579987,32419200
2026-08-28,316.850006,322.369995,315.450012,319.700012,38649400
2026-08-31,319.600006,321.239990,312.799988,316.850006,41242700
2026-09-01,316.980011,327.299988,314.730011,325.130005,53167400
2026-09-02,326.869995,328.399994,323.529999,324.959991,33776400
2026-09-03,324.869995,330.809998,324.109985,328.209991,37225800
2026-09-04,328.309998,328.929993,317.859985,319.970001,39606900
2026-09-08,317.100006,320.700012,314.899994,316.220001,35477100
2026-09-09,315.489990,319.149994,309.899994,315.339996,65640000
2026-09-10,316.670013,326.739990,316.510010,326.570007,70011900
2026-09-11,327.450012,336.220001,326.299988,332.269989,50716900
2026-09-14,334.790009,335.500000,331.339996,333.079987,39269100
2026-09-15,330.140015,331.779999,328.350006,331.339996,31748200
2026-09-16,332.529999,335.480011,330.700012,332.410004,35981000
2026-09-17,334.769989,338.339996,330.179993,337.000000,36700200
2026-09-18,337.910004,338.489990,332.529999,336.130005,86588200
2026-09-21,335.279999,339.640015,333.049988,338.980011,34999200
2026-09-22,340.140015,345.339996,338.750000,339.750000,40711800
2026-09-23,341.079987,341.799988,335.500000,337.019989,31658800
2026-09-24,336.720001,338.910004,334.299988,335.920013,24733100
2026-09-25,336.040009,341.670013,334.529999,341.070007,30002500
2026-09-28,340.369995,342.989990,338.040009,338.399994,32820800
2026-09-29,336.970001,337.089996,328.700012,329.399994,38478000
2026-09-30,330.799988,339.500000,330.140015,333.019989,49988600
2026-10-01,330.000000,332.480011,325.809998,330.320007,36306300
2026-10-02,333.260010,334.540009,330.609985,333.690002,33278600
2026-10-05,332.820007,336.209991,331.649994,332.890015,34400900
2026-10-06,332.279999,334.380005,330.619995,333.630005,30449000
2026-10-07,336.959991,338.670013,332.779999,336.670013,34147900
2026-10-08,336.820007,341.570007,335.899994,340.420013,35279900
