date,value
2004-08-19,2.487342
2004-08-20,2.684911
2004-08-23,2.711932
2004-08-24,2.599637
2004-08-25,2.627649
2004-08-26,2.674995
2004-08-27,2.631367
2004-08-30,2.528741
2004-08-31,2.537664
2004-09-01,2.485111
2004-09-02,2.516345
2004-09-03,2.479162
2004-09-07,2.518081
2004-09-08,2.535929
2004-09-09,2.536176
2004-09-10,2.611040
2004-09-13,2.664832
2004-09-14,2.763741
2004-09-15,2.776384
2004-09-16,2.825218
2004-09-17,2.912476
2004-09-20,2.958832
2004-09-21,2.921152
2004-09-22,2.934538
2004-09-23,2.995024
2004-09-24,2.970483
2004-09-27,2.931563
2004-09-28,3.144751
2004-09-29,3.249360
2004-09-30,3.212672
2004-10-01,3.286544
2004-10-04,3.348021
2004-10-05,3.430073
2004-10-06,3.398095
2004-10-07,3.441972
2004-10-08,3.414208
2004-10-11,3.352979
2004-10-12,3.406027
2004-10-13,3.492790
2004-10-14,3.520058
2004-10-15,3.572362
2004-10-18,3.697549
2004-10-19,3.667305
2004-10-20,3.482626
2004-10-21,3.703002
2004-10-22,4.274392
2004-10-25,4.645486
2004-10-26,4.506666
2004-10-27,4.610036
2004-10-28,4.791739
2004-10-29,4.725801
2004-11-01,4.859415
2004-11-02,4.830660
2004-11-03,4.751335
2004-11-04,4.578554
2004-11-05,4.198041
2004-11-08,4.277366
2004-11-09,4.181929
2004-11-10,4.161105
2004-11-11,4.536908
2004-11-12,4.511624
2004-11-15,4.582767
2004-11-16,4.277119
2004-11-17,4.276126
2004-11-18,4.153172
2004-11-19,4.199281
2004-11-22,4.092687
2004-11-23,4.152677
2004-11-24,4.332150
2004-11-26,4.446924
2004-11-29,4.488073
2004-11-30,4.511127
2004-12-01,4.461054
2004-12-02,4.447171
2004-12-03,4.471961
2004-12-06,4.370077
2004-12-07,4.249601
2004-12-08,4.213659
2004-12-09,4.299180
2004-12-10,4.255056
2004-12-13,4.225309
2004-12-14,4.429572
2004-12-15,4.456592
2004-12-16,4.374539
2004-12-17,4.464028
2004-12-20,4.586486
2004-12-21,4.555005
2004-12-22,4.618217
2004-12-23,4.657878
2004-12-27,4.757284
2004-12-28,4.778355
2004-12-29,4.781825
2004-12-30,4.898333
2004-12-31,4.779099
2005-01-03,5.025007
2005-01-04,4.821487
2005-01-05,4.796947
2005-01-06,4.673992
2005-01-07,4.805375
2005-01-10,4.835369
2005-01-11,4.797690
2005-01-12,4.843301
2005-01-13,4.842062
2005-01-14,4.957084
2005-01-18,5.054505
2005-01-19,4.890897
2005-01-20,4.807110
2005-01-21,4.667299
2005-01-24,4.479893
2005-01-25,4.390652
2005-01-26,4.691097
2005-01-27,4.662341
2005-01-28,4.718364
2005-01-31,4.849251
2005-02-01,4.757035
2005-02-02,5.105571
2005-02-03,5.227038
2005-02-04,5.065907
2005-02-07,4.859415
2005-02-08,4.924115
2005-02-09,4.749103
2005-02-10,4.659861
2005-02-11,4.645486
2005-02-14,4.784056
2005-02-15,4.839584
2005-02-16,4.918413
2005-02-17,4.905770
2005-02-18,4.907010
2005-02-22,4.743898
2005-02-23,4.807854
2005-02-24,4.682420
2005-02-25,4.607556
2005-02-28,4.660110
2005-03-01,4.612267
2005-03-02,4.590453
2005-03-03,4.635818
2005-03-04,4.608301
2005-03-07,4.680439
2005-03-08,4.590949
2005-03-09,4.495511
2005-03-10,4.461549
2005-03-11,4.407508
2005-03-14,4.337851
2005-03-15,4.427588
2005-03-16,4.352972
2005-03-17,4.444445
2005-03-18,4.463037
2005-03-21,4.483860
2005-03-22,4.427340
2005-03-23,4.436759
2005-03-24,4.443453
2005-03-28,4.497246
2005-03-29,4.451386
2005-03-30,4.473200
2005-03-31,4.474688
2005-04-01,4.463037
2005-04-04,4.593180
2005-04-05,4.674488
2005-04-06,4.690601
2005-04-07,4.803144
2005-04-08,4.760754
2005-04-11,4.790006
2005-04-12,4.808102
2005-04-13,4.782569
2005-04-14,4.745881
2005-04-15,4.585991
2005-04-18,4.634826
2005-04-19,4.744642
2005-04-20,4.910728
2005-04-21,5.062438
2005-04-22,5.349744
2005-04-25,5.541117
2005-04-26,5.422623
2005-04-27,5.448157
2005-04-28,5.439978
2005-04-29,5.453611
2005-05-02,5.510378
2005-05-03,5.607055
2005-05-04,5.664318
2005-05-05,5.626639
2005-05-06,5.652419
2005-05-09,5.602841
2005-05-10,5.646966
2005-05-11,5.733479
2005-05-12,5.669772
2005-05-13,5.682662
2005-05-16,5.727530
2005-05-17,5.779092
2005-05-18,5.928571
2005-05-19,5.929066
2005-05-20,5.989304
2005-05-23,6.332386
2005-05-24,6.346020
2005-05-25,6.465256
2005-05-26,6.425344
2005-05-27,6.593911
2005-05-31,6.873286
2005-06-01,7.139272
2005-06-02,7.136794
2005-06-03,6.947404
2005-06-06,7.212152
2005-06-07,7.266192
2005-06-08,6.930052
2005-06-09,7.097379
2005-06-10,7.002932
2005-06-13,7.009129
2005-06-14,6.900056
2005-06-15,6.812055
2005-06-16,6.877500
2005-06-17,6.948397
2005-06-20,7.107047
2005-06-21,7.135305
2005-06-22,7.171498
2005-06-23,7.181661
2005-06-24,7.368572
2005-06-27,7.538377
2005-06-28,7.486321
2005-06-29,7.256276
2005-06-30,7.291726
2005-07-01,7.219838
2005-07-05,7.330396
2005-07-06,7.226529
2005-07-07,7.326183
2005-07-08,7.343287
2005-07-11,7.271894
2005-07-12,7.232975
2005-07-13,7.408482
2005-07-14,7.458804
2005-07-15,7.466241
2005-07-18,7.425339
2005-07-19,7.682155
2005-07-20,7.734211
2005-07-21,7.782302
2005-07-22,7.496236
2005-07-25,7.333867
2005-07-26,7.339817
2005-07-27,7.360640
2005-07-28,7.275612
2005-07-29,7.133323
2005-08-01,7.228761
2005-08-02,7.416662
2005-08-03,7.369811
2005-08-04,7.380471
2005-08-05,7.247105
2005-08-08,7.219838
2005-08-09,7.227770
2005-08-10,7.081761
2005-08-11,7.041355
2005-08-12,7.181910
2005-08-15,7.040115
2005-08-16,7.081017
2005-08-17,7.067384
2005-08-18,6.940711
2005-08-19,6.940959
2005-08-22,6.792471
2005-08-23,6.930548
2005-08-24,7.004667
2005-08-25,7.005163
2005-08-26,7.029705
2005-08-29,7.150427
2005-08-30,7.121176
2005-08-31,7.089693
2005-09-01,7.095891
2005-09-02,7.150427
2005-09-06,7.117210
2005-09-07,7.309573
2005-09-08,7.322463
2005-09-09,7.414184
2005-09-12,7.678187
2005-09-13,7.726279
2005-09-14,7.511110
2005-09-15,7.501688
2005-09-16,7.441701
2005-09-19,7.530692
2005-09-20,7.632824
2005-09-21,7.731732
2005-09-22,7.718594
2005-09-23,7.817502
2005-09-26,7.790731
2005-09-27,7.782302
2005-09-28,7.585477
2005-09-29,7.675214
2005-09-30,7.844771
2005-10-03,7.899804
2005-10-04,7.709423
2005-10-05,7.702234
2005-10-06,7.752803
2005-10-07,7.758753
2005-10-10,7.700746
2005-10-11,7.587955
2005-10-12,7.460787
2005-10-13,7.373281
2005-10-14,7.341056
2005-10-17,7.560688
2005-10-18,7.518051
2005-10-19,7.652408
2005-10-20,7.516068
2005-10-21,8.425829
2005-10-24,8.642731
2005-10-25,8.599600
2005-10-26,8.811052
2005-10-27,8.752053
2005-10-28,8.878726
2005-10-31,9.225029
2005-11-01,9.404505
2005-11-02,9.411942
2005-11-03,9.567368
2005-11-04,9.678424
2005-11-07,9.792453
2005-11-08,9.665286
2005-11-09,9.398802
2005-11-10,9.695032
2005-11-11,9.677679
2005-11-14,9.840545
2005-11-15,9.737175
2005-11-16,9.869795
2005-11-17,10.001178
2005-11-18,9.920861
2005-11-21,10.147681
2005-11-22,10.323932
2005-11-23,10.482335
2005-11-25,10.625119
2005-11-28,10.497705
2005-11-29,10.003409
2005-11-30,10.037371
2005-12-01,10.264935
2005-12-02,10.354424
2005-12-05,10.060673
2005-12-06,10.028199
2005-12-07,10.020267
2005-12-08,10.179660
2005-12-09,10.143716
2005-12-12,10.228247
2005-12-13,10.349217
2005-12-14,10.385657
2005-12-15,10.474650
2005-12-16,10.663049
2005-12-19,10.525469
2005-12-20,10.652885
2005-12-21,10.568354
2005-12-22,10.709900
2005-12-23,10.682384
2005-12-27,10.526461
2005-12-28,10.577277
2005-12-29,10.415157
2005-12-30,10.284023
2006-01-03,10.788977
2006-01-04,11.037116
2006-01-05,11.185850
2006-01-06,11.543311
2006-01-09,11.574049
2006-01-10,11.644947
2006-01-11,11.691302
2006-01-12,11.492990
2006-01-13,11.557937
2006-01-17,11.579255
2006-01-18,11.028936
2006-01-19,10.819221
2006-01-20,9.902267
2006-01-23,10.597357
2006-01-24,10.982331
2006-01-25,10.733699
2006-01-26,10.765180
2006-01-27,10.745844
2006-01-30,10.580501
2006-01-31,10.725268
2006-02-01,9.959782
2006-02-02,9.817490
2006-02-03,9.458296
2006-02-06,9.546299
2006-02-07,9.120421
2006-02-08,9.149175
2006-02-09,8.893600
2006-02-10,8.988790
2006-02-13,8.569604
2006-02-14,8.510607
2006-02-15,8.487305
2006-02-16,9.084229
2006-02-17,9.140995
2006-02-21,9.087450
2006-02-22,9.060182
2006-02-23,9.372029
2006-02-24,9.355419
2006-02-27,9.677183
2006-02-28,8.989038
2006-03-01,9.043079
2006-03-02,9.331873
2006-03-03,9.374758
2006-03-06,9.124883
2006-03-07,9.034402
2006-03-08,8.772381
2006-03-09,8.502677
2006-03-10,8.366337
2006-03-13,8.355428
2006-03-14,8.704954
2006-03-15,8.539858
2006-03-16,8.397817
2006-03-17,8.423101
2006-03-20,8.631330
2006-03-21,8.426324
2006-03-22,8.433761
2006-03-23,8.475160
2006-03-24,9.067867
2006-03-27,9.164296
2006-03-28,9.350463
2006-03-29,9.791214
2006-03-30,9.629093
2006-03-31,9.667763
2006-04-03,9.660327
2006-04-04,10.023242
2006-04-05,10.113721
2006-04-06,10.192800
2006-04-07,10.068355
2006-04-10,10.321700
2006-04-11,10.155118
2006-04-12,10.137519
2006-04-13,9.969200
2006-04-17,10.084719
2006-04-18,10.020761
2006-04-19,10.175942
2006-04-20,10.287493
2006-04-21,10.835333
2006-04-24,10.919617
2006-04-25,10.588928
2006-04-26,10.559429
2006-04-27,10.412182
2006-04-28,10.360373
2006-05-01,9.888389
2006-05-02,9.786751
2006-05-03,9.771134
2006-05-04,9.785513
2006-05-05,9.774358
2006-05-08,9.786257
2006-05-09,10.133801
2006-05-10,9.989528
2006-05-11,9.593396
2006-05-12,9.274360
2006-05-15,9.325674
2006-05-16,9.204207
2006-05-17,9.283532
2006-05-18,9.196523
2006-05-19,9.172478
2006-05-22,9.195532
2006-05-23,9.310307
2006-05-24,9.450858
2006-05-25,9.493992
2006-05-26,9.453337
2006-05-30,9.220073
2006-05-31,9.217097
2006-06-01,9.484820
2006-06-02,9.405989
2006-06-05,9.282044
2006-06-06,9.667518
2006-06-07,9.581251
2006-06-08,9.749568
2006-06-09,9.582737
2006-06-12,9.458049
2006-06-13,9.581500
2006-06-14,9.528695
2006-06-15,9.692554
2006-06-16,9.685117
2006-06-19,9.621656
2006-06-20,9.597611
2006-06-21,9.968456
2006-06-22,9.914415
2006-06-23,10.036131
2006-06-26,10.020267
2006-06-27,9.973167
2006-06-28,10.067118
2006-06-29,10.357151
2006-06-30,10.394830
2006-07-03,10.490766
2006-07-05,10.447629
2006-07-06,10.490515
2006-07-07,10.422594
2006-07-10,10.366818
2006-07-11,10.524476
2006-07-12,10.343268
2006-07-13,10.134543
2006-07-14,10.002418
2006-07-17,10.111240
2006-07-18,9.991261
2006-07-19,9.890867
2006-07-20,9.596373
2006-07-21,9.670492
2006-07-24,9.690074
2006-07-25,9.651898
2006-07-26,9.556214
2006-07-27,9.479366
2006-07-28,9.621161
2006-07-31,9.583480
2006-08-01,9.308570
2006-08-02,9.103315
2006-08-03,9.305593
2006-08-04,9.267420
2006-08-07,9.369056
2006-08-08,9.444663
2006-08-09,9.344017
2006-08-10,9.276096
2006-08-11,9.134799
2006-08-14,9.157852
2006-08-15,9.443919
2006-08-16,9.611246
2006-08-17,9.563651
2006-08-18,9.503165
2006-08-21,9.352942
2006-08-22,9.377482
2006-08-23,9.257008
2006-08-24,9.264445
2006-08-25,9.252795
2006-08-28,9.443422
2006-08-29,9.393843
2006-08-30,9.438463
2006-08-31,9.383434
2006-09-01,9.385166
2006-09-05,9.527954
2006-09-06,9.423344
2006-09-07,9.382441
2006-09-08,9.366577
2006-09-11,9.521260
2006-09-12,9.714865
2006-09-13,10.078520
2006-09-14,10.014316
2006-09-15,10.160572
2006-09-18,10.279810
2006-09-19,10.010100
2006-09-20,9.841289
2006-09-21,10.085461
2006-09-22,10.009359
2006-09-25,10.014316
2006-09-26,10.085958
2006-09-27,9.988040
2006-09-28,10.004401
2006-09-29,9.962754
2006-10-02,9.951352
2006-10-03,10.015803
2006-10-04,10.304846
2006-10-05,10.208417
2006-10-06,10.423833
2006-10-09,10.634541
2006-10-10,10.576286
2006-10-11,10.572568
2006-10-12,10.595870
2006-10-13,10.592401
2006-10-16,10.454818
2006-10-17,10.427304
2006-10-18,10.394334
2006-10-19,10.561660
2006-10-20,11.394825
2006-10-23,11.918122
2006-10-24,11.732947
2006-10-25,12.062396
2006-10-26,12.025211
2006-10-27,11.779800
2006-10-30,11.813760
2006-10-31,11.809297
2006-11-01,11.588922
2006-11-02,11.648664
2006-11-03,11.695515
2006-11-06,11.823181
2006-11-07,11.714602
2006-11-08,11.774841
2006-11-09,11.716091
2006-11-10,11.738897
2006-11-13,11.924321
2006-11-14,12.129327
2006-11-15,12.194523
2006-11-16,12.292934
2006-11-17,12.364575
2006-11-20,12.271864
2006-11-21,12.633784
2006-11-22,12.593131
2006-11-24,12.518515
2006-11-27,12.016536
2006-11-28,12.134283
2006-11-29,12.014055
2006-11-30,12.018023
2006-12-01,11.918619
2006-12-04,12.019014
2006-12-05,12.072311
2006-12-06,12.114701
2006-12-07,11.964231
2006-12-08,12.000670
2006-12-11,11.996207
2006-12-12,11.942911
2006-12-13,11.873752
2006-12-14,11.951340
2006-12-15,11.906224
2006-12-18,11.472415
2006-12-19,11.616934
2006-12-20,11.474892
2006-12-21,11.308806
2006-12-22,11.293436
2006-12-26,11.341776
2006-12-27,11.602060
2006-12-28,11.466466
2006-12-29,11.414904
2007-01-03,11.591155
2007-01-04,11.979600
2007-01-05,12.077022
2007-01-08,11.987533
2007-01-09,12.035127
2007-01-10,12.133292
2007-01-11,12.387630
2007-01-12,12.518515
2007-01-16,12.500669
2007-01-17,12.327143
2007-01-18,12.092885
2007-01-19,12.140482
2007-01-22,11.919609
2007-01-23,11.875237
2007-01-24,12.371515
2007-01-25,12.099330
2007-01-26,12.291447
2007-01-29,12.207907
2007-01-30,12.253767
2007-01-31,12.431752
2007-02-01,11.942168
2007-02-02,11.935970
2007-02-05,11.580495
2007-02-06,11.687584
2007-02-07,11.651143
2007-02-08,11.676428
2007-02-09,11.449856
2007-02-12,11.360613
2007-02-13,11.380693
2007-02-14,11.550003
2007-02-15,11.439445
2007-02-16,11.649408
2007-02-20,11.702951
2007-02-21,11.796160
2007-02-22,11.795911
2007-02-23,11.666265
2007-02-26,11.525215
2007-02-27,11.124622
2007-02-28,11.141477
2007-03-01,11.111235
2007-03-02,10.874499
2007-03-05,10.930771
2007-03-06,11.342269
2007-03-07,11.294923
2007-03-08,11.272119
2007-03-09,11.228487
2007-03-12,11.272861
2007-03-13,10.982331
2007-03-14,11.105535
2007-03-15,11.060667
2007-03-16,10.928291
2007-03-19,11.086448
2007-03-20,11.038107
2007-03-21,11.317482
2007-03-22,11.453574
2007-03-23,11.448367
2007-03-26,11.526951
2007-03-27,11.492740
2007-03-28,11.449608
2007-03-29,11.425812
2007-03-30,11.357390
2007-04-02,11.366564
2007-04-03,11.715346
2007-04-04,11.676180
2007-04-05,11.688328
2007-04-09,11.606523
2007-04-10,11.564133
2007-04-11,11.515301
2007-04-12,11.586195
2007-04-13,11.558928
2007-04-16,11.756745
2007-04-17,11.720306
2007-04-18,11.799879
2007-04-19,11.691798
2007-04-20,11.960264
2007-04-23,11.875981
2007-04-24,11.837557
2007-04-25,11.848960
2007-04-26,11.928039
2007-04-27,11.874246
2007-04-30,11.685104
2007-05-01,11.626107
2007-05-02,11.546285
2007-05-03,11.730965
2007-05-04,11.678660
2007-05-07,11.583220
2007-05-08,11.571818
2007-05-09,11.632304
2007-05-10,11.439445
2007-05-11,11.570083
2007-05-14,11.447128
2007-05-15,11.353427
2007-05-16,11.715596
2007-05-17,11.674693
2007-05-18,11.658829
2007-05-21,11.665768
2007-05-22,11.796160
2007-05-23,11.749309
2007-05-24,11.758233
2007-05-25,11.986044
2007-05-29,12.075038
2007-05-30,12.359865
2007-05-31,12.342759
2007-06-01,12.404486
2007-06-04,12.569827
2007-06-05,12.861598
2007-06-06,12.846970
2007-06-07,12.767895
2007-06-08,12.778553
2007-06-11,12.675678
2007-06-12,12.512815
2007-06-13,12.524467
2007-06-14,12.464971
2007-06-15,12.540578
2007-06-18,12.771363
2007-06-19,12.749302
2007-06-20,12.641716
2007-06-21,12.744345
2007-06-22,13.013803
2007-06-25,13.074288
2007-06-26,13.144690
2007-06-27,13.046276
2007-06-28,13.014544
2007-06-29,12.957284
2007-07-02,13.147664
2007-07-03,13.245829
2007-07-05,13.426542
2007-07-06,13.371259
2007-07-09,13.449595
2007-07-10,13.468931
2007-07-11,13.496943
2007-07-12,13.518262
2007-07-13,13.687570
2007-07-16,13.708145
2007-07-17,13.757974
2007-07-18,13.621633
2007-07-19,13.599073
2007-07-20,12.893326
2007-07-23,12.704682
2007-07-24,12.741615
2007-07-25,12.636511
2007-07-26,12.592883
2007-07-27,12.689312
2007-07-30,12.793922
2007-07-31,12.642463
2007-08-01,12.715342
2007-08-02,12.667498
2007-08-03,12.468938
2007-08-06,12.642463
2007-08-07,12.791692
2007-08-08,13.033632
2007-08-09,12.759713
2007-08-10,12.784999
2007-08-13,12.778801
2007-08-14,12.607756
2007-08-15,12.333837
2007-08-16,12.184357
2007-08-17,12.395562
2007-08-20,12.343007
2007-08-21,12.558426
2007-08-22,12.710631
2007-08-23,12.696749
2007-08-24,12.766405
2007-08-27,12.723273
2007-08-28,12.553221
2007-08-29,12.713855
2007-08-30,12.677167
2007-08-31,12.772604
2007-09-04,13.018018
2007-09-05,13.083709
2007-09-06,12.977609
2007-09-07,12.874240
2007-09-10,12.753517
2007-09-11,12.923322
2007-09-12,12.956043
2007-09-13,13.008845
2007-09-14,13.107258
2007-09-17,13.021735
2007-09-18,13.268885
2007-09-19,13.555942
2007-09-20,13.704182
2007-09-21,13.884396
2007-09-24,14.080728
2007-09-25,14.105020
2007-09-26,14.084196
2007-09-27,14.067837
2007-09-28,14.062135
2007-10-01,14.440914
2007-10-02,14.486526
2007-10-03,14.477351
2007-10-04,14.353656
2007-10-05,14.725987
2007-10-08,15.111957
2007-10-09,15.249784
2007-10-10,15.502880
2007-10-11,15.418845
2007-10-12,15.800348
2007-10-15,15.371992
2007-10-16,15.270108
2007-10-17,15.703423
2007-10-18,15.855632
2007-10-19,15.981805
2007-10-22,16.131529
2007-10-23,16.751757
2007-10-24,16.752996
2007-10-25,16.571787
2007-10-26,16.722755
2007-10-29,16.837526
2007-10-30,17.222750
2007-10-31,17.525923
2007-11-01,17.431973
2007-11-02,17.631275
2007-11-05,17.988237
2007-11-06,18.388336
2007-11-07,18.168951
2007-11-08,17.199696
2007-11-09,16.459244
2007-11-12,15.668471
2007-11-13,16.374466
2007-11-14,15.906696
2007-11-15,15.608482
2007-11-16,15.707143
2007-11-19,15.514282
2007-11-20,16.076748
2007-11-21,16.373722
2007-11-23,16.774807
2007-11-26,16.509567
2007-11-27,16.697222
2007-11-28,17.160526
2007-11-29,17.278030
2007-11-30,17.178877
2007-12-03,16.894541
2007-12-04,16.959738
2007-12-05,17.315460
2007-12-06,17.730679
2007-12-07,17.721014
2007-12-10,17.809013
2007-12-11,17.332565
2007-12-12,17.336283
2007-12-13,17.204903
2007-12-14,17.103514
2007-12-17,16.589638
2007-12-18,16.691767
2007-12-19,16.791416
2007-12-20,17.096819
2007-12-21,17.270348
2007-12-24,17.370493
2007-12-26,17.621113
2007-12-27,17.370743
2007-12-28,17.415113
2007-12-31,17.141195
2008-01-02,16.985268
2008-01-03,16.988737
2008-01-04,16.286467
2008-01-07,16.094351
2008-01-08,15.658805
2008-01-09,16.192265
2008-01-10,16.031881
2008-01-11,15.821669
2008-01-14,16.207636
2008-01-15,15.806792
2008-01-16,15.268870
2008-01-17,14.893067
2008-01-18,14.879680
2008-01-22,14.485533
2008-01-23,13.599816
2008-01-24,14.241114
2008-01-25,14.040568
2008-01-28,13.782265
2008-01-29,13.646916
2008-01-30,13.591141
2008-01-31,13.988512
2008-02-01,12.788718
2008-02-04,12.281282
2008-02-05,12.563136
2008-02-06,12.436960
2008-02-07,12.517275
2008-02-08,12.808301
2008-02-11,12.919107
2008-02-12,12.843004
2008-02-13,13.252769
2008-02-14,13.194021
2008-02-15,13.129320
2008-02-19,12.616432
2008-02-20,12.617672
2008-02-21,12.465467
2008-02-22,12.587926
2008-02-25,12.058429
2008-02-26,11.506870
2008-02-27,11.721792
2008-02-28,11.784511
2008-02-29,11.680147
2008-03-03,11.329133
2008-03-04,11.021252
2008-03-05,11.098099
2008-03-06,10.726261
2008-03-07,10.742373
2008-03-10,10.253284
2008-03-11,10.903255
2008-03-12,10.911683
2008-03-13,10.981837
2008-03-14,10.855660
2008-03-17,10.408217
2008-03-18,10.886399
2008-03-19,10.708908
2008-03-20,10.747332
2008-03-24,11.416886
2008-03-25,11.174449
2008-03-26,11.358136
2008-03-27,11.008362
2008-03-28,10.859626
2008-03-31,10.918872
2008-04-01,11.544548
2008-04-02,11.544302
2008-04-03,11.282033
2008-04-04,11.677915
2008-04-07,11.819956
2008-04-08,11.596607
2008-04-09,11.506870
2008-04-10,11.628089
2008-04-11,11.339791
2008-04-14,11.196262
2008-04-15,11.076779
2008-04-16,11.279803
2008-04-17,11.143711
2008-04-18,13.371509
2008-04-21,13.331349
2008-04-22,13.757974
2008-04-23,13.547016
2008-04-24,13.461495
2008-04-25,13.486780
2008-04-28,13.686580
2008-04-29,13.843991
2008-04-30,14.236157
2008-05-01,14.701942
2008-05-02,14.409678
2008-05-05,14.747060
2008-05-06,14.535360
2008-05-07,14.352910
2008-05-08,14.452316
2008-05-09,14.209135
2008-05-12,14.500158
2008-05-13,14.452068
2008-05-14,14.285982
2008-05-15,14.402489
2008-05-16,14.379436
2008-05-19,14.316222
2008-05-20,14.342996
2008-05-21,13.633779
2008-05-22,13.620640
2008-05-23,13.500661
2008-05-27,13.904228
2008-05-28,14.086180
2008-05-29,14.452068
2008-05-30,14.521478
2008-06-02,14.253756
2008-06-03,14.062879
2008-06-04,14.184842
2008-06-05,14.533872
2008-06-06,14.055441
2008-06-09,13.829118
2008-06-10,13.737397
2008-06-11,13.515037
2008-06-12,13.707155
2008-06-13,14.167240
2008-06-16,14.199469
2008-06-17,14.116424
2008-06-18,13.940916
2008-06-19,13.886876
2008-06-20,13.545530
2008-06-23,13.515286
2008-06-24,13.443150
2008-06-25,13.658816
2008-06-26,13.108993
2008-06-27,13.090400
2008-06-30,13.049500
2008-07-01,13.255496
2008-07-02,13.064868
2008-07-03,13.311768
2008-07-07,13.483059
2008-07-08,13.746321
2008-07-09,13.424559
2008-07-10,13.400265
2008-07-11,13.232444
2008-07-14,12.930511
2008-07-15,12.793427
2008-07-16,13.277063
2008-07-17,13.223516
2008-07-18,11.931509
2008-07-21,11.621148
2008-07-22,11.827146
2008-07-23,12.127342
2008-07-24,11.790209
2008-07-25,12.195761
2008-07-28,11.827394
2008-07-29,11.975882
2008-07-30,11.965718
2008-07-31,11.743855
2008-08-01,11.597847
2008-08-04,11.477372
2008-08-05,11.895069
2008-08-06,12.055951
2008-08-07,11.876973
2008-08-08,12.270873
2008-08-11,12.415393
2008-08-12,12.459270
2008-08-13,12.395313
2008-08-14,12.530663
2008-08-15,12.646178
2008-08-18,12.352428
2008-08-19,12.159072
2008-08-20,12.022732
2008-08-21,12.060659
2008-08-22,12.161305
2008-08-25,11.973401
2008-08-26,11.754020
2008-08-27,11.615694
2008-08-28,11.744598
2008-08-29,11.484561
2008-09-02,11.533148
2008-09-03,11.512324
2008-09-04,11.161559
2008-09-05,11.012574
2008-09-08,10.410199
2008-09-09,10.378221
2008-09-10,10.266669
2008-09-11,10.752289
2008-09-12,10.849215
2008-09-15,10.755014
2008-09-16,10.979853
2008-09-17,10.274852
2008-09-18,10.884417
2008-09-19,11.134042
2008-09-22,10.662800
2008-09-23,10.641233
2008-09-24,10.786004
2008-09-25,10.897306
2008-09-26,10.685110
2008-09-29,9.444663
2008-09-30,9.928546
2008-10-01,10.206182
2008-10-02,9.679913
2008-10-03,9.591166
2008-10-06,9.201977
2008-10-07,8.577290
2008-10-08,8.381454
2008-10-09,8.155130
2008-10-10,8.229995
2008-10-13,9.445157
2008-10-14,8.991270
2008-10-15,8.407733
2008-10-16,8.751061
2008-10-17,9.234946
2008-10-20,9.403016
2008-10-21,8.992261
2008-10-22,8.816753
2008-10-23,8.733709
2008-10-24,8.410707
2008-10-27,8.167774
2008-10-28,9.140995
2008-10-29,8.874512
2008-10-30,8.916406
2008-10-31,8.908225
2008-11-03,8.589189
2008-11-04,9.096128
2008-11-05,8.483835
2008-11-06,8.210658
2008-11-07,8.208675
2008-11-10,7.902282
2008-11-11,7.720825
2008-11-12,7.213639
2008-11-13,7.736195
2008-11-14,7.685129
2008-11-17,7.439716
2008-11-18,7.372787
2008-11-19,6.945421
2008-11-20,6.434268
2008-11-21,6.505414
2008-11-24,6.381715
2008-11-25,6.991776
2008-11-26,7.240660
2008-11-28,7.262225
2008-12-01,6.593663
2008-12-02,6.819741
2008-12-03,6.926830
2008-12-04,6.800652
2008-12-05,7.039867
2008-12-08,7.489046
2008-12-09,7.584733
2008-12-10,7.655382
2008-12-11,7.442194
2008-12-12,7.827419
2008-12-15,7.701243
2008-12-16,8.063412
2008-12-17,7.814528
2008-12-18,7.691575
2008-12-19,7.688848
2008-12-22,7.365101
2008-12-23,7.387660
2008-12-24,7.509870
2008-12-26,7.445667
2008-12-29,7.372787
2008-12-30,7.513835
2008-12-31,7.626379
2009-01-02,7.965246
2009-01-05,8.132077
2009-01-06,8.281059
2009-01-07,7.982349
2009-01-08,8.061180
2009-01-09,7.810315
2009-01-12,7.751316
2009-01-13,7.791723
2009-01-14,7.460787
2009-01-15,7.411705
2009-01-16,7.428561
2009-01-20,7.009129
2009-01-21,7.513093
2009-01-22,7.597871
2009-01-23,8.049032
2009-01-26,8.028460
2009-01-27,8.217104
2009-01-28,8.643229
2009-01-29,8.510607
2009-01-30,8.391868
2009-02-02,8.442436
2009-02-03,8.439462
2009-02-04,8.502677
2009-02-05,8.768414
2009-02-06,9.203711
2009-02-09,9.389382
2009-02-10,8.887155
2009-02-11,8.875504
2009-02-12,8.999695
2009-02-13,8.866580
2009-02-17,8.494245
2009-02-18,8.753293
2009-02-19,8.493752
2009-02-20,8.588199
2009-02-23,8.181904
2009-02-24,8.563408
2009-02-25,8.468962
2009-02-26,8.358402
2009-02-27,8.378481
2009-03-02,8.110014
2009-03-03,8.068370
2009-03-04,7.905753
2009-03-05,7.576553
2009-03-06,7.649185
2009-03-09,7.210913
2009-03-10,7.639269
2009-03-11,7.880716
2009-03-12,8.020029
2009-03-13,8.042092
2009-03-16,7.924839
2009-03-17,8.312791
2009-03-18,8.257262
2009-03-19,8.178928
2009-03-20,8.184381
2009-03-23,8.641495
2009-03-24,8.606045
2009-03-25,8.529199
2009-03-26,8.757756
2009-03-27,8.619184
2009-03-30,8.494990
2009-03-31,8.628107
2009-04-01,8.777586
2009-04-02,8.986063
2009-04-03,9.166529
2009-04-06,9.128352
2009-04-07,8.890627
2009-04-08,8.973669
2009-04-09,9.233954
2009-04-13,9.373020
2009-04-14,9.144963
2009-04-15,9.407478
2009-04-16,9.636530
2009-04-17,9.723292
2009-04-20,9.402521
2009-04-21,9.456314
2009-04-22,9.515559
2009-04-23,9.536133
2009-04-24,9.655122
2009-04-27,9.567368
2009-04-28,9.511841
2009-04-29,9.704206
2009-04-30,9.815755
2009-05-01,9.759236
2009-05-04,9.964739
2009-05-05,9.989775
2009-05-06,10.001674
2009-05-07,9.831620
2009-05-08,10.097361
2009-05-11,10.113475
2009-05-12,9.891115
2009-05-13,9.656361
2009-05-14,9.605791
2009-05-15,9.667763
2009-05-18,9.837321
2009-05-19,9.887891
2009-05-20,9.845748
2009-05-21,9.828894
2009-05-22,9.754525
2009-05-26,10.023736
2009-05-27,10.053481
2009-05-28,10.173463
2009-05-29,10.342772
2009-06-01,10.574055
2009-06-02,10.619667
2009-06-03,10.700231
2009-06-04,10.914162
2009-06-05,11.014310
2009-06-08,10.876731
2009-06-09,10.798644
2009-06-10,10.723783
2009-06-11,10.634541
2009-06-12,10.531419
2009-06-15,10.331370
2009-06-16,10.312283
2009-06-17,10.291459
2009-06-18,10.264193
2009-06-19,10.413671
2009-06-22,10.097856
2009-06-23,10.056458
2009-06-24,10.145945
2009-06-25,10.306582
2009-06-26,10.543317
2009-06-29,10.514066
2009-06-30,10.450852
2009-07-01,10.386402
2009-07-02,10.126115
2009-07-06,10.153879
2009-07-07,9.832118
2009-07-08,9.977382
2009-07-09,10.173213
2009-07-10,10.272619
2009-07-13,10.518032
2009-07-14,10.527699
2009-07-15,10.861856
2009-07-16,10.971673
2009-07-17,10.665527
2009-07-20,10.663544
2009-07-21,10.607273
2009-07-22,10.602068
2009-07-23,10.841281
2009-07-24,11.073805
2009-07-27,11.026211
2009-07-28,10.903503
2009-07-29,10.814014
2009-07-30,11.047032
2009-07-31,10.982826
2009-08-03,11.209899
2009-08-04,11.247576
2009-08-05,11.183372
2009-08-06,11.164038
2009-08-07,11.331116
2009-08-10,11.318969
2009-08-11,11.252783
2009-08-12,11.367803
2009-08-13,11.459524
2009-08-14,11.403005
2009-08-17,11.028439
2009-08-18,11.038107
2009-08-19,11.005634
2009-08-20,11.413169
2009-08-21,11.532899
2009-08-24,11.619414
2009-08-25,11.684856
2009-08-26,11.601317
2009-08-27,11.553226
2009-08-28,11.520751
2009-08-31,11.444401
2009-09-01,11.297898
2009-09-02,11.229730
2009-09-03,11.341525
2009-09-04,11.435229
2009-09-08,11.368794
2009-09-09,11.501416
2009-09-10,11.674198
2009-09-11,11.703945
2009-09-14,11.777814
2009-09-15,11.837806
2009-09-16,12.104287
2009-09-17,12.189314
2009-09-18,12.182870
2009-09-21,12.320201
2009-09-22,12.371268
2009-09-23,12.356395
2009-09-24,12.314499
2009-09-25,12.208153
2009-09-28,12.358130
2009-09-29,12.358130
2009-09-30,12.291696
2009-10-01,12.077269
2009-10-02,12.012321
2009-10-05,12.109990
2009-10-06,12.363335
2009-10-07,12.829370
2009-10-08,12.746078
2009-10-09,12.797393
2009-10-12,12.990499
2009-10-13,13.041813
2009-10-14,13.270121
2009-10-15,13.136014
2009-10-16,13.630310
2009-10-19,13.685835
2009-10-20,13.676664
2009-10-21,13.661294
2009-10-22,13.735413
2009-10-23,13.725496
2009-10-26,13.738390
2009-10-27,13.591638
2009-10-28,13.393572
2009-10-29,13.660055
2009-10-30,13.289951
2009-11-02,13.237153
2009-11-03,13.318954
2009-11-04,13.394317
2009-11-05,13.600563
2009-11-06,13.661294
2009-11-09,13.944139
2009-11-10,14.049493
2009-11-11,14.143691
2009-11-12,14.076513
2009-11-13,14.180628
2009-11-16,14.285485
2009-11-17,14.315479
2009-11-18,14.294658
2009-11-19,14.203929
2009-11-20,14.128817
2009-11-23,14.435954
2009-11-24,14.454299
2009-11-25,14.519992
2009-11-27,14.371750
2009-11-30,14.452068
2009-12-01,14.622369
2009-12-02,14.563867
2009-12-03,14.519992
2009-12-04,14.501895
2009-12-07,14.532633
2009-12-08,14.552463
2009-12-09,14.601298
2009-12-10,14.662774
2009-12-11,14.638236
2009-12-14,14.767632
2009-12-15,14.703429
2009-12-16,14.817955
2009-12-17,14.723260
2009-12-18,14.784739
2009-12-21,14.840762
2009-12-22,14.901246
2009-12-23,15.163020
2009-12-24,15.331584
2009-12-28,15.440409
2009-12-29,15.354393
2009-12-30,15.436941
2009-12-31,15.368771
2010-01-04,15.536592
2010-01-05,15.468175
2010-01-06,15.078240
2010-01-07,14.727228
2010-01-08,14.923556
2010-01-11,14.901001
2010-01-12,14.637492
2010-01-13,14.553457
2010-01-14,14.621875
2010-01-15,14.377700
2010-01-19,14.566592
2010-01-20,14.387865
2010-01-21,14.451573
2010-01-22,13.634274
2010-01-25,13.386134
2010-01-26,13.446124
2010-01-27,13.438192
2010-01-28,13.244589
2010-01-29,13.136757
2010-02-01,13.213107
2010-02-02,13.166008
2010-02-03,13.406462
2010-02-04,13.058423
2010-02-05,13.170222
2010-02-08,13.224262
2010-02-09,13.297886
2010-02-10,13.248555
2010-02-11,13.296894
2010-02-12,13.215587
2010-02-16,13.418364
2010-02-17,13.341763
2010-02-18,13.465957
2010-02-19,13.404976
2010-02-22,13.455546
2010-02-23,13.263925
2010-02-24,13.174684
2010-02-25,13.049746
2010-02-26,13.058919
2010-03-01,13.204928
2010-03-02,13.412413
2010-03-03,13.518013
2010-03-04,13.747808
2010-03-05,13.986279
2010-03-08,13.943394
2010-03-09,13.886629
2010-03-10,14.289700
2010-03-11,14.405961
2010-03-12,14.366297
2010-03-15,13.960749
2010-03-16,14.010821
2010-03-17,14.019746
2010-03-18,14.040568
2010-03-19,13.881919
2010-03-22,13.819946
2010-03-23,13.609236
2010-03-24,13.815733
2010-03-25,13.953312
2010-03-26,13.948600
2010-03-29,13.942652
2010-03-30,14.048254
2010-03-31,14.058416
2010-04-01,14.100062
2010-04-05,14.154848
2010-04-06,14.085685
2010-04-07,13.969672
2010-04-08,14.067588
2010-04-09,14.036106
2010-04-12,14.197484
2010-04-13,14.545525
2010-04-14,14.600804
2010-04-15,14.756973
2010-04-16,13.637747
2010-04-19,13.636505
2010-04-20,13.758965
2010-04-21,13.740620
2010-04-22,13.561147
2010-04-23,13.509832
2010-04-26,13.178897
2010-04-27,13.114943
2010-04-28,13.118165
2010-04-29,13.187820
2010-04-30,13.031651
2010-05-03,13.153117
2010-05-04,12.552476
2010-05-05,12.636511
2010-05-06,12.361601
2010-05-07,12.224518
2010-05-10,12.931254
2010-05-11,12.618910
2010-05-12,12.528182
2010-05-13,12.664277
2010-05-14,12.581231
2010-05-17,12.592139
2010-05-18,12.354163
2010-05-19,12.256495
2010-05-20,11.775090
2010-05-21,11.701714
2010-05-24,11.828384
2010-05-25,11.826156
2010-05-26,11.786493
2010-05-27,12.158082
2010-05-28,12.038350
2010-06-01,11.957536
2010-06-02,12.230219
2010-06-03,12.533387
2010-06-04,12.362840
2010-06-07,12.035624
2010-06-08,12.017279
2010-06-09,11.750547
2010-06-10,12.072557
2010-06-11,12.109493
2010-06-14,11.977864
2010-06-15,12.344742
2010-06-16,12.426051
2010-06-17,12.396552
2010-06-18,12.395313
2010-06-21,12.110981
2010-06-22,12.053719
2010-06-23,11.949602
2010-06-24,11.777321
2010-06-25,11.717330
2010-06-28,11.702456
2010-06-29,11.260715
2010-06-30,11.029926
2010-07-01,10.894578
2010-07-02,10.821699
2010-07-06,10.809801
2010-07-07,11.160071
2010-07-08,11.317728
2010-07-09,11.588675
2010-07-12,11.795417
2010-07-13,12.126845
2010-07-14,12.179895
2010-07-15,12.246329
2010-07-16,11.393337
2010-07-19,11.556199
2010-07-20,11.938202
2010-07-21,11.836813
2010-07-22,12.018023
2010-07-23,12.148167
2010-07-26,12.121144
2010-07-27,12.211874
2010-07-28,12.006619
2010-07-29,12.022485
2010-07-30,12.019014
2010-08-02,12.156843
2010-08-03,12.142465
2010-08-04,12.551237
2010-08-05,12.595361
2010-08-06,12.400023
2010-08-09,12.527189
2010-08-10,12.486537
2010-08-11,12.189813
2010-08-12,12.196505
2010-08-13,12.056200
2010-08-16,12.037358
2010-08-17,12.159569
2010-08-18,11.952084
2010-08-19,11.600574
2010-08-20,11.453079
2010-08-23,11.503896
2010-08-24,11.189569
2010-08-25,11.269641
2010-08-26,11.179406
2010-08-27,11.374001
2010-08-30,11.221796
2010-08-31,11.155608
2010-09-01,11.411184
2010-09-02,11.481832
2010-09-03,11.658332
2010-09-07,11.512077
2010-09-08,11.665275
2010-09-09,11.804091
2010-09-10,11.803102
2010-09-13,11.955059
2010-09-14,11.909448
2010-09-15,11.914649
2010-09-16,11.925065
2010-09-17,12.150396
2010-09-20,12.599822
2010-09-21,12.728230
2010-09-22,12.791197
2010-09-23,12.728727
2010-09-24,13.071065
2010-09-27,13.148408
2010-09-28,13.068089
2010-09-29,13.080979
2010-09-30,13.033881
2010-10-01,13.029668
2010-10-04,12.948608
2010-10-05,13.342257
2010-10-06,13.246077
2010-10-07,13.138494
2010-10-08,13.295652
2010-10-11,13.357379
2010-10-12,13.420590
2010-10-13,13.467940
2010-10-14,13.409190
2010-10-15,14.909427
2010-10-18,15.312499
2010-10-19,15.067582
2010-10-20,15.071301
2010-10-21,15.170704
2010-10-22,15.184091
2010-10-25,15.282503
2010-10-26,15.334563
2010-10-27,15.281760
2010-10-28,15.334065
2010-10-29,15.213095
2010-11-01,15.245321
2010-11-02,15.260194
2010-11-03,15.373728
2010-11-04,15.475116
2010-11-05,15.495195
2010-11-08,15.537089
2010-11-09,15.488751
2010-11-10,15.440659
2010-11-11,15.299610
2010-11-12,14.955040
2010-11-15,14.761190
2010-11-16,14.469916
2010-11-17,14.465701
2010-11-18,14.788207
2010-11-19,14.646168
2010-11-22,14.655834
2010-11-23,14.452316
2010-11-24,14.748794
2010-11-26,14.625590
2010-11-29,14.430005
2010-11-30,13.775572
2010-12-01,13.989751
2010-12-02,14.174926
2010-12-03,14.204177
2010-12-06,14.337046
2010-12-07,14.554696
2010-12-08,14.638979
2010-12-09,14.662774
2010-12-10,14.680377
2010-12-13,14.740118
2010-12-14,14.747307
2010-12-15,14.633028
2010-12-16,14.667982
2010-12-17,14.645426
2010-12-20,14.751024
2010-12-21,14.949587
2010-12-22,15.009575
2010-12-23,14.978341
2010-12-27,14.932483
2010-12-28,14.846712
2010-12-29,14.898273
2010-12-30,14.845224
2010-12-31,14.724006
2011-01-03,14.981315
2011-01-04,14.926035
2011-01-05,15.098320
2011-01-06,15.208137
2011-01-07,15.281015
2011-01-10,15.225738
2011-01-11,15.270358
2011-01-12,15.291677
2011-01-13,15.287214
2011-01-14,15.472884
2011-01-18,15.855878
2011-01-19,15.660540
2011-01-20,15.537089
2011-01-21,15.166739
2011-01-24,15.148147
2011-01-25,15.367034
2011-01-26,15.282503
2011-01-27,15.289694
2011-01-28,14.898024
2011-01-31,14.882407
2011-02-01,15.147155
2011-02-02,15.170953
2011-02-03,15.125093
2011-02-04,15.145669
2011-02-07,15.227720
2011-02-08,15.329107
2011-02-09,15.282503
2011-02-10,15.281015
2011-02-11,15.480819
2011-02-14,15.571298
2011-02-15,15.472141
2011-02-16,15.473877
2011-02-17,15.499659
2011-02-18,15.619142
2011-02-22,15.126582
2011-02-23,15.154096
2011-02-24,15.092125
2011-02-25,15.122367
2011-02-28,15.205657
2011-03-01,14.892323
2011-03-02,14.893067
2011-03-03,15.110468
2011-03-04,14.888852
2011-03-07,14.666742
2011-03-08,14.682854
2011-03-09,14.669468
2011-03-10,14.385136
2011-03-11,14.296144
2011-03-14,14.129560
2011-03-15,14.118902
2011-03-16,13.810027
2011-03-17,13.915630
2011-03-18,13.908195
2011-03-21,14.290938
2011-03-22,14.311265
2011-03-23,14.431245
2011-03-24,14.548497
2011-03-25,14.371256
2011-03-28,14.262681
2011-03-29,14.420586
2011-03-30,14.423312
2011-03-31,14.545277
2011-04-01,14.670211
2011-04-04,14.568082
2011-04-05,14.107252
2011-04-06,14.233428
2011-04-07,14.377700
2011-04-08,14.332088
2011-04-11,14.312506
2011-04-12,14.144931
2011-04-13,14.285485
2011-04-14,14.340765
2011-04-15,13.155596
2011-04-18,13.059911
2011-04-19,12.928279
2011-04-20,13.032393
2011-04-21,13.016778
2011-04-25,13.015539
2011-04-26,13.208151
2011-04-27,13.330606
2011-04-28,13.335814
2011-04-29,13.487769
2011-05-02,13.350439
2011-05-03,13.234674
2011-05-04,13.281774
2011-05-05,13.244094
2011-05-06,13.269627
2011-05-09,13.328625
2011-05-10,13.452076
2011-05-11,13.273344
2011-05-12,13.263429
2011-05-13,13.127089
2011-05-16,12.851185
2011-05-17,13.149646
2011-05-18,13.133533
2011-05-19,13.169232
2011-05-20,12.990252
2011-05-23,12.850441
2011-05-24,12.847218
2011-05-25,12.882172
2011-05-26,12.843996
2011-05-27,12.912663
2011-05-31,13.113952
2011-06-01,13.029173
2011-06-02,13.090153
2011-06-03,12.966702
2011-06-06,12.916630
2011-06-07,12.866306
2011-06-08,12.869777
2011-06-09,12.809292
2011-06-10,12.630313
2011-06-13,12.511823
2011-06-14,12.602057
2011-06-15,12.467696
2011-06-16,12.403741
2011-06-17,12.023229
2011-06-20,12.012321
2011-06-21,12.221045
2011-06-22,12.072557
2011-06-23,11.904241
2011-06-24,11.771867
2011-06-27,11.968197
2011-06-28,12.237159
2011-06-29,12.334332
2011-06-30,12.552724
2011-07-01,12.915884
2011-07-05,13.198729
2011-07-06,13.271111
2011-07-07,13.549744
2011-07-08,13.187574
2011-07-11,13.070816
2011-07-12,13.237647
2011-07-13,13.343001
2011-07-14,13.111968
2011-07-15,14.814486
2011-07-18,14.748051
2011-07-19,14.936695
2011-07-20,14.758213
2011-07-21,15.046762
2011-07-22,15.325390
2011-07-25,15.343982
2011-07-26,15.431736
2011-07-27,15.052463
2011-07-28,15.144676
2011-07-29,14.964953
2011-08-01,15.041306
2011-08-02,14.685085
2011-08-03,14.902487
2011-08-04,14.316222
2011-08-05,14.353903
2011-08-08,13.535366
2011-08-09,14.214340
2011-08-10,13.609486
2011-08-11,13.934718
2011-08-12,13.975373
2011-08-15,13.813253
2011-08-16,13.361345
2011-08-17,13.216329
2011-08-18,12.515540
2011-08-19,12.169483
2011-08-22,12.349205
2011-08-23,12.861101
2011-08-24,12.971909
2011-08-25,12.891345
2011-08-26,13.060406
2011-08-29,13.363327
2011-08-30,13.403488
2011-08-31,13.409933
2011-09-01,13.200216
2011-09-02,13.010332
2011-09-06,12.944393
2011-09-07,13.238144
2011-09-08,13.261197
2011-09-09,13.010579
2011-09-12,13.141219
2011-09-13,13.126346
2011-09-14,13.189557
2011-09-15,13.449595
2011-09-16,13.551728
2011-09-19,13.551478
2011-09-20,13.550488
2011-09-21,13.366304
2011-09-22,12.906713
2011-09-23,13.026939
2011-09-26,13.185097
2011-09-27,13.369773
2011-09-28,13.109488
2011-09-29,13.076272
2011-09-30,12.767398
2011-10-03,12.283514
2011-10-04,12.441669
2011-10-05,12.511079
2011-10-06,12.759217
2011-10-07,12.769382
2011-10-10,13.315982
2011-10-11,13.464965
2011-10-12,13.596843
2011-10-13,13.856882
2011-10-14,14.667238
2011-10-17,14.437442
2011-10-18,14.638236
2011-10-19,14.395053
2011-10-20,14.468678
2011-10-21,14.637738
2011-10-24,14.784739
2011-10-25,14.456035
2011-10-26,14.534122
2011-10-27,14.840514
2011-10-28,14.876954
2011-10-31,14.691034
2011-11-01,14.344236
2011-11-02,14.497184
2011-11-03,14.811510
2011-11-04,14.777797
2011-11-07,15.079976
2011-11-08,15.179381
2011-11-09,14.897033
2011-11-10,14.751520
2011-11-11,15.080473
2011-11-14,15.195743
2011-11-15,15.283991
2011-11-16,15.157814
2011-11-17,14.895049
2011-11-18,14.746562
2011-11-21,14.401002
2011-11-22,14.377700
2011-11-23,14.132537
2011-11-25,13.956285
2011-11-28,14.580723
2011-11-29,14.450333
2011-11-30,14.858362
2011-12-01,15.214830
2011-12-02,15.378190
2011-12-05,15.509326
2011-12-06,15.462722
2011-12-07,15.453302
2011-12-08,15.271349
2011-12-09,15.553202
2011-12-12,15.502880
2011-12-13,15.508828
2011-12-14,15.321424
2011-12-15,15.357864
2011-12-16,15.517011
2011-12-19,15.414630
2011-12-20,15.626331
2011-12-21,15.513539
2011-12-22,15.609721
2011-12-23,15.694995
2011-12-27,15.871247
2011-12-28,15.857612
2011-12-29,15.924541
2011-12-30,16.011307
2012-01-03,16.494944
2012-01-04,16.566088
2012-01-05,16.336288
2012-01-06,16.113438
2012-01-09,15.430247
2012-01-10,15.447104
2012-01-11,15.517011
2012-01-12,15.608233
2012-01-13,15.492965
2012-01-17,15.581957
2012-01-18,15.689294
2012-01-19,15.854388
2012-01-20,14.526188
2012-01-23,14.514537
2012-01-24,14.400755
2012-01-25,14.117167
2012-01-26,14.082710
2012-01-27,14.377206
2012-01-30,14.320438
2012-01-31,14.380427
2012-02-01,14.398274
2012-02-02,14.504373
2012-02-03,14.782505
2012-02-06,15.098817
2012-02-07,15.041306
2012-02-08,15.117657
2012-02-09,15.157567
2012-02-10,15.019987
2012-02-13,15.175910
2012-02-14,15.115426
2012-02-15,15.011311
2012-02-16,15.035108
2012-02-17,14.988504
2012-02-21,15.220531
2012-02-22,15.070309
2012-02-23,15.024945
2012-02-24,15.118895
2012-02-27,15.104270
2012-02-28,15.329355
2012-02-29,15.325885
2012-03-01,15.428760
2012-03-02,15.400252
2012-03-05,15.226730
2012-03-06,14.996439
2012-03-07,15.042050
2012-03-08,15.050478
2012-03-09,14.879680
2012-03-12,15.001149
2012-03-13,15.314233
2012-03-14,15.269862
2012-03-15,15.397277
2012-03-16,15.494204
2012-03-19,15.715817
2012-03-20,15.703672
2012-03-21,15.864553
2012-03-22,16.015022
2012-03-23,15.929253
2012-03-26,16.096327
2012-03-27,16.039068
2012-03-28,16.255726
2012-03-29,16.073524
2012-03-30,15.895787
2012-04-02,16.036592
2012-04-03,15.929996
2012-04-04,15.744821
2012-04-05,15.674668
2012-04-09,15.637980
2012-04-10,15.539319
2012-04-11,15.764901
2012-04-12,16.137978
2012-04-13,15.483296
2012-04-16,15.023954
2012-04-17,15.110716
2012-04-18,15.058162
2012-04-19,14.856131
2012-04-20,14.775814
2012-04-23,14.813989
2012-04-24,14.904968
2012-04-25,15.114434
2012-04-26,15.256971
2012-04-27,15.244824
2012-04-30,14.993710
2012-05-01,14.983301
2012-05-02,15.053453
2012-05-03,15.146660
2012-05-04,14.798372
2012-05-07,15.060641
2012-05-08,15.190536
2012-05-09,15.100306
2012-05-10,15.212102
2012-05-11,15.003131
2012-05-14,14.972641
2012-05-15,15.148890
2012-05-16,15.590633
2012-05-17,15.444872
2012-05-18,14.883401
2012-05-21,15.223259
2012-05-22,14.893315
2012-05-23,15.107989
2012-05-24,14.964212
2012-05-25,14.663520
2012-05-29,14.733177
2012-05-30,14.581717
2012-05-31,14.399019
2012-06-01,14.154101
2012-06-04,14.342747
2012-06-05,14.139975
2012-06-06,14.391830
2012-06-07,14.333823
2012-06-08,14.388859
2012-06-11,14.092626
2012-06-12,14.008343
2012-06-13,13.908939
2012-06-14,13.858368
2012-06-15,13.993717
2012-06-18,14.150880
2012-06-19,14.415628
2012-06-20,14.315977
2012-06-21,14.011067
2012-06-22,14.166496
2012-06-25,13.899270
2012-06-26,13.997931
2012-06-27,14.112456
2012-06-28,13.988759
2012-06-29,14.379436
2012-07-02,14.389351
2012-07-03,14.571798
2012-07-05,14.772344
2012-07-06,14.525937
2012-07-09,14.526685
2012-07-10,14.419844
2012-07-11,14.159307
2012-07-12,14.141706
2012-07-13,14.291435
2012-07-16,14.251772
2012-07-17,14.296641
2012-07-18,14.396542
2012-07-19,14.701447
2012-07-20,15.141702
2012-07-23,15.257964
2012-07-24,15.061136
2012-07-25,15.071549
2012-07-26,15.204665
2012-07-27,15.740112
2012-07-30,15.674174
2012-07-31,15.690780
2012-08-01,15.683594
2012-08-02,15.586171
2012-08-03,15.898018
2012-08-06,15.934958
2012-08-07,15.878433
2012-08-08,15.920328
2012-08-09,15.923305
2012-08-10,15.914630
2012-08-13,16.361078
2012-08-14,16.575504
2012-08-15,16.547743
2012-08-16,16.679867
2012-08-17,16.785717
2012-08-20,16.746054
2012-08-21,16.596577
2012-08-22,16.786709
2012-08-23,16.777292
2012-08-24,16.822651
2012-08-27,16.589388
2012-08-28,16.788445
2012-08-29,17.055176
2012-08-30,16.898262
2012-08-31,16.982788
2012-09-04,16.882397
2012-09-05,16.874460
2012-09-06,17.337526
2012-09-07,17.504847
2012-09-10,17.371485
2012-09-11,17.158792
2012-09-12,17.126320
2012-09-13,17.502123
2012-09-14,17.592356
2012-09-17,17.599796
2012-09-18,17.805544
2012-09-19,18.034098
2012-09-20,18.049469
2012-09-21,18.194979
2012-09-24,18.576487
2012-09-25,18.571032
2012-09-26,18.677624
2012-09-27,18.752985
2012-09-28,18.703405
2012-10-01,18.883871
2012-10-02,18.765131
2012-10-03,18.901716
2012-10-04,19.039297
2012-10-05,19.029385
2012-10-08,18.786200
2012-10-09,18.445349
2012-10-10,18.457003
2012-10-11,18.628542
2012-10-12,18.461706
2012-10-15,18.368259
2012-10-16,18.460472
2012-10-17,18.727949
2012-10-18,17.228449
2012-10-19,16.900988
2012-10-22,16.823645
2012-10-23,16.865294
2012-10-24,16.789682
2012-10-25,16.801085
2012-10-26,16.736382
2012-10-31,16.864050
2012-11-01,17.044764
2012-11-02,17.052944
2012-11-05,16.929993
2012-11-06,16.899250
2012-11-07,16.537331
2012-11-08,16.169710
2012-11-09,16.435942
2012-11-12,16.507086
2012-11-13,16.337282
2012-11-14,16.176151
2012-11-15,16.045019
2012-11-16,16.043037
2012-11-19,16.564350
2012-11-20,16.607981
2012-11-21,16.506344
2012-11-23,16.558397
2012-11-26,16.389339
2012-11-27,16.626324
2012-11-28,16.947588
2012-11-29,17.151358
2012-11-30,17.311989
2012-12-03,17.234650
2012-12-04,17.130041
2012-12-05,17.050465
2012-12-06,17.132519
2012-12-07,16.960976
2012-12-10,16.990974
2012-12-11,17.275057
2012-12-12,17.291910
2012-12-13,17.419327
2012-12-14,17.400982
2012-12-17,17.867517
2012-12-18,17.874701
2012-12-19,17.850910
2012-12-20,17.906681
2012-12-21,17.739853
2012-12-24,17.587893
2012-12-26,17.572273
2012-12-27,17.508320
2012-12-28,17.352648
2012-12-31,17.535345
2013-01-02,17.928741
2013-01-03,17.939157
2013-01-04,18.293640
2013-01-07,18.213818
2013-01-08,18.177874
2013-01-09,18.297361
2013-01-10,18.380651
2013-01-11,18.343716
2013-01-14,17.928741
2013-01-15,17.970392
2013-01-16,17.728943
2013-01-17,17.633009
2013-01-18,17.464195
2013-01-22,17.423540
2013-01-23,18.381147
2013-01-24,18.696218
2013-01-25,18.682829
2013-01-28,18.609949
2013-01-29,18.683079
2013-01-30,18.686798
2013-01-31,18.732906
2013-02-01,19.226456
2013-02-04,18.815453
2013-02-05,18.982037
2013-02-06,19.091852
2013-02-07,19.185553
2013-02-08,19.468645
2013-02-11,19.395519
2013-02-12,19.352880
2013-02-13,19.406427
2013-02-14,19.529379
2013-02-15,19.655064
2013-02-19,20.001118
2013-02-20,19.644403
2013-02-21,19.720503
2013-02-22,19.824123
2013-02-25,19.602507
2013-02-26,19.586643
2013-02-27,19.825855
2013-02-28,19.861057
2013-03-01,19.984755
2013-03-04,20.364275
2013-03-05,20.788168
2013-03-06,20.609196
2013-03-07,20.639441
2013-03-08,20.612665
2013-03-11,20.694471
2013-03-12,20.515736
2013-03-13,20.458723
2013-03-14,20.365269
2013-03-15,20.185797
2013-03-18,20.024422
2013-03-19,20.111927
2013-03-20,20.195959
2013-03-21,20.110437
2013-03-22,20.086887
2013-03-25,20.070282
2013-03-26,20.139193
2013-03-27,19.897251
2013-03-28,19.687286
2013-04-01,19.860809
2013-04-02,20.154564
2013-04-03,19.985001
2013-04-04,19.709101
2013-04-05,19.411135
2013-04-08,19.207865
2013-04-09,19.277271
2013-04-10,19.587881
2013-04-11,19.593088
2013-04-12,19.584658
2013-04-15,19.383373
2013-04-16,19.666958
2013-04-17,19.398989
2013-04-18,18.986250
2013-04-19,19.828091
2013-04-22,19.834038
2013-04-23,20.027145
2013-04-24,20.164724
2013-04-25,20.056890
2013-04-26,19.866512
2013-04-29,20.303791
2013-04-30,20.440382
2013-05-01,20.337753
2013-05-02,20.565319
2013-05-03,20.964670
2013-05-06,21.357080
2013-05-07,21.249992
2013-05-08,21.656536
2013-05-09,21.603239
2013-05-10,21.820147
2013-05-13,21.753216
2013-05-14,21.990446
2013-05-15,22.704123
2013-05-16,22.406160
2013-05-17,22.537792
2013-05-20,22.521677
2013-05-21,22.483009
2013-05-22,22.047955
2013-05-23,21.883606
2013-05-24,21.648851
2013-05-28,21.845928
2013-05-29,21.524656
2013-05-30,21.585388
2013-05-31,21.596794
2013-06-03,21.507799
2013-06-04,21.296349
2013-06-05,21.311222
2013-06-06,21.433683
2013-06-07,21.807749
2013-06-10,22.067787
2013-06-11,21.809734
2013-06-12,21.615633
2013-06-13,21.740074
2013-06-14,21.691490
2013-06-17,21.969376
2013-06-18,22.325596
2013-06-19,22.327082
2013-06-20,21.931944
2013-06-21,21.837496
2013-06-24,21.561348
2013-06-25,21.472355
2013-06-26,21.657036
2013-06-27,21.741810
2013-06-28,21.823612
2013-07-01,22.009781
2013-07-02,21.871702
2013-07-03,21.973839
2013-07-05,22.148848
2013-07-08,22.436401
2013-07-09,22.440123
2013-07-10,22.458710
2013-07-11,22.811960
2013-07-12,22.880377
2013-07-15,22.922268
2013-07-16,22.796341
2013-07-17,22.770065
2013-07-18,22.574972
2013-07-19,22.225943
2013-07-22,22.575472
2013-07-23,22.404423
2013-07-24,22.382114
2013-07-25,22.005322
2013-07-26,21.947065
2013-07-29,21.870714
2013-07-30,22.085144
2013-07-31,22.006557
2013-08-01,22.414837
2013-08-02,22.473091
2013-08-05,22.434170
2013-08-06,22.225201
2013-08-07,22.078447
2013-08-08,22.128273
2013-08-09,22.072500
2013-08-12,21.951031
2013-08-13,21.845428
2013-08-14,21.561842
2013-08-15,21.310232
2013-08-16,21.242062
2013-08-19,21.458717
2013-08-20,21.453016
2013-08-21,21.549942
2013-08-22,21.658520
2013-08-23,21.571756
2013-08-26,21.477062
2013-08-27,21.074490
2013-08-28,21.034824
2013-08-29,21.205374
2013-08-30,20.993921
2013-09-03,21.328079
2013-09-04,21.606960
2013-09-05,21.803535
2013-09-06,21.804035
2013-09-09,22.013996
2013-09-10,22.029364
2013-09-11,22.215778
2013-09-12,22.138189
2013-09-13,22.039280
2013-09-16,22.006804
2013-09-17,21.965902
2013-09-18,22.392525
2013-09-19,22.270313
2013-09-20,22.387321
2013-09-23,21.975573
2013-09-24,21.984001
2013-09-25,21.745777
2013-09-26,21.769077
2013-09-27,21.724955
2013-09-30,21.713057
2013-10-01,21.987967
2013-10-02,22.012505
2013-10-03,21.717518
2013-10-04,21.624807
2013-10-07,21.460945
2013-10-08,21.161745
2013-10-09,21.216030
2013-10-10,21.522921
2013-10-11,21.615881
2013-10-14,21.718016
2013-10-15,21.864269
2013-10-16,22.261387
2013-10-17,22.032341
2013-10-18,25.071985
2013-10-21,24.870947
2013-10-22,24.962662
2013-10-23,25.567764
2013-10-24,25.422503
2013-10-25,25.165936
2013-10-28,25.160978
2013-10-29,25.687498
2013-10-30,25.543224
2013-10-31,25.547192
2013-11-01,25.459438
2013-11-04,25.436384
2013-11-05,25.322605
2013-11-06,25.353090
2013-11-07,24.986212
2013-11-08,25.186508
2013-11-11,25.051655
2013-11-12,25.081156
2013-11-13,25.594044
2013-11-14,25.662460
2013-11-15,25.621061
2013-11-18,25.571239
2013-11-19,25.413824
2013-11-20,25.342184
2013-11-21,25.633709
2013-11-22,25.579664
2013-11-25,25.927702
2013-11-26,26.237072
2013-11-27,26.353580
2013-11-29,26.266325
2013-12-02,26.139652
2013-12-03,26.109411
2013-12-04,26.231375
2013-12-05,26.210548
2013-12-06,26.521156
2013-12-09,26.726164
2013-12-10,26.887787
2013-12-11,26.705090
2013-12-12,26.523386
2013-12-13,26.296070
2013-12-16,26.598248
2013-12-17,26.520906
2013-12-18,26.890018
2013-12-19,26.926458
2013-12-20,27.283424
2013-12-23,27.642368
2013-12-24,27.561558
2013-12-26,27.700874
2013-12-27,27.724173
2013-12-30,27.502556
2013-12-31,27.781435
2014-01-02,27.593290
2014-01-03,27.391998
2014-01-06,27.697399
2014-01-07,28.231361
2014-01-08,28.290110
2014-01-09,28.017677
2014-01-10,28.016190
2014-01-13,27.837708
2014-01-14,28.492634
2014-01-15,28.473299
2014-01-16,28.661701
2014-01-17,28.520653
2014-01-21,28.847122
2014-01-22,28.879843
2014-01-23,28.757881
2014-01-24,27.858780
2014-01-27,27.298546
2014-01-28,27.838451
2014-01-29,27.439594
2014-01-30,28.145340
2014-01-31,29.275232
2014-02-03,28.096756
2014-02-04,28.214008
2014-02-05,28.338945
2014-02-06,28.754412
2014-02-07,29.187723
2014-02-10,29.075924
2014-02-11,29.503536
2014-02-12,29.417021
2014-02-13,29.744490
2014-02-14,29.816376
2014-02-18,30.016670
2014-02-19,29.804974
2014-02-20,29.848846
2014-02-21,29.840916
2014-02-24,30.057079
2014-02-25,30.242750
2014-02-26,30.246965
2014-02-27,30.223166
2014-02-28,30.134920
2014-03-03,29.813648
2014-03-04,30.116571
2014-03-05,30.199615
2014-03-06,30.233080
2014-03-07,30.113600
2014-03-10,30.033779
2014-03-11,29.746719
2014-03-12,29.927927
2014-03-13,29.475773
2014-03-14,29.072701
2014-03-17,29.551130
2014-03-18,30.026094
2014-03-19,29.728376
2014-03-20,29.676569
2014-03-21,29.326548
2014-03-24,28.704088
2014-03-25,28.723669
2014-03-26,28.060564
2014-03-27,27.622042
2014-03-28,27.767555
2014-03-31,27.627745
2014-04-01,28.132948
2014-04-02,28.138155
2014-04-03,28.305653
2014-04-04,27.005526
2014-04-07,26.776703
2014-04-08,27.612745
2014-04-09,28.084755
2014-04-10,27.076847
2014-04-11,26.634552
2014-04-14,27.003048
2014-04-15,27.176397
2014-04-16,27.929232
2014-04-17,26.910925
2014-04-21,26.714293
2014-04-22,27.017906
2014-04-23,26.622171
2014-04-24,26.470116
2014-04-25,25.908463
2014-04-28,25.902519
2014-04-29,26.563728
2014-04-30,26.491909
2014-05-01,26.672688
2014-05-02,26.441889
2014-05-05,26.514200
2014-05-06,25.882212
2014-05-07,25.655867
2014-05-08,25.763348
2014-05-09,26.082804
2014-05-12,26.667734
2014-05-13,26.821775
2014-05-14,26.468632
2014-05-15,26.206627
2014-05-16,26.166012
2014-05-19,26.687550
2014-05-20,26.764812
2014-05-21,27.225929
2014-05-22,27.510712
2014-05-23,27.924280
2014-05-27,28.472567
2014-05-28,28.253643
2014-05-29,28.259092
2014-05-30,28.313080
2014-06-02,27.951025
2014-06-03,27.464159
2014-06-04,27.427015
2014-06-05,27.980249
2014-06-06,28.034729
2014-06-09,28.267515
2014-06-10,28.147163
2014-06-11,28.107540
2014-06-12,27.711308
2014-06-13,27.753407
2014-06-16,27.354700
2014-06-17,27.271492
2014-06-18,27.768761
2014-06-19,27.983221
2014-06-20,28.058998
2014-06-23,28.443838
2014-06-24,28.357162
2014-06-25,29.020350
2014-06-26,28.962896
2014-06-27,29.008467
2014-06-30,28.957941
2014-07-01,29.295727
2014-07-02,29.260565
2014-07-03,29.374483
2014-07-07,29.259573
2014-07-08,28.647402
2014-07-09,28.893063
2014-07-10,28.728626
2014-07-11,29.056015
2014-07-14,29.432926
2014-07-15,29.373491
2014-07-16,29.252642
2014-07-17,28.767258
2014-07-18,29.970310
2014-07-21,29.639956
2014-07-22,29.894039
2014-07-23,29.974274
2014-07-24,29.866302
2014-07-25,29.622124
2014-07-28,29.668680
2014-07-29,29.417574
2014-07-30,29.491369
2014-07-31,28.704359
2014-08-01,28.409660
2014-08-04,28.839075
2014-08-05,28.386879
2014-08-06,28.453745
2014-08-07,28.321007
2014-08-08,28.624615
2014-08-11,28.590443
2014-08-12,28.336361
2014-08-13,28.952497
2014-08-14,28.956955
2014-08-15,28.910395
2014-08-18,29.355659
2014-08-19,29.574083
2014-08-20,29.489883
2014-08-21,29.341795
2014-08-22,29.347738
2014-08-25,29.250166
2014-08-26,29.128820
2014-08-27,28.875231
2014-08-28,28.742496
2014-08-29,28.843533
2014-09-02,29.154078
2014-09-03,29.198160
2014-09-04,29.377455
2014-09-05,29.607269
2014-09-08,29.797953
2014-09-09,29.319504
2014-09-10,29.391321
2014-09-11,29.276905
2014-09-12,28.969337
2014-09-15,28.807871
2014-09-16,29.161507
2014-09-17,29.384880
2014-09-18,29.582005
2014-09-19,29.984674
2014-09-22,29.582005
2014-09-23,29.280376
2014-09-24,29.638966
2014-09-25,28.986671
2014-09-26,29.117922
2014-09-29,29.113464
2014-09-30,29.143181
2014-10-01,28.708323
2014-10-02,28.770227
2014-10-03,29.036200
2014-10-06,29.111979
2014-10-07,28.434429
2014-10-08,28.911884
2014-10-09,28.271481
2014-10-10,27.497841
2014-10-13,26.980759
2014-10-14,27.175900
2014-10-15,26.781654
2014-10-16,26.592949
2014-10-17,25.902021
2014-10-20,26.368092
2014-10-21,26.647924
2014-10-22,26.878731
2014-10-23,27.421564
2014-10-24,27.186304
2014-10-27,27.234842
2014-10-28,27.683571
2014-10-29,27.659302
2014-10-30,27.749447
2014-10-31,28.125862
2014-11-03,27.922792
2014-11-04,27.943596
2014-11-05,27.535480
2014-11-06,27.324488
2014-11-07,27.330925
2014-11-10,27.648405
2014-11-11,27.799965
2014-11-12,27.649401
2014-11-13,27.559752
2014-11-14,27.497841
2014-11-17,27.074369
2014-11-18,26.968872
2014-11-19,27.102104
2014-11-20,26.931725
2014-11-21,27.037222
2014-11-24,27.115973
2014-11-25,27.202648
2014-11-26,27.128353
2014-11-28,27.195215
2014-12-01,26.728163
2014-12-02,26.675661
2014-12-03,26.595425
2014-12-04,26.873281
2014-12-05,26.155117
2014-12-08,26.286367
2014-12-09,26.552834
2014-12-10,26.153135
2014-12-11,26.354715
2014-12-12,25.829714
2014-12-15,25.548885
2014-12-16,24.673222
2014-12-17,25.083809
2014-12-18,25.488462
2014-12-19,25.756905
2014-12-22,26.364122
2014-12-23,26.684576
2014-12-24,26.593447
2014-12-26,26.820780
2014-12-29,26.612265
2014-12-30,26.511723
2014-12-31,26.282904
2015-01-02,26.227926
2015-01-05,25.728180
2015-01-06,25.093222
2015-01-07,25.019424
2015-01-08,25.106594
2015-01-09,24.800009
2015-01-12,24.618738
2015-01-13,24.853502
2015-01-14,25.058056
2015-01-15,24.962961
2015-01-16,25.282419
2015-01-20,25.256668
2015-01-21,25.774240
2015-01-22,26.611771
2015-01-23,26.842079
2015-01-26,26.583040
2015-01-27,25.813864
2015-01-28,25.379993
2015-01-29,25.419615
2015-01-30,26.624155
2015-02-02,26.359173
2015-02-03,26.413656
2015-02-04,26.057047
2015-02-05,26.241791
2015-02-06,26.442387
2015-02-09,26.214552
2015-02-10,26.753422
2015-02-11,26.646439
2015-02-12,27.043165
2015-02-13,27.298239
2015-02-17,26.993639
2015-02-18,26.876747
2015-02-19,27.064957
2015-02-20,26.834648
2015-02-23,26.497856
2015-02-24,26.678635
2015-02-25,27.108543
2015-02-26,27.700911
2015-02-27,27.866333
2015-03-02,28.479990
2015-03-03,28.666718
2015-03-04,28.643932
2015-03-05,28.797474
2015-03-06,28.374992
2015-03-09,28.434429
2015-03-10,27.728643
2015-03-11,27.522604
2015-03-12,27.794022
2015-03-13,27.389368
2015-03-16,27.817301
2015-03-17,27.617701
2015-03-18,28.041168
2015-03-19,27.917843
2015-03-20,27.981241
2015-03-23,28.002043
2015-03-24,28.604807
2015-03-25,28.082775
2015-03-26,27.916355
2015-03-27,27.614729
2015-03-30,27.792534
2015-03-31,27.473572
2015-04-01,27.215527
2015-04-02,26.810381
2015-04-06,26.941135
2015-04-07,26.986206
2015-04-08,27.183331
2015-04-09,27.142714
2015-04-10,27.168474
2015-04-13,27.173428
2015-04-14,26.734602
2015-04-15,26.797007
2015-04-16,26.919840
2015-04-17,26.385916
2015-04-20,26.969864
2015-04-21,26.890120
2015-04-22,27.200171
2015-04-23,27.610268
2015-04-24,28.412636
2015-04-27,28.039190
2015-04-28,27.952511
2015-04-29,27.804916
2015-04-30,27.179867
2015-05-01,27.298239
2015-05-04,27.381447
2015-05-05,26.896067
2015-05-06,26.501816
2015-05-07,26.846537
2015-05-08,27.188776
2015-05-11,27.031771
2015-05-12,26.682598
2015-05-13,26.720240
2015-05-14,27.201162
2015-05-15,27.066936
2015-05-18,27.075853
2015-05-19,27.205126
2015-05-20,27.365099
2015-05-21,27.578075
2015-05-22,27.464653
2015-05-26,27.101610
2015-05-27,27.451281
2015-05-28,27.447815
2015-05-29,27.008991
2015-06-01,27.201658
2015-06-02,27.436424
2015-06-03,27.502790
2015-06-04,27.324488
2015-06-05,27.217508
2015-06-08,26.917856
2015-06-09,26.852478
2015-06-10,27.369560
2015-06-11,27.242765
2015-06-12,27.115480
2015-06-15,26.894081
2015-06-16,26.986704
2015-06-17,27.072388
2015-06-18,27.546871
2015-06-19,27.613241
2015-06-22,27.720222
2015-06-23,27.903976
2015-06-24,27.665245
2015-06-25,27.634539
2015-06-26,27.392342
2015-06-29,26.807405
2015-06-30,26.747482
2015-07-01,26.908941
2015-07-02,27.109039
2015-07-06,27.023848
2015-07-07,27.242271
2015-07-08,26.829697
2015-07-09,26.975805
2015-07-10,27.543404
2015-07-13,28.317041
2015-07-14,28.933676
2015-07-15,28.922781
2015-07-16,29.805382
2015-07-17,34.651268
2015-07-20,34.315460
2015-07-21,34.439777
2015-07-22,34.427399
2015-07-23,33.418503
2015-07-24,32.429905
2015-07-27,32.603256
2015-07-28,32.672096
2015-07-29,32.759766
2015-07-30,32.914803
2015-07-31,32.565125
2015-08-03,32.922714
2015-08-04,32.752346
2015-08-05,33.347179
2015-08-06,33.191662
2015-08-07,32.906372
2015-08-10,32.844467
2015-08-11,34.189659
2015-08-12,34.247612
2015-08-13,34.001949
2015-08-14,34.143597
2015-08-17,34.378368
2015-08-18,34.111904
2015-08-19,34.374901
2015-08-20,33.653763
2015-08-21,31.897972
2015-08-24,30.614183
2015-08-25,30.334841
2015-08-26,32.676064
2015-08-27,33.083191
2015-08-28,32.673588
2015-08-31,32.085686
2015-09-01,31.181290
2015-09-02,31.941555
2015-09-03,31.552258
2015-09-04,31.151569
2015-09-08,31.890539
2015-09-09,31.867258
2015-09-10,32.247150
2015-09-11,32.456158
2015-09-14,32.315990
2015-09-15,32.940056
2015-09-16,32.962345
2015-09-17,33.266937
2015-09-18,32.734509
2015-09-21,33.034645
2015-09-22,32.352150
2015-09-23,32.356613
2015-09-24,32.436840
2015-09-25,31.705795
2015-09-28,30.918291
2015-09-29,30.837065
2015-09-30,31.617638
2015-10-01,31.797426
2015-10-02,32.539860
2015-10-05,33.267437
2015-10-06,33.265457
2015-10-07,33.184231
2015-10-08,33.035645
2015-10-09,33.245647
2015-10-12,33.502693
2015-10-13,33.836525
2015-10-14,33.699825
2015-10-15,34.324387
2015-10-16,34.438301
2015-10-19,34.667614
2015-10-20,33.679520
2015-10-21,33.273376
2015-10-22,33.735977
2015-10-23,35.627483
2015-10-26,36.211418
2015-10-27,36.295620
2015-10-28,36.498692
2015-10-29,36.891453
2015-10-30,36.521965
2015-11-02,37.034588
2015-11-03,37.088085
2015-11-04,37.409523
2015-11-05,37.674999
2015-11-06,37.721054
2015-11-09,37.382774
2015-11-10,37.555626
2015-11-11,37.901840
2015-11-12,37.469948
2015-11-13,36.654709
2015-11-16,37.167328
2015-11-17,36.947418
2015-11-18,37.642307
2015-11-19,37.638844
2015-11-20,38.483791
2015-11-23,38.468945
2015-11-24,38.118778
2015-11-25,38.100452
2015-11-27,38.234669
2015-11-30,37.782970
2015-12-01,38.820103
2015-12-02,38.525906
2015-12-03,38.047951
2015-12-04,38.593258
2015-12-07,38.285194
2015-12-08,38.391674
2015-12-09,37.768112
2015-12-10,37.643791
2015-12-11,37.167328
2015-12-14,37.767612
2015-12-15,37.646275
2015-12-16,38.463493
2015-12-17,38.128681
2015-12-18,37.485798
2015-12-21,37.681431
2015-12-22,37.994953
2015-12-23,38.063297
2015-12-24,37.931065
2015-12-28,38.743328
2015-12-29,39.323807
2015-12-30,39.142536
2015-12-31,38.533829
2016-01-04,37.614075
2016-01-05,37.717590
2016-01-06,37.608627
2016-01-07,36.700768
2016-01-08,36.201027
2016-01-11,36.308006
2016-01-12,36.915718
2016-01-13,35.639366
2016-01-14,36.224792
2016-01-15,35.189648
2016-01-19,35.615097
2016-01-20,35.589348
2016-01-21,35.991020
2016-01-22,36.921669
2016-01-25,36.335247
2016-01-26,36.343658
2016-01-27,35.540810
2016-01-28,37.062325
2016-01-29,37.708679
2016-02-01,38.175240
2016-02-02,38.677456
2016-02-03,37.115814
2016-02-04,36.157436
2016-02-05,34.856312
2016-02-08,34.876125
2016-02-09,34.720608
2016-02-10,35.009350
2016-02-11,34.985096
2016-02-12,35.011349
2016-02-16,35.543774
2016-02-17,36.253521
2016-02-18,35.537331
2016-02-19,35.765171
2016-02-22,36.108902
2016-02-23,35.526432
2016-02-24,35.705238
2016-02-25,36.112366
2016-02-26,35.901379
2016-02-29,35.522980
2016-03-01,36.758713
2016-03-02,36.625484
2016-03-03,36.234695
2016-03-04,36.166847
2016-03-07,35.304054
2016-03-08,35.340214
2016-03-09,35.928612
2016-03-10,36.263432
2016-03-11,36.892452
2016-03-14,37.158417
2016-03-15,37.174759
2016-03-16,37.511051
2016-03-17,37.566532
2016-03-18,37.414471
2016-03-21,37.748798
2016-03-22,37.644283
2016-03-23,37.520962
2016-03-24,37.386246
2016-03-28,37.308983
2016-03-29,37.933533
2016-03-30,38.054878
2016-03-31,37.785450
2016-04-01,38.120754
2016-04-04,37.895397
2016-04-05,37.570988
2016-04-06,38.041512
2016-04-07,37.647758
2016-04-08,37.615562
2016-04-11,37.519978
2016-04-12,37.855778
2016-04-13,38.231701
2016-04-14,38.404060
2016-04-15,38.632385
2016-04-18,39.012772
2016-04-19,38.446648
2016-04-20,38.380775
2016-04-21,38.632385
2016-04-22,36.540787
2016-04-25,36.760700
2016-04-26,35.926632
2016-04-27,35.732975
2016-04-28,34.920700
2016-04-29,35.060379
2016-05-02,35.383801
2016-05-03,35.088116
2016-05-04,35.233234
2016-05-05,35.398655
2016-05-06,35.917221
2016-05-09,36.112862
2016-05-10,36.620533
2016-05-11,36.183193
2016-05-12,36.060368
2016-05-13,35.899887
2016-05-16,36.170803
2016-05-17,35.670074
2016-05-18,35.748825
2016-05-19,35.428371
2016-05-20,35.745358
2016-05-23,35.524460
2016-05-24,36.306023
2016-05-25,36.557137
2016-05-26,36.499187
2016-05-27,37.027664
2016-05-31,37.089565
2016-06-01,37.070255
2016-06-02,36.862728
2016-06-03,36.446186
2016-06-06,36.158916
2016-06-07,36.209934
2016-06-08,36.796356
2016-06-09,36.776051
2016-06-10,36.313950
2016-06-13,36.249073
2016-06-14,36.316921
2016-06-15,36.264416
2016-06-16,35.871166
2016-06-17,34.880596
2016-06-20,34.973701
2016-06-21,35.109901
2016-06-22,35.188652
2016-06-23,35.406582
2016-06-24,33.937061
2016-06-27,33.735977
2016-06-28,34.237209
2016-06-29,34.431858
2016-06-30,34.844925
2016-07-01,35.177757
2016-07-05,34.912285
2016-07-06,35.114365
2016-07-07,35.029663
2016-07-08,35.550705
2016-07-11,36.017273
2016-07-12,36.280266
2016-07-13,36.130199
2016-07-14,36.443218
2016-07-15,36.434799
2016-07-18,37.305008
2016-07-19,37.315418
2016-07-20,37.497192
2016-07-21,37.364941
2016-07-22,37.606155
2016-07-25,37.518982
2016-07-26,37.525425
2016-07-27,37.739388
2016-07-28,37.931065
2016-07-29,39.194042
2016-08-01,39.669521
2016-08-02,39.628902
2016-08-03,39.569466
2016-08-04,39.486759
2016-08-05,39.966194
2016-08-08,39.881996
2016-08-09,39.993431
2016-08-10,40.043465
2016-08-11,40.029099
2016-08-12,39.972137
2016-08-15,39.918152
2016-08-16,39.681904
2016-08-17,39.891403
2016-08-18,39.759167
2016-08-19,39.605625
2016-08-22,39.471889
2016-08-23,39.454067
2016-08-24,39.305977
2016-08-25,39.192055
2016-08-26,39.287151
2016-08-29,39.415928
2016-08-30,39.222771
2016-08-31,39.120247
2016-09-01,39.197014
2016-09-02,39.467937
2016-09-06,40.020184
2016-09-07,40.018700
2016-09-08,39.763626
2016-09-09,39.052383
2016-09-12,39.564522
2016-09-13,39.064274
2016-09-14,39.150455
2016-09-15,39.683884
2016-09-16,39.522411
2016-09-19,39.394634
2016-09-20,39.612064
2016-09-21,39.872089
2016-09-22,40.412945
2016-09-23,40.363914
2016-09-26,39.754208
2016-09-27,40.154396
2016-09-28,40.121220
2016-09-29,39.753719
2016-09-30,39.824043
2016-10-03,39.641781
2016-10-04,39.761143
2016-10-05,39.683884
2016-10-06,39.775505
2016-10-07,39.658119
2016-10-10,40.324783
2016-10-11,40.096947
2016-10-12,40.205917
2016-10-13,39.825031
2016-10-14,39.850788
2016-10-17,39.961742
2016-10-18,40.687336
2016-10-19,40.952309
2016-10-20,40.694267
2016-10-21,40.814617
2016-10-24,41.393108
2016-10-25,41.037003
2016-10-26,40.717545
2016-10-27,40.482281
2016-10-28,40.591740
2016-10-31,40.113289
2016-11-01,39.894367
2016-11-02,39.049427
2016-11-03,38.740856
2016-11-04,38.686871
2016-11-07,39.723507
2016-11-08,40.216312
2016-11-09,39.899818
2016-11-10,38.646751
2016-11-11,38.223774
2016-11-14,37.306004
2016-11-15,38.392666
2016-11-16,38.631393
2016-11-17,38.937477
2016-11-18,38.432785
2016-11-21,38.870129
2016-11-22,38.880028
2016-11-23,38.582851
2016-11-25,38.643784
2016-11-28,38.919159
2016-11-29,39.099934
2016-11-30,38.428326
2016-12-01,37.856270
2016-12-02,37.862713
2016-12-05,38.544228
2016-12-06,38.443180
2016-12-07,39.200481
2016-12-08,39.383728
2016-12-09,40.091000
2016-12-12,40.014233
2016-12-13,40.382729
2016-12-14,40.509029
2016-12-15,40.398083
2016-12-16,40.110321
2016-12-19,40.242065
2016-12-20,40.375790
2016-12-21,40.227207
2016-12-22,40.102398
2016-12-23,40.009285
2016-12-27,40.114784
2016-12-28,39.849308
2016-12-29,39.765598
2016-12-30,39.249027
2017-01-03,40.019684
2017-01-04,40.007793
2017-01-05,40.267826
2017-01-06,40.871578
2017-01-09,40.969154
2017-01-10,40.911201
2017-01-11,41.101883
2017-01-12,41.085541
2017-01-13,41.155373
2017-01-17,40.983013
2017-01-18,41.060284
2017-01-19,40.829967
2017-01-20,41.018188
2017-01-23,41.823528
2017-01-24,42.076118
2017-01-25,42.517914
2017-01-26,42.445107
2017-01-27,41.853237
2017-01-30,40.803230
2017-01-31,40.622944
2017-02-01,40.377781
2017-02-02,40.527344
2017-02-03,40.619968
2017-02-06,40.693771
2017-02-07,41.070686
2017-02-08,41.102879
2017-02-09,41.111786
2017-02-10,41.349037
2017-02-13,41.552597
2017-02-14,41.605591
2017-02-15,41.471371
2017-02-16,41.711586
2017-02-17,41.928520
2017-02-21,42.063240
2017-02-22,42.166756
2017-02-23,42.148930
2017-02-24,41.990925
2017-02-27,42.083057
2017-02-28,41.848286
2017-03-01,42.433720
2017-03-02,42.091965
2017-03-03,42.053829
2017-03-06,41.964180
2017-03-07,42.156349
2017-03-08,42.279678
2017-03-09,42.487701
2017-03-10,42.664516
2017-03-13,42.821526
2017-03-14,42.887402
2017-03-15,43.010227
2017-03-16,43.089966
2017-03-17,43.207355
2017-03-20,42.986450
2017-03-21,42.106327
2017-03-22,42.089493
2017-03-23,41.586773
2017-03-24,41.363396
2017-03-27,41.530308
2017-03-28,41.635311
2017-03-29,42.092957
2017-03-30,42.073643
2017-03-31,41.990433
2017-04-03,42.433720
2017-04-04,42.226685
2017-04-05,42.045406
2017-04-06,41.856701
2017-04-07,41.708122
2017-04-10,41.688309
2017-04-11,41.598171
2017-04-12,41.676422
2017-04-13,41.613018
2017-04-17,42.353481
2017-04-18,42.297016
2017-04-19,42.421833
2017-04-20,42.598644
2017-04-21,42.542675
2017-04-24,43.532261
2017-04-25,44.023098
2017-04-26,44.037945
2017-04-27,44.151859
2017-04-28,45.790279
2017-05-01,46.201359
2017-05-02,46.412853
2017-05-03,46.975498
2017-05-04,47.286037
2017-05-05,47.066135
2017-05-08,47.482670
2017-05-09,47.384602
2017-05-10,47.291985
2017-05-11,47.343987
2017-05-12,47.306843
2017-05-15,47.508923
2017-05-16,47.775887
2017-05-17,46.664459
2017-05-18,47.077030
2017-05-19,47.282574
2017-05-22,47.749134
2017-05-23,48.070084
2017-05-24,48.419754
2017-05-25,49.125534
2017-05-26,49.195370
2017-05-30,49.339005
2017-05-31,48.889286
2017-06-01,48.948719
2017-06-02,49.336529
2017-06-05,49.720871
2017-06-06,49.364265
2017-06-07,49.602993
2017-06-08,49.740685
2017-06-09,48.048782
2017-06-12,47.637199
2017-06-13,48.067600
2017-06-14,47.940315
2017-06-15,47.556461
2017-06-16,47.479202
2017-06-19,48.301384
2017-06-20,47.992813
2017-06-21,48.468285
2017-06-22,48.370724
2017-06-23,48.839756
2017-06-26,48.146351
2017-06-27,46.957664
2017-06-28,47.597584
2017-06-29,46.449005
2017-06-30,46.045845
2017-07-03,45.539658
2017-07-05,46.173630
2017-07-06,45.947277
2017-07-07,46.597099
2017-07-10,47.101795
2017-07-11,47.227097
2017-07-12,47.926941
2017-07-13,47.985886
2017-07-14,48.385086
2017-07-17,48.338032
2017-07-18,48.882347
2017-07-19,49.170612
2017-07-20,49.141880
2017-07-21,49.223606
2017-07-24,49.445000
2017-07-25,47.994797
2017-07-26,47.810551
2017-07-27,47.176579
2017-07-28,47.464840
2017-07-31,46.829388
2017-08-01,46.881882
2017-08-02,46.935375
2017-08-03,46.571835
2017-08-04,46.843750
2017-08-07,46.841763
2017-08-08,46.764503
2017-08-09,46.560944
2017-08-10,45.744213
2017-08-11,46.066151
2017-08-14,46.503979
2017-08-15,46.461884
2017-08-16,46.768467
2017-08-17,45.945793
2017-08-18,45.872501
2017-08-21,45.609497
2017-08-22,46.576786
2017-08-23,46.684765
2017-08-24,46.402943
2017-08-25,46.086460
2017-08-28,45.969074
2017-08-29,46.346478
2017-08-30,46.736774
2017-08-31,47.311798
2017-09-01,47.150818
2017-09-05,46.630283
2017-09-06,46.657028
2017-09-07,47.046818
2017-09-08,46.626812
2017-09-11,46.719933
2017-09-12,46.886341
2017-09-13,47.074055
2017-09-14,46.563416
2017-09-15,46.323700
2017-09-18,46.049309
2017-09-19,46.401455
2017-09-20,46.930424
2017-09-21,46.930920
2017-09-22,46.718441
2017-09-25,46.273678
2017-09-26,46.429691
2017-09-27,47.542599
2017-09-28,47.785789
2017-09-29,48.227085
2017-10-02,47.917530
2017-10-03,48.145855
2017-10-04,47.883354
2017-10-05,48.795181
2017-10-06,49.213699
2017-10-09,49.147823
2017-10-10,48.924458
2017-10-11,49.808537
2017-10-12,49.808537
2017-10-13,49.918488
2017-10-16,49.991795
2017-10-17,50.073513
2017-10-18,50.159695
2017-10-19,49.619835
2017-10-20,49.779812
2017-10-23,48.812511
2017-10-24,48.958622
2017-10-25,49.105728
2017-10-26,49.103745
2017-10-27,51.196335
2017-10-30,51.169586
2017-10-31,51.165127
2017-11-01,51.638626
2017-11-02,51.656940
2017-11-03,52.004639
2017-11-06,51.642582
2017-11-07,52.123505
2017-11-08,52.415730
2017-11-09,51.892212
2017-11-10,51.715393
2017-11-13,51.569290
2017-11-14,51.591080
2017-11-15,51.332039
2017-11-16,51.929356
2017-11-17,51.306286
2017-11-20,51.245361
2017-11-21,52.019993
2017-11-22,52.100239
2017-11-24,52.328072
2017-11-27,53.095268
2017-11-28,52.663372
2017-11-29,51.380085
2017-11-30,51.320156
2017-12-01,50.770382
2017-12-04,50.116604
2017-12-05,50.499462
2017-12-06,51.149284
2017-12-07,51.736195
2017-12-08,51.974430
2017-12-11,52.102707
2017-12-12,51.944214
2017-12-13,52.073990
2017-12-14,52.375118
2017-12-15,53.094769
2017-12-18,53.743103
2017-12-19,53.480095
2017-12-20,53.172035
2017-12-21,53.037804
2017-12-22,52.939247
2017-12-26,52.790165
2017-12-27,52.510326
2017-12-28,52.299835
2017-12-29,52.173527
2018-01-02,53.154697
2018-01-03,54.061569
2018-01-04,54.271564
2018-01-05,54.991219
2018-01-08,55.185375
2018-01-09,55.115040
2018-01-10,54.983788
2018-01-11,55.078392
2018-01-12,55.999626
2018-01-16,56.002102
2018-01-17,56.418144
2018-01-18,56.263126
2018-01-19,56.636066
2018-01-22,57.659328
2018-01-23,58.254166
2018-01-24,58.012466
2018-01-25,58.549858
2018-01-26,58.818306
2018-01-29,58.764812
2018-01-30,58.313606
2018-01-31,58.553810
2018-02-01,58.522614
2018-02-02,55.432522
2018-02-05,52.618793
2018-02-06,53.710403
2018-02-07,52.273090
2018-02-08,49.910576
2018-02-09,51.820393
2018-02-12,52.230988
2018-02-13,52.210186
2018-02-14,53.129436
2018-02-15,54.053642
2018-02-16,54.258690
2018-02-20,54.659374
2018-02-21,55.162586
2018-02-22,54.971901
2018-02-23,55.872837
2018-02-26,56.645969
2018-02-27,55.348820
2018-02-28,54.675724
2018-03-01,53.065544
2018-03-02,53.696045
2018-03-05,54.222038
2018-03-06,54.526146
2018-03-07,55.226482
2018-03-08,55.936726
2018-03-09,57.494896
2018-03-12,57.747002
2018-03-13,56.458260
2018-03-14,56.903023
2018-03-15,56.988216
2018-03-16,56.186356
2018-03-19,54.485046
2018-03-20,54.273548
2018-03-21,54.184406
2018-03-22,52.161148
2018-03-23,50.843685
2018-03-26,52.207706
2018-03-27,49.872429
2018-03-28,49.785263
2018-03-29,51.368191
2018-04-02,50.154255
2018-04-03,50.453896
2018-04-04,51.000195
2018-04-05,51.145313
2018-04-06,50.021515
2018-04-09,50.523735
2018-04-10,51.336498
2018-04-11,50.769886
2018-04-12,51.375622
2018-04-13,51.313713
2018-04-16,51.811981
2018-04-17,53.459293
2018-04-18,53.262665
2018-04-19,53.959045
2018-04-20,53.358261
2018-04-23,53.184410
2018-04-24,50.650028
2018-04-25,50.667366
2018-04-26,51.673790
2018-04-27,51.086376
2018-04-30,50.448944
2018-05-01,51.546989
2018-05-02,50.818928
2018-05-03,50.831303
2018-05-04,52.054661
2018-05-07,52.473679
2018-05-08,52.430588
2018-05-09,53.934277
2018-05-10,54.752495
2018-05-11,54.648975
2018-05-14,54.808464
2018-05-15,53.732204
2018-05-16,53.693569
2018-05-17,53.553406
2018-05-18,52.977879
2018-05-21,53.689610
2018-05-22,53.258705
2018-05-23,53.786186
2018-05-24,53.760921
2018-05-25,53.693073
2018-05-29,52.900116
2018-05-30,53.365688
2018-05-31,54.481575
2018-06-01,56.215080
2018-06-04,57.108566
2018-06-05,57.008522
2018-06-06,56.806942
2018-06-07,56.186356
2018-06-08,56.101650
2018-06-11,56.507286
2018-06-12,56.868362
2018-06-13,56.672222
2018-06-14,57.458736
2018-06-15,57.417133
2018-06-18,58.621178
2018-06-19,58.378986
2018-06-20,58.645447
2018-06-21,57.920849
2018-06-22,57.913410
2018-06-25,56.427055
2018-06-26,56.097202
2018-06-27,55.320587
2018-06-28,55.807953
2018-06-29,55.927307
2018-07-02,56.567219
2018-07-03,55.287895
2018-07-05,56.526604
2018-07-06,57.209614
2018-07-09,57.813858
2018-07-10,57.806919
2018-07-11,58.020889
2018-07-12,59.496845
2018-07-13,59.653358
2018-07-16,59.261578
2018-07-17,60.082279
2018-07-18,60.073856
2018-07-19,59.389862
2018-07-20,59.329441
2018-07-23,59.979256
2018-07-24,62.314533
2018-07-25,63.195648
2018-07-26,63.669151
2018-07-27,62.054012
2018-07-30,60.922287
2018-07-31,60.782612
2018-08-01,61.068398
2018-08-02,61.471550
2018-08-03,61.324459
2018-08-06,61.300186
2018-08-07,62.200115
2018-08-08,62.472034
2018-08-09,62.627056
2018-08-10,62.035187
2018-08-13,61.843510
2018-08-14,62.314041
2018-08-15,61.030254
2018-08-16,60.626102
2018-08-17,60.219463
2018-08-20,60.521591
2018-08-21,60.296734
2018-08-22,60.511688
2018-08-23,60.482464
2018-08-24,61.254620
2018-08-27,62.221413
2018-08-28,61.705826
2018-08-29,62.636471
2018-08-30,62.130779
2018-08-31,61.009453
2018-09-04,59.994602
2018-09-05,59.389862
2018-09-06,58.641487
2018-09-07,58.324501
2018-09-10,58.199196
2018-09-11,58.938663
2018-09-12,58.027824
2018-09-13,58.549858
2018-09-14,58.343822
2018-09-17,57.444870
2018-09-18,57.805443
2018-09-19,58.160061
2018-09-20,59.016914
2018-09-21,58.053581
2018-09-24,58.422073
2018-09-25,59.131828
2018-09-26,59.140236
2018-09-27,59.798977
2018-09-28,59.785107
2018-10-01,59.856918
2018-10-02,59.812836
2018-10-03,60.005508
2018-10-04,58.298740
2018-10-05,57.841099
2018-10-08,57.251217
2018-10-09,56.718781
2018-10-10,54.093262
2018-10-11,54.022934
2018-10-12,55.498894
2018-10-15,54.602421
2018-10-16,56.119976
2018-10-17,55.848068
2018-10-18,54.378052
2018-10-19,54.738129
2018-10-22,55.044708
2018-10-23,55.220043
2018-10-24,52.357784
2018-10-25,54.659374
2018-10-26,53.676731
2018-10-29,51.248829
2018-10-30,51.980869
2018-10-31,54.015007
2018-11-01,53.787182
2018-11-02,53.069511
2018-11-05,52.288933
2018-11-06,52.974411
2018-11-07,54.889687
2018-11-08,54.215599
2018-11-09,53.343407
2018-11-12,51.973434
2018-11-13,51.904591
2018-11-14,52.231976
2018-11-15,53.047710
2018-11-16,52.910027
2018-11-19,50.886776
2018-11-20,51.036842
2018-11-21,51.679733
2018-11-23,51.019512
2018-11-26,52.299339
2018-11-27,52.118053
2018-11-28,54.074944
2018-11-29,54.213127
2018-11-30,54.959522
2018-12-03,55.291862
2018-12-04,52.622757
2018-12-06,53.395901
2018-12-07,51.835747
2018-12-10,52.162640
2018-12-11,52.582150
2018-12-12,53.180454
2018-12-13,53.171040
2018-12-14,52.089828
2018-12-17,50.799114
2018-12-18,51.678741
2018-12-19,51.284988
2018-12-20,50.696587
2018-12-21,49.095318
2018-12-24,48.769424
2018-12-26,51.898647
2018-12-27,52.148769
2018-12-28,51.840702
2018-12-31,51.755512
2019-01-02,52.236923
2019-01-03,50.790192
2019-01-04,53.395401
2019-01-07,53.288918
2019-01-08,53.756966
2019-01-09,53.572716
2019-01-10,53.433048
2019-01-11,52.721813
2019-01-14,52.079926
2019-01-15,53.813427
2019-01-16,53.962013
2019-01-17,54.437988
2019-01-18,54.843128
2019-01-22,53.423145
2019-01-23,53.709423
2019-01-24,53.689110
2019-01-25,54.556355
2019-01-28,53.484066
2019-01-29,52.998684
2019-01-30,54.382023
2019-01-31,55.763866
2019-02-01,55.403793
2019-02-04,56.533047
2019-02-05,57.050629
2019-02-06,55.615280
2019-02-07,54.774288
2019-02-08,54.599442
2019-02-11,54.586571
2019-02-12,55.847569
2019-02-13,55.899578
2019-02-14,55.927807
2019-02-15,55.453819
2019-02-19,55.794575
2019-02-20,55.501366
2019-02-21,54.690083
2019-02-22,55.301762
2019-02-25,55.339901
2019-02-26,55.571693
2019-02-27,55.615280
2019-02-28,55.796562
2019-03-01,56.884705
2019-03-04,57.127396
2019-03-05,57.908466
2019-03-06,57.697968
2019-03-07,57.000103
2019-03-08,56.956520
2019-03-11,58.407215
2019-03-12,59.298237
2019-03-13,59.387890
2019-03-14,59.064453
2019-03-15,58.954014
2019-03-18,58.867332
2019-03-19,59.556282
2019-03-20,60.743484
2019-03-21,61.223907
2019-03-22,59.813335
2019-03-25,59.304676
2019-03-26,58.931229
2019-03-27,58.345306
2019-03-28,58.061008
2019-03-29,58.289837
2019-04-01,59.383919
2019-04-02,59.708828
2019-04-03,59.969845
2019-04-04,60.397774
2019-04-05,60.001541
2019-04-08,59.844543
2019-04-09,59.567669
2019-04-10,59.753899
2019-04-11,59.909424
2019-04-12,60.560234
2019-04-15,60.748436
2019-04-16,61.014900
2019-04-17,61.422516
2019-04-18,61.488396
2019-04-22,62.097107
2019-04-23,62.930672
2019-04-24,62.408642
2019-04-25,62.769703
2019-04-26,63.268955
2019-04-29,64.199097
2019-04-30,59.382942
2019-05-01,58.113010
2019-05-02,57.775726
2019-05-03,58.916862
2019-05-06,59.110523
2019-05-07,58.387405
2019-05-08,57.987217
2019-05-09,57.848030
2019-05-10,57.831692
2019-05-13,56.293823
2019-05-14,55.712849
2019-05-15,57.988205
2019-05-16,58.666744
2019-05-17,57.888153
2019-05-20,56.693520
2019-05-21,57.177910
2019-05-22,57.247742
2019-05-23,56.727200
2019-05-24,56.393875
2019-05-28,56.440933
2019-05-29,55.469170
2019-05-30,55.541981
2019-05-31,54.803513
2019-06-03,51.447441
2019-06-04,52.227520
2019-06-05,51.739658
2019-06-06,51.894196
2019-06-07,52.914978
2019-06-10,53.627697
2019-06-11,53.542500
2019-06-12,53.446426
2019-06-13,54.036308
2019-06-14,53.803028
2019-06-17,54.178951
2019-06-18,54.741104
2019-06-19,54.704941
2019-06-20,55.135349
2019-06-21,55.738113
2019-06-24,55.308701
2019-06-25,53.866425
2019-06-26,53.506844
2019-06-27,53.324089
2019-06-28,53.629677
2019-07-01,54.481575
2019-07-02,55.105633
2019-07-03,55.620235
2019-07-05,56.099670
2019-07-08,55.313156
2019-07-09,55.684620
2019-07-10,56.507786
2019-07-11,56.664795
2019-07-12,56.727200
2019-07-15,56.983261
2019-07-16,57.129375
2019-07-17,56.796543
2019-07-18,56.821304
2019-07-19,56.044201
2019-07-22,56.423588
2019-07-23,56.861427
2019-07-24,56.449341
2019-07-25,56.261635
2019-07-26,61.674129
2019-07-29,61.506721
2019-07-30,60.821243
2019-07-31,60.335861
2019-08-01,60.017891
2019-08-02,59.252174
2019-08-05,57.193268
2019-08-06,58.002071
2019-08-07,58.241291
2019-08-08,59.741020
2019-08-09,58.884670
2019-08-12,58.171459
2019-08-13,59.272480
2019-08-14,57.663795
2019-08-15,57.914902
2019-08-16,58.404736
2019-08-19,59.456230
2019-08-20,58.618698
2019-08-21,59.017406
2019-08-22,59.014439
2019-08-23,57.135319
2019-08-26,58.007023
2019-08-27,57.989193
2019-08-28,58.134312
2019-08-29,59.149155
2019-08-30,58.965408
2019-09-03,57.926289
2019-09-04,58.556297
2019-09-05,60.038197
2019-09-06,59.747463
2019-09-09,59.695461
2019-09-10,59.716755
2019-09-11,60.425018
2019-09-12,61.166462
2019-09-13,61.417072
2019-09-16,61.001030
2019-09-17,60.914356
2019-09-18,61.051552
2019-09-19,61.353676
2019-09-20,60.912380
2019-09-23,61.152592
2019-09-24,60.342300
2019-09-25,61.709789
2019-09-26,61.529015
2019-09-27,60.719707
2019-09-30,60.481476
2019-10-01,59.731613
2019-10-02,58.340851
2019-10-03,58.910919
2019-10-04,59.977276
2019-10-07,59.843048
2019-10-08,58.945591
2019-10-09,59.553314
2019-10-10,59.903477
2019-10-11,60.212536
2019-10-14,60.314564
2019-10-15,61.526535
2019-10-16,61.564175
2019-10-17,62.049553
2019-10-18,61.634010
2019-10-21,61.627567
2019-10-22,61.475025
2019-10-23,62.288780
2019-10-24,62.362083
2019-10-25,62.619137
2019-10-28,63.841507
2019-10-29,62.438854
2019-10-30,62.440826
2019-10-31,62.346725
2019-11-01,63.012894
2019-11-04,63.872700
2019-11-05,63.963333
2019-11-06,63.942047
2019-11-07,64.731033
2019-11-08,64.833076
2019-11-11,64.302124
2019-11-12,64.249123
2019-11-13,64.198097
2019-11-14,64.840500
2019-11-15,66.048508
2019-11-18,65.369942
2019-11-19,65.010880
2019-11-20,64.479424
2019-11-21,64.394249
2019-11-22,64.073799
2019-11-25,64.666656
2019-11-26,65.031181
2019-11-27,64.988083
2019-11-29,64.589867
2019-12-02,63.835556
2019-12-03,64.126785
2019-12-04,65.325386
2019-12-05,65.722610
2019-12-06,66.338242
2019-12-09,66.516541
2019-12-10,66.511604
2019-12-11,66.578964
2019-12-12,66.788963
2019-12-13,66.708710
2019-12-16,67.393715
2019-12-17,67.105942
2019-12-18,66.958328
2019-12-19,67.182709
2019-12-20,66.924171
2019-12-23,66.894943
2019-12-24,66.587875
2019-12-26,67.481361
2019-12-27,67.093567
2019-12-30,66.354088
2019-12-31,66.338242
2020-01-02,67.788925
2020-01-03,67.434311
2020-01-06,69.231712
2020-01-07,69.097992
2020-01-08,69.589806
2020-01-09,70.320351
2020-01-10,70.774521
2020-01-13,71.322815
2020-01-14,70.855270
2020-01-15,71.281708
2020-01-16,71.824547
2020-01-17,73.278702
2020-01-21,73.413925
2020-01-22,73.494156
2020-01-23,73.534767
2020-01-24,72.617500
2020-01-27,70.911728
2020-01-28,71.841377
2020-01-29,72.148460
2020-01-30,72.027107
2020-01-31,70.963730
2020-02-03,73.431244
2020-02-04,71.589279
2020-02-05,71.620972
2020-02-06,73.102890
2020-02-07,73.258385
2020-02-10,74.721970
2020-02-11,74.791306
2020-02-12,75.215767
2020-02-13,74.956238
2020-02-14,75.220718
2020-02-18,75.255890
2020-02-19,75.524849
2020-02-20,75.134537
2020-02-21,73.473846
2020-02-24,70.323814
2020-02-25,68.662628
2020-02-26,68.868172
2020-02-27,65.127762
2020-02-28,66.331314
2020-03-02,68.662628
2020-03-03,66.255539
2020-03-04,68.428841
2020-03-05,65.118355
2020-03-06,64.176323
2020-03-09,60.216499
2020-03-10,63.157505
2020-03-11,59.974304
2020-03-12,55.053627
2020-03-13,60.141216
2020-03-16,53.144295
2020-03-17,55.376057
2020-03-18,54.045231
2020-03-19,55.059570
2020-03-20,52.907051
2020-03-23,52.209686
2020-03-24,55.967922
2020-03-25,54.561810
2020-03-26,57.597919
2020-03-27,54.989735
2020-03-30,56.775242
2020-03-31,57.549873
2020-04-01,54.585583
2020-04-02,55.325047
2020-04-03,54.120003
2020-04-06,58.601860
2020-04-07,58.570660
2020-04-08,59.781139
2020-04-09,59.759842
2020-04-13,59.950035
2020-04-14,62.665203
2020-04-15,62.272434
2020-04-16,62.278873
2020-04-17,63.347206
2020-04-20,62.463120
2020-04-21,60.036713
2020-04-22,62.327415
2020-04-23,62.959393
2020-04-24,63.228344
2020-04-27,62.944054
2020-04-28,61.048580
2020-04-29,66.476425
2020-04-30,66.700302
2020-05-01,65.245148
2020-05-04,65.521515
2020-05-05,66.815201
2020-05-06,66.637405
2020-05-07,67.818657
2020-05-08,68.564568
2020-05-11,69.517975
2020-05-12,68.110886
2020-05-13,66.781029
2020-05-14,67.203514
2020-05-15,68.005875
2020-05-18,68.606171
2020-05-19,68.072250
2020-05-20,69.793869
2020-05-21,69.674500
2020-05-22,69.995934
2020-05-26,70.398613
2020-05-27,70.344620
2020-05-28,70.243568
2020-05-29,71.000381
2020-06-01,71.067238
2020-06-02,71.435745
2020-06-03,71.284180
2020-06-04,70.048439
2020-06-05,71.322319
2020-06-08,71.719543
2020-06-09,71.919632
2020-06-10,72.544685
2020-06-11,69.434280
2020-06-12,69.980103
2020-06-15,70.367416
2020-06-16,71.641785
2020-06-17,71.942421
2020-06-18,71.030106
2020-06-19,70.560570
2020-06-22,71.849304
2020-06-23,72.509018
2020-06-24,70.959778
2020-06-25,71.375816
2020-06-26,67.484833
2020-06-29,69.200020
2020-06-30,70.234184
2020-07-01,71.420387
2020-07-02,72.803711
2020-07-06,74.275719
2020-07-07,73.793793
2020-07-08,74.471352
2020-07-09,75.217255
2020-07-10,76.225166
2020-07-13,74.898804
2020-07-14,75.326225
2020-07-15,75.129089
2020-07-16,75.032005
2020-07-17,75.127609
2020-07-20,77.454948
2020-07-21,77.062691
2020-07-22,77.504990
2020-07-23,75.122658
2020-07-24,74.699677
2020-07-27,75.750687
2020-07-28,74.473831
2020-07-29,75.457474
2020-07-30,76.193466
2020-07-31,73.696228
2020-08-03,73.439194
2020-08-04,72.970642
2020-08-05,73.257393
2020-08-06,74.538208
2020-08-07,74.212311
2020-08-10,74.135551
2020-08-11,73.329224
2020-08-12,74.651634
2020-08-13,75.117699
2020-08-14,74.522377
2020-08-17,75.097397
2020-08-18,77.055763
2020-08-19,76.502518
2020-08-20,78.069603
2020-08-21,78.035934
2020-08-24,78.510414
2020-08-25,79.535667
2020-08-26,81.431625
2020-08-27,80.658485
2020-08-28,81.198837
2020-08-31,80.708504
2020-09-01,81.973961
2020-09-02,85.060097
2020-09-03,80.707512
2020-09-04,78.315277
2020-09-08,75.461929
2020-09-09,76.632294
2020-09-10,75.583275
2020-09-11,75.073639
2020-09-14,74.730377
2020-09-15,76.032494
2020-09-16,74.891846
2020-09-17,73.651161
2020-09-18,71.870598
2020-09-21,70.832993
2020-09-22,72.302986
2020-09-23,69.805244
2020-09-24,70.472404
2020-09-25,71.274773
2020-09-28,72.245537
2020-09-29,72.610062
2020-09-30,72.589264
2020-10-01,73.693748
2020-10-02,72.093979
2020-10-05,73.442627
2020-10-06,71.867134
2020-10-07,72.269310
2020-10-08,73.472382
2020-10-09,74.810623
2020-10-12,77.492111
2020-10-13,77.614944
2020-10-14,77.435143
2020-10-15,77.040405
2020-10-16,77.646149
2020-10-19,75.776443
2020-10-20,76.822975
2020-10-21,78.552017
2020-10-22,79.575783
2020-10-23,80.879379
2020-10-26,78.467834
2020-10-27,79.190445
2020-10-28,74.827965
2020-10-29,77.110237
2020-10-30,80.043831
2020-11-02,80.450455
2020-11-03,81.507401
2020-11-04,86.469688
2020-11-05,87.294334
2020-11-06,87.157143
2020-11-09,87.240845
2020-11-10,86.067017
2020-11-11,86.538040
2020-11-12,86.319595
2020-11-13,87.777733
2020-11-16,87.865395
2020-11-17,87.252731
2020-11-18,86.211624
2020-11-19,87.099670
2020-11-20,86.000648
2020-11-23,85.563812
2020-11-24,87.363670
2020-11-25,87.375053
2020-11-27,88.508774
2020-11-30,86.893150
2020-12-01,88.921852
2020-12-02,90.388405
2020-12-03,90.233360
2020-12-04,90.328476
2020-12-07,89.995140
2020-12-08,89.712822
2020-12-09,88.055107
2020-12-10,87.549408
2020-12-11,87.903542
2020-12-14,86.787155
2020-12-15,87.223999
2020-12-16,87.031334
2020-12-17,86.205193
2020-12-18,85.497429
2020-12-21,85.910500
2020-12-22,85.200264
2020-12-23,85.596992
2020-12-24,85.890678
2020-12-28,87.861938
2020-12-29,87.059578
2020-12-30,85.994217
2020-12-31,86.805984
2021-01-04,85.492989
2021-01-05,86.182426
2021-01-06,85.332001
2021-01-07,87.880760
2021-01-08,89.044159
2021-01-11,86.986771
2021-01-12,86.052643
2021-01-13,86.539032
2021-01-14,85.730217
2021-01-15,85.566757
2021-01-19,88.382484
2021-01-20,93.117432
2021-01-21,93.319496
2021-01-22,93.736031
2021-01-25,93.821236
2021-01-26,94.498283
2021-01-27,90.089729
2021-01-28,91.786591
2021-01-29,90.506767
2021-02-01,93.761299
2021-02-02,95.051529
2021-02-03,101.973648
2021-02-04,101.713631
2021-02-05,103.457031
2021-02-08,103.243568
2021-02-09,102.791374
2021-02-10,103.340630
2021-02-11,103.453072
2021-02-12,103.764122
2021-02-16,104.540230
2021-02-17,104.932487
2021-02-18,104.298035
2021-02-19,103.456047
2021-02-22,101.744820
2021-02-23,102.035065
2021-02-24,103.208397
2021-02-25,99.847382
2021-02-26,100.142570
2021-03-01,102.507561
2021-03-02,102.251007
2021-03-03,99.622528
2021-03-04,100.737915
2021-03-05,103.865143
2021-03-08,99.428864
2021-03-09,101.056358
2021-03-10,100.849854
2021-03-11,104.037010
2021-03-12,101.533829
2021-03-15,101.753746
2021-03-16,103.212364
2021-03-17,103.129646
2021-03-18,100.114349
2021-03-19,100.392685
2021-03-22,100.577446
2021-03-23,101.104416
2021-03-24,100.668564
2021-03-25,100.665115
2021-03-26,100.282265
2021-03-29,101.325333
2021-03-30,101.359001
2021-03-31,102.153931
2021-04-01,105.485237
2021-04-05,109.902199
2021-04-06,109.421783
2021-04-07,110.896255
2021-04-08,111.460876
2021-04-09,112.463341
2021-04-12,111.173119
2021-04-13,111.658989
2021-04-14,111.038879
2021-04-15,113.185463
2021-04-16,113.061638
2021-04-19,113.408829
2021-04-20,112.876389
2021-04-21,112.843712
2021-04-22,111.564377
2021-04-23,113.912537
2021-04-26,114.407837
2021-04-27,113.469261
2021-04-28,116.840195
2021-04-29,118.510277
2021-04-30,116.565788
2021-05-03,116.049713
2021-05-04,114.254295
2021-05-05,114.647552
2021-05-06,115.765915
2021-05-07,116.488029
2021-05-10,113.507408
2021-05-11,112.433121
2021-05-12,108.975510
2021-05-13,110.401451
2021-05-14,112.845207
2021-05-17,113.367226
2021-05-18,112.057190
2021-05-19,112.504440
2021-05-20,114.260246
2021-05-21,113.625275
2021-05-24,116.939247
2021-05-25,117.029869
2021-05-26,117.893669
2021-05-27,117.020477
2021-05-28,116.731720
2021-06-01,117.936745
2021-06-02,117.412247
2021-06-03,116.272591
2021-06-04,118.550392
2021-06-07,118.982788
2021-06-08,118.791603
2021-06-09,119.262138
2021-06-10,120.608818
2021-06-11,120.364655
2021-06-14,121.291336
2021-06-15,120.275002
2021-06-16,119.634087
2021-06-17,120.595947
2021-06-18,118.978844
2021-06-21,120.664291
2021-06-22,121.177406
2021-06-23,120.975830
2021-06-24,121.345314
2021-06-25,121.353729
2021-06-28,121.380981
2021-06-29,121.119965
2021-06-30,120.938683
2021-07-01,121.290344
2021-07-02,124.076820
2021-07-06,125.000519
2021-07-07,125.281853
2021-07-08,123.865334
2021-07-09,124.335358
2021-07-12,125.778633
2021-07-13,126.141182
2021-07-14,127.028229
2021-07-15,125.807854
2021-07-16,125.773178
2021-07-19,123.403732
2021-07-20,125.019852
2021-07-21,126.346725
2021-07-22,127.210991
2021-07-23,131.761215
2021-07-26,132.771591
2021-07-27,130.656723
2021-07-28,134.811188
2021-07-29,134.497665
2021-07-30,133.456558
2021-08-02,133.583405
2021-08-03,134.351562
2021-08-04,133.851807
2021-08-05,134.967178
2021-08-06,134.459015
2021-08-09,135.622437
2021-08-10,135.517471
2021-08-11,134.994415
2021-08-12,135.900818
2021-08-13,136.429276
2021-08-16,137.005783
2021-08-17,135.373322
2021-08-18,134.172256
2021-08-19,134.401093
2021-08-20,136.134109
2021-08-23,138.721481
2021-08-24,139.929977
2021-08-25,140.739761
2021-08-26,140.107285
2021-08-27,142.646622
2021-08-30,143.227615
2021-08-31,143.333572
2021-09-01,143.846695
2021-09-02,141.936386
2021-09-03,142.384628
2021-09-07,142.920517
2021-09-08,142.336548
2021-09-09,142.187973
2021-09-10,139.548126
2021-09-13,140.990860
2021-09-14,141.200851
2021-09-15,143.068115
2021-09-16,142.256317
2021-09-17,139.472824
2021-09-20,137.411926
2021-09-21,137.722473
2021-09-22,138.961182
2021-09-23,139.884918
2021-09-24,140.874481
2021-09-27,139.742264
2021-09-28,134.549683
2021-09-29,133.087082
2021-09-30,132.415970
2021-10-01,135.255966
2021-10-04,132.399628
2021-10-05,134.740845
2021-10-06,136.268295
2021-10-07,137.912674
2021-10-08,138.467896
2021-10-11,137.604614
2021-10-12,135.162857
2021-10-13,136.285141
2021-10-14,139.820511
2021-10-15,140.035477
2021-10-18,141.432175
2021-10-19,141.886856
2021-10-20,140.432709
2021-10-21,140.548599
2021-10-22,136.269775
2021-10-25,136.151428
2021-10-26,137.995377
2021-10-27,144.839264
2021-10-28,144.474213
2021-10-29,146.650513
2021-11-01,142.144424
2021-11-02,144.061646
2021-11-03,145.216187
2021-11-04,146.869949
2021-11-05,147.448944
2021-11-08,147.626221
2021-11-09,147.514801
2021-11-10,144.518295
2021-11-11,144.392502
2021-11-12,147.276566
2021-11-15,147.052673
2021-11-16,146.482132
2021-11-17,146.651489
2021-11-18,148.426117
2021-11-19,147.522720
2021-11-22,144.922958
2021-11-23,144.407837
2021-11-24,144.742676
2021-11-26,140.842773
2021-11-29,144.158722
2021-11-30,140.559998
2021-12-01,139.721954
2021-12-02,141.618408
2021-12-03,140.662994
2021-12-06,141.805603
2021-12-07,145.881363
2021-12-08,146.789688
2021-12-09,146.246857
2021-12-10,146.606430
2021-12-13,144.451950
2021-12-14,142.550537
2021-12-15,145.060654
2021-12-16,143.083466
2021-12-17,140.389114
2021-12-20,140.272202
2021-12-21,142.120132
2021-12-22,145.034882
2021-12-23,145.531662
2021-12-27,146.512329
2021-12-28,145.304321
2021-12-29,145.272614
2021-12-30,144.822418
2021-12-31,143.486649
2022-01-03,143.624817
2022-01-04,143.038391
2022-01-05,136.476334
2022-01-06,136.449097
2022-01-07,135.725449
2022-01-10,137.362396
2022-01-11,138.418823
2022-01-12,140.097382
2022-01-13,137.280685
2022-01-14,138.165741
2022-01-18,134.716095
2022-01-19,133.842865
2022-01-20,132.050949
2022-01-21,129.122818
2022-01-24,129.571060
2022-01-25,125.738495
2022-01-26,128.014847
2022-01-27,127.788986
2022-01-28,132.094040
2022-01-31,134.028107
2022-02-01,136.346573
2022-02-02,146.604965
2022-02-03,141.741226
2022-02-04,141.942322
2022-02-07,137.888901
2022-02-08,138.085022
2022-02-09,140.257370
2022-02-10,137.313370
2022-02-11,133.016754
2022-02-14,134.248520
2022-02-15,135.320831
2022-02-16,136.439697
2022-02-17,131.289688
2022-02-18,129.173828
2022-02-22,128.589874
2022-02-23,126.385368
2022-02-24,131.440262
2022-02-25,133.192093
2022-02-28,133.783951
2022-03-01,132.797836
2022-03-02,133.303055
2022-03-03,132.637360
2022-03-04,130.663147
2022-03-07,125.187263
2022-03-08,125.906418
2022-03-09,132.162369
2022-03-10,131.181244
2022-03-11,128.646347
2022-03-14,124.763786
2022-03-15,127.980179
2022-03-16,132.024231
2022-03-17,132.577423
2022-03-18,134.842361
2022-03-21,134.818604
2022-03-22,138.549606
2022-03-23,136.972122
2022-03-24,140.237549
2022-03-25,140.337601
2022-03-28,140.122162
2022-03-29,141.162247
2022-03-30,140.600586
2022-03-31,137.756653
2022-04-01,138.829437
2022-04-04,141.623840
2022-04-05,139.265793
2022-04-06,135.260910
2022-04-07,134.607574
2022-04-08,132.031128
2022-04-11,127.609215
2022-04-12,126.510666
2022-04-13,128.669617
2022-04-14,125.535446
2022-04-18,126.473022
2022-04-19,128.783554
2022-04-20,126.833084
2022-04-21,123.638000
2022-04-22,118.507820
2022-04-25,121.913895
2022-04-26,117.531616
2022-04-27,113.217171
2022-04-28,117.405304
2022-04-29,113.033913
2022-05-02,115.484085
2022-05-03,116.228004
2022-05-04,121.108574
2022-05-05,115.407326
2022-05-06,114.655472
2022-05-09,111.450470
2022-05-10,113.316711
2022-05-11,112.531685
2022-05-12,111.780357
2022-05-13,114.956612
2022-05-16,113.366241
2022-05-17,115.375130
2022-05-18,110.844734
2022-05-19,109.343521
2022-05-20,107.881432
2022-05-23,110.437111
2022-05-24,104.971138
2022-05-25,104.807686
2022-05-26,106.776459
2022-05-27,111.257797
2022-05-31,112.689674
2022-06-01,112.818451
2022-06-02,116.513794
2022-06-03,113.461334
2022-06-06,115.719345
2022-06-07,116.045250
2022-06-08,116.089317
2022-06-09,113.753059
2022-06-10,110.113693
2022-06-13,105.389641
2022-06-14,105.709602
2022-06-15,108.729858
2022-06-16,105.034027
2022-06-17,106.133568
2022-06-21,110.492584
2022-06-22,110.436615
2022-06-23,111.184006
2022-06-24,116.862976
2022-06-27,114.741653
2022-06-28,110.951714
2022-06-29,110.648598
2022-06-30,107.935913
2022-07-01,107.712540
2022-07-05,112.195389
2022-07-06,113.492035
2022-07-07,117.663361
2022-07-08,118.228470
2022-07-11,114.586136
2022-07-12,112.945740
2022-07-13,110.303879
2022-07-14,109.327179
2022-07-15,110.723885
2022-07-18,108.002266
2022-07-19,112.737228
2022-07-20,112.826378
2022-07-21,113.262238
2022-07-22,106.882935
2022-07-25,106.496620
2022-07-26,104.030075
2022-07-27,111.994293
2022-07-28,113.143372
2022-07-29,115.223579
2022-08-01,113.777336
2022-08-02,114.044777
2022-08-03,116.966980
2022-08-04,117.075951
2022-08-05,116.362740
2022-08-08,116.194321
2022-08-09,115.530632
2022-08-10,118.571709
2022-08-11,117.719810
2022-08-12,120.533051
2022-08-15,120.929283
2022-08-16,120.552849
2022-08-17,118.423126
2022-08-18,119.037270
2022-08-19,116.105186
2022-08-22,113.163177
2022-08-23,112.786758
2022-08-24,112.618362
2022-08-25,115.550453
2022-08-26,109.299927
2022-08-29,108.388611
2022-08-30,107.913139
2022-08-31,107.199921
2022-09-01,108.705589
2022-09-02,106.833405
2022-09-06,105.803215
2022-09-07,108.418320
2022-09-08,107.358414
2022-09-09,109.607025
2022-09-12,109.815033
2022-09-13,103.336678
2022-09-14,104.010262
2022-09-15,101.939972
2022-09-16,101.831009
2022-09-19,102.098457
2022-09-20,100.186646
2022-09-21,98.344185
2022-09-22,99.196075
2022-09-23,97.809280
2022-09-26,97.244644
2022-09-27,96.580963
2022-09-28,99.106934
2022-09-29,96.501724
2022-09-30,94.748405
2022-10-03,97.710228
2022-10-04,100.681946
2022-10-05,100.473915
2022-10-06,100.464012
2022-10-07,97.749840
2022-10-10,96.937569
2022-10-11,96.263992
2022-10-12,96.640404
2022-10-13,98.126251
2022-10-14,95.649811
2022-10-17,99.027679
2022-10-18,99.820152
2022-10-19,98.690887
2022-10-20,99.027679
2022-10-21,100.176743
2022-10-24,101.553642
2022-10-25,103.495178
2022-10-26,94.035179
2022-10-27,91.350739
2022-10-28,95.382370
2022-10-31,93.619156
2022-11-01,89.617226
2022-11-02,86.150223
2022-11-03,82.643585
2022-11-04,85.763908
2022-11-07,87.655899
2022-11-08,88.062012
2022-11-09,86.496910
2022-11-10,93.054527
2022-11-11,95.501251
2022-11-14,94.797928
2022-11-15,97.512100
2022-11-16,97.918243
2022-11-17,97.432854
2022-11-18,96.511627
2022-11-21,94.698868
2022-11-22,96.135201
2022-11-23,97.531921
2022-11-25,96.541344
2022-11-28,95.144638
2022-11-29,94.292755
2022-11-30,100.038078
2022-12-01,100.038078
2022-12-02,99.493256
2022-12-05,98.542297
2022-12-06,96.065872
2022-12-07,94.045090
2022-12-08,92.826691
2022-12-09,91.954987
2022-12-12,92.430458
2022-12-13,94.728607
2022-12-14,94.173874
2022-12-15,90.003563
2022-12-16,89.409210
2022-12-19,87.606354
2022-12-20,88.180893
2022-12-21,88.735619
2022-12-22,86.932777
2022-12-23,88.388924
2022-12-27,86.566261
2022-12-28,85.209167
2022-12-29,87.616287
2022-12-30,87.398338
2023-01-03,88.279953
2023-01-04,87.249756
2023-01-05,85.387474
2023-01-06,86.516716
2023-01-09,87.190323
2023-01-10,87.586540
2023-01-11,90.657318
2023-01-12,90.271004
2023-01-13,91.251678
2023-01-17,90.429504
2023-01-18,90.261116
2023-01-19,92.172920
2023-01-20,97.096054
2023-01-23,98.849380
2023-01-24,96.779083
2023-01-25,94.322456
2023-01-26,96.600777
2023-01-27,98.433350
2023-01-30,96.026260
2023-01-31,97.908340
2023-02-01,99.483360
2023-02-02,106.724434
2023-02-03,103.792343
2023-02-06,101.930084
2023-02-07,106.625374
2023-02-08,98.433350
2023-02-09,94.114426
2023-02-10,93.678596
2023-02-13,93.718216
2023-02-14,93.787560
2023-02-15,96.026260
2023-02-16,94.609734
2023-02-17,93.460663
2023-02-21,90.924789
2023-02-22,90.786110
2023-02-23,90.033257
2023-02-24,88.289871
2023-02-27,89.022888
2023-02-28,89.211082
2023-03-01,89.508263
2023-03-02,91.132812
2023-03-03,92.767250
2023-03-06,94.233299
2023-03-07,92.975273
2023-03-08,93.361603
2023-03-09,91.449791
2023-03-10,89.775719
2023-03-13,90.251205
2023-03-14,93.084244
2023-03-15,95.204063
2023-03-16,99.374382
2023-03-17,100.662132
2023-03-20,100.265907
2023-03-21,103.931030
2023-03-22,102.395638
2023-03-23,104.604607
2023-03-24,104.446129
2023-03-27,101.494202
2023-03-28,100.077698
2023-03-29,100.434311
2023-03-30,99.939018
2023-03-31,102.752243
2023-04-03,103.376305
2023-04-04,103.732918
2023-04-05,103.485268
2023-04-06,107.398026
2023-04-10,105.436691
2023-04-11,104.356972
2023-04-12,103.653664
2023-04-13,106.417381
2023-04-14,107.843803
2023-04-17,104.971138
2023-04-18,103.514977
2023-04-19,103.197998
2023-04-20,104.297539
2023-04-21,104.416412
2023-04-24,104.971138
2023-04-25,102.871109
2023-04-26,102.732430
2023-04-27,106.575851
2023-04-28,106.328224
2023-05-01,106.189537
2023-05-02,104.327255
2023-05-03,104.416412
2023-05-04,103.703201
2023-05-05,104.574898
2023-05-08,106.754158
2023-05-09,106.338127
2023-05-10,110.696648
2023-05-11,115.471207
2023-05-12,116.402359
2023-05-15,115.411774
2023-05-16,118.383514
2023-05-17,119.700958
2023-05-18,121.672203
2023-05-19,121.602859
2023-05-22,123.871284
2023-05-23,121.404747
2023-05-24,119.760399
2023-05-25,122.316071
2023-05-26,123.435432
2023-05-30,122.504288
2023-05-31,121.711830
2023-06-01,122.553802
2023-06-02,123.494858
2023-06-05,124.822220
2023-06-06,126.109962
2023-06-07,121.345314
2023-06-08,120.988716
2023-06-09,121.077866
2023-06-12,122.474564
2023-06-13,122.662788
2023-06-14,122.504288
2023-06-15,123.910904
2023-06-16,122.365601
2023-06-20,121.939651
2023-06-21,119.413696
2023-06-22,121.989189
2023-06-23,121.186821
2023-06-26,117.224525
2023-06-27,117.214622
2023-06-28,119.047195
2023-06-29,117.977364
2023-06-30,118.571709
2023-07-03,118.769814
2023-07-05,120.602386
2023-07-06,118.977844
2023-07-07,118.353783
2023-07-10,115.352333
2023-07-11,116.035835
2023-07-12,117.808960
2023-07-13,123.366096
2023-07-14,124.237778
2023-07-17,123.475052
2023-07-18,122.593437
2023-07-19,120.879738
2023-07-20,118.076424
2023-07-21,118.888687
2023-07-24,120.384460
2023-07-25,121.058052
2023-07-26,128.051514
2023-07-27,128.180267
2023-07-28,131.330292
2023-07-31,131.468994
2023-08-01,130.310028
2023-08-02,127.169891
2023-08-03,127.239227
2023-08-04,126.902428
2023-08-07,130.290207
2023-08-08,130.161407
2023-08-09,128.437805
2023-08-10,128.467529
2023-08-11,128.338776
2023-08-14,130.092072
2023-08-15,128.556702
2023-08-16,127.486870
2023-08-17,128.695374
2023-08-18,126.258575
2023-08-21,127.159973
2023-08-22,127.863304
2023-08-23,131.122284
2023-08-24,128.556702
2023-08-25,128.655746
2023-08-28,129.775085
2023-08-29,133.301575
2023-08-30,134.599228
2023-08-31,134.886429
2023-09-01,134.381256
2023-09-05,134.490250
2023-09-06,133.192581
2023-09-07,133.985016
2023-09-08,135.094498
2023-09-11,135.629395
2023-09-12,134.064270
2023-09-13,135.421371
2023-09-14,136.798279
2023-09-15,136.104889
2023-09-18,136.907242
2023-09-19,136.738846
2023-09-20,132.479385
2023-09-21,129.210464
2023-09-22,129.022247
2023-09-25,129.874146
2023-09-26,127.358101
2023-09-27,129.309540
2023-09-28,131.062820
2023-09-29,129.626526
2023-10-02,132.905334
2023-10-03,131.181732
2023-10-04,133.965240
2023-10-05,133.796799
2023-10-06,136.283157
2023-10-09,137.115234
2023-10-10,136.758636
2023-10-11,139.225174
2023-10-12,137.660065
2023-10-13,136.065277
2023-10-16,137.788849
2023-10-17,138.403000
2023-10-18,136.659576
2023-10-19,136.451553
2023-10-20,134.321838
2023-10-23,135.213348
2023-10-24,137.501587
2023-10-25,124.426003
2023-10-26,121.127388
2023-10-27,121.018425
2023-10-30,123.286842
2023-10-31,122.910416
2023-11-01,125.258072
2023-11-02,126.288277
2023-11-03,127.883110
2023-11-06,129.022247
2023-11-07,129.735443
2023-11-08,130.597290
2023-11-09,129.012360
2023-11-10,131.340210
2023-11-13,130.844910
2023-11-14,132.360489
2023-11-15,133.351074
2023-11-16,135.639297
2023-11-17,134.034576
2023-11-20,134.965714
2023-11-21,135.678925
2023-11-22,137.184586
2023-11-24,135.401566
2023-11-27,135.124191
2023-11-28,135.906754
2023-11-29,133.717560
2023-11-30,131.280762
2023-12-01,130.617096
2023-12-04,128.051514
2023-12-05,129.755310
2023-12-06,128.794434
2023-12-07,135.639297
2023-12-08,133.717560
2023-12-11,132.033585
2023-12-12,131.270859
2023-12-13,131.320404
2023-12-14,130.696335
2023-12-15,131.350113
2023-12-18,134.519943
2023-12-19,135.361938
2023-12-20,137.035995
2023-12-21,139.096405
2023-12-22,140.156311
2023-12-26,140.186035
2023-12-27,139.046875
2023-12-28,138.908188
2023-12-29,138.373276
2024-01-02,136.867615
2024-01-03,137.610535
2024-01-04,135.104370
2024-01-05,134.450592
2024-01-08,137.531296
2024-01-09,139.621414
2024-01-10,140.938843
2024-01-11,140.740768
2024-01-12,141.305374
2024-01-16,141.146912
2024-01-17,140.136505
2024-01-18,142.127548
2024-01-19,145.000229
2024-01-22,144.613907
2024-01-23,145.653992
2024-01-24,147.298355
2024-01-25,150.438477
2024-01-26,150.755463
2024-01-29,152.063019
2024-01-30,150.032364
2024-01-31,138.779434
2024-02-01,139.829437
2024-02-02,141.037933
2024-02-05,142.325684
2024-02-06,142.741714
2024-02-07,144.168106
2024-02-08,144.534668
2024-02-09,147.595551
2024-02-12,146.139374
2024-02-13,143.771912
2024-02-14,144.564362
2024-02-15,141.424271
2024-02-16,139.195480
2024-02-20,139.789810
2024-02-21,141.206329
2024-02-22,142.731781
2024-02-23,142.603027
2024-02-26,136.273270
2024-02-27,137.570908
2024-02-28,135.094498
2024-02-29,137.154892
2024-03-01,135.847321
2024-03-04,132.093048
2024-03-05,131.419464
2024-03-06,130.161407
2024-03-07,133.113327
2024-03-08,134.133621
2024-03-11,136.372314
2024-03-12,137.194534
2024-03-13,138.472321
2024-03-14,141.751144
2024-03-15,139.849228
2024-03-18,146.287949
2024-03-19,145.644089
2024-03-20,147.337952
2024-03-21,146.208710
2024-03-22,149.348846
2024-03-25,148.655472
2024-03-26,149.249771
2024-03-27,149.447876
2024-03-28,149.507339
2024-04-01,154.024353
2024-04-02,153.103119
2024-04-03,153.459717
2024-04-04,149.111115
2024-04-05,151.062546
2024-04-08,153.390411
2024-04-09,155.123886
2024-04-10,154.668228
2024-04-11,157.907425
2024-04-12,156.243240
2024-04-15,153.400314
2024-04-16,152.944611
2024-04-17,154.004547
2024-04-18,154.539444
2024-04-19,152.637527
2024-04-22,154.806885
2024-04-23,156.768219
2024-04-24,157.630066
2024-04-25,154.529541
2024-04-26,170.329208
2024-04-29,164.583862
2024-04-30,161.245621
2024-05-01,162.315460
2024-05-02,165.049423
2024-05-03,165.663620
2024-05-06,166.515503
2024-05-07,169.635803
2024-05-08,167.783432
2024-05-09,168.357971
2024-05-10,167.060303
2024-05-13,167.545700
2024-05-14,168.734375
2024-05-15,170.883911
2024-05-16,172.538193
2024-05-17,174.400452
2024-05-20,175.252350
2024-05-21,176.173569
2024-05-22,174.717468
2024-05-23,171.914124
2024-05-24,173.340561
2024-05-28,174.737244
2024-05-29,174.241943
2024-05-30,170.487686
2024-05-31,170.874023
2024-06-03,171.537704
2024-06-04,172.151855
2024-06-05,173.756607
2024-06-06,175.064133
2024-06-07,172.815567
2024-06-10,173.559326
2024-06-11,175.155991
2024-06-12,176.316284
2024-06-13,173.708084
2024-06-14,175.324570
2024-06-17,175.770844
2024-06-18,173.638672
2024-06-20,174.838638
2024-06-21,178.141037
2024-06-24,177.734436
2024-06-25,182.504532
2024-06-26,182.355804
2024-06-27,183.873123
2024-06-28,180.640137
2024-07-01,181.473190
2024-07-02,183.704514
2024-07-03,184.279724
2024-07-05,189.020096
2024-07-08,187.463104
2024-07-09,187.413528
2024-07-10,189.595276
2024-07-11,184.031815
2024-07-12,183.535934
2024-07-15,184.983826
2024-07-16,182.395477
2024-07-17,179.519516
2024-07-18,176.217102
2024-07-19,176.187363
2024-07-22,180.164124
2024-07-23,180.283127
2024-07-24,171.199036
2024-07-25,165.893387
2024-07-26,165.615707
2024-07-29,168.124756
2024-07-30,168.878448
2024-07-31,170.118088
2024-08-01,169.344559
2024-08-02,165.278564
2024-08-05,157.929962
2024-08-06,156.977905
2024-08-07,157.622513
2024-08-08,160.686890
2024-08-09,162.313324
2024-08-12,160.944748
2024-08-13,162.799240
2024-08-14,159.040649
2024-08-15,159.962967
2024-08-16,161.609207
2024-08-19,165.288437
2024-08-20,165.794235
2024-08-21,164.475250
2024-08-22,162.442230
2024-08-23,164.247131
2024-08-26,164.782684
2024-08-27,163.314926
2024-08-28,161.500122
2024-08-29,160.438995
2024-08-30,162.025757
2024-09-03,156.055634
2024-09-04,155.153168
2024-09-05,155.936615
2024-09-06,149.669022
2024-09-09,147.673050
2024-09-10,147.623383
2024-09-11,150.105927
2024-09-12,153.611328
2024-09-13,156.362015
2024-09-16,156.957825
2024-09-17,158.209030
2024-09-18,158.695602
2024-09-19,161.009384
2024-09-20,162.449265
2024-09-23,160.721420
2024-09-24,161.158310
2024-09-25,160.363922
2024-09-26,161.595245
2024-09-27,162.806747
2024-09-30,164.693512
2024-10-01,165.825546
2024-10-02,164.703445
2024-10-03,164.703445
2024-10-04,165.895050
2024-10-07,161.843506
2024-10-08,163.233749
2024-10-09,160.731339
2024-10-10,160.949799
2024-10-11,162.101730
2024-10-14,163.809708
2024-10-15,164.306229
2024-10-16,164.008301
2024-10-17,161.793854
2024-10-18,162.280441
2024-10-21,162.925919
2024-10-22,163.988449
2024-10-23,161.644897
2024-10-24,161.585327
2024-10-25,164.117569
2024-10-28,165.557434
2024-10-29,168.496780
2024-10-30,173.243469
2024-10-31,169.916794
2024-11-01,170.095551
2024-11-04,168.059875
2024-11-05,168.556381
2024-11-06,175.279144
2024-11-07,179.489594
2024-11-08,177.106339
2024-11-11,179.092392
2024-11-12,180.353531
2024-11-13,177.632629
2024-11-14,174.355652
2024-11-15,171.287231
2024-11-18,174.077591
2024-11-19,176.877914
2024-11-20,174.752869
2024-11-21,166.461105
2024-11-22,163.611099
2024-11-25,166.480942
2024-11-26,167.940720
2024-11-27,168.049927
2024-11-29,167.771866
2024-12-02,170.294174
2024-12-03,170.145218
2024-12-04,173.154099
2024-12-05,171.436142
2024-12-06,173.491730
2024-12-09,174.346695
2024-12-10,184.089508
2024-12-11,194.259827
2024-12-12,190.839920
2024-12-13,188.712387
2024-12-16,195.512482
2024-12-17,194.279709
2024-12-18,187.300674
2024-12-19,187.410004
2024-12-20,190.293091
2024-12-23,193.494324
2024-12-24,194.965668
2024-12-26,194.458649
2024-12-27,191.635223
2024-12-30,190.124115
2024-12-31,188.195404
2025-01-02,188.324646
2025-01-03,190.670883
2025-01-06,195.721252
2025-01-07,194.349289
2025-01-08,192.818283
2025-01-10,190.919418
2025-01-13,189.895432
2025-01-14,188.553299
2025-01-15,194.408951
2025-01-16,191.784332
2025-01-17,194.856339
2025-01-21,196.894363
2025-01-22,197.212494
2025-01-23,196.824753
2025-01-24,199.041763
2025-01-27,190.690781
2025-01-28,194.160416
2025-01-29,194.269745
2025-01-30,199.697922
2025-01-31,202.829529
2025-02-03,200.055801
2025-02-04,205.175751
2025-02-05,190.213577
2025-02-06,190.481995
2025-02-07,184.258530
2025-02-10,185.381943
2025-02-11,184.238647
2025-02-12,182.538620
2025-02-13,185.053864
2025-02-14,184.149170
2025-02-18,182.697708
2025-02-19,184.188934
2025-02-20,183.483078
2025-02-21,178.611679
2025-02-24,178.204056
2025-02-25,174.396393
2025-02-26,171.722107
2025-02-27,167.516785
2025-02-28,169.286407
2025-03-03,166.035477
2025-03-04,169.922668
2025-03-05,172.010422
2025-03-06,171.344330
2025-03-07,172.845535
2025-03-10,165.092041
2025-03-11,163.270615
2025-03-12,166.326233
2025-03-13,161.996643
2025-03-14,164.713821
2025-03-17,163.519455
2025-03-18,159.916428
2025-03-19,163.121353
2025-03-20,162.036438
2025-03-21,163.220871
2025-03-24,166.893570
2025-03-25,169.760071
2025-03-26,164.285843
2025-03-27,161.479080
2025-03-28,153.606171
2025-03-31,153.914703
2025-04-01,156.333328
2025-04-02,156.303467
2025-04-03,150.013123
2025-04-04,144.917130
2025-04-07,146.061707
2025-04-08,144.021332
2025-04-09,157.965637
2025-04-10,152.103256
2025-04-11,156.403015
2025-04-14,158.323975
2025-04-15,155.576889
2025-04-16,152.610855
2025-04-17,150.451035
2025-04-21,146.977417
2025-04-22,150.759583
2025-04-23,154.621414
2025-04-24,158.532944
2025-04-25,161.200394
2025-04-28,159.856720
2025-04-29,159.408844
2025-04-30,158.055206
2025-05-01,160.543472
2025-05-02,163.260696
2025-05-05,163.439850
2025-05-06,162.464417
2025-05-07,150.670013
2025-05-08,153.556412
2025-05-09,152.033585
2025-05-12,157.716797
2025-05-13,158.781784
2025-05-14,164.594391
2025-05-15,163.191025
2025-05-16,165.410538
2025-05-19,165.758881
2025-05-20,163.210922
2025-05-21,167.769455
2025-05-22,170.068588
2025-05-23,167.679871
2025-05-27,172.089081
2025-05-28,171.551605
2025-05-29,171.053955
2025-05-30,170.934525
2025-06-02,168.237228
2025-06-03,165.400604
2025-06-04,167.261810
2025-06-05,167.421082
2025-06-06,172.865402
2025-06-09,175.476303
2025-06-10,177.977570
2025-06-11,176.731903
2025-06-12,175.087646
2025-06-13,174.061249
2025-06-16,176.153931
2025-06-17,175.336777
2025-06-18,172.715958
2025-06-20,166.059250
2025-06-23,164.614288
2025-06-24,166.188782
2025-06-25,170.085159
2025-06-26,172.935165
2025-06-27,177.907791
2025-06-30,175.615799
2025-07-01,175.227158
2025-07-02,178.017395
2025-07-03,178.904297
2025-07-07,176.173843
2025-07-08,173.752319
2025-07-09,176.004440
2025-07-10,177.000961
2025-07-11,179.562027
2025-07-14,180.927216
2025-07-15,181.365692
2025-07-16,182.332321
2025-07-17,182.940186
2025-07-18,184.415039
2025-07-21,189.437469
2025-07-22,190.673141
2025-07-23,189.567032
2025-07-24,191.500244
2025-07-25,192.506744
2025-07-28,191.908813
2025-07-29,195.067780
2025-07-30,195.845062
2025-07-31,191.231186
2025-08-01,188.470856
2025-08-04,194.360245
2025-08-05,193.991531
2025-08-06,195.406586
2025-08-07,195.835098
2025-08-08,200.718018
2025-08-11,200.299469
2025-08-12,202.631317
2025-08-13,201.256149
2025-08-14,202.232727
2025-08-15,203.189362
2025-08-18,202.790771
2025-08-19,200.867508
2025-08-20,198.625336
2025-08-21,199.053818
2025-08-22,205.371750
2025-08-25,207.763367
2025-08-26,206.418076
2025-08-27,206.756882
2025-08-28,210.902390
2025-08-29,212.167953
2025-09-02,210.613419
2025-09-03,229.856110
2025-09-04,231.490402
2025-09-05,234.180984
2025-09-08,233.432922
2025-09-09,239.008423
2025-09-10,238.549606
2025-09-11,239.746506
2025-09-12,240.175385
2025-09-15,250.957336
2025-09-16,250.508514
2025-09-17,248.882736
2025-09-18,251.376266
2025-09-19,254.059296
2025-09-22,251.874969
2025-09-23,251.007217
2025-09-24,246.498947
2025-09-25,245.152420
2025-09-26,245.900497
2025-09-29,243.416946
2025-09-30,242.469437
2025-10-01,244.264740
2025-10-02,245.052704
2025-10-03,244.713593
2025-10-06,249.780396
2025-10-07,245.122513
2025-10-08,243.985474
2025-10-09,240.903488
2025-10-10,235.956360
2025-10-13,243.516708
2025-10-14,244.813324
2025-10-15,250.378860
2025-10-16,250.807739
2025-10-17,252.642960
2025-10-20,255.884537
2025-10-21,249.810333
2025-10-22,251.037140
2025-10-23,252.423538
2025-10-24,259.245850
2025-10-27,268.571503
2025-10-28,266.776215
2025-10-29,273.857819
2025-10-30,280.749908
2025-10-31,280.460632
2025-11-03,282.984070
2025-11-04,276.820129
2025-11-05,283.572510
2025-11-06,284.011414
2025-11-07,278.106689
2025-11-10,289.347504
2025-11-11,290.554352
2025-11-12,285.966278
2025-11-13,277.847412
2025-11-14,275.693024
2025-11-17,284.280640
2025-11-18,283.542603
2025-11-19,292.050476
2025-11-20,288.699188
2025-11-21,298.882690
2025-11-24,317.753601
2025-11-25,322.601013
2025-11-26,319.120117
2025-11-28,319.349487
2025-12-01,314.073212
2025-12-02,314.990814
2025-12-03,318.800903
2025-12-04,316.796143
2025-12-05,320.436615
2025-12-08,313.110931
2025-12-09,316.464386
2025-12-10,319.588318
2025-12-11,311.823395
2025-12-12,308.689514
2025-12-15,307.621582
2025-12-16,305.974792
2025-12-17,296.143921
2025-12-18,301.872772
2025-12-19,306.563660
2025-12-22,309.178558
2025-12-23,313.739685
2025-12-24,313.480194
2025-12-26,312.901337
2025-12-29,312.951233
2025-12-30,313.240662
2025-12-31,312.392303
2026-01-02,314.538147
2026-01-05,315.925476
2026-01-06,313.729706
2026-01-07,321.354889
2026-01-08,324.808167
2026-01-09,327.932098
2026-01-12,331.215668
2026-01-13,335.317719
2026-01-14,335.187958
2026-01-15,332.133881
2026-01-16,329.359314
2026-01-20,321.374847
2026-01-21,327.742462
2026-01-22,329.898285
2026-01-23,327.293304
2026-01-26,332.612976
2026-01-27,333.900452
2026-01-28,335.357666
2026-01-29,337.593262
2026-01-30,337.343781
2026-02-02,343.022736
2026-02-03,339.050446
2026-02-04,332.393402
2026-02-05,330.606873
2026-02-06,322.233154
2026-02-09,323.690338
2026-02-10,317.961456
2026-02-11,310.356262
2026-02-12,308.400055
2026-02-13,305.126434
2026-02-17,301.433594
2026-02-18,302.741089
2026-02-19,302.262024
2026-02-20,314.368469
2026-02-23,310.885223
2026-02-24,310.296387
2026-02-25,312.292480
2026-02-26,306.783234
2026-02-27,311.154724
2026-03-02,305.924896
2026-03-03,302.990570
2026-03-04,302.541504
2026-03-05,300.295837
2026-03-06,297.940430
2026-03-09,305.980408
2026-03-10,306.659607
2026-03-11,308.317566
2026-03-12,303.173889
2026-03-13,301.905487
2026-03-16,305.181427
2026-03-17,310.534790
2026-03-18,307.308777
2026-03-19,306.749481
2026-03-20,300.627075
2026-03-23,301.685791
2026-03-24,290.080170
2026-03-25,290.569550
2026-03-26,280.571960
2026-03-27,274.000122
2026-03-30,273.161163
2026-03-31,287.203735
2026-04-01,297.021576
2026-04-02,295.403564
2026-04-06,299.618317
2026-04-07,305.081543
2026-04-08,316.926880
2026-04-09,318.095398
2026-04-10,316.846954
2026-04-13,320.911926
2026-04-14,332.497559
2026-04-15,336.702332
2026-04-16,335.603668
2026-04-17,341.256683
2026-04-20,337.001984
2026-04-21,331.878326
2026-04-22,338.899628
2026-04-23,338.470154
2026-04-24,343.973297
2026-04-27,349.905945
2026-04-28,349.346649
2026-04-29,349.506470
2026-04-30,384.323242
2026-05-01,385.212189
2026-05-04,382.775177
2026-05-05,387.948761
2026-05-06,397.546875
2026-05-07,397.496918
2026-05-08,400.303436
2026-05-11,388.158508
2026-05-12,386.870117
2026-05-13,402.121185
2026-05-14,400.573120
2026-05-15,396.288422
2026-05-18,396.448242
2026-05-19,387.179718
2026-05-20,388.428192
2026-05-21,387.179718
2026-05-22,382.495544
2026-05-26,388.398193
2026-05-27,388.348236
2026-05-28,389.646667
2026-05-29,379.868774
2026-06-01,375.903717
2026-06-02,361.401703
2026-06-03,358.545227
2026-06-04,371.728912
2026-06-05,368.073425
2026-06-08,363.076630
2026-06-09,364.026031
2026-06-10,356.151093
2026-06-11,357.540161
2026-06-12,359.448944
2026-06-15,369.112762
2026-06-16,373.010254
2026-06-17,363.556335
2026-06-18,367.793579
2026-06-22,349.455383
2026-06-23,345.907654
2026-06-24,345.068207
2026-06-25,343.489197
2026-06-26,337.173279
2026-06-29,353.422821
2026-06-30,357.140442
2026-07-01,360.977966
2026-07-02,359.678802
2026-07-06,366.224579
2026-07-07,366.794220
2026-07-08,361.687531
2026-07-09,358.659485
2026-07-10,356.950562
2026-07-13,352.283569
2026-07-14,359.279083
2026-07-15,370.681763
2026-07-16,354.232300
2026-07-17,346.547241
2026-07-20,351.763885
2026-07-21,346.927002
2026-07-22,341.870239
2026-07-23,317.485931
2026-07-24,319.534607
2026-07-27,326.350220
2026-07-28,333.495636
2026-07-29,336.493713
2026-07-30,333.445679
2026-07-31,355.901245
2026-08-03,373.270081
2026-08-04,377.407410
2026-08-05,362.197174
2026-08-06,357.520203
2026-08-07,354.072388
2026-08-10,357.290344
2026-08-11,343.579132
2026-08-12,343.319336
2026-08-13,346.137512
2026-08-14,345.677795
2026-08-17,343.779022
2026-08-18,343.978912
2026-08-19,344.498566
2026-08-20,340.451172
2026-08-21,344.598511
2026-08-24,347.836426
2026-08-25,346.737122
2026-08-26,341.780304
2026-08-27,340.431183
2026-08-28,346.367371
2026-08-31,339.132019
2026-09-01,334.804779
2026-09-02,336.903442
2026-09-03,342.260010
2026-09-04,338.459991
2026-09-08,338.359985
2026-09-09,330.649994
2026-09-10,332.600006
2026-09-11,338.500000
2026-09-14,349.390015
2026-09-15,344.980011
2026-09-16,342.869995
2026-09-17,347.329987
2026-09-18,349.540009
2026-09-21,354.970001
2026-09-22,351.160004
2026-09-23,337.829987
2026-09-24,342.359985
2026-09-25,343.920013
