date,open,high,low,close,volume
2012-05-18,41.651077,44.573092,37.639500,37.867317,573576400
2012-05-21,36.183448,36.312216,32.686937,33.707165,168192700
2012-05-22,32.300635,33.271337,30.646478,30.705908,101786600
2012-05-23,31.072398,32.191677,31.062493,31.696421,73600000
2012-05-24,32.637417,32.894948,31.468611,32.716656,50237200
2012-05-25,32.587885,32.637410,30.814865,31.607275,37149800
2012-05-29,31.181353,31.389361,28.378201,28.566399,78063400
2012-05-30,28.427727,29.269662,27.595696,27.922565,57267900
2012-05-31,28.279151,29.388527,26.575469,29.319191,111639200
2012-06-01,28.615924,28.873458,27.130154,27.457024,41855500
2012-06-04,26.941959,27.387689,26.189169,26.644804,35230300
2012-06-05,26.446702,27.496646,25.505714,25.624577,42473400
2012-06-06,25.822675,26.912240,25.277894,26.555655,61489200
2012-06-07,26.743855,27.090535,25.901918,26.060400,26159500
2012-06-08,26.298125,27.496647,26.189170,26.842909,38034000
2012-06-11,26.922149,27.803705,26.585374,26.753761,28219600
2012-06-12,27.219299,27.506549,26.704232,27.140059,15816800
2012-06-13,27.397593,27.833419,26.842906,27.011293,17102800
2012-06-14,27.387688,28.051332,27.120249,28.021618,16855000
2012-06-15,28.239530,29.814446,28.081048,29.725300,43563800
2012-06-18,29.675774,31.775664,29.130992,31.112019,42978900
2012-06-19,31.240786,31.874714,30.408755,31.607275,30849000
2012-06-20,31.617183,31.627088,30.854487,31.300219,15553600
2012-06-21,31.369552,32.191678,31.211070,31.537939,21875300
2012-06-22,32.102523,33.132657,31.755845,32.736450,74834000
2012-06-25,32.548265,32.706747,31.250692,31.755856,24352900
2012-06-26,32.379870,33.122755,32.191674,32.785980,24858700
2012-06-27,32.152054,32.587882,31.597367,31.924236,28568000
2012-06-28,31.656797,31.884614,30.606853,31.062490,17713300
2012-06-29,31.617181,31.686516,30.468186,30.804960,19526900
2012-07-02,30.953536,31.428982,30.260176,30.478090,14122000
2012-07-03,30.616759,31.141732,30.507802,30.904009,8763600
2012-07-05,31.022869,31.329928,30.725716,31.171446,10032100
2012-07-06,31.141734,31.597369,30.963441,31.428982,10945600
2012-07-09,31.795472,32.568074,31.686516,31.864807,17785200
2012-07-10,32.122339,32.171864,30.864387,31.171446,14269500
2012-07-11,31.181353,31.260594,30.260176,30.676191,13030300
2012-07-12,30.408756,31.102115,30.309705,30.517712,11300700
2012-07-13,30.745530,30.775244,30.270082,30.428564,8108300
2012-07-16,30.210653,30.210653,27.942377,27.981998,24672100
2012-07-17,28.209816,28.318773,26.892434,27.823517,30438600
2012-07-18,28.041428,29.012132,27.882946,28.833839,16841800
2012-07-19,29.130990,29.220137,28.358390,28.724880,13685100
2012-07-20,28.724883,29.190423,28.447538,28.487160,11869100
2012-07-23,27.853232,28.724883,27.744275,28.477255,12390700
2012-07-24,28.546588,29.170613,27.833420,28.180099,11539800
2012-07-25,28.120667,29.210232,27.813608,29.061655,17230200
2012-07-26,27.486739,27.962185,26.476415,26.595278,64597400
2012-07-27,22.970004,24.307197,22.068637,23.485069,123102300
2012-07-30,23.772318,23.811940,22.811521,22.930382,29285900
2012-07-31,23.148293,23.148293,21.404990,21.504040,56179400
2012-08-01,21.296032,21.375273,20.642294,20.681913,44604400
2012-08-02,20.572958,20.642294,19.631970,19.849884,56374500
2012-08-03,20.166847,21.949770,19.711210,20.889921,80647000
2012-08-06,21.187075,21.939865,21.097929,21.712048,27778900
2012-08-07,21.989391,22.237019,20.305518,20.523430,36782900
2012-08-08,20.513525,20.949351,20.028173,20.523430,29537400
2012-08-09,20.553147,20.969162,20.414476,20.810680,15610700
2012-08-10,21.206884,21.612994,20.929539,21.603088,25794700
2012-08-13,21.939866,22.237021,21.196981,21.395084,24973100
2012-08-14,21.206886,21.395084,20.057891,20.186657,39308800
2012-08-15,20.444190,21.206885,20.206467,20.998878,47861100
2012-08-16,20.246094,20.285713,19.503209,19.681501,157565300
2012-08-17,19.820170,19.889505,18.819751,18.869276,129293400
2012-08-20,18.869274,19.939028,18.572121,19.820168,101186600
2012-08-21,19.394247,19.790452,18.908896,18.978231,70640600
2012-08-22,19.176334,19.344722,18.780127,19.255575,49892200
2012-08-23,19.315005,19.542823,19.176334,19.255575,32813700
2012-08-24,19.334820,19.493302,19.067381,19.225863,29622200
2012-08-27,19.305101,19.344723,18.918802,18.968327,20704000
2012-08-28,18.918800,19.196142,18.770223,19.156523,25417000
2012-08-29,19.136714,19.196145,18.889086,18.918802,16124700
2012-08-30,19.087192,19.265485,18.879183,18.908899,30647500
2012-08-31,18.502789,18.522600,17.858956,17.888670,58764200
2012-09-04,17.908478,18.096676,17.383505,17.561798,46622400
2012-09-05,18.096678,18.572123,18.007531,18.403736,60781800
2012-09-06,18.562216,19.077284,18.542406,18.780128,46066500
2012-09-07,18.918803,19.235766,18.601839,18.799940,36371700
2012-09-10,18.879178,19.017851,18.374016,18.631550,24797800
2012-09-11,18.740512,19.394251,18.671176,19.245674,50508200
2012-09-12,20.563054,20.959259,20.087608,20.731441,121584000
2012-09-13,20.761155,21.276223,20.414477,20.513527,65041600
2012-09-14,20.929543,21.870531,20.701725,21.791290,72819800
2012-09-17,22.454935,22.534176,21.296035,21.315845,50667600
2012-09-18,21.395084,21.771478,21.167267,21.662523,36760500
2012-09-19,21.781382,23.148291,21.563470,23.069050,78782800
2012-09-20,22.801613,23.019526,22.326167,22.375692,57248900
2012-09-21,22.752085,23.019523,22.385596,22.643129,51218100
2012-09-24,21.573375,21.771477,20.166847,20.592768,79106500
2012-09-25,20.998879,21.008782,20.028174,20.087606,46291700
2012-09-26,19.958839,20.582863,19.612159,20.424381,38271900
2012-09-27,20.790872,20.800777,19.968746,20.127228,30215900
2012-09-28,20.374854,21.741763,20.305519,21.454514,65486000
2012-10-01,21.870534,22.375696,21.523854,21.781387,51262700
2012-10-02,21.870529,22.276639,21.612996,22.058727,29341400
2012-10-03,22.088444,22.276642,21.593188,21.622904,32000100
2012-10-04,22.108255,22.187496,21.206888,21.741766,46892100
2012-10-05,21.286127,21.424799,20.681914,20.711630,40529300
2012-10-08,20.206470,20.553151,19.968748,20.206470,32236700
2012-10-09,20.196564,20.355046,19.780548,20.038082,27161800
2012-10-10,19.740930,19.750835,19.265484,19.453680,39321800
2012-10-11,19.691403,19.770644,19.423966,19.562637,21817300
2012-10-12,19.562634,19.612158,19.295195,19.334816,18809400
2012-10-15,19.493298,19.691399,19.305100,19.334816,20189700
2012-10-16,19.493298,19.503203,19.116902,19.295195,21834700
2012-10-17,19.315004,20.285707,19.186239,19.691399,44074500
2012-10-18,19.513111,19.602257,18.710794,18.799940,52157400
2012-10-19,18.819752,18.879182,18.621648,18.819752,34835000
2012-10-22,19.017854,19.245672,18.869276,19.136715,32447300
2012-10-23,19.067378,19.612159,18.918801,19.315006,78381200
2012-10-24,23.901080,24.019943,22.633225,23.009619,228949900
2012-10-25,23.069054,23.088863,22.256831,22.345978,76142000
2012-10-26,22.187494,22.662940,21.672427,21.731859,73175800
2012-10-31,20.622481,21.296030,20.533335,20.909731,99378200
2012-11-01,20.880014,21.236599,20.810678,21.008780,37713900
2012-11-02,21.058312,21.484233,20.870114,20.979071,38344400
2012-11-05,20.899828,21.276222,20.721535,21.048405,31806700
2012-11-06,21.038498,21.167265,20.790869,20.969162,29062700
2012-11-07,20.652199,20.751250,20.176753,20.275803,33396800
2012-11-08,20.325327,20.533333,19.790449,19.800354,34254600
2012-11-09,19.770643,19.810264,18.948517,19.027758,42295500
2012-11-12,18.968328,19.978652,18.690986,19.879601,67349200
2012-11-13,19.423968,19.919225,19.374441,19.671597,71775100
2012-11-14,19.909313,22.286544,19.740926,22.147873,229751000
2012-11-15,22.128062,22.286544,21.444608,21.959675,78857700
2012-11-16,22.038919,23.702981,21.969583,23.336491,107182200
2012-11-19,23.732695,23.891179,22.603511,22.702562,85021300
2012-11-20,22.514365,23.673265,22.484651,22.880856,46655300
2012-11-21,22.999714,24.297288,22.831327,24.089279,89862400
2012-11-23,24.346810,24.445861,23.653450,23.772312,29520900
2012-11-26,24.703403,25.842493,24.574635,25.693916,123865000
2012-11-27,25.792963,26.248598,25.218464,25.901918,85760600
2012-11-28,25.693913,26.238694,25.505714,26.109928,49205600
2012-11-29,26.248599,27.258923,25.911824,27.060820,88759700
2012-11-30,27.001388,27.734367,26.506131,27.734367,127049600
2012-12-03,27.734370,28.606020,26.724046,26.783478,123526100
2012-12-04,26.803287,27.496647,26.426892,27.199492,72869200
2012-12-05,27.486738,27.635315,27.001387,27.447117,58976300
2012-12-06,27.417405,27.486741,26.565563,26.714140,46001500
2012-12-07,26.813190,27.516456,26.585373,27.229206,51751900
2012-12-10,26.912242,27.902755,26.842906,27.575886,50608500
2012-12-11,27.803704,27.972091,27.397594,27.714558,77099100
2012-12-12,27.734369,27.873041,27.110347,27.318354,46704200
2012-12-13,27.328257,28.477252,27.169775,27.972090,81051600
2012-12-14,27.912658,28.061235,26.506130,26.555655,91631600
2012-12-17,26.516038,26.743856,26.070306,26.496227,57742500
2012-12-18,26.704232,27.645220,26.644802,27.447117,60512900
2012-12-19,27.565981,27.952280,26.694330,27.149965,61390300
2012-12-20,27.229205,27.338162,26.872620,27.100439,35574800
2012-12-21,26.407084,26.753764,25.872208,26.010880,54555200
2012-12-24,26.248596,26.704231,25.951443,26.674517,28230100
2012-12-26,26.773574,26.922151,26.129739,26.258507,33175400
2012-12-27,26.298124,26.545753,25.277897,25.802868,43481700
2012-12-28,25.238275,25.862299,24.911406,25.664196,56574800
2012-12-31,25.951447,26.733951,25.862300,26.367462,60374500
2013-01-02,27.179681,27.912660,27.159870,27.734367,69846400
2013-01-03,27.615507,28.199910,27.328259,27.506552,63140600
2013-01-04,27.744275,28.655547,27.565982,28.487160,72715400
2013-01-07,28.417822,29.507387,28.378200,29.140896,83781800
2013-01-08,29.230043,29.319189,28.586210,28.784311,45871300
2013-01-09,29.388523,30.309701,29.210230,30.299795,104787700
2013-01-10,30.309703,31.151640,29.992739,31.003061,95316400
2013-01-11,30.983254,31.656802,30.804962,31.419079,89598000
2013-01-14,31.775664,31.904428,30.329514,30.656384,98892800
2013-01-15,30.349322,31.409170,29.596531,29.814445,173242600
2013-01-16,29.923402,30.062075,29.249854,29.566818,75332700
2013-01-17,29.794635,30.131409,29.745110,29.854065,40256700
2013-01-18,30.022451,30.151219,28.992319,29.378618,49631500
2013-01-22,29.467770,30.596955,29.457865,30.438473,55243300
2013-01-23,30.804959,31.201164,30.507804,30.527615,48899800
2013-01-24,30.973347,31.191259,30.517710,30.785149,43845100
2013-01-25,31.112022,31.627089,30.834677,31.240789,54363600
2013-01-28,31.577560,32.201582,31.508224,32.161964,59682500
2013-01-29,31.696422,31.765758,30.418659,30.497902,72976500
2013-01-30,30.686097,31.191259,30.587045,30.943630,87682100
2013-01-31,28.873459,31.171449,28.467349,30.686098,190744900
2013-02-01,30.715816,30.725721,29.348906,29.447958,85856700
2013-02-04,28.784311,28.922984,27.744273,27.843325,92362200
2013-02-05,27.991902,28.685260,27.773989,28.368296,47948200
2013-02-06,28.467346,29.012129,28.388105,28.774405,38375900
2013-02-07,28.833839,28.873459,28.001808,28.378202,34540100
2013-02-08,28.615927,28.893271,28.239532,28.279152,37708800
2013-02-11,28.338581,28.407917,27.773989,27.991901,37361800
2013-02-12,27.407501,27.892852,26.842909,27.110348,93498700
2013-02-13,27.100440,28.051332,27.050913,27.645222,50164000
2013-02-14,27.754182,28.358394,27.744276,28.229628,35615800
2013-02-15,28.249432,28.477250,27.823511,28.051329,33109300
2013-02-19,27.962188,28.804125,27.853233,28.655548,49396400
2013-02-20,28.645638,28.774403,28.061235,28.190001,42098200
2013-02-21,28.011715,28.279152,26.892434,27.021202,49642300
2013-02-22,27.357979,27.367882,26.565567,26.872625,36350200
2013-02-25,26.902336,27.377782,26.892431,27.011293,34652000
2013-02-26,27.100445,27.199495,26.446707,27.130159,31611700
2013-02-27,27.080630,27.080630,26.377365,26.615089,44319700
2013-02-28,26.585373,27.041009,26.090117,26.991484,83027800
2013-03-01,26.793382,27.853233,26.555659,27.516459,54064800
2013-03-04,27.496645,27.793798,27.179681,27.457024,32400700
2013-03-05,27.615506,27.912661,26.951862,27.258923,40622200
2013-03-06,27.833424,27.863138,27.090539,27.189590,33532600
2013-03-07,27.308448,28.407918,27.209396,28.308867,74540200
2013-03-08,28.160290,28.199910,27.466930,27.694748,44198900
2013-03-11,27.744273,28.368296,27.565981,27.873039,35642100
2013-03-12,27.833420,28.051332,27.338163,27.565981,27569600
2013-03-13,27.357973,27.387688,26.664613,26.823095,39619500
2013-03-14,26.842908,27.169777,26.575469,26.783478,27646400
2013-03-15,26.773571,26.803285,26.308029,26.397175,31597400
2013-03-18,26.119833,26.535848,25.535430,26.238693,26653700
2013-03-19,26.278315,26.644804,25.961350,26.298124,25254200
2013-03-20,26.426896,26.436802,25.535435,25.614676,44006500
2013-03-21,25.416569,25.862300,25.317517,25.495810,24336100
2013-03-22,25.555242,25.763251,25.386855,25.485907,18456300
2013-03-25,25.505711,25.555236,24.842067,24.891592,39199000
2013-03-26,24.842071,25.238276,24.792546,24.970837,26957200
2013-03-27,24.762832,26.030689,24.485487,25.842491,52297400
2013-03-28,25.842486,25.921727,25.277894,25.337324,28585700
2013-04-01,25.386848,25.644381,25.040170,25.287798,22249300
2013-04-02,25.525523,25.872202,25.059980,25.178843,35153300
2013-04-03,25.584955,26.139642,25.456189,26.000971,48195200
2013-04-04,26.367463,26.971674,25.862301,26.813192,82016800
2013-04-05,26.605189,27.536270,26.357560,27.130159,64566600
2013-04-08,26.932052,26.941958,26.377364,26.595278,27256000
2013-04-09,26.327838,26.634897,26.169356,26.337744,21311100
2013-04-10,26.753764,27.575890,26.644807,27.308451,45949400
2013-04-11,27.219299,27.833418,26.991482,27.754177,33368500
2013-04-12,27.734367,27.734367,26.981577,27.140059,28697400
2013-04-15,26.902336,27.219299,26.109926,26.268408,30275400
2013-04-16,26.555659,26.852814,26.149548,26.664616,27365900
2013-04-17,26.397174,26.941957,26.139640,26.377363,26440600
2013-04-18,26.565560,26.565560,24.911403,25.446281,39059000
2013-04-19,25.376951,25.713724,25.089702,25.485907,20380900
2013-04-22,25.565145,26.109929,25.456190,25.723627,25687600
2013-04-23,25.971255,26.080212,25.525525,25.733532,25191500
2013-04-24,25.684008,26.149549,25.555240,25.862301,19729900
2013-04-25,25.822680,26.149549,25.753344,25.892015,17150000
2013-04-26,26.347650,27.357973,26.347650,26.595278,33018000
2013-04-29,26.902337,27.149966,26.605184,26.724045,29201100
2013-04-30,26.872622,27.585793,26.753761,27.506552,36245700
2013-05-01,27.585794,27.655130,27.050916,27.169779,64567600
2013-05-02,27.744274,28.744692,27.714558,28.695166,104257000
2013-05-03,28.764502,28.794216,27.882944,28.041426,58506400
2013-05-06,28.061241,28.190007,27.219304,27.308451,43939400
2013-05-07,27.288632,27.585787,26.595274,26.634893,41259100
2013-05-08,26.624992,27.041007,26.397174,26.862717,34654900
2013-05-09,26.823097,27.288638,26.595280,26.783478,33457200
2013-05-10,26.882528,27.041010,26.317936,26.426893,30847100
2013-05-13,26.347647,27.070721,26.278312,26.565559,29068800
2013-05-14,26.634900,27.021201,26.565564,26.813192,24930300
2013-05-15,26.664614,26.733950,26.149547,26.347651,30299800
2013-05-16,26.228789,26.298124,25.654291,25.882109,35499100
2013-05-17,26.149547,26.347651,25.951446,26.000971,29462700
2013-05-20,25.931637,25.941542,25.446286,25.515621,42402900
2013-05-21,25.624576,25.832582,25.347231,25.416567,26261300
2013-05-22,25.406662,25.604765,24.683587,24.921310,45314500
2013-05-23,24.564724,25.287800,24.535010,24.822258,37663100
2013-05-24,24.733115,24.733115,23.851559,24.079376,58727900
2013-05-28,24.307193,24.307193,23.693074,23.871367,50079700
2013-05-29,23.564311,23.584119,23.039338,23.098768,64237800
2013-05-30,23.901081,24.544916,23.702980,24.317097,60733200
2013-05-31,24.396338,24.713304,24.039755,24.118996,35925000
2013-06-03,24.039755,24.089280,23.485066,23.623739,35733800
2013-06-04,23.663362,23.702983,23.098770,23.296873,34760800
2013-06-05,23.128484,23.485068,22.573797,22.682753,53819700
2013-06-06,22.771899,22.870951,22.454935,22.752089,31260700
2013-06-07,22.811516,23.178005,22.643129,23.069050,38699200
2013-06-10,23.831751,24.366629,23.762415,24.099190,58393000
2013-06-11,23.802034,24.118998,23.772318,23.802034,29885900
2013-06-12,23.930798,24.029850,23.356300,23.544498,26445800
2013-06-13,23.494974,23.603931,23.049244,23.504879,31189300
2013-06-14,23.336489,23.663358,23.039336,23.405825,30677100
2013-06-17,23.683169,24.019943,23.524687,23.792126,33664500
2013-06-18,23.861461,24.455770,23.851556,23.980322,36709100
2013-06-19,23.970421,24.951029,23.871369,24.079376,31790600
2013-06-20,24.049663,24.515204,23.425639,23.673267,42765600
2013-06-21,24.356719,24.465676,23.821841,24.297289,45833900
2013-06-24,23.722790,23.881272,23.158196,23.712885,40626000
2013-06-25,23.910986,24.198236,23.811936,24.019943,24713200
2013-06-26,24.277476,24.416147,23.762408,23.930796,29890300
2013-06-27,24.010038,24.604347,23.980322,24.426054,34694100
2013-06-28,24.445865,24.743018,24.188332,24.643967,96778900
2013-07-01,24.733113,24.822259,24.386435,24.574631,20582200
2013-07-02,24.465676,24.535012,24.069470,24.178427,18394100
2013-07-03,23.990229,24.475580,23.920893,24.287384,10404400
2013-07-05,24.416148,24.426053,23.970418,24.138805,20229500
2013-07-08,24.237857,24.802451,24.188332,24.475580,27064600
2013-07-09,24.832165,25.248181,24.792546,25.238276,30387900
2013-07-10,25.337327,25.584955,25.228369,25.555239,26721800
2013-07-11,25.713722,25.753344,25.208562,25.565145,26777400
2013-07-12,25.495809,25.684007,25.307611,25.664196,16537900
2013-07-15,25.684007,26.179264,25.406663,26.030687,24234000
2013-07-16,26.139644,26.496230,25.763250,26.070309,30817600
2013-07-17,26.119832,26.525943,26.050495,26.397175,21518500
2013-07-18,26.496227,26.516038,25.872205,25.931635,24806900
2013-07-19,25.575049,25.862299,25.357137,25.634480,46539700
2013-07-22,25.743438,25.882109,25.475999,25.802868,27526300
2013-07-23,25.852395,26.050496,25.723627,25.882109,28221600
2013-07-24,26.070309,26.278317,25.802870,26.258507,82635600
2013-07-25,33.221814,34.549102,32.439308,34.034035,365457900
2013-07-26,33.449634,34.400526,33.241627,33.687355,136028900
2013-07-29,33.746785,35.291987,33.687353,35.093884,124718800
2013-07-30,35.311798,37.599881,34.984927,37.273014,173582800
2013-07-31,37.599881,37.946563,35.985347,36.450886,154828700
2013-08-01,36.946146,37.926756,36.569750,37.134346,106066500
2013-08-02,37.302730,38.124858,37.144248,37.689030,73058500
2013-08-05,38.065422,38.946978,37.887130,38.818211,79994800
2013-08-06,38.738969,38.877640,37.580067,38.184280,63950800
2013-08-07,38.243708,38.570575,37.342341,38.501240,68854800
2013-08-08,38.758784,38.818213,38.065424,38.174381,41301000
2013-08-09,38.223904,38.372483,37.649405,38.134758,43532300
2013-08-12,37.837607,38.134761,37.738554,37.857418,31161000
2013-08-13,37.877224,37.956463,36.421168,36.668797,65379200
2013-08-14,36.480604,37.193771,36.272593,36.302311,48423900
2013-08-15,36.015054,36.718318,35.678280,36.213158,56521100
2013-08-16,36.619276,37.134344,36.549941,36.728233,45840800
2013-08-19,37.074913,37.916848,36.787663,37.451309,57609600
2013-08-20,37.986180,38.214002,37.332442,38.045612,57995200
2013-08-21,38.015895,38.481434,37.788077,37.956463,46116900
2013-08-22,38.005988,38.382384,37.976274,38.184280,21931200
2013-08-23,38.630019,40.244557,38.560683,40.165314,86442300
2013-08-26,40.511994,41.542125,40.234648,40.947819,94162400
2013-08-27,40.294077,40.809145,39.046029,39.263943,72695100
2013-08-28,39.580911,40.462467,39.501672,40.165314,57918200
2013-08-29,40.502086,41.383642,40.412940,40.888386,58303400
2013-08-30,41.621363,41.859084,40.670471,40.898289,67735100
2013-09-03,41.443076,41.760040,41.116204,41.472790,48774900
2013-09-04,41.611458,41.769940,41.046866,41.383640,42581900
2013-09-05,41.393549,42.364252,41.373739,42.255295,50035400
2013-09-06,42.681216,44.186797,41.997763,43.533058,117535700
2013-09-09,43.939168,44.365089,43.285429,43.622204,75794700
2013-09-10,43.820306,43.840113,42.819886,43.186375,54540300
2013-09-11,42.978361,44.662234,42.701019,44.612709,72328300
2013-09-12,45.098065,45.187212,44.226416,44.325466,68072300
2013-09-13,44.612711,44.652333,43.513241,43.889637,52765300
2013-09-16,44.424513,44.513660,42.027473,42.106712,70424200
2013-09-17,42.096807,45.008914,42.027472,44.642426,91934600
2013-09-18,44.414615,45.038640,43.978791,44.800915,79317000
2013-09-19,45.078254,45.613132,44.800912,45.543797,63972400
2013-09-20,45.880568,47.148424,45.306073,47.039471,115508400
2013-09-23,46.831460,47.098899,45.850854,46.742313,75177000
2013-09-24,48.049796,49.188888,47.703118,47.990368,136716100
2013-09-25,48.762966,49.070027,48.000270,48.990784,87879700
2013-09-26,49.535557,50.119960,49.030397,49.911953,98220100
2013-09-27,49.812910,50.793516,49.386989,50.753899,81410500
2013-09-30,49.664333,51.110481,49.327558,49.753479,100095000
2013-10-01,49.495945,50.545887,48.980878,49.941673,98114000
2013-10-02,49.654430,50.615226,49.476138,49.803005,62834000
2013-10-03,49.991203,50.238831,48.594579,48.713440,82045000
2013-10-04,49.297838,50.674650,49.099734,50.555790,74447000
2013-10-07,50.248733,50.803421,49.921865,50.040726,57204000
2013-10-08,50.119962,50.119962,46.633359,46.692787,136081000
2013-10-09,46.930515,47.386150,44.830625,46.326302,147297000
2013-10-10,47.415869,49.208699,47.376251,48.584675,99774000
2013-10-11,48.713432,49.396885,48.327133,48.644096,58428000
2013-10-14,47.851693,49.159170,47.455487,49.040306,68781000
2013-10-15,49.515752,50.516169,48.713435,49.030399,81167000
2013-10-16,49.565272,50.753888,49.426601,50.654835,64678000
2013-10-17,50.635032,51.724598,50.466646,51.714691,71522000
2013-10-18,53.666006,54.309841,53.091507,53.705627,88260000
2013-10-21,54.161266,54.290034,53.002363,53.339138,58235000
2013-10-22,53.814573,54.240490,51.704780,52.180225,83204000
2013-10-23,51.259060,51.754317,50.644943,51.407639,57207000
2013-10-24,51.883080,52.338715,51.100574,51.952415,46775000
2013-10-25,52.675484,52.734916,51.387818,51.457153,45085000
2013-10-28,51.051053,51.209535,49.139362,49.753479,73472000
2013-10-29,50.248727,50.308159,48.782768,48.931347,102143000
2013-10-30,49.525657,49.733664,48.287516,48.545048,127073000
2013-10-31,46.712601,51.506685,46.058863,49.733665,248809000
2013-11-01,50.367589,51.595827,49.248312,49.278027,95033000
2013-11-04,48.901634,49.278030,47.564443,47.762547,80371000
2013-11-05,47.336623,49.703949,47.059277,49.634613,76835000
2013-11-06,49.783191,49.971391,48.247897,48.654007,67889000
2013-11-07,48.772865,49.396886,46.851267,47.108803,97128000
2013-11-08,47.356440,48.188472,46.801751,47.079094,70731000
2013-11-11,46.593742,47.079092,45.296169,45.761711,80910000
2013-11-12,45.563606,46.920608,45.395221,46.167820,68196000
2013-11-13,45.791426,48.277616,45.623040,48.247898,79245000
2013-11-14,48.237992,49.099738,47.574346,48.525242,75117000
2013-11-15,48.644101,49.010590,48.247895,48.545048,42453000
2013-11-18,48.010180,48.376669,45.365508,45.395226,85910000
2013-11-19,45.821135,46.554117,45.286261,45.920189,75602000
2013-11-20,46.167825,47.098906,45.870672,45.989532,53933000
2013-11-21,46.544219,47.009758,46.247062,46.256969,34886000
2013-11-22,46.593749,46.821566,45.523992,45.791431,40545000
2013-11-25,45.920189,46.207439,43.622199,44.394798,82565000
2013-11-26,44.236316,45.731990,43.136846,45.454647,82016000
2013-11-27,45.533887,46.227243,45.098059,46.048954,44993000
2013-11-29,46.306487,46.762122,46.058858,46.564018,22953900
2013-12-02,46.455070,47.088998,45.821139,46.613552,50774000
2013-12-03,46.306485,46.752217,45.850850,46.286674,32086000
2013-12-04,46.019244,48.307331,45.821141,48.158752,60890000
2013-12-05,47.693209,48.237990,47.415862,47.881405,43855000
2013-12-06,48.515334,48.921444,47.257381,47.485199,42938000
2013-12-09,47.633782,48.505435,47.287104,48.376667,36056000
2013-12-10,48.178566,50.288360,48.079516,49.773293,68479000
2013-12-11,50.070436,50.288350,48.545045,48.911537,65776000
2013-12-12,50.565696,51.576020,50.179396,51.338299,92723000
2013-12-13,51.169908,52.992452,50.852944,52.814159,82641000
2013-12-16,52.744826,53.982967,52.408051,53.299515,85119000
2013-12-17,54.240504,54.656522,53.725440,54.339558,78751000
2013-12-18,54.339549,55.359776,53.240079,55.042812,76003000
2013-12-19,53.814589,54.666427,53.438193,54.527756,89753200
2013-12-20,54.408896,54.626810,53.715535,54.597092,239824000
2013-12-23,54.973481,57.766728,54.923956,57.221947,98297000
2013-12-24,57.717205,58.024266,56.370107,57.410145,46617800
2013-12-26,57.766723,57.826155,56.825734,57.182320,55101000
2013-12-27,56.934695,57.132798,54.725851,54.914047,60466000
2013-12-30,54.408890,54.656518,52.923120,53.200462,68307000
2013-12-31,53.606571,54.339553,53.398565,54.131546,43076200
2014-01-02,54.309836,54.696135,53.675904,54.190971,43195500
2014-01-03,54.498039,55.122064,54.012686,54.042404,38246200
2014-01-06,53.903731,56.716788,53.537242,56.657360,68852600
2014-01-07,57.152611,57.994546,56.677165,57.370522,77207400
2014-01-08,57.053561,57.855878,56.687072,57.677586,56682400
2014-01-09,58.093604,58.400661,56.112578,56.677170,92253300
2014-01-10,56.588018,57.746917,56.518682,57.390331,42449500
2014-01-13,57.360615,57.697390,54.854618,55.379589,63010900
2014-01-14,55.924375,57.231852,55.567789,57.192234,37503600
2014-01-15,57.429958,58.014361,56.726695,57.053562,33663400
2014-01-16,56.716785,57.469577,56.290868,56.647449,34541800
2014-01-17,56.756401,57.271469,55.538071,55.765888,40849200
2014-01-21,56.063045,58.024265,55.963996,57.954926,48669200
2014-01-22,58.291701,58.747339,56.558302,56.964413,61352900
2014-01-23,55.835219,56.142279,55.161670,56.092754,47951800
2014-01-24,55.617314,55.884749,53.883916,53.933441,55200700
2014-01-27,54.210791,54.418797,51.358111,53.041985,73924100
2014-01-28,53.507528,54.755573,53.487717,54.616901,48191200
2014-01-29,54.091931,54.428706,52.685400,53.022175,92995600
2014-01-30,61.530680,61.907076,59.886428,60.500549,150178900
2014-01-31,59.896326,62.768812,59.599169,61.976402,87794600
2014-02-03,62.432042,63.165024,60.124149,60.896748,74866600
2014-02-04,61.461345,62.541005,61.233527,62.154705,45985500
2014-02-05,62.144799,62.560813,60.688743,61.600014,51685100
2014-02-06,60.876937,62.184414,60.876937,61.570297,42086500
2014-02-07,61.679257,63.957437,61.629732,63.709808,60704300
2014-02-10,63.689994,63.878186,62.867866,62.947105,43666100
2014-02-11,63.145216,64.383358,62.749010,64.234779,45675600
2014-02-12,64.304116,64.442787,63.442374,63.838573,47282100
2014-02-13,63.571136,66.691254,63.442372,66.691254,61911700
2014-02-14,66.859636,66.938879,66.087037,66.453522,36694900
2014-02-18,66.304959,66.899266,65.443210,66.661545,43809900
2014-02-19,66.413917,68.424657,66.364388,67.414330,62087100
2014-02-20,67.087467,69.444886,65.106441,68.969437,130928900
2014-02-21,69.028871,69.296306,67.800629,67.939301,70932400
2014-02-24,68.087888,70.762278,67.889788,70.108536,76620300
2014-02-25,70.276903,70.326431,68.791133,69.187340,52077000
2014-02-26,69.524121,70.544348,68.196829,68.602943,55322700
2014-02-27,68.682164,69.345814,68.216629,68.285965,41653700
2014-02-28,68.810960,69.217066,66.740783,67.810539,66783700
2014-03-03,66.324757,67.404420,65.879029,66.770493,56824100
2014-03-04,68.008637,68.246358,66.978503,68.147308,42013500
2014-03-05,69.028860,71.287228,68.959524,70.891022,74567700
2014-03-06,71.198088,71.207995,69.583554,70.167953,46026500
2014-03-07,70.405673,70.504723,68.810946,69.137817,38927000
2014-03-10,70.098608,71.465521,69.841080,71.346657,59871600
2014-03-11,71.812208,71.901350,69.296303,69.434975,59408300
2014-03-12,69.197245,70.673108,68.345403,70.207565,46340500
2014-03-13,70.613694,70.673123,67.503483,68.177032,57091000
2014-03-14,67.840252,68.771337,66.820025,67.077560,48227000
2014-03-17,67.533190,68.295882,65.987992,68.087875,52197000
2014-03-18,68.107694,68.939722,67.652059,68.533615,40827000
2014-03-19,68.513791,68.632655,66.829921,67.592613,43981000
2014-03-20,67.364806,67.582720,66.186093,66.334671,44439000
2014-03-21,66.889354,67.275653,65.552163,66.602104,59999900
2014-03-24,66.552583,66.720969,62.758916,63.491894,85696000
2014-03-25,64.274391,65.562061,63.174921,64.274391,68786000
2014-03-26,64.125820,64.333827,59.797278,59.817089,97503900
2014-03-27,59.935947,61.312764,57.429950,60.391586,112650000
2014-03-28,60.758077,61.362291,58.777051,59.440693,67052000
2014-03-31,60.203388,60.936370,59.302022,59.668514,53011000
2014-04-01,59.886424,62.065554,59.668514,62.025932,59291000
2014-04-02,62.610330,63.303690,61.619817,62.124981,66277000
2014-04-03,61.956592,62.570710,58.569040,58.925625,83859000
2014-04-04,59.371360,59.628895,55.785703,56.211624,125214400
2014-04-07,55.369687,57.449763,54.914048,56.409725,108488000
2014-04-08,57.132795,58.153022,56.627631,57.637955,78836000
2014-04-09,59.064303,61.867453,58.628475,61.817928,100215000
2014-04-10,62.481580,62.580630,58.123320,58.598766,114988000
2014-04-11,57.053561,59.737855,56.766315,57.974739,91452000
2014-04-14,59.519934,59.876520,57.231848,58.331318,72325000
2014-04-15,58.727526,59.113826,55.349876,58.529423,108623000
2014-04-16,59.222786,59.618989,57.192234,59.153450,78774000
2014-04-17,58.737429,60.005289,58.162934,58.380844,88040000
2014-04-21,58.895919,60.659035,58.588862,60.659035,60364000
2014-04-22,62.055649,62.838151,61.629728,62.432041,60631000
2014-04-23,62.848062,62.877776,60.678836,60.777889,95908700
2014-04-24,62.996642,63.046171,59.202978,60.292542,138769000
2014-04-25,59.401076,59.440693,57.023842,57.162514,92502000
2014-04-28,57.499290,57.756826,54.141451,55.607410,107758000
2014-04-29,55.557888,57.727111,55.310260,57.598347,75557000
2014-04-30,57.033746,59.282207,56.617728,59.212872,76093000
2014-05-01,59.856707,61.689155,59.638793,60.569878,82429000
2014-05-02,60.718456,61.302859,59.609083,59.886425,54189000
2014-05-05,59.103915,60.767978,58.618566,60.639214,46057000
2014-05-06,60.401497,60.569886,57.935121,57.974739,55901000
2014-05-07,58.212464,58.737434,55.726273,56.845554,78587000
2014-05-08,56.687070,58.261986,55.963995,56.221527,61251000
2014-05-09,56.310672,57.103086,55.845134,56.696976,52584000
2014-05-12,57.429954,59.331741,57.429954,59.262405,48575000
2014-05-13,59.094016,60.312347,58.945438,59.262405,48525000
2014-05-14,58.965248,59.876522,58.390752,58.668095,47429000
2014-05-15,58.697809,58.816674,56.974319,57.370522,56814000
2014-05-16,57.756824,57.895495,56.766311,57.469574,47933000
2014-05-19,57.340808,58.994967,57.023844,58.648285,43034000
2014-05-20,58.935537,59.618989,57.628059,58.004456,53931000
2014-05-21,58.004451,59.926045,57.697390,59.916142,58992000
2014-05-22,60.361872,60.896750,59.826997,59.945858,54200000
2014-05-23,59.836894,60.867028,59.579362,60.767975,38294000
2014-05-27,61.035422,62.907491,60.985897,62.877777,55682000
2014-05-28,62.788629,63.531514,62.025934,62.907490,47795000
2014-05-29,63.234356,63.689995,62.907485,63.224453,42700000
2014-05-30,63.343325,63.561235,61.966512,62.699490,45253500
2014-06-02,62.630154,62.986739,61.461348,62.481579,35996000
2014-06-03,62.025931,62.818341,61.728778,62.273560,32217000
2014-06-04,61.857545,62.986730,61.481149,62.739101,36514000
2014-06-05,63.056065,63.749425,62.224034,62.590523,47352000
2014-06-06,62.768816,62.877773,61.560392,61.907070,42442000
2014-06-09,61.808028,62.739109,61.203814,62.283474,37617000
2014-06-10,62.927302,65.195578,62.897588,65.146049,69338000
2014-06-11,64.700325,65.175775,64.284311,65.155960,44242000
2014-06-12,65.225286,65.839407,63.452267,63.680088,55730000
2014-06-13,64.086195,64.353638,63.224454,63.888096,29419000
2014-06-16,63.551333,64.264496,63.145219,63.581047,31046000
2014-06-17,63.491890,64.264489,63.323505,63.789047,27715000
2014-06-18,63.878191,65.126240,63.442370,64.977661,35570000
2014-06-19,64.838992,64.957856,63.600850,63.729614,34245000
2014-06-20,63.848474,64.195153,62.749004,63.888096,46466000
2014-06-23,63.709813,65.037105,63.610763,64.749855,34560000
2014-06-24,64.739942,66.532768,64.650792,65.096527,57335000
2014-06-25,64.957861,66.839838,64.947954,66.800217,44308000
2014-06-26,67.354906,67.354906,66.265343,66.493156,47714000
2014-06-27,66.671430,67.057729,66.205887,66.958679,46461000
2014-06-30,66.820012,67.275647,66.493141,66.651627,27102800
2014-07-01,66.938887,67.790729,66.750687,67.414330,33243000
2014-07-02,67.394531,67.652066,65.165876,65.819611,41895000
2014-07-03,66.225710,66.364381,65.136147,65.661118,25203200
2014-07-07,65.671029,65.938464,64.502223,64.670609,28745000
2014-07-08,64.442788,64.938044,61.619826,62.164608,68926000
2014-07-09,62.808428,64.502209,62.550897,64.353630,51432000
2014-07-10,62.709384,64.720120,62.451848,64.254585,44422000
2014-07-11,64.660683,65.958253,64.175334,65.710625,39212000
2014-07-14,66.493152,67.523287,66.265338,67.255852,38537000
2014-07-15,67.315275,67.444039,65.631405,66.532768,44213200
2014-07-16,66.899271,67.295478,66.433728,67.018135,29541600
2014-07-17,66.394105,67.206325,65.413499,65.779991,38188000
2014-07-18,66.166293,67.810541,65.532365,67.770920,42456000
2014-07-21,68.157201,69.296293,67.850144,68.741608,49539000
2014-07-22,69.098203,69.108103,67.959112,68.612846,40398000
2014-07-23,69.078387,70.653307,68.949623,70.613686,78435000
2014-07-24,75.239391,76.011990,73.803150,74.268692,124168000
2014-07-25,74.278577,74.952127,73.951714,74.476685,45917000
2014-07-28,74.456872,74.783743,73.149395,74.209244,41725000
2014-07-29,74.011147,74.209247,72.723477,73.010727,41324000
2014-07-30,73.505977,74.476683,73.426734,73.971519,36853000
2014-07-31,73.297976,73.466362,71.752778,71.960785,43992000
2014-08-01,71.534852,72.525365,70.871210,71.673523,43535000
2014-08-04,71.673538,73.179115,71.673538,72.812630,30777000
2014-08-05,72.505576,72.891876,71.495256,72.000420,34986000
2014-08-06,71.336758,73.020635,71.108944,71.782494,30986000
2014-08-07,72.307475,73.297988,72.010318,72.475861,38141000
2014-08-08,72.703676,72.733390,71.871641,72.366898,27202000
2014-08-11,72.763093,73.208829,72.366886,72.743286,24591000
2014-08-12,72.396612,72.634341,71.534870,72.139084,27419000
2014-08-13,72.426332,73.545610,72.356997,73.070160,29266000
2014-08-14,73.268267,73.674374,72.990925,73.595139,22207000
2014-08-15,73.614921,73.941793,72.307445,72.931465,38846600
2014-08-18,73.297986,74.011157,73.258365,73.882385,23974000
2014-08-19,74.100280,74.862979,73.803130,74.575729,26679000
2014-08-20,74.258774,74.466781,73.912096,74.100288,22917000
2014-08-21,74.209250,74.476693,73.704094,73.862572,20102000
2014-08-22,73.634750,74.021057,72.872058,73.862572,20897000
2014-08-25,74.229069,74.565839,74.080490,74.308304,19734000
2014-08-26,74.288496,75.269102,74.021060,75.239388,23993000
2014-08-27,74.555933,74.773847,73.753619,73.922005,36323000
2014-08-28,73.297973,73.723894,73.030538,73.159302,21947000
2014-08-29,73.595120,74.110184,73.307871,74.110184,26241000
2014-09-02,74.298398,75.972360,74.110198,75.952553,34979000
2014-09-03,76.408173,76.744951,74.882782,75.110603,32389000
2014-09-04,75.170041,76.200175,74.813456,75.229469,26676000
2014-09-05,75.378055,76.645911,74.882798,76.527054,29476000
2014-09-08,76.527049,77.428412,76.279421,77.151070,28183000
2014-09-09,76.853913,77.428412,75.477100,75.942642,28882000
2014-09-10,75.794072,77.210506,75.784172,76.695442,29909000
2014-09-11,76.398272,77.616607,76.319037,77.180779,32219000
2014-09-12,77.279827,77.557177,76.368557,76.744957,26676800
2014-09-15,76.418101,76.517151,72.733391,73.872482,49679000
2014-09-16,72.822527,75.506824,72.376799,75.358246,37742000
2014-09-17,75.239376,76.517138,74.853076,75.704918,28693000
2014-09-18,76.041695,76.596387,75.794066,76.269516,23031000
2014-09-19,76.665712,77.557175,75.714820,77.170876,76671000
2014-09-22,76.269518,76.794489,75.229476,76.071419,31961000
2014-09-23,75.605874,77.884050,75.318625,77.547279,36814000
2014-09-24,77.359086,77.874157,76.774687,77.794914,30680000
2014-09-25,77.854332,78.191111,76.398277,76.487427,37533000
2014-09-26,76.853906,78.092047,76.596378,78.042526,28872000
2014-09-29,77.378900,78.448649,77.170893,78.250549,34031000
2014-09-30,78.597225,78.953811,77.854341,78.290169,35899000
2014-10-01,78.032640,78.072261,75.179964,75.823799,55090000
2014-10-02,75.843599,76.744969,74.922421,76.348763,36488000
2014-10-03,77.022309,77.319459,76.527052,76.705345,23340000
2014-10-06,76.457711,77.151067,76.120932,76.824196,25729000
2014-10-07,76.319030,77.210486,75.516710,75.566238,25317000
2014-10-08,75.457285,76.972769,74.387529,76.784569,32976000
2014-10-09,76.546863,77.022313,75.130429,75.189865,32487000
2014-10-10,74.872875,75.774246,72.069729,72.218307,52146000
2014-10-13,72.535275,74.070566,71.832004,72.297546,43938000
2014-10-14,73.297967,73.476260,71.366470,72.891853,50299000
2014-10-15,71.009881,73.099864,69.652875,72.515457,61528000
2014-10-16,70.118423,72.654134,69.910416,71.940964,53529000
2014-10-17,73.525793,75.278998,73.050343,75.229469,76342000
2014-10-20,74.882810,76.358672,74.664896,76.220001,34701000
2014-10-21,76.824189,77.992995,76.418083,77.943474,32252000
2014-10-22,78.072254,79.092481,77.269941,77.626526,41862000
2014-10-23,78.626928,79.865069,78.260443,79.280670,35056000
2014-10-24,79.439159,80.053280,78.567510,79.904701,32248000
2014-10-27,79.974037,80.033473,79.003339,79.518402,30169000
2014-10-28,79.419347,80.390053,78.815133,80.003746,74212000
2014-10-29,74.734213,76.150648,74.070571,75.140327,106120000
2014-10-30,74.338029,74.635179,72.208424,73.406944,83270000
2014-10-31,74.219151,74.981843,73.743702,74.278580,44544000
2014-11-03,74.754020,74.803541,73.000807,73.179100,40727000
2014-11-04,73.525799,75.051182,72.951299,75.041283,39326000
2014-11-05,75.784172,76.071422,73.713995,74.120110,35913000
2014-11-06,74.179536,74.882799,73.605036,74.546028,21383000
2014-11-07,74.674798,75.140340,74.308305,74.882805,20774000
2014-11-10,74.645076,74.763940,73.902191,74.288490,21575100
2014-11-11,74.238954,74.268676,73.327684,73.902184,18715700
2014-11-12,73.575311,74.427153,72.842333,74.011139,26536600
2014-11-13,74.030950,74.526207,72.941387,73.545601,26448500
2014-11-14,73.565418,74.219161,73.337604,74.169632,19476900
2014-11-17,74.169618,74.942225,73.179105,73.535690,28701200
2014-11-18,73.743715,74.090401,73.198937,73.634758,20690500
2014-11-19,73.307872,73.832843,72.416409,72.634323,25441200
2014-11-20,72.109366,73.288071,71.822116,72.901772,19154900
2014-11-21,73.793247,73.793247,72.802733,73.050362,23060400
2014-11-24,72.842342,73.644655,72.654142,73.307884,22103800
2014-11-25,73.505979,75.021463,73.426736,74.912506,32250200
2014-11-26,74.813460,77.042115,74.793653,76.883636,32695300
2014-11-28,76.933154,77.527460,76.497333,76.962868,15992000
2014-12-01,76.527039,76.576560,74.090378,74.387527,31789900
2014-12-02,74.615354,75.189853,74.328104,74.744118,16773900
2014-12-03,74.664889,75.011574,73.694190,74.169632,16689900
2014-12-04,74.120093,74.833264,73.951708,74.526199,14362800
2014-12-05,75.080912,76.031804,74.645084,75.635597,24306400
2014-12-08,75.457304,76.517153,74.684705,75.794075,25733900
2014-12-09,74.486590,76.200181,74.070576,76.111031,25358600
2014-12-10,75.922848,76.814312,75.348349,75.457306,32210500
2014-12-11,75.794057,77.775083,75.754443,76.992584,33462100
2014-12-12,76.428002,78.131679,76.289323,77.091644,28091600
2014-12-15,77.715669,77.834533,75.833692,76.259613,29396500
2014-12-16,75.467200,76.655813,73.882373,73.981430,31554600
2014-12-17,74.298407,75.685127,74.189450,75.387970,29203900
2014-12-18,76.160558,77.656235,75.784165,77.656235,34222100
2014-12-19,78.002908,79.241049,77.586894,79.122185,43335000
2014-12-22,79.320309,81.113135,79.241066,80.677307,31395800
2014-12-23,81.241888,81.390466,79.637261,79.845268,19865800
2014-12-24,80.261282,80.657488,79.983939,80.003746,7685500
2014-12-26,80.251362,80.508898,79.746206,80.013641,10647400
2014-12-29,79.726407,80.191949,78.953808,79.260864,14134700
2014-12-30,79.092473,79.825451,78.349588,78.468452,14370800
2014-12-31,78.785415,79.042951,77.121353,77.279831,19935400
2015-01-02,77.834529,78.181207,76.962872,77.705757,18177500
2015-01-05,77.240224,78.498173,76.130847,76.457718,26452200
2015-01-06,76.497338,76.853916,74.645075,75.427582,27399300
2015-01-07,76.031795,76.626102,75.100711,75.427582,22045300
2015-01-08,76.011975,77.487845,75.358240,77.438316,23961000
2015-01-09,77.458115,77.874136,76.467602,77.002480,21157000
2015-01-12,77.101542,77.260028,75.487008,75.992172,19190200
2015-01-13,76.497338,77.339273,75.130425,75.724731,25179600
2015-01-14,75.695014,76.467613,75.308715,75.556343,25918600
2015-01-15,75.675208,75.843594,72.842340,73.347504,34134000
2015-01-16,73.337597,74.605453,73.139490,74.466782,21791500
2015-01-20,75.001660,75.586059,74.110197,75.516724,22821600
2015-01-21,75.437479,76.566663,75.130414,76.011971,25096700
2015-01-22,76.437903,77.012403,75.952554,76.913353,19519500
2015-01-23,76.913352,77.448230,76.309138,77.091644,16746500
2015-01-26,77.240205,77.725554,76.556748,76.764755,19260800
2015-01-27,75.982266,76.150652,74.912510,75.061089,20110000
2015-01-28,76.170466,76.903444,75.279003,75.516724,53306400
2015-01-29,76.120933,77.279832,73.505979,77.260025,61293500
2015-01-30,77.260034,77.418520,75.031379,75.189865,42649500
2015-02-02,75.387957,75.417671,73.050346,74.278580,41955300
2015-02-03,74.476686,74.862985,73.159301,74.684692,26957700
2015-02-04,74.377628,75.625677,74.298393,74.912506,20277400
2015-02-05,74.991750,75.259193,74.496493,74.892700,15062600
2015-02-06,74.962055,74.981862,73.545620,73.763535,21211000
2015-02-09,73.347503,74.120102,72.753189,73.733803,16194300
2015-02-10,74.139906,74.625255,73.793228,74.476685,15811300
2015-02-11,74.377637,76.021893,74.318209,75.784172,20877400
2015-02-12,76.130841,76.140748,75.170042,75.506821,17235000
2015-02-13,75.734632,75.754447,74.783740,75.021461,18621900
2015-02-17,74.585655,76.180382,74.367741,74.882805,25254400
2015-02-18,75.219562,76.170454,74.734205,75.982254,22426400
2015-02-19,76.259617,79.082579,76.219996,78.666565,45851200
2015-02-20,78.795320,79.577819,78.448635,79.141998,36931700
2015-02-23,79.201442,79.429263,77.636429,78.092064,24139100
2015-02-24,77.755286,78.725992,77.359079,77.705757,18897100
2015-02-25,77.755273,79.439142,77.755273,78.805214,25593800
2015-02-26,79.122185,80.598055,78.963707,79.647163,31111900
2015-02-27,79.914610,80.459395,77.874155,78.220833,30739200
2015-03-02,78.250546,79.102388,77.775096,78.993431,21662500
2015-03-03,78.854756,78.943898,77.775093,78.844849,18635000
2015-03-04,78.547703,80.380151,78.101967,80.132523,28126700
2015-03-05,80.459397,81.212182,80.281105,80.439583,27825700
2015-03-06,80.132525,80.558446,79.072676,79.250969,24488600
2015-03-09,78.924107,79.151929,77.884065,78.686386,18925100
2015-03-10,77.755285,78.508077,76.814301,76.814301,23067100
2015-03-11,77.061928,77.685948,76.527050,76.834106,20215700
2015-03-12,77.359078,78.300070,77.170886,78.181206,16093300
2015-03-13,77.854333,78.626932,76.943062,77.309555,18557300
2015-03-16,77.220404,77.378890,76.626098,77.329361,19305400
2015-03-17,77.616611,79.023138,77.596797,78.607124,22170000
2015-03-18,78.498163,80.469281,78.418920,80.142418,36912400
2015-03-19,80.350432,82.212594,80.231568,81.964966,42099500
2015-03-20,82.598906,83.797426,82.281942,83.005020,44466300
2015-03-23,83.123857,84.153991,82.509744,83.629021,27357300
2015-03-24,83.906373,85.253471,83.718173,84.500679,32576500
2015-03-25,84.688888,84.708695,82.133362,82.133362,37436100
2015-03-26,81.935246,82.975281,81.360747,82.222496,32794800
2015-03-27,82.588986,83.153578,82.093729,82.509750,18372600
2015-03-30,83.014904,83.539875,81.628192,82.410690,24527700
2015-03-31,82.113544,82.707850,81.430088,81.439995,19734300
2015-04-01,81.717330,81.935244,80.102797,80.895203,22058200
2015-04-02,81.469704,81.776760,80.667391,80.786247,19664100
2015-04-06,80.033457,82.024383,80.033457,81.657898,19062900
2015-04-07,81.865918,82.628610,81.439997,81.539047,17467000
2015-04-08,81.846098,82.311641,81.063592,81.499420,18966700
2015-04-09,81.717336,82.014493,80.934830,81.390465,15927300
2015-04-10,81.430089,81.826296,81.132939,81.261703,12529700
2015-04-13,81.152740,83.143674,81.142833,82.222496,26883100
2015-04-14,82.380975,82.896046,81.657905,82.727654,19634200
2015-04-15,82.757389,82.866346,81.489526,81.925354,22390900
2015-04-16,81.687615,82.281921,81.370651,81.529129,13769700
2015-04-17,80.707005,81.331026,79.607535,80.013641,24215000
2015-04-20,80.766452,82.361178,80.469295,82.301743,28796800
2015-04-21,83.203106,83.688455,82.747471,82.826714,27171900
2015-04-22,83.520061,83.936075,82.856419,83.827118,45548000
2015-04-23,83.302159,84.778021,81.628197,81.628197,73728100
2015-04-24,81.984773,82.153166,80.707017,80.756538,29660400
2015-04-27,81.093313,82.143255,80.855585,81.132935,25446000
2015-04-28,81.053696,81.123031,79.468876,79.914604,23775300
2015-04-29,79.250954,80.617859,78.765597,79.706589,26430300
2015-04-30,79.250947,80.191931,77.576977,78.022705,28999000
2015-05-01,78.488267,79.003338,77.368990,78.240639,24136400
2015-05-04,78.577419,78.934004,77.884055,78.062347,14692000
2015-05-05,77.804809,78.052438,76.487425,76.824196,22311300
2015-05-06,77.230313,78.062341,76.319043,77.359077,28663000
2015-05-07,77.260015,78.191100,76.824187,77.685936,19749400
2015-05-08,78.349582,78.478353,77.289733,77.765182,19943600
2015-05-11,77.735478,78.280256,77.190693,77.269936,18874100
2015-05-12,77.131257,77.151064,76.061501,76.725143,21285300
2015-05-13,76.982684,77.784997,76.913348,77.695854,21512300
2015-05-14,78.191113,81.073503,77.923670,80.598061,49438000
2015-05-15,80.637680,80.746629,79.419345,79.657066,27069900
2015-05-18,79.567931,80.607966,79.468881,80.112709,21613700
2015-05-19,80.479203,80.915031,79.785846,79.865082,17955400
2015-05-20,79.706600,80.330621,78.706180,79.785843,23056900
2015-05-21,79.429242,80.152312,79.320285,79.716492,13402700
2015-05-22,79.587732,80.538624,79.488683,79.775932,19567900
2015-05-26,79.666986,79.835372,78.329795,78.577423,16321300
2015-05-27,78.844851,79.894800,78.676465,79.785843,14160900
2015-05-28,79.488683,80.300903,79.241055,79.389633,11982000
2015-05-29,79.191520,79.310385,78.131672,78.438736,16134600
2015-06-01,78.547692,79.617440,77.913764,79.528297,18119000
2015-06-02,79.003323,80.578235,78.805216,79.676872,18923300
2015-06-03,80.578235,81.747040,80.479185,81.657898,31775000
2015-06-04,81.360757,82.163070,80.736736,81.271614,20863900
2015-06-05,81.093305,81.677705,80.736720,81.360741,16143100
2015-06-08,81.043793,81.222086,79.369823,79.904701,16915500
2015-06-09,79.835366,80.419772,78.567510,79.904701,16497500
2015-06-10,80.063185,81.816390,80.043371,81.380569,21531200
2015-06-11,81.529138,82.113544,80.588153,81.053696,18656800
2015-06-12,80.598060,81.311223,80.429667,80.756538,11417900
2015-06-15,79.785842,80.162235,79.310393,79.944321,18805100
2015-06-16,80.053287,80.736744,79.686794,80.291008,13693700
2015-06-17,80.984370,81.440005,80.568348,81.014084,18350300
2015-06-18,80.865495,82.400794,80.796160,82.123451,26782600
2015-06-19,82.044205,82.192784,81.340942,81.727242,23353200
2015-06-22,82.618712,84.163910,82.519654,83.936089,29383100
2015-06-23,84.154006,87.135453,83.955906,87.046303,50667900
2015-06-24,86.828378,88.403290,86.620364,88.016991,41370200
2015-06-25,88.413211,88.551882,87.006676,87.145355,27302000
2015-06-26,87.284029,87.501935,86.006266,87.175072,38214600
2015-06-29,85.788336,86.669892,84.916687,84.986023,35957900
2015-06-30,85.778442,85.877492,84.758214,84.956314,23016500
2015-07-01,85.946816,87.115622,85.669474,86.085495,25260000
2015-07-02,86.570841,86.610462,85.520892,86.461884,16908800
2015-07-06,85.669495,87.353372,85.570445,86.719444,24635900
2015-07-07,86.967055,87.016576,84.421436,86.392555,33059900
2015-07-08,85.471384,85.927019,84.639349,84.837456,24399300
2015-07-09,85.907204,86.768946,84.837448,85.065262,23307400
2015-07-10,86.521325,87.383074,85.946825,87.115631,23245900
2015-07-13,87.818905,89.364104,87.581177,89.245239,29976700
2015-07-14,89.601823,89.938601,88.799509,88.829224,26627800
2015-07-15,89.146184,90.126789,88.571684,88.908463,30886600
2015-07-16,89.423529,89.998028,88.918365,89.988121,21804100
2015-07-17,91.672006,94.485060,91.662098,94.069046,54001600
2015-07-20,94.940671,97.664581,94.455321,96.981133,54860500
2015-07-21,98.011274,98.298523,96.218447,97.456589,39453300
2015-07-22,95.822243,96.654278,95.010023,96.119400,28299500
2015-07-23,96.040145,96.525495,93.910541,94.534569,29418800
2015-07-24,96.426465,96.832579,94.970409,96.030258,33444900
2015-07-27,95.663759,95.693473,92.939848,93.276619,38585400
2015-07-28,93.940266,94.653437,92.424782,94.386002,35236000
2015-07-29,95.406228,96.357120,93.841215,96.069870,64648300
2015-07-30,94.009606,94.901061,90.929109,94.306755,86211300
2015-07-31,94.049218,95.416131,93.058705,93.118141,46509000
2015-08-03,92.642689,94.177987,91.919619,93.246902,29343100
2015-08-04,92.900236,93.831321,92.444601,93.167671,20136000
2015-08-05,94.346380,96.168921,94.277044,95.525093,29813200
2015-08-06,96.258060,97.803258,93.524242,94.217606,42271300
2015-08-07,94.475144,94.494958,92.721939,93.405396,23199100
2015-08-10,94.772305,94.990219,92.741750,93.256821,21624200
2015-08-11,92.840799,93.861026,92.018671,92.731842,22491000
2015-08-12,91.820555,93.544053,90.324886,93.296425,27050500
2015-08-13,93.157761,93.831310,92.464397,92.543640,17451800
2015-08-14,92.652605,93.821411,92.325734,93.524254,15929700
2015-08-17,93.524259,93.563881,92.504032,93.038910,18313500
2015-08-18,93.187480,94.940685,93.147858,94.267136,22278800
2015-08-19,93.732258,95.188314,93.266723,94.405807,23251300
2015-08-20,92.652607,93.870934,89.601825,89.700874,44598200
2015-08-21,86.689717,88.333973,84.797840,85.243568,62778700
2015-08-24,76.299231,81.311226,71.316951,81.311226,83710700
2015-08-25,86.125125,86.838296,82.212601,82.212601,52021200
2015-08-26,85.134605,86.630282,82.470129,86.362846,45124300
2015-08-27,88.254726,89.205617,86.362849,88.878754,42431400
2015-08-28,89.027314,90.612141,88.938172,90.146599,33215900
2015-08-31,89.740495,90.186230,88.046718,88.581596,32850700
2015-09-01,86.026074,88.541978,85.679395,86.402473,36097400
2015-09-02,87.967483,89.037239,86.798677,89.037239,27190500
2015-09-03,88.908471,88.967899,86.897730,87.313744,27048200
2015-09-04,86.372750,87.551463,85.877493,87.422699,27328700
2015-09-08,88.839135,89.383912,87.987293,88.680649,27012500
2015-09-09,89.918795,91.107415,89.314581,89.582024,32551100
2015-09-10,89.215523,91.186642,88.779695,91.107407,26437400
2015-09-11,90.810242,91.206449,90.265457,91.176735,21185000
2015-09-14,91.434265,91.741329,90.731002,91.434265,20127900
2015-09-15,91.493706,92.365355,90.919207,92.018677,18859400
2015-09-16,92.018684,92.712040,91.751241,92.563461,16321200
2015-09-17,92.484216,94.603913,92.018674,93.445007,27841800
2015-09-18,92.315835,94.286962,92.167264,93.504456,62300000
2015-09-21,93.722362,95.574617,93.623304,94.643539,28790000
2015-09-22,92.880423,93.781794,91.047975,92.078110,36888900
2015-09-23,92.513930,93.425200,91.919623,93.078522,21701400
2015-09-24,92.177160,93.870936,91.364939,93.514359,29106000
2015-09-25,94.881262,94.940690,91.186644,91.889908,28961600
2015-09-28,91.206453,91.414460,87.343451,88.363678,41199900
2015-09-29,88.254726,89.205618,84.906794,85.847778,42281800
2015-09-30,87.600994,89.165999,87.175073,89.047142,36169100
2015-10-01,89.195710,90.087166,87.521740,90.087166,29283700
2015-10-02,88.056631,91.325320,87.531660,91.196556,37881700
2015-10-05,92.058292,93.375669,91.780950,93.118141,27292500
2015-10-06,93.187503,93.276646,91.464004,91.919647,22172800
2015-10-07,92.226686,92.771471,90.503195,91.523422,24129300
2015-10-08,91.018259,92.335643,89.611732,91.592758,27290500
2015-10-09,92.018675,92.850702,91.364933,92.355446,20012900
2015-10-12,92.434684,93.702539,91.790849,93.365768,18449600
2015-10-13,92.771469,94.465246,92.662512,93.227104,19480300
2015-10-14,93.187489,94.296859,92.721947,93.177582,19253400
2015-10-15,94.088838,95.386415,93.999695,95.049637,27557500
2015-10-16,95.267549,96.664168,94.445421,96.614647,25412900
2015-10-19,96.258072,97.634885,96.000537,97.535835,23729900
2015-10-20,97.793364,98.645198,95.643945,96.079773,30881800
2015-10-21,96.446272,97.248585,95.554808,96.188736,21917800
2015-10-22,96.862287,98.783885,96.624566,98.724449,26392100
2015-10-23,100.943208,101.874285,99.209810,101.220551,42809700
2015-10-26,101.230440,102.825167,100.586613,102.785545,25961200
2015-10-27,101.963432,103.112424,101.428554,102.716217,23795500
2015-10-28,102.914322,103.488822,101.943616,103.211472,24081500
2015-10-29,102.973747,104.122746,102.537919,103.885017,20316700
2015-10-30,103.518529,103.726536,100.685661,101.002625,33487100
2015-11-02,100.755006,102.488404,100.220127,102.329918,24003900
2015-11-03,102.240778,102.666699,101.428557,101.606850,21242300
2015-11-04,102.211056,103.152041,101.507793,102.953941,43469300
2015-11-05,107.767832,109.600280,106.925890,107.728210,63232900
2015-11-06,107.015054,107.708410,104.905263,106.083969,35084300
2015-11-09,105.984908,107.223049,104.855723,105.479744,26383500
2015-11-10,104.954779,107.124005,104.241608,106.886284,25031700
2015-11-11,107.242853,108.827680,106.093861,107.975838,25057100
2015-11-12,107.450882,108.352245,106.975432,106.995239,20924700
2015-11-13,106.688176,107.223054,102.844988,102.963844,30278400
2015-11-16,102.339823,103.181758,99.516862,103.052994,49309200
2015-11-17,103.627496,105.192501,103.152046,104.132652,26807200
2015-11-18,104.796300,106.856561,104.390186,106.747604,23836500
2015-11-19,106.341493,106.707986,104.944866,105.251930,25520600
2015-11-20,105.826423,106.846658,105.608516,106.301872,22129600
2015-11-23,106.173108,106.450450,105.073637,105.935379,19897200
2015-11-24,104.994405,105.479755,103.399678,104.736870,23577300
2015-11-25,105.321266,105.588702,104.102932,104.409996,15150800
2015-11-27,104.776494,104.954787,103.865224,104.449623,5913100
2015-11-30,104.835903,105.093438,102.765734,103.251083,20383200
2015-12-01,103.835491,106.133482,103.508620,106.103767,22781900
2015-12-02,105.984914,106.896184,104.786393,105.063736,24429100
2015-12-03,105.261824,105.836324,102.369528,103.389755,23236500
2015-12-04,103.815693,106.707998,103.122337,105.172699,21224700
2015-12-07,105.469850,105.816528,103.667116,104.608101,15474900
2015-12-08,103.013368,105.895765,102.963840,105.479744,20401800
2015-12-09,105.172686,105.430222,102.567639,103.607674,23517300
2015-12-10,104.053414,105.390605,103.419486,104.419899,17454300
2015-12-11,103.161932,103.350124,100.943185,101.151192,26427700
2015-12-14,101.319588,103.746342,100.497460,103.667107,24648100
2015-12-15,104.301036,104.796293,103.290708,103.558151,21764300
2015-12-16,104.370367,106.074043,103.201561,105.776894,22680500
2015-12-17,106.470267,106.727802,105.123168,105.212318,21675700
2015-12-18,105.073642,105.578798,102.983658,103.052994,35994200
2015-12-21,103.914741,104.152462,102.617163,103.776062,16138800
2015-12-22,104.221791,104.657619,103.815677,104.509041,14597100
2015-12-23,104.885431,105.103345,102.874691,103.637383,19599700
2015-12-24,103.746339,104.320839,103.508618,104.023682,6501800
2015-12-28,104.023693,104.974593,103.538344,104.925064,13069700
2015-12-29,105.410419,106.717897,105.242034,106.242455,17179900
2015-12-30,105.984918,106.232546,105.053833,105.212318,13115000
2015-12-31,104.994391,105.162776,103.627485,103.667107,18391100
2016-01-04,100.982809,101.270059,98.803683,101.250252,37912400
2016-01-05,101.913895,102.726116,100.705468,101.755417,23258200
2016-01-06,100.170593,102.785547,99.942779,101.993141,25096200
2016-01-07,99.546577,100.467754,96.376937,96.991051,45172900
2016-01-08,98.932459,99.546579,96.109497,96.406654,35402300
2016-01-11,96.981160,97.664609,94.485062,96.584953,29932400
2016-01-12,98.060822,99.011714,96.624581,98.427315,28395400
2016-01-13,99.625805,99.625805,94.306747,94.534569,33410600
2016-01-14,94.940685,97.932039,91.572939,97.436783,48658600
2016-01-15,93.088440,95.465666,92.652612,94.069046,46132800
2016-01-19,95.614241,96.495797,93.029001,94.356293,30998300
2016-01-20,91.949319,94.098730,88.522145,93.454895,59051400
2016-01-21,94.009609,95.079357,91.741332,93.266724,30518900
2016-01-22,95.495380,97.139628,94.584102,97.010864,30495400
2016-01-25,97.783468,98.536260,96.010448,96.089691,32482000
2016-01-26,96.832579,96.951435,94.752502,96.416557,26877100
2016-01-27,96.862296,96.921725,93.336071,93.553978,58699400
2016-01-28,106.183021,109.293233,103.815695,108.074905,107475300
2016-01-29,107.956024,111.769498,107.807445,111.145477,62739500
2016-02-01,111.204907,114.622182,110.947379,113.998154,46132700
2016-02-02,113.710913,116.474438,112.126086,113.522713,59778600
2016-02-03,114.176444,114.245780,108.708815,111.620926,56919300
2016-02-04,110.739373,110.878044,108.213561,109.441795,38890200
2016-02-05,108.471105,108.540440,102.201154,103.082710,76894700
2016-02-08,99.457423,101.705884,96.535405,98.803680,71229700
2016-02-09,96.218455,101.428556,95.901491,98.595688,62709000
2016-02-10,100.586617,102.270487,99.289040,100.041832,45179400
2016-02-11,98.655109,104.112838,97.941938,100.943199,43670600
2016-02-12,102.755827,103.251084,100.130966,101.042244,36176800
2016-02-16,102.815276,102.944040,99.289044,100.646049,45687200
2016-02-17,101.052148,104.717052,99.447522,104.201981,44073400
2016-02-18,104.796309,104.994408,102.052583,102.488411,29593500
2016-02-19,101.577139,104.023700,101.091782,103.577972,32404500
2016-02-22,104.489239,107.223058,104.340661,106.143402,35709700
2016-02-23,105.836347,106.450468,104.122763,104.459534,25319300
2016-02-24,103.221367,105.935371,101.765312,105.866035,34412400
2016-02-25,106.093877,107.044769,104.608108,107.044769,29906300
2016-02-26,107.668778,108.411663,106.143395,106.896179,26686200
2016-02-29,106.579219,107.876797,105.737285,105.905670,32779000
2016-03-01,106.807033,108.778152,106.579212,108.778152,26817300
2016-03-02,108.639486,109.501235,107.738116,108.906921,25670200
2016-03-03,109.204062,109.253591,107.510286,108.540421,21353100
2016-03-04,109.005980,109.005980,106.906090,107.361725,24938900
2016-03-07,107.044772,107.044772,103.726554,104.726974,31436400
2016-03-08,103.785972,106.351406,103.409580,104.925064,25617000
2016-03-09,105.687768,106.490089,104.489248,106.490089,20493300
2016-03-10,106.886279,107.629164,104.766574,106.301872,24854300
2016-03-11,107.450870,108.381947,106.896177,108.372047,20697600
2016-03-14,108.243282,109.283324,107.738119,108.847496,17249400
2016-03-15,108.074889,109.778572,107.807446,109.620087,17618500
2016-03-16,109.441799,111.432732,109.055499,111.115768,24744800
2016-03-17,111.086059,111.620937,109.679532,109.966774,24241200
2016-03-18,110.501642,111.353484,109.223879,110.392685,36256900
2016-03-21,110.600710,111.303973,109.976682,110.788902,18448000
2016-03-22,110.303548,111.809125,110.115348,111.185104,19001100
2016-03-23,110.947388,112.116194,110.937481,111.472359,18562000
2016-03-24,111.066238,112.017130,110.620510,111.977516,17839100
2016-03-28,112.244950,113.502898,111.878457,112.611443,21351800
2016-03-29,112.750110,115.216485,112.561910,115.038193,29825300
2016-03-30,115.622610,115.880138,113.275091,113.611862,33235200
2016-03-31,113.611862,113.918926,112.690684,113.017555,21207500
2016-04-01,112.670871,115.067911,112.274664,114.958954,24760500
2016-04-04,112.987831,113.463280,110.551169,111.482254,48487900
2016-04-05,111.046446,112.244966,110.838439,111.155403,22962400
2016-04-06,111.403007,112.730291,111.353478,112.631241,20814600
2016-04-07,112.710476,113.800039,111.997305,112.561897,20714500
2016-04-08,113.166135,113.245378,108.857404,109.580475,48497800
2016-04-11,109.649808,109.857823,107.738118,107.956032,39762300
2016-04-12,108.302720,110.105462,107.956042,109.560677,26248100
2016-04-13,111.165293,111.581306,105.509456,109.461609,88227400
2016-04-14,109.570561,110.977088,109.213976,109.788467,28473300
2016-04-15,109.738953,109.917245,108.164033,108.599861,20922800
2016-04-18,108.698928,109.758777,108.164050,109.402191,21167200
2016-04-19,110.046018,111.383210,108.124428,111.224731,30210500
2016-04-20,111.363392,112.195420,110.501643,111.353485,21027900
2016-04-21,111.482252,112.958114,111.244523,112.363808,20875200
2016-04-22,110.154966,110.689844,107.975840,109.511131,38458200
2016-04-25,108.827698,109.620104,108.035284,109.055511,21017900
2016-04-26,109.441794,109.451701,107.123997,107.728210,22521500
2016-04-27,106.915980,107.906493,105.301439,107.856964,52213100
2016-04-28,118.445573,119.644093,115.127355,115.622612,87110100
2016-04-29,115.711762,116.722082,114.741055,116.464554,37140600
2016-05-02,116.712167,117.603630,115.464118,117.445145,28095200
2016-05-03,116.405114,117.039049,115.909857,116.315971,24117500
2016-05-04,115.503754,117.177723,115.464132,116.939995,23448400
2016-05-05,116.920166,117.851251,116.137660,116.692345,22056700
2016-05-06,116.048532,118.505001,115.999004,118.356422,26395600
2016-05-09,118.405967,119.138945,117.772040,118.108810,21138100
2016-05-10,118.485186,119.356834,117.871065,119.356834,23220000
2016-05-11,119.267703,119.931345,118.287089,118.386139,22038400
2016-05-12,118.841782,119.693616,117.772026,119.138931,22035500
2016-05-13,119.237978,119.495513,118.544622,118.673386,18124300
2016-05-16,118.247461,118.475282,116.236720,117.544197,31247800
2016-05-17,117.692773,117.880973,116.088139,116.236717,21328600
2016-05-18,115.691932,117.147980,115.622597,116.533867,21642300
2016-05-19,115.939572,116.375393,114.780666,115.701843,20544100
2016-05-20,115.850418,116.870645,115.840510,116.236717,18944800
2016-05-23,116.306069,116.484361,114.840113,114.869827,20441000
2016-05-24,115.137249,116.613119,115.018392,116.583397,20183600
2016-05-25,117.009320,117.544198,116.266435,116.771599,20019800
2016-05-26,117.118274,118.623859,116.801310,118.336609,18481300
2016-05-27,118.425752,118.713002,117.880974,118.247459,13493600
2016-05-31,118.326704,118.960632,116.999420,117.682869,23547600
2016-06-01,117.375810,117.950309,116.702261,117.653152,15029500
2016-06-02,117.563999,118.306883,117.098456,117.801720,13228300
2016-06-03,117.851271,117.851271,116.741894,117.346107,14135100
2016-06-06,117.494685,118.296999,117.237150,117.663071,12744700
2016-06-07,118.108785,118.168221,116.553680,116.642830,17103000
2016-06-08,116.642833,117.474860,116.157476,117.266853,14505600
2016-06-09,117.009313,117.554098,116.593299,117.435234,13859200
2016-06-10,116.424919,116.989511,115.157064,115.513649,18510800
2016-06-13,113.909030,114.384480,112.235060,112.868988,31718200
2016-06-14,112.987837,113.859486,112.502488,113.849586,17618500
2016-06-15,114.206174,114.344845,112.987839,113.512810,19819400
2016-06-16,112.789738,113.413759,111.868561,113.304802,19236300
2016-06-17,113.334512,113.344419,111.492157,111.947792,24644300
2016-06-20,112.690679,113.631671,111.680358,112.294479,20785400
2016-06-21,113.037371,114.117027,112.888792,113.294899,19166300
2016-06-22,113.562339,113.651481,112.532204,112.829361,14846300
2016-06-23,113.284995,113.998158,112.462867,113.988258,16176900
2016-06-24,109.956860,112.601528,109.946952,111.016708,40643100
2016-06-27,110.511559,110.511559,107.203248,107.936226,36130400
2016-06-28,109.580467,111.680358,109.501232,111.630829,26813800
2016-06-29,112.294474,113.166123,111.967603,113.076981,20968300
2016-06-30,113.582146,114.087310,112.591633,113.195847,23192700
2016-07-01,113.116604,114.037782,112.730305,113.106705,14980000
2016-07-05,112.859080,113.116608,111.898281,113.116608,14207000
2016-07-06,112.284577,115.682038,111.898278,115.592888,24337600
2016-07-07,115.523545,115.860323,114.265597,114.750946,16630200
2016-07-08,115.325456,116.385305,114.750957,116.127769,18142600
2016-07-11,116.593300,117.573905,116.385293,116.751785,17711600
2016-07-12,117.504582,117.593732,116.454641,116.811226,15217700
2016-07-13,117.266861,117.276769,115.573085,115.672134,16207700
2016-07-14,116.385306,116.523978,115.592893,116.177299,14579700
2016-07-15,116.623030,117.157908,115.474038,115.751381,16646000
2016-07-18,116.207001,118.475277,115.781081,118.237556,20868400
2016-07-19,117.861156,119.703511,117.534292,119.465790,21541300
2016-07-20,120.099717,121.040702,119.416261,120.763359,20046500
2016-07-21,120.763360,120.941652,119.109204,119.465790,17801700
2016-07-22,118.762526,119.861996,118.178119,119.852089,18422400
2016-07-25,120.238399,120.694034,116.662646,120.476120,18487400
2016-07-26,120.842606,120.911942,119.604465,120.070007,17612000
2016-07-27,121.258629,123.814155,120.357266,122.169899,52654200
2016-07-28,126.310230,127.112551,122.457135,123.814140,78955800
2016-07-29,123.467477,124.646183,122.536392,122.764214,35058800
2016-08-01,122.675049,123.398127,121.694443,123.130684,25006900
2016-08-02,122.883055,123.616041,120.911936,121.922256,23968400
2016-08-03,121.922255,122.744383,121.149656,121.347763,18525300
2016-08-04,121.773687,123.606135,121.347766,123.180214,21066000
2016-08-05,123.794330,124.646164,123.437744,123.962715,20184000
2016-08-08,124.061786,124.259886,123.368430,124.071693,15233900
2016-08-09,124.150908,124.893793,123.348595,123.873566,19621000
2016-08-10,123.883482,124.289596,123.358511,123.695282,10670100
2016-08-11,124.012245,124.190538,123.566517,123.715096,11729500
2016-08-12,123.516989,123.814146,123.001926,123.695282,12159000
2016-08-15,123.724999,123.734899,122.526472,122.724579,19295100
2016-08-16,122.328387,122.744401,121.615216,122.130287,14222400
2016-08-17,122.486861,123.200024,121.684540,123.190125,13794200
2016-08-18,122.833539,123.081168,122.467047,122.734489,12400800
2016-08-19,122.427424,122.982116,122.110460,122.387802,11688300
2016-08-22,122.160008,123.645778,121.942094,122.972229,14386400
2016-08-23,123.328796,123.903288,123.071260,123.190125,13309500
2016-08-24,123.289177,123.507091,121.922264,122.308571,12243700
2016-08-25,121.951992,123.190133,121.932177,122.714684,10730800
2016-08-26,122.873158,124.002342,122.734487,123.774521,17504800
2016-08-29,123.170320,125.527746,123.170320,125.339546,15925900
2016-08-30,125.398979,125.398979,123.962738,124.646187,17804300
2016-08-31,124.408452,125.022573,123.913195,124.923523,14200600
2016-09-01,125.181045,125.428673,124.408446,124.973038,13536100
2016-09-02,125.646585,125.656493,124.804651,125.309814,12118800
2016-09-06,125.468330,128.707313,125.270230,128.499298,26278400
2016-09-07,128.806304,130.727902,128.717162,129.806732,27990800
2016-09-08,129.677961,129.836447,128.578491,129.034134,15676600
2016-09-09,128.479458,128.717172,125.894211,125.894211,27100700
2016-09-12,124.765027,127.538460,124.557021,127.469131,21252800
2016-09-13,126.815402,127.132373,125.458404,126.003181,18016200
2016-09-14,125.686220,127.578104,125.686220,126.557869,15691100
2016-09-15,126.765862,127.875240,126.458798,127.132355,15077200
2016-09-16,126.983801,127.954500,126.983801,127.845558,24119200
2016-09-19,128.677576,128.707290,127.043220,127.429520,14958800
2016-09-20,127.429516,127.944587,126.815403,127.419617,11083800
2016-09-21,127.904947,128.776588,127.171962,128.707260,14068300
2016-09-22,129.261976,129.489790,128.330891,128.845963,15538300
2016-09-23,126.349864,127.380006,126.092336,126.746071,28326300
2016-09-26,126.161677,126.944184,125.597085,126.102242,15064900
2016-09-27,126.399376,127.786088,126.221083,127.469131,15637100
2016-09-28,127.984214,128.241742,127.181885,128.004013,12047600
2016-09-29,127.954488,128.063445,126.339962,126.874832,14532200
2016-09-30,126.815410,127.370095,126.240911,127.053139,18402900
2016-10-03,127.162086,127.865342,126.587587,127.548386,13156900
2016-10-04,127.944583,128.053540,126.339957,126.973885,14307500
2016-10-05,127.033314,127.578099,126.617301,127.251228,12386800
2016-10-06,127.211575,127.835603,126.864904,127.518646,11682700
2016-10-07,127.815840,128.023855,127.112584,127.766327,12804400
2016-10-10,128.449740,129.460068,127.974298,129.004440,15138700
2016-10-11,128.994540,129.400654,127.013514,127.657356,17537900
2016-10-12,127.786116,128.429958,127.241345,127.825745,11073000
2016-10-13,126.993706,127.033320,125.547550,126.607399,17139300
2016-10-14,127.271046,127.726673,126.369675,126.666824,13345300
2016-10-17,126.983775,127.251217,126.112126,126.330040,11351700
2016-10-18,127.459238,128.162509,126.795596,127.350296,13504000
2016-10-19,127.518658,129.232241,127.379987,128.875656,16752300
2016-10-20,128.836036,129.420435,128.271437,128.766693,13167500
2016-10-21,128.548824,130.876537,128.469581,130.817108,19088800
2016-10-24,131.460925,132.144381,130.896325,132.015610,17470200
2016-10-25,132.233531,132.233531,130.965676,131.035004,13336800
2016-10-26,130.391174,131.005287,129.697817,129.796860,13084700
2016-10-27,130.490211,130.549639,128.043642,128.459656,16741400
2016-10-28,129.261950,131.708519,128.697351,130.044449,24545500
2016-10-31,130.757642,130.866599,129.638373,129.747330,15669000
2016-11-01,130.163353,130.688324,127.429527,128.271469,22077800
2016-11-02,128.994522,128.994522,125.081998,125.963554,39640900
2016-11-03,120.842606,122.110462,118.366323,118.861580,63766300
2016-11-04,118.455455,120.773260,118.118684,119.604454,30545500
2016-11-07,121.664737,122.041130,120.198774,120.991188,23008900
2016-11-08,120.872323,123.427849,120.386974,123.041550,19460800
2016-11-09,120.347351,122.635434,119.366745,122.011414,31916000
2016-11-10,122.754303,123.001931,114.176455,119.653999,67846700
2016-11-11,118.396033,119.554931,117.029128,117.890869,32840100
2016-11-14,117.999832,117.999832,112.472774,113.988258,51377000
2016-11-15,115.622623,117.365921,114.731159,116.088158,34681400
2016-11-16,113.393935,116.761673,113.126492,115.236282,32397900
2016-11-17,115.701833,116.672539,114.909427,116.672539,18597800
2016-11-18,117.266857,117.999835,115.731558,115.909851,22879300
2016-11-21,117.078653,120.793077,116.682453,120.614784,35415400
2016-11-22,121.238804,121.813304,119.753035,120.317627,26089200
2016-11-23,120.079911,120.159146,118.802148,119.693604,15672100
2016-11-25,119.862004,119.990768,118.930919,119.237976,8658600
2016-11-28,118.980435,120.535540,118.683278,119.267685,18101300
2016-11-29,119.426186,120.941670,119.257800,119.723343,18891000
2016-11-30,119.178546,120.634602,116.831027,117.296570,30188900
2016-12-01,117.256954,117.326290,112.918509,114.008072,43277000
2016-12-02,114.017972,115.374978,113.215659,114.305222,25070400
2016-12-05,114.850008,116.454643,113.978359,116.315971,20201500
2016-12-06,116.573490,116.682447,115.226392,116.197090,19131200
2016-12-07,115.890032,116.831017,115.464111,116.831017,21913700
2016-12-08,116.860759,118.366336,116.523981,117.781937,22442800
2016-12-09,118.089004,118.802175,117.821562,118.544640,17464700
2016-12-12,118.088989,118.108796,116.533884,116.652740,17805500
2016-12-13,116.741878,120.367152,116.494250,119.168633,29768000
2016-12-14,118.861566,120.535535,117.722474,119.069572,25913100
2016-12-15,118.940821,121.337861,118.495086,119.426170,20139600
2016-12-16,119.753031,120.347337,118.138489,118.732803,25324300
2016-12-19,118.713024,119.218188,117.385740,118.108810,15918100
2016-12-20,118.366327,118.633762,117.672971,117.960213,13684400
2016-12-21,117.791818,118.069161,117.355998,117.910683,10767600
2016-12-22,117.732388,117.861152,115.820697,116.286240,16258600
2016-12-23,115.890035,116.444720,115.196679,116.157471,10890000
2016-12-27,115.850423,117.554107,115.751373,116.890465,12051500
2016-12-28,117.068739,117.128168,115.543348,115.810783,12087400
2016-12-29,115.890036,116.415006,114.958951,115.246201,9934900
2016-12-30,115.493833,115.721654,113.681192,113.958542,18684100
2017-01-03,114.929253,116.722080,114.414190,115.751381,20663900
2017-01-04,116.434826,118.524810,116.177291,117.564011,19630900
2017-01-05,117.732396,119.802565,117.197518,119.525223,19492200
2017-01-06,119.832288,122.704770,118.891296,122.239235,28545300
2017-01-09,122.377904,124.240066,121.872740,123.715096,22880400
2017-01-10,123.635853,124.309403,123.100975,123.170311,17324600
2017-01-11,123.170316,124.923528,122.883066,124.893806,18356500
2017-01-12,124.418357,125.527735,123.616044,125.418777,18653900
2017-01-13,126.280525,128.043645,126.161668,127.122459,24884300
2017-01-17,126.825299,127.122456,126.191379,126.656921,15294500
2017-01-18,127.191801,127.211600,125.636688,126.706444,13145900
2017-01-19,127.013500,127.132372,126.240901,126.339958,12195500
2017-01-20,126.884758,127.261142,125.577273,125.834808,19097200
2017-01-23,126.102237,128.023835,125.745651,127.706863,16593600
2017-01-24,128.152600,128.667656,127.162087,128.142685,15162700
2017-01-25,128.766696,130.490194,128.538882,130.232651,18731300
2017-01-26,130.381256,131.876925,130.193056,131.520340,20020100
2017-01-27,131.421267,131.688709,129.836455,130.926010,19539500
2017-01-30,130.331741,130.331741,128.370529,129.737427,18956100
2017-01-31,128.935108,129.420465,128.291281,129.083694,19790500
2017-02-01,130.995381,132.223623,129.440268,131.966080,50139800
2017-02-02,131.956150,134.204619,129.162896,129.598724,54366400
2017-02-03,129.994970,131.589697,129.519513,129.737427,24804900
2017-02-06,129.737434,130.807190,129.063892,130.807190,17058500
2017-02-07,130.985478,131.738263,130.410979,130.589264,14596400
2017-02-08,131.342068,133.164609,131.183582,132.926880,22390600
2017-02-09,133.214117,133.224017,132.045304,132.867432,16470600
2017-02-10,132.827819,133.659847,132.411790,132.916962,15061900
2017-02-13,133.422148,133.422148,132.431635,132.778320,13526200
2017-02-14,132.827844,132.956600,131.292545,132.580215,14364900
2017-02-15,132.183957,132.431585,131.401458,132.174057,13226500
2017-02-16,131.807583,132.599981,131.758054,132.570267,12831100
2017-02-17,132.233500,132.817899,131.906629,132.263214,12276500
2017-02-21,132.233517,132.639631,131.639203,132.451431,14759100
2017-02-22,132.332577,135.492301,132.193905,134.828659,27360100
2017-02-23,134.600837,134.828651,133.055639,134.075867,18422500
2017-02-24,132.887265,134.333406,132.887265,134.155121,12625700
2017-02-27,133.976822,135.878605,133.739108,135.115921,14306700
2017-02-28,135.492292,135.512106,133.471652,134.254150,16112100
2017-03-01,135.175333,136.175746,135.006948,136.116318,16257000
2017-03-02,135.789457,136.512542,135.016858,135.462585,12294800
2017-03-03,135.333797,136.027153,134.789012,135.868668,11160600
2017-03-06,135.581447,136.522432,135.214947,136.116318,12748200
2017-03-07,135.730009,137.057293,135.690395,135.997452,13527100
2017-03-08,135.848883,136.680925,135.749841,136.413483,10184500
2017-03-09,136.413457,137.255399,136.096485,136.928528,15535300
2017-03-10,137.592184,138.166684,136.908728,137.473312,16314100
2017-03-13,137.394079,138.354863,137.354450,138.275635,10955500
2017-03-14,138.136962,138.136962,137.205878,137.998291,12944000
2017-03-15,137.968557,138.770885,137.176159,138.394485,19344800
2017-03-16,138.869926,138.919454,138.404383,138.661926,13612900
2017-03-17,139.008654,139.008654,138.374726,138.513397,20592800
2017-03-20,138.384582,138.860024,137.928940,138.612396,12099500
2017-03-21,139.810954,140.959953,137.087042,137.195999,29894800
2017-03-22,136.621476,138.463831,136.294620,138.265732,17055400
2017-03-23,138.156770,139.058141,137.770471,138.206299,13022800
2017-03-24,138.751063,139.682147,138.434091,139.008591,16664700
2017-03-27,137.730859,139.315671,137.453517,138.988815,12800500
2017-03-28,139.028418,140.603331,138.681733,140.415131,14679400
2017-03-29,140.642980,141.504722,140.088280,141.296707,16527600
2017-03-30,141.049045,141.593830,140.504275,141.058960,12404000
2017-03-31,140.959936,141.276907,140.543922,140.702408,11478300
2017-04-03,140.583505,141.118391,139.484050,140.930191,13564000
2017-04-04,140.514209,140.742022,139.929809,140.385437,12948600
2017-04-05,140.910402,142.079215,139.949603,140.504303,17158100
2017-04-06,140.761850,140.870807,139.573237,139.830765,15103400
2017-04-07,139.860456,140.207142,138.909572,139.444443,11818300
2017-04-10,139.662397,140.088311,139.295912,139.702011,9039400
2017-04-11,139.464231,139.692045,137.493105,138.592575,16638100
2017-04-12,138.394500,139.068042,138.117158,138.255829,11612500
2017-04-13,138.295441,139.246340,138.008199,138.067627,10965600
2017-04-17,138.434114,140.207141,138.424214,140.078369,11519700
2017-04-18,139.929814,140.563742,139.276071,139.622757,14807500
2017-04-19,140.009063,141.683018,139.929821,140.920334,15563900
2017-04-20,141.593864,142.881534,141.336336,142.435806,15968200
2017-04-21,142.534839,142.802282,140.920313,142.316925,12382000
2017-04-24,143.584794,144.288050,142.970666,144.089951,14407200
2017-04-25,144.406909,145.754008,144.406909,145.100281,17767500
2017-04-26,145.694542,146.189798,144.704029,145.169571,12395000
2017-04-27,145.278570,146.348326,144.753599,146.298798,11275100
2017-04-28,148.081731,150.092471,147.655817,148.824615,30652200
2017-05-01,150.300471,151.122598,149.983499,151.013641,25218300
2017-05-02,151.885267,151.984324,150.221212,151.330582,21870400
2017-05-03,152.142820,152.142820,149.904251,150.359894,29782500
2017-05-04,148.745358,150.082557,147.309117,149.418915,36225500
2017-05-05,150.013210,150.191510,148.368954,148.814697,17148500
2017-05-08,149.280237,149.646722,148.319438,149.626907,15827500
2017-05-09,150.052827,151.142382,148.784971,149.052399,17453900
2017-05-10,148.804784,149.092041,147.447786,148.864212,12080700
2017-05-11,148.884050,149.220821,147.992595,148.616608,11841900
2017-05-12,148.973182,149.032626,148.210498,148.903854,9598200
2017-05-15,148.745368,150.042938,148.349169,148.765182,15064700
2017-05-16,148.685956,148.785014,147.616200,148.359085,14550800
2017-05-17,146.595940,147.259582,143.049902,143.475830,28300100
2017-05-18,143.347060,146.744512,143.139045,146.259171,23031600
2017-05-19,147.041680,147.972765,146.556338,146.655380,16187900
2017-05-22,146.675193,147.180350,146.288894,146.833679,12586700
2017-05-23,147.111026,147.398269,145.853070,146.665298,12817800
2017-05-24,147.101124,148.804808,147.011981,148.616608,17862400
2017-05-25,148.874116,151.142385,148.527431,150.518372,19891400
2017-05-26,150.785810,150.805624,149.716054,150.686768,14996200
2017-05-30,150.528288,151.449458,150.201417,150.934402,13226000
2017-05-31,151.251359,151.895202,149.656632,150.023132,18023900
2017-06-01,150.310367,150.845238,148.874126,150.092453,14530600
2017-06-02,150.409428,152.172540,149.864642,152.152725,16854400
2017-06-05,152.182477,153.242333,151.954663,152.172577,12520400
2017-06-06,151.954635,153.054105,151.033450,151.360321,13457100
2017-06-07,151.815960,152.291402,150.894775,151.667374,12066700
2017-06-08,152.618297,153.262124,151.647598,153.242325,17799400
2017-06-09,153.301706,154.113919,145.219116,148.180756,35577700
2017-06-12,146.764296,147.784523,143.188543,147.031738,33170200
2017-06-13,148.725548,149.745775,147.487407,149.250519,20483400
2017-06-14,149.825028,150.954213,147.636003,148.824615,20808800
2017-06-15,146.269078,148.616589,144.981408,148.378876,18994200
2017-06-16,148.170865,149.399107,147.190267,149.210907,22882400
2017-06-19,150.270755,152.113110,150.270755,151.419739,19026500
2017-06-20,151.429662,152.380546,150.766020,150.805634,14743900
2017-06-21,150.914561,152.618245,150.439119,152.449860,15039800
2017-06-22,151.558433,153.083832,151.459391,151.944733,13005500
2017-06-23,151.271165,153.727633,151.201822,153.598877,18027000
2017-06-26,154.767673,155.015301,151.746605,152.132904,18049700
2017-06-27,151.390013,151.855555,148.963259,149.151459,19360800
2017-06-28,149.488257,152.014069,148.438315,151.786255,16719100
2017-06-29,150.835359,151.053273,147.507233,149.607117,23973500
2017-06-30,150.458939,150.478753,148.636398,149.547668,17666000
2017-07-03,150.280663,150.706576,146.397853,147.021866,13862700
2017-07-05,147.586458,149.418913,146.724716,148.913742,14334300
2017-07-06,147.616172,148.616585,146.595945,147.408173,14951800
2017-07-07,147.834100,150.548112,147.774672,150.003326,13615900
2017-07-10,150.250951,152.519220,150.072651,152.043777,13378700
2017-07-11,151.915013,153.945568,151.459385,153.796997,13667700
2017-07-12,155.005407,157.650075,154.718150,157.392532,22739400
2017-07-13,157.234074,158.264201,156.917103,157.749130,13929200
2017-07-14,158.610878,158.799078,157.818465,158.452393,16371200
2017-07-17,158.729716,159.254687,157.303375,158.214645,12858800
2017-07-18,158.145348,162.176729,157.907619,161.314987,23722900
2017-07-19,162.038024,164.128007,161.622011,162.582809,26273600
2017-07-20,163.236574,163.434674,161.265448,162.969131,18523100
2017-07-21,162.602629,163.484185,162.196515,162.870056,14744000
2017-07-24,163.078103,164.593587,162.751232,164.425201,17367000
2017-07-25,163.444563,163.969534,162.305479,163.712006,15383200
2017-07-26,164.435079,164.435079,162.543210,164.038879,35236900
2017-07-27,173.042640,173.825153,165.910948,168.823059,68910700
2017-07-28,167.466056,171.784679,167.446242,170.813980,24557600
2017-07-31,170.368259,171.081430,166.950992,167.644348,25478900
2017-08-01,168.208952,168.852779,167.446252,168.248566,14385000
2017-08-02,168.684391,168.932020,165.326552,167.693878,17433800
2017-08-03,167.693887,168.090086,166.653845,166.990616,10793800
2017-08-04,167.366991,168.446647,167.089649,168.010818,10777700
2017-08-07,168.337709,170.427693,168.050467,170.348450,12787800
2017-08-08,170.249418,171.408317,169.001362,169.605576,14393500
2017-08-09,168.367418,169.823473,167.951404,169.556030,10815000
2017-08-10,168.446705,168.971676,165.267165,165.811935,20832700
2017-08-11,166.356672,167.218428,165.267116,166.485443,13791200
2017-08-14,168.476385,169.456998,167.683971,169.130127,12954200
2017-08-15,169.863134,169.873034,168.397163,169.377777,8729200
2017-08-16,169.625379,169.754151,167.634453,168.387238,15779900
2017-08-17,167.733478,168.248549,165.267110,165.326538,17216000
2017-08-18,165.257208,167.069849,164.633195,165.821808,15093600
2017-08-21,165.574211,166.406238,164.246926,166.188324,11907500
2017-08-22,166.683556,168.258469,165.564272,168.030655,11391000
2017-08-23,167.238254,167.753325,166.604326,167.109497,9856500
2017-08-24,167.277881,167.683980,164.831312,166.148697,14030400
2017-08-25,166.267525,166.782596,164.603455,164.742142,12614500
2017-08-28,165.326556,166.109055,164.752057,165.653427,8553700
2017-08-29,163.682309,166.832134,163.434681,166.455750,11121000
2017-08-30,166.574601,168.565527,166.039730,168.307999,11138300
2017-08-31,168.783434,170.516832,168.446663,170.338547,17226500
2017-09-01,170.764446,171.279517,169.684791,170.388062,11677600
2017-09-05,169.645173,170.754543,167.941489,169.100388,13210900
2017-09-06,169.288614,170.843712,167.961330,170.457413,13906300
2017-09-07,170.308817,171.665815,168.654662,171.566772,18049500
2017-09-08,171.447899,171.844113,169.179630,169.328201,10998500
2017-09-11,170.764452,172.240322,170.566352,171.863922,12372000
2017-09-12,172.111536,172.349264,170.120610,171.319138,11186300
2017-09-13,171.368681,171.527167,170.427696,171.408310,9119300
2017-09-14,170.625805,170.645620,168.882507,169.338150,15615700
2017-09-15,169.258888,170.705029,168.644760,170.011673,15660500
2017-09-18,170.358367,170.437610,167.733498,168.397141,12954000
2017-09-19,169.001347,170.922945,168.743819,170.883331,13168600
2017-09-20,170.863523,171.408308,169.080596,170.536652,12264100
2017-09-21,170.061209,170.635709,168.397139,169.486710,11161400
2017-09-22,168.595263,170.100832,167.614650,168.922119,12097100
2017-09-25,167.634438,167.693867,160.027290,161.324860,41251600
2017-09-26,162.939433,163.929947,161.235749,162.652191,23363300
2017-09-27,164.326136,166.742991,163.999280,166.089249,19242500
2017-09-28,166.346819,167.466104,165.574220,167.129318,12178700
2017-09-29,167.228337,170.031492,167.208523,169.248978,15340400
2017-10-02,169.764042,170.239484,167.149088,167.862259,13392300
2017-10-03,167.693914,169.110341,167.594856,168.347656,8190300
2017-10-04,168.218847,169.050874,166.693448,166.822220,12127900
2017-10-05,167.574994,169.684791,167.000509,169.615463,14580600
2017-10-06,168.634873,170.734756,168.139616,170.596085,13124500
2017-10-09,171.061625,173.220952,170.368269,170.863525,14570400
2017-10-10,171.358770,171.556870,169.179644,169.962143,11341100
2017-10-11,170.318759,171.140886,169.773973,171.101273,11283700
2017-10-12,170.972484,172.200726,170.655512,170.913055,10351000
2017-10-13,171.804509,172.993122,171.556881,172.091766,13658300
2017-10-16,172.834666,173.339822,172.408737,172.864380,11498800
2017-10-17,173.052558,174.459085,172.705872,174.439270,15990100
2017-10-18,174.974129,175.063287,174.082673,174.360016,12752400
2017-10-19,173.270461,174.360032,170.992293,172.903976,14048400
2017-10-20,173.835063,174.211463,172.973322,173.319992,12602200
2017-10-23,173.537912,173.676584,169.625388,169.645203,13852700
2017-10-24,170.665438,171.596523,169.873024,170.170181,12267900
2017-10-25,170.269207,170.615893,167.287768,168.981552,15868200
2017-10-26,169.754146,170.655501,168.773532,169.011261,11833100
2017-10-27,172.497865,176.519361,172.250236,176.192490,30285300
2017-10-30,177.559376,178.975817,175.925035,178.163589,24353200
2017-10-31,178.856978,179.084792,177.242437,178.351807,20174200
2017-11-01,180.629998,181.164868,178.856985,180.927155,40918300
2017-11-02,178.916410,180.213980,175.657613,177.222626,35529900
2017-11-03,177.589111,178.153711,175.033600,177.222626,17822100
2017-11-06,176.866043,178.738112,176.618414,178.460770,13312700
2017-11-07,178.787637,179.035265,177.262253,178.540009,12928200
2017-11-08,178.084335,178.639035,177.410794,177.856522,10494100
2017-11-09,176.618386,177.698041,175.409958,177.598999,12610300
2017-11-10,176.658026,177.400911,176.271726,176.766983,11070200
2017-11-13,175.816110,177.341494,175.618010,177.074066,9523400
2017-11-14,176.440120,177.272147,175.499120,176.380692,9585900
2017-11-15,174.984055,176.875939,174.726512,176.261810,10253700
2017-11-16,177.064133,178.123990,176.806605,177.886261,15607600
2017-11-17,177.599022,178.272563,177.202807,177.301865,13018000
2017-11-20,177.173098,177.797127,176.410414,177.044342,10052400
2017-11-21,177.450408,180.164419,177.291937,180.134705,14504000
2017-11-22,179.580042,180.005956,178.728200,179.154114,10376300
2017-11-24,178.688579,181.412490,178.579622,181.046005,9426300
2017-11-27,180.828067,181.986966,180.263483,181.293610,12344500
2017-11-28,181.769078,182.502064,180.362551,180.689423,14379700
2017-11-29,180.164414,180.243657,172.349267,173.468552,41933500
2017-11-30,175.172259,176.588686,173.537903,175.499115,25307600
2017-12-01,174.360059,175.796300,170.705062,173.438889,20182500
2017-12-04,174.617573,174.894931,169.169751,169.843307,24459400
2017-12-05,168.832973,173.716211,167.406631,171.190399,20184900
2017-12-06,170.863516,175.093011,170.269202,174.389740,20255800
2017-12-07,174.132207,178.678659,174.132207,178.431030,20404500
2017-12-08,179.807862,180.550747,177.044337,177.301865,19883800
2017-12-11,177.599020,178.510290,177.103763,177.341476,13168600
2017-12-12,176.905645,177.480129,174.924619,175.281204,16854100
2017-12-13,175.617977,177.460332,175.568448,176.608490,14615700
2017-12-14,176.598605,178.648975,175.994391,176.697662,13591000
2017-12-15,177.321658,178.777714,176.667916,178.470642,28463100
2017-12-18,179.292799,179.580056,178.044758,179.104614,17265400
2017-12-19,178.242866,178.371637,176.529282,177.807037,14920600
2017-12-20,178.104192,178.104192,175.677437,176.202408,11860500
2017-12-21,176.251913,176.984883,175.370357,175.766556,11600700
2017-12-22,175.459493,175.845792,174.558122,175.518921,8509500
2017-12-26,174.954347,175.320832,173.012935,174.320419,8897300
2017-12-27,174.875095,176.747165,174.587838,175.934937,9496100
2017-12-28,176.261816,177.242429,175.994373,176.232101,12220800
2017-12-29,176.311349,177.153291,174.785965,174.785965,10261500
2018-01-02,175.994403,179.857415,175.865647,179.698929,18151900
2018-01-03,180.154535,183.027017,179.609750,182.918060,16886600
2018-01-04,183.145883,184.443468,182.353485,182.581299,13880900
2018-01-05,183.829351,185.126921,183.175609,185.077408,13574500
2018-01-08,185.424049,187.107918,184.562307,186.493805,17994700
2018-01-09,186.909835,187.008893,185.325023,186.087708,12393100
2018-01-10,185.166528,186.107512,183.868958,186.057983,10529900
2018-01-11,186.612660,186.612660,185.602348,185.988647,9588600
2018-01-12,176.370765,179.758318,175.717023,177.668335,77551300
2018-01-16,179.778159,180.025788,176.350977,176.697662,36183800
2018-01-17,177.559417,177.618861,174.132249,175.915176,27992400
2018-01-18,176.440129,179.263082,175.400087,178.094284,23304900
2018-01-19,179.134316,180.639885,178.460759,179.570129,26826500
2018-01-22,179.084797,183.631249,178.698498,183.611435,21059500
2018-01-23,184.284999,187.751795,183.789742,187.553696,25678800
2018-01-24,188.088538,188.851237,184.750513,184.780228,24334500
2018-01-25,186.166943,186.830585,184.829759,185.701401,17377700
2018-01-26,185.968855,188.197510,185.037770,188.197510,17759200
2018-01-29,186.959347,187.048490,183.868951,184.215622,20453200
2018-01-30,185.840090,186.394775,180.114925,185.344833,20858600
2018-01-31,186.582975,188.029131,183.462864,185.117020,43275100
2018-02-01,186.434385,193.467034,186.107513,191.258179,54211300
2018-02-02,190.218151,192.367578,188.177697,188.474854,26677500
2018-02-05,185.156644,188.801741,178.896608,179.540436,33128200
2018-02-06,176.875938,184.007629,176.053810,183.551987,37758500
2018-02-07,182.402980,183.324165,178.242828,178.470642,27601900
2018-02-08,179.292803,180.114931,169.853213,169.952271,38478300
2018-02-09,173.102071,175.221769,165.593980,174.439270,39887600
2018-02-12,175.380262,175.865619,170.209782,174.736435,32092100
2018-02-13,173.953924,174.300609,171.457841,171.507355,21809400
2018-02-14,171.804503,178.104167,171.566789,177.816925,28929700
2018-02-15,178.787632,178.787632,175.162350,178.252762,20922100
2018-02-16,177.291940,178.173496,174.627457,175.677399,20645300
2018-02-20,174.102512,176.261823,173.448769,174.340225,21204900
2018-02-21,175.033601,179.550339,174.726529,176.222214,23200800
2018-02-22,177.004704,178.500389,175.726949,177.291962,18464200
2018-02-23,178.193323,181.650220,177.807024,181.551163,19007300
2018-02-26,182.828928,183.898684,181.481829,183.175598,17599700
2018-02-27,182.700150,182.947778,179.738525,179.738525,15849800
2018-02-28,180.570565,181.145064,176.450026,176.628326,18783000
2018-03-01,177.311772,178.411243,172.755420,174.270905,23201600
2018-03-02,171.646017,175.429784,171.348875,174.944427,20025900
2018-03-05,174.528431,179.431468,174.221374,178.688583,16189300
2018-03-06,180.055505,180.649819,177.410836,178.074478,15086800
2018-03-07,177.044342,182.076151,176.380700,181.967194,19097300
2018-03-08,181.818596,182.650623,179.728612,180.610168,17225900
2018-03-09,182.165278,183.750090,181.471922,183.472748,18526300
2018-03-12,183.472745,184.334501,182.472332,183.007202,15301200
2018-03-13,183.849135,184.225535,179.391826,180.154526,18067500
2018-03-14,180.867699,182.502040,180.124815,182.442612,16821700
2018-03-15,181.501655,182.254440,180.461613,182.115768,15614300
2018-03-16,182.739792,183.571820,181.670036,183.334091,24403400
2018-03-19,175.330724,175.489209,168.446660,170.922943,88140100
2018-03-20,165.881253,168.585349,160.413615,166.554794,129851800
2018-03-21,163.236583,171.754988,161.750813,167.783035,106598800
2018-03-22,164.553971,168.654695,162.166831,163.325729,73743000
2018-03-23,163.870491,165.019490,157.511399,157.877884,53609700
2018-03-26,159.294349,159.571692,147.606290,158.541550,126116600
2018-03-27,154.827136,161.305101,149.319884,150.775940,79117000
2018-03-28,150.211289,154.401169,149.369362,151.578201,60029200
2018-03-29,153.678128,159.888650,152.677715,158.274109,59434300
2018-04-02,156.312872,157.689685,152.647977,153.915833,36796000
2018-04-03,155.064841,155.896869,149.379290,154.629013,42543900
2018-04-04,150.587718,154.084229,149.082134,153.628601,49885600
2018-04-05,160.027310,160.037224,155.163886,157.828369,41449600
2018-04-06,156.233650,159.888646,155.322380,155.708679,41644800
2018-04-09,156.322805,159.007088,154.559678,156.431747,34915200
2018-04-10,156.431740,164.405374,155.520469,163.474289,57889300
2018-04-11,163.791243,167.050024,161.701259,164.742142,56144600
2018-04-12,165.395896,165.861438,161.552715,162.315399,38263000
2018-04-13,163.018657,164.128027,162.216344,162.959229,19990600
2018-04-16,164.147837,164.207266,161.839940,163.266281,18119400
2018-04-17,164.256813,167.396738,164.088427,167.059967,22743000
2018-04-18,165.296825,166.525051,164.197354,164.781754,20969600
2018-04-19,164.623295,166.733093,163.632782,166.505280,22235000
2018-04-20,166.198199,166.832127,164.236988,164.702530,19119400
2018-04-23,165.683166,166.851964,163.523839,164.266724,23088100
2018-04-24,163.860600,164.524258,156.689294,158.175064,35079900
2018-04-25,158.620792,159.532062,154.708268,158.175064,41083600
2018-04-26,171.576712,174.597781,169.179672,172.507797,77556900
2018-04-27,175.132645,175.419903,170.962593,171.943192,29804700
2018-04-30,172.141283,174.052981,170.081029,170.368271,20750500
2018-05-01,170.368262,172.369103,168.615049,172.210617,26025900
2018-05-02,172.596902,176.390569,172.547373,174.399643,30424500
2018-05-03,173.468565,174.449163,170.487111,172.369095,24026100
2018-05-04,171.438029,175.301025,171.418215,174.934540,17677800
2018-05-07,175.667518,177.797115,175.489218,176.281631,18697200
2018-05-08,176.558984,177.341482,175.429799,177.222626,15577200
2018-05-09,177.965514,181.273825,177.083958,180.927155,23282800
2018-05-10,181.412486,184.364227,180.768659,183.769913,21071400
2018-05-11,183.096397,186.533480,182.432740,185.216095,21207800
2018-05-14,185.929210,186.077781,184.433526,184.869354,15646700
2018-05-15,183.126066,183.532164,181.461996,182.571381,15429400
2018-05-16,181.957277,182.571406,180.927150,181.462021,16975500
2018-05-17,180.946952,182.313865,180.491325,182.016708,14840700
2018-05-18,181.749289,182.442645,180.877632,180.946960,13130500
2018-05-21,182.026606,183.542090,181.392678,182.739777,13532900
2018-05-22,183.175590,183.660947,181.689820,182.056320,12731400
2018-05-23,180.768670,185.136837,180.451699,185.126923,16628100
2018-05-24,184.116578,185.027849,183.274636,184.166092,12354700
2018-05-25,184.255296,184.562353,182.700183,183.165726,10965100
2018-05-29,182.591208,185.037777,181.967195,183.977936,16398900
2018-05-30,184.770348,186.216504,183.492593,185.889633,13736900
2018-05-31,186.087707,190.891702,185.701407,189.960617,30782600
2018-06-01,191.238388,192.704343,190.247875,192.149658,17307200
2018-06-04,190.020024,192.139721,189.653539,191.446365,18939800
2018-06-05,192.456718,193.150074,190.792648,191.109619,15544300
2018-06-06,189.217724,190.703493,187.315940,189.524780,22558900
2018-06-07,188.940371,189.158285,184.998133,186.394745,21503200
2018-06-08,185.750933,187.682430,184.661362,187.306046,12677100
2018-06-11,187.018788,190.772842,187.008889,189.722885,12928900
2018-06-12,190.346893,191.446363,189.742680,190.574707,11562700
2018-06-13,190.911542,192.654840,190.089414,190.584671,15853800
2018-06-14,191.268106,195.408444,191.079906,194.942902,19120900
2018-06-15,193.932561,195.200432,192.793477,193.992004,21860900
2018-06-18,192.951969,197.686621,192.288327,196.428665,16826000
2018-06-19,194.378329,196.082013,191.951559,195.616470,19994000
2018-06-20,197.211182,201.618962,196.923924,200.083664,28230900
2018-06-21,200.836451,201.460479,198.191782,199.588409,19045700
2018-06-22,199.251627,200.321383,197.419171,199.826126,17420200
2018-06-25,198.102657,198.102657,191.278021,194.487289,25275100
2018-06-26,195.725394,197.211164,194.368381,197.112106,17897600
2018-06-27,197.290412,198.845525,193.942488,193.982101,18734400
2018-06-28,193.328351,195.467863,191.426568,194.368393,18172400
2018-06-29,195.448072,195.725414,192.119947,192.476532,15811600
2018-07-02,191.535548,195.576844,190.396464,195.487701,13961600
2018-07-03,192.704337,193.546264,190.693597,190.901596,13489500
2018-07-05,192.892527,196.765421,192.189256,196.567322,19684200
2018-07-06,196.567320,201.708085,195.824435,201.301971,19740100
2018-07-09,202.985853,203.847610,200.202514,202.797668,18149400
2018-07-10,202.559969,202.966083,200.341214,201.609070,13190100
2018-07-11,200.301589,202.559958,199.836047,200.618546,12927400
2018-07-12,201.500089,205.115471,201.262376,204.956985,15454700
2018-07-13,205.838537,206.452650,204.491438,205.353195,11486800
2018-07-16,205.531481,206.739908,204.877739,205.264038,11078200
2018-07-17,202.956170,208.463437,202.896742,207.997894,15349900
2018-07-18,207.829468,208.988366,206.462555,207.373825,15334900
2018-07-19,206.789447,207.997875,205.789019,206.115891,11350400
2018-07-20,206.868678,209.493532,206.521992,207.948334,16163900
2018-07-23,208.582232,209.612359,206.819120,208.909103,16732000
2018-07-24,213.069251,214.148907,210.583069,212.633423,28468700
2018-07-25,213.673503,216.545985,212.237262,215.436615,58954200
2018-07-26,173.230847,178.421141,172.101662,174.587845,169803700
2018-07-27,178.163602,178.223030,171.358781,173.230850,60073700
2018-07-30,173.636961,173.636961,164.979870,169.437180,65280800
2018-07-31,169.050881,172.587020,168.387238,170.942764,40356500
2018-08-01,172.279929,173.419028,169.278676,170.021561,34042100
2018-08-02,169.060815,175.112852,168.654716,174.696838,32400000
2018-08-03,176.004272,177.153271,174.478873,176.093414,24763400
2018-08-06,177.272156,184.027448,176.687756,183.928406,49716200
2018-08-07,184.730660,186.513586,181.977035,182.066177,33398600
2018-08-08,182.997320,185.077403,182.016706,183.423233,22205200
2018-08-09,184.086884,184.800055,180.748844,181.353058,19732100
2018-08-10,180.313008,180.372452,177.717869,178.549896,21500400
2018-08-13,178.391417,180.877600,177.202789,178.341888,17423300
2018-08-14,178.995646,180.263502,176.925462,179.391846,19102000
2018-08-15,177.638628,179.154112,173.121890,177.826828,33020200
2018-08-16,178.708385,178.787628,172.359192,173.042648,31351800
2018-08-17,172.844510,174.548193,170.407841,172.151154,24893200
2018-08-20,172.388909,172.913895,169.288613,170.863525,21518000
2018-08-21,171.170561,172.517659,169.764034,170.982361,19578500
2018-08-22,170.576265,172.587005,170.497022,171.992691,16894100
2018-08-23,171.447920,173.884589,171.190392,171.259720,18053600
2018-08-24,172.052149,173.161534,171.279550,172.993134,14631600
2018-08-27,174.320434,176.975002,174.122319,175.776489,17921900
2018-08-28,176.410401,176.549072,174.161931,174.587845,15910700
2018-08-29,174.627477,175.112818,173.092178,174.231262,18494100
2018-08-30,174.231259,178.084355,174.033160,175.954758,24216500
2018-08-31,175.469393,175.934935,173.319981,174.062866,18065200
2018-09-04,171.854052,172.240352,167.198643,169.536255,29809000
2018-09-05,167.882077,169.506518,165.088823,165.593979,31226700
2018-09-06,165.395863,165.395863,158.482086,160.988083,41514800
2018-09-07,158.789159,163.068183,158.640588,161.493256,24300600
2018-09-10,161.958810,163.444580,160.621626,162.622452,20197700
2018-09-11,162.384742,165.603910,162.166828,164.365768,20457100
2018-09-12,161.701292,162.929534,160.265050,160.463150,24078100
2018-09-13,160.463136,161.770621,159.333952,159.829208,25453800
2018-09-14,160.185792,161.295162,158.818879,160.780106,21770400
2018-09-17,160.383879,160.522550,158.254282,159.056595,21005300
2018-09-18,157.877896,160.225407,157.362825,158.779266,22465200
2018-09-19,158.561352,161.889477,157.967038,161.513077,19629000
2018-09-20,162.939408,164.870905,162.909694,164.444992,18936000
2018-09-21,165.059134,165.663348,161.265466,161.384323,45994800
2018-09-24,159.502322,164.128017,159.353751,163.840775,19222800
2018-09-25,160.453269,164.019108,159.621226,163.345566,27622800
2018-09-26,162.741326,167.693893,162.652184,165.366180,25252200
2018-09-27,165.960480,170.140447,165.623709,167.238235,27266900
2018-09-28,166.733108,167.188735,161.017842,162.899826,34265600
2018-10-01,161.483371,164.306339,159.730158,160.898972,26407700
2018-10-02,160.047121,160.740477,157.164724,157.818466,36031000
2018-10-03,158.482114,162.107395,158.016571,160.889053,23109500
2018-10-04,159.928226,159.928226,155.857218,157.342987,25739600
2018-10-05,157.699587,159.373541,154.718133,155.837418,25744000
2018-10-08,154.064425,156.837865,152.925341,155.758209,24046000
2018-10-09,156.194009,159.066491,155.926566,156.402008,18844400
2018-10-10,155.332256,156.193998,149.874520,149.943863,30610000
2018-10-11,148.705734,153.341328,147.744935,151.895187,35338900
2018-10-12,155.243134,155.401620,149.864655,152.281509,25293500
2018-10-15,151.865484,154.094138,151.102784,152.063583,15433500
2018-10-16,153.925757,157.947254,153.539458,157.273697,19180100
2018-10-17,158.046249,158.967434,156.451522,157.907578,17592000
2018-10-18,157.006225,157.154811,151.825846,153.450287,21675100
2018-10-19,154.381373,155.857243,152.093290,152.588547,19761300
2018-10-22,153.291816,155.847342,152.994674,153.311630,15424700
2018-10-23,149.785399,153.301723,149.418914,152.925323,19095000
2018-10-24,152.816359,153.182844,144.218713,144.654526,27744600
2018-10-25,146.328506,150.766016,145.605436,149.517960,22105700
2018-10-26,144.436634,147.586458,142.435793,143.990891,31303300
2018-10-29,147.091213,147.418084,137.711052,140.742020,31336800
2018-10-30,138.612389,145.248823,138.414290,144.832809,50528300
2018-10-31,153.529560,154.916273,147.546867,150.350006,60101300
2018-11-01,150.082580,151.300908,147.933168,150.310394,25640800
2018-11-02,150.359901,152.667799,147.546848,148.923660,24708700
2018-11-05,148.676058,148.765201,146.041289,147.269516,15971200
2018-11-06,147.893535,149.537790,146.595965,148.517563,16667100
2018-11-07,150.132082,151.558408,148.408584,150.092453,21877400
2018-11-08,149.062318,149.508045,145.347894,146.467163,24145800
2018-11-09,145.357836,146.358249,142.703267,143.584824,17326900
2018-11-12,143.109319,143.664004,139.157181,140.207123,18542100
2018-11-13,140.652855,143.505537,140.276455,140.811340,15141700
2018-11-14,142.336751,144.198921,140.207153,142.851822,22068400
2018-11-15,140.979767,143.465950,139.493997,142.485352,30320300
2018-11-16,139.731698,140.425054,136.463001,138.206299,37250600
2018-11-19,136.304525,136.443196,129.965246,130.302017,44362700
2018-11-20,125.824866,132.887228,125.646573,131.173630,41939500
2018-11-21,133.124956,135.888496,132.857529,133.540985,25469700
2018-11-23,132.382069,133.224011,130.014743,130.480286,11886100
2018-11-26,131.738243,135.700295,131.520328,135.086182,24263600
2018-11-27,134.462169,135.314011,132.441529,133.719284,20750300
2018-11-28,134.987143,135.492300,130.599177,135.462585,29847500
2018-11-29,134.630554,138.661950,134.373026,137.364365,24238700
2018-11-30,136.948380,139.632678,136.056924,139.276093,25732600
2018-12-03,141.643395,142.316936,139.424639,139.751511,24819200
2018-12-04,139.394931,142.029700,135.858806,136.621490,30307400
2018-12-06,132.550480,138.374687,132.401894,138.305359,28218100
2018-12-07,137.928959,139.533585,135.363533,136.116318,21195500
2018-12-10,138.275648,141.692916,137.691234,140.504303,26422200
2018-12-11,142.515043,142.515043,139.761418,140.732117,20300300
2018-12-12,141.722624,145.793633,141.158024,143.129150,23696900
2018-12-13,144.189023,144.466366,141.831597,143.634323,18148600
2018-12-14,141.980143,144.624811,141.158015,142.693314,21785800
2018-12-17,141.722629,143.545170,137.106834,138.860046,24334000
2018-12-18,139.741593,144.545573,138.503452,142.297119,24709100
2018-12-19,139.870358,143.535253,131.242982,131.975967,57404900
2018-12-20,129.460078,134.283887,128.766721,132.134460,40297900
2018-12-21,132.124560,133.620229,122.249142,123.764626,56901500
2018-12-24,121.932180,128.509195,121.852937,122.883072,22066000
2018-12-26,124.804653,132.966487,124.695696,132.907043,39723400
2018-12-27,131.183581,133.709393,128.439855,133.243851,31202500
2018-12-28,134.056038,134.630537,130.945827,131.936340,22627600
2018-12-31,133.174484,133.362684,128.717175,129.846359,24625300
2019-01-02,127.766302,136.205463,127.340373,134.392822,28146200
2019-01-03,133.412246,135.868715,129.876106,130.490234,22717900
2019-01-04,132.738672,136.690825,132.481144,136.641296,29002100
2019-01-07,136.255000,137.552569,134.620659,136.740356,20089300
2019-01-08,138.562887,141.782055,138.216201,141.177841,26263800
2019-01-09,141.593854,143.327252,139.929799,142.861710,22205900
2019-01-10,141.722631,143.188586,139.503876,142.832001,16125000
2019-01-11,141.791964,143.981005,141.217479,142.435806,12908000
2019-01-14,140.652873,145.179525,139.929802,144.010712,20520300
2019-01-15,144.624815,149.250510,144.605016,147.536926,24069000
2019-01-16,147.586476,148.230303,145.605449,146.140320,18025700
2019-01-17,145.555944,147.586499,145.110216,146.893143,15787900
2019-01-18,148.329365,150.983934,147.140753,148.616608,31029600
2019-01-22,147.784570,150.092468,144.981416,146.170044,22378700
2019-01-23,146.873299,147.388370,141.702819,142.931061,20098400
2019-01-24,143.267820,145.050747,141.167937,144.446533,20955500
2019-01-25,146.080875,148.408587,145.149791,147.596359,22237200
2019-01-28,146.645483,147.546854,144.822943,146.070984,15508500
2019-01-29,146.685077,146.694992,142.069283,142.822083,17632100
2019-01-30,144.832829,149.517952,144.317758,148.992981,44613200
2019-01-31,164.029002,170.051309,163.434688,165.108658,77233600
2019-02-01,164.266711,167.495794,164.088426,164.137955,30806500
2019-02-04,164.128023,167.693877,162.067754,167.644348,20036000
2019-02-05,167.545314,170.348468,167.089686,169.536255,22557000
2019-02-06,169.575860,170.833816,167.664177,168.872604,13281200
2019-02-07,166.604301,167.634443,163.682290,164.801575,17517600
2019-02-08,162.909731,165.782213,162.652203,165.742599,12561400
2019-02-11,166.307162,166.703376,163.513922,164.217178,12811200
2019-02-12,165.277030,166.742985,162.939418,163.474289,16292300
2019-02-13,163.811074,164.643101,162.176718,162.513504,14205100
2019-02-14,161.641838,163.305893,160.710754,162.394623,12755200
2019-02-15,162.949284,163.137484,159.333918,160.958359,15504400
2019-02-19,158.977354,162.592721,158.808969,160.750366,14345400
2019-02-20,160.710766,162.166821,159.720252,161.017822,11770700
2019-02-21,160.393798,160.700870,158.076001,158.521729,15607800
2019-02-22,159.056572,160.869212,158.789129,160.354141,15858500
2019-02-25,161.522975,164.494514,161.354574,163.058258,18737100
2019-02-26,162.780952,164.662936,162.246081,162.572952,13784100
2019-02-27,161.354584,162.374812,158.888216,161.265442,12697500
2019-02-28,160.829621,161.948905,159.333951,159.918350,11114200
2019-03-01,161.057450,161.582421,160.156079,160.740479,11097800
2019-03-04,162.345084,165.910937,162.275756,165.782166,18894700
2019-03-05,165.782174,170.249398,164.969961,169.635269,28187900
2019-03-06,171.259728,171.923385,169.645202,170.873428,21531700
2019-03-07,169.873009,170.110737,166.019913,167.525497,18306500
2019-03-08,164.623274,168.010827,164.395460,167.991028,13184800
2019-03-11,169.972049,172.646431,169.952235,170.437592,18884000
2019-03-12,170.457402,172.151186,169.595661,170.289017,12155300
2019-03-13,170.685224,172.378993,170.487109,171.725250,11973300
2019-03-14,168.149504,169.526317,166.564692,168.555618,18037400
2019-03-15,165.574178,165.990192,160.968283,164.405365,37135400
2019-03-18,162.018275,162.345131,157.768964,158.947678,37524200
2019-03-19,159.948043,162.265855,159.294316,160.037201,25611500
2019-03-20,159.967874,164.544040,159.710346,163.870499,20211500
2019-03-21,163.325712,164.811482,162.196528,164.504425,16223000
2019-03-22,164.078499,165.831712,162.533301,162.780930,16389200
2019-03-25,161.453636,164.960046,160.463123,164.712418,12631200
2019-03-26,165.762393,167.842461,164.771879,166.089249,15437900
2019-03-27,166.257660,167.337316,163.226676,164.296432,10620300
2019-03-28,163.008778,165.138376,161.780536,163.979477,10443000
2019-03-29,164.811501,165.603914,163.246488,165.108658,13455500
2019-04-01,166.237807,167.297648,165.693022,167.099548,10381500
2019-04-02,168.525913,173.240750,167.941514,172.547394,23946500
2019-04-03,172.844546,176.271728,171.309247,171.893646,27391100
2019-04-04,174.350143,176.311355,173.864787,174.350143,17847700
2019-04-05,175.201977,175.320834,173.438865,174.052979,9594100
2019-04-08,173.547789,173.835031,172.577075,173.270432,7297400
2019-04-09,173.953927,177.490067,173.884599,175.895340,19751000
2019-04-10,176.489612,177.093825,174.865171,176.133041,11701500
2019-04-11,176.549074,176.707545,175.320832,175.825989,8071000
2019-04-12,176.311354,177.925895,176.261825,177.400925,12329800
2019-04-15,176.806610,178.787636,175.192068,177.945694,10834800
2019-04-16,177.301883,178.460781,176.608526,177.173111,11215200
2019-04-17,177.896136,179.025320,176.667894,177.083908,9973700
2019-04-18,177.103786,177.183029,175.657630,176.588715,11655600
2019-04-22,176.558935,179.946487,176.558935,179.718674,13389900
2019-04-23,181.006372,182.472327,179.758316,182.036499,19954800
2019-04-24,182.739753,183.383581,179.926685,180.847870,37289900
2019-04-25,195.111301,196.597070,190.297405,191.426590,54148800
2019-04-26,190.673783,191.069982,187.296130,189.673370,22075000
2019-04-29,189.138492,193.556188,188.841335,192.932159,19641300
2019-04-30,192.347760,195.517400,190.455877,191.565247,23494700
2019-05-01,192.932144,194.318856,191.178931,191.198746,15996600
2019-05-02,191.169064,192.159577,187.949896,190.703522,13209500
2019-05-03,192.535960,194.299072,191.872318,193.615616,14575400
2019-05-06,189.425756,192.436910,188.742300,192.040710,13994900
2019-05-07,190.713376,191.069961,186.067882,187.969666,16253000
2019-05-08,187.593296,188.910681,186.761269,187.741867,12505700
2019-05-09,185.424050,187.969675,184.492965,186.860291,12967000
2019-05-10,186.464095,188.197493,182.838814,186.553238,12578500
2019-05-13,181.759161,183.670845,179.124393,179.817749,16833300
2019-05-14,180.788454,181.749252,176.410387,179.015427,17628100
2019-05-15,178.708361,185.503281,178.312162,184.502869,16746900
2019-05-16,183.294497,186.791008,183.294497,185.216095,12953100
2019-05-17,183.086441,185.800452,182.531756,183.542084,10485400
2019-05-20,180.154530,182.482226,179.649358,180.986557,10352000
2019-05-21,182.819022,183.938292,182.145465,183.066650,7502800
2019-05-22,182.977506,184.968447,181.868136,183.561920,9213800
2019-05-23,180.689412,182.155367,177.965501,179.154114,12768800
2019-05-24,180.600256,181.887926,179.114487,179.342300,8807700
2019-05-28,179.817752,182.957692,179.728609,182.561478,14843300
2019-05-29,181.759163,182.809105,179.629566,180.461594,12797700
2019-05-30,181.343147,181.739346,179.173921,181.273804,8581500
2019-05-31,178.569701,178.827229,175.479305,175.786362,15226500
2019-06-03,173.339801,173.389330,159.482517,162.592728,56059600
2019-06-04,162.156912,166.683549,159.314129,165.910950,46044300
2019-06-05,165.891159,167.119401,163.068205,166.574615,19758300
2019-06-06,166.703364,168.090076,165.643508,166.733078,12446400
2019-06-07,168.555605,172.220500,167.238221,171.705444,16917300
2019-06-10,173.092156,176.172652,172.151171,173.161499,14767900
2019-06-11,176.786770,178.272539,175.112800,176.410385,15266600
2019-06-12,176.687782,177.569338,171.239958,173.379456,17699800
2019-06-13,173.864764,176.341047,172.953494,175.786362,12253600
2019-06-14,178.797528,180.114913,178.292372,179.609756,16773700
2019-06-17,183.254836,187.702245,182.660537,187.216888,29459900
2019-06-18,192.159559,192.684530,185.503309,186.682022,37571400
2019-06-19,185.225959,186.315529,182.799204,185.701401,21417100
2019-06-20,189.138476,189.346490,185.859880,187.731949,14635700
2019-06-21,186.959365,190.178533,186.959365,189.326691,22751200
2019-06-24,190.594542,192.139740,189.752615,190.772842,15509000
2019-06-25,191.050189,191.307717,186.345252,187.048508,16750300
2019-06-26,187.741870,188.950297,185.533029,185.879715,12808600
2019-06-27,188.078655,196.993274,186.483928,187.702255,11159000
2019-06-28,188.742298,191.367152,188.138084,191.169052,16378900
2019-07-01,193.358093,193.427421,190.109196,191.169052,14181800
2019-07-02,191.169044,193.150070,190.881802,193.150070,9050000
2019-07-03,192.318040,195.527293,192.318040,195.329193,10246100
2019-07-05,194.318860,195.200431,192.327934,194.536774,11164100
2019-07-08,193.338247,194.814102,191.802949,193.902832,9723900
2019-07-09,193.120348,197.567758,193.041105,197.320129,14698600
2019-07-10,198.102650,201.034576,197.775779,200.806747,20571700
2019-07-11,201.331709,201.866595,198.310656,199.320969,13678500
2019-07-12,197.785686,203.352381,197.270630,202.926453,15366300
2019-07-15,202.312296,203.382052,199.905356,201.975525,16030300
2019-07-16,201.955733,203.520746,201.173234,201.906204,12132700
2019-07-17,202.243001,202.421301,199.677575,199.885590,12083700
2019-07-18,198.251201,200.549199,197.488517,198.875229,11937900
2019-07-19,200.261948,200.410534,196.190953,196.478195,12098300
2019-07-22,198.013479,200.648248,196.923909,200.400620,13589000
2019-07-23,200.915704,202.302432,199.053549,200.440262,14583700
2019-07-24,195.755108,202.866985,195.348994,202.718414,32532500
2019-07-25,204.739088,206.680501,196.379154,198.805923,39889900
2019-07-26,198.290839,200.955322,194.388215,197.855011,24434000
2019-07-29,197.112130,197.736158,193.447234,194.081161,16530800
2019-07-30,193.536390,196.824901,191.664320,195.170731,11903600
2019-07-31,195.081572,196.874398,190.852076,192.387375,14593500
2019-08-01,192.327937,196.587147,189.069156,190.901596,17777000
2019-08-02,189.287091,190.792661,186.285837,187.226822,15297000
2019-08-05,182.937892,183.908591,177.638640,180.005966,23086700
2019-08-06,181.947354,184.027423,181.353040,182.759567,18035700
2019-08-07,181.858256,184.601967,179.500829,183.393539,15833200
2019-08-08,184.849562,188.534273,182.303951,188.355988,14828900
2019-08-09,188.197499,189.168197,185.344816,186.067902,11058800
2019-08-12,185.077405,185.810376,182.710079,183.611435,10930900
2019-08-13,183.760020,189.564428,183.611434,186.662216,13577000
2019-08-14,184.037301,184.225501,177.608867,178.005081,18903700
2019-08-15,179.233393,181.462048,178.322122,180.857834,12925900
2019-08-16,182.006789,183.343988,180.629976,181.957260,12654600
2019-08-19,184.245369,185.721239,183.096385,184.403854,9691200
2019-08-20,183.690618,184.235403,180.659651,182.066177,10083400
2019-08-21,183.244926,184.136382,181.402571,181.808685,8398200
2019-08-22,181.689832,182.363388,178.203236,180.313019,10821400
2019-08-23,179.124403,181.392687,174.984065,176.063721,17323400
2019-08-26,177.698057,178.787628,176.549073,178.648956,8773600
2019-08-27,180.204076,182.294060,179.292806,179.580063,14399600
2019-08-28,178.817318,180.223844,177.222591,180.035645,9386100
2019-08-29,182.026598,184.314681,181.729441,183.809525,10128700
2019-08-30,185.008055,185.027869,181.719559,183.908585,10774500
2019-09-03,182.254425,183.908581,180.382356,180.659698,9779400
2019-09-04,182.898271,185.968868,182.145486,185.364655,11308000
2019-09-05,186.741432,189.544586,186.157033,189.088943,13876700
2019-09-06,188.405531,188.405531,184.582150,185.711334,15226800
2019-09-09,185.949026,187.187168,184.086872,186.969254,14722400
2019-09-10,185.661810,186.315553,182.799228,184.403854,15455900
2019-09-11,184.691088,187.642812,184.314688,186.701828,11761700
2019-09-12,188.058839,189.118680,185.453784,185.691513,11419800
2019-09-13,185.552841,186.186768,184.770327,185.414169,11441100
2019-09-16,185.156625,186.008467,184.007641,184.453369,8444800
2019-09-17,184.889173,186.533429,183.779788,186.295700,9671100
2019-09-18,186.305635,187.286248,184.245366,186.355164,9681900
2019-09-19,186.870196,189.287050,186.365025,188.336151,10392700
2019-09-20,188.851244,191.268099,186.335332,188.128159,19934200
2019-09-23,187.543751,188.296550,183.452942,185.047668,13327600
2019-09-24,186.196677,186.256106,178.678686,179.560242,18546600
2019-09-25,179.728597,181.679909,176.182559,181.065796,18068300
2019-09-26,179.609718,179.679046,175.984437,178.401291,16083300
2019-09-27,178.777715,179.045143,173.993535,175.419876,14656200
2019-09-30,176.182580,176.974994,175.172267,176.390594,10740000
2019-10-01,177.450415,178.133872,173.220935,174.142105,17073000
2019-10-02,173.181302,174.855271,171.447904,172.943588,16151700
2019-10-03,173.904415,178.133896,171.982817,177.678268,16086300
2019-10-04,177.846642,179.263069,176.410401,178.738098,10430200
2019-10-07,178.292359,179.461157,176.400475,177.975388,9178300
2019-10-08,176.568877,178.658860,176.034007,176.063721,9466900
2019-10-09,177.460342,179.005540,176.251915,178.143799,7556900
2019-10-10,178.609355,179.887111,177.470256,178.322098,8605000
2019-10-11,180.421956,184.720795,180.412057,182.442612,14930500
2019-10-14,182.452530,182.868544,180.838004,181.541260,7006000
2019-10-15,182.056299,188.573877,181.917628,187.098007,15039100
2019-10-16,186.533443,187.900341,185.126901,187.751770,10516900
2019-10-17,188.494659,189.029529,186.979175,188.583801,9603000
2019-10-18,188.425321,189.673377,182.175185,184.086884,16874200
2019-10-21,185.265596,188.108379,184.978354,187.959793,8122600
2019-10-22,188.197503,188.841331,179.778141,180.610168,19537600
2019-10-23,180.283309,184.611862,180.273409,184.384033,12300400
2019-10-24,182.868549,184.958533,181.065823,184.611862,11413500
2019-10-25,184.067059,187.206984,183.334074,186.107513,8061200
2019-10-28,185.424069,187.731967,183.324186,187.603195,13657900
2019-10-29,189.871449,190.703476,186.681995,187.514023,13574900
2019-10-30,187.761650,188.643206,184.215612,186.464081,28734600
2019-10-31,194.833974,196.210787,186.464139,189.831879,42286500
2019-11-01,191.020458,192.268499,188.108347,191.783142,21711800
2019-11-04,192.704356,195.497596,191.971371,192.872742,16371300
2019-11-05,193.516559,193.892959,191.763361,192.476532,9942000
2019-11-06,192.189256,192.526027,189.534688,189.732788,10973000
2019-11-07,190.089380,191.604864,187.672526,188.613510,13473000
2019-11-08,188.197514,190.515311,187.900357,189.029541,10760800
2019-11-11,188.128159,188.276745,186.751347,187.811203,8631200
2019-11-12,188.197497,193.209491,187.939969,192.625092,17615500
2019-11-13,192.852908,193.843421,190.911511,191.357239,10860700
2019-11-14,191.099713,192.189283,189.633757,191.317627,9040500
2019-11-15,192.417072,193.447215,191.545431,193.249115,11524300
2019-11-18,192.714244,196.745640,191.218575,195.527298,16167200
2019-11-19,195.527279,198.102619,194.992408,197.429077,19056800
2019-11-20,196.696117,197.696530,193.575992,195.636261,12355400
2019-11-21,195.547075,197.201230,194.992390,196.052231,12131000
2019-11-22,196.498010,197.409280,195.745210,196.933838,9959800
2019-11-25,197.627195,199.063436,197.359752,197.894623,15272300
2019-11-26,198.102655,198.251226,196.161243,197.082428,11735500
2019-11-27,198.003580,201.212848,197.528138,200.083664,12736600
2019-11-29,199.687467,201.866593,199.301168,199.727081,7985200
2019-12-02,200.212420,200.261934,196.171125,197.805466,11503400
2019-12-03,195.725411,197.042780,193.229313,196.933838,11595300
2019-12-04,198.102661,198.132375,196.171163,196.824905,8456300
2019-12-05,197.963961,199.380387,196.329620,197.468704,9740400
2019-12-06,198.597900,199.657756,198.162071,199.142685,12270600
2019-12-09,198.746460,201.212843,198.310647,199.429916,11954800
2019-12-10,199.746885,200.133184,198.251200,198.964371,9475700
2019-12-11,198.379960,200.707671,198.379960,200.341171,8036800
2019-12-12,200.430348,201.727918,192.258615,194.883469,23734800
2019-12-13,194.536777,194.932992,191.337424,192.268509,18798000
2019-12-16,193.417535,197.231002,192.961892,196.042389,14911500
2019-12-17,196.953632,197.112118,194.269350,196.507904,10175700
2019-12-18,198.191793,202.361861,198.191793,200.578934,23274400
2019-12-19,200.856266,204.342877,200.588823,204.105148,16514600
2019-12-20,205.511648,205.739477,201.500067,204.342850,27306900
2019-12-23,204.739070,206.611139,203.728742,204.223999,13348900
2019-12-24,204.342855,204.828197,203.055185,203.174042,6046300
2019-12-26,203.619815,205.848470,203.362272,205.818741,9350700
2019-12-27,206.690378,206.947906,204.630109,206.125793,10284200
2019-12-30,205.888078,205.927691,201.965639,202.470810,10524300
2019-12-31,202.064684,203.609883,201.668485,203.302826,8953500
2020-01-02,204.788587,207.799740,204.313145,207.789841,12077100
2020-01-03,205.244243,208.403967,204.986700,206.690384,11188400
2020-01-06,204.739092,210.761415,204.560807,210.583130,17058900
2020-01-07,210.800998,212.544296,209.741142,211.038712,14912400
2020-01-08,210.979298,214.188566,210.592998,213.178238,13475000
2020-01-09,215.476235,216.308277,214.228194,216.229034,12642800
2020-01-10,217.120472,217.794028,215.357359,215.991287,12119400
2020-01-13,217.516711,219.864223,217.130412,219.804794,14463400
2020-01-14,219.507639,220.270338,216.555913,216.981827,13288900
2020-01-15,218.517101,219.576942,218.051559,219.051971,10036500
2020-01-16,220.458521,220.517949,218.299194,219.666107,10015300
2020-01-17,219.923620,220.181148,218.437851,220.032578,15905900
2020-01-21,220.052419,220.260419,217.041251,219.339249,14275800
2020-01-22,220.200966,220.636794,219.180738,219.220367,12212800
2020-01-23,218.655784,219.388770,217.189829,217.675171,11195000
2020-01-24,218.705320,219.676019,214.059811,215.872452,11905800
2020-01-27,211.078376,214.010287,210.484062,212.831573,13810700
2020-01-28,214.089551,216.664892,211.494411,215.723892,13413800
2020-01-29,219.339247,222.073058,216.377607,221.112259,33181300
2020-01-30,204.570682,209.424190,202.807569,207.542221,48775500
2020-01-31,206.452657,206.710200,199.152580,199.994522,31359900
2020-02-03,201.509984,203.193853,200.578899,202.252869,15495600
2020-02-04,204.659847,208.602101,203.253320,207.839401,19628900
2020-02-05,210.493971,210.711885,206.730032,208.116745,12538200
2020-02-06,208.473301,209.186472,207.354016,208.849701,10567500
2020-02-07,208.304873,210.800970,207.938373,210.315613,12242500
2020-02-10,209.513328,211.771697,208.661486,211.038712,11856400
2020-02-11,208.195966,208.859608,204.550869,205.224426,25030800
2020-02-12,205.878177,209.216202,205.432434,208.760559,13813700
2020-02-13,207.532328,212.296694,207.195542,211.117981,15396600
2020-02-14,211.969817,212.890987,210.632618,212.148102,10741700
2020-02-18,211.524084,215.912050,211.375498,215.733765,15609200
2020-02-19,215.921969,216.248840,214.059799,215.426712,12135100
2020-02-20,214.465909,216.694564,210.929770,212.544312,13109200
2020-02-21,211.454762,212.207562,206.848882,208.186066,14092300
2020-02-24,199.885552,201.717992,196.289984,198.815796,23080100
2020-02-25,200.331329,201.569471,194.091092,194.903320,21433500
2020-02-26,195.319293,199.301161,193.635424,195.329193,16524500
2020-02-27,190.000244,194.021725,187.702247,187.949875,21682600
2020-02-28,180.966770,190.911532,180.095129,190.644089,32568900
2020-03-02,192.189245,194.705157,187.058395,194.576385,24949000
2020-03-03,194.358498,195.368826,182.224712,184.126495,27984100
2020-03-04,187.375370,190.010139,184.621745,189.940796,23062500
2020-03-05,185.008072,187.197113,182.145490,183.413345,19333400
2020-03-06,176.638214,182.036507,174.587844,179.372025,24559600
2020-03-09,167.991056,173.339821,163.622889,167.891998,29949000
2020-03-10,173.012932,176.598584,167.891980,176.499542,24517800
2020-03-11,172.359178,174.211447,166.069429,168.624954,20373900
2020-03-12,158.026488,165.019524,152.875821,153.004593,43266300
2020-03-13,161.978632,169.169753,156.104896,168.664597,35028600
2020-03-16,150.874983,157.620376,141.742450,144.624832,39120400
2020-03-17,149.309987,152.479627,138.671869,148.002502,34255600
2020-03-18,138.424205,146.774223,135.799351,145.565811,37553100
2020-03-19,145.229041,158.412770,143.426315,151.677292,39862300
2020-03-20,154.539845,157.759012,146.595926,148.309509,32568400
2020-03-23,148.240205,150.865059,140.900499,146.695007,29830800
2020-03-24,153.737555,159.779676,151.122600,159.452805,30440400
2020-03-25,157.412355,161.443751,151.607947,154.728073,35184300
2020-03-26,156.748697,162.444148,155.530370,161.790405,26556800
2020-03-27,156.699163,158.571232,153.281896,155.302536,24879900
2020-03-30,157.669863,165.168054,156.560493,164.375641,22515200
2020-03-31,163.910121,169.308415,162.642265,165.217606,23676300
2020-04-01,160.086717,162.592714,156.540679,158.085892,19507600
2020-04-02,157.590625,159.819279,154.440786,156.689255,20886300
2020-04-03,155.659157,156.411956,149.399120,152.717331,25983300
2020-04-06,158.630696,164.623305,157.006255,163.979477,28453600
2020-04-07,170.160243,171.745070,164.435078,167.228333,31411900
2020-04-08,169.625379,173.339803,166.148683,172.626633,21664200
2020-04-09,174.231256,175.400069,169.942347,173.528000,23534300
2020-04-13,172.022420,173.339805,167.842453,173.131790,19355400
2020-04-14,177.282050,179.510704,174.944438,176.479736,21011800
2020-04-15,173.527980,176.499519,171.180469,175.291092,17423000
2020-04-16,176.261827,176.360884,170.873432,174.577957,23593200
2020-04-17,177.499968,178.569724,174.984071,177.539597,20974800
2020-04-20,175.726929,178.787611,175.093002,176.549057,16110700
2020-04-21,173.587438,173.716209,166.742988,169.179657,24850500
2020-04-22,176.757068,183.027018,176.450012,180.550735,33242000
2020-04-23,182.333676,185.275502,181.412491,183.373718,21426600
2020-04-24,181.491739,188.603632,179.114513,188.266861,28792000
2020-04-27,190.832242,191.911898,185.632049,185.721191,29197800
2020-04-28,186.870241,187.405111,180.828104,181.174789,21731000
2020-04-29,189.118695,195.041976,188.197525,192.347778,45954500
2020-04-30,204.956970,207.700695,199.657734,202.767944,46230100
2020-05-01,199.687448,205.313555,197.161636,200.351089,30415600
2020-05-04,198.300735,203.956572,196.874393,203.312729,19250700
2020-05-05,205.056047,208.384172,204.540976,205.105576,21071200
2020-05-06,206.145609,209.592606,204.699468,206.492294,21857000
2020-05-07,209.156771,209.592600,207.056873,209.255814,15152000
2020-05-08,210.226507,211.187306,208.849695,210.335464,12506000
2020-05-11,208.889309,212.960319,208.374238,211.157578,12911900
2020-05-12,211.266551,213.237678,208.007769,208.106827,14704600
2020-05-13,207.443191,208.780390,200.192641,203.154282,20684600
2020-05-14,200.638357,204.966894,198.786102,204.848038,17178900
2020-05-15,203.322645,209.335053,202.183546,208.879425,19383200
2020-05-18,210.137384,212.603767,208.938871,211.167526,20151900
2020-05-19,211.246756,218.398263,210.810928,214.822510,31843200
2020-05-20,221.379708,229.145328,221.072652,227.788330,50162900
2020-05-21,232.493281,234.949750,229.006670,229.194870,47782600
2020-05-22,229.313689,233.751198,226.569978,232.681442,33925600
2020-05-26,237.495338,238.614608,229.472176,229.997147,33178300
2020-05-27,226.896828,228.372683,219.032152,226.966156,34697600
2020-05-28,222.172122,229.432586,221.874965,223.321121,29377200
2020-05-29,223.063577,225.331861,220.765595,222.954620,23241500
2020-06-01,222.459351,230.234886,221.379696,229.709915,18223800
2020-06-02,228.749125,230.789580,224.410672,230.512238,20919000
2020-06-03,229.908014,230.442885,226.361975,227.976517,15380300
2020-06-04,227.382201,229.432571,222.479164,224.143219,17041500
2020-06-05,224.559238,229.155218,223.172511,228.580719,16750400
2020-06-08,226.857216,229.353313,225.252590,229.204727,15466500
2020-06-09,229.323614,237.495348,228.224144,236.405777,27462900
2020-06-10,238.674074,238.921702,233.047951,234.484192,20720700
2020-06-11,227.758579,230.680590,221.429201,222.300842,26708200
2020-06-12,227.718969,229.462281,222.370204,226.411499,22091400
2020-06-15,222.954605,231.552267,222.667363,230.294312,15340300
2020-06-16,234.890283,236.197768,230.789560,233.414413,15236700
2020-06-17,232.770592,235.336017,229.531610,233.295563,19578100
2020-06-18,232.760706,233.899790,229.947637,233.701691,15782500
2020-06-19,235.534130,238.545298,233.315390,236.524643,30081300
2020-06-22,236.296834,238.416532,234.662494,236.950577,18917800
2020-06-23,238.991026,242.863936,237.584499,239.941925,24017900
2020-06-24,238.911789,240.912630,230.472612,231.799911,20834900
2020-06-25,232.394181,235.048764,230.532026,233.444122,18704300
2020-06-26,230.432986,230.878714,213.356534,214.030090,76343900
2020-06-29,207.760141,218.655786,205.145187,218.546829,58514300
2020-06-30,218.497311,225.341761,216.397428,224.915848,33927100
2020-07-01,226.332255,236.732643,225.401170,235.296402,43399700
2020-07-02,236.732647,237.723160,230.403268,231.205582,30633600
2020-07-06,231.542339,238.119345,230.066484,238.000488,26206200
2020-07-07,237.138786,245.300606,236.554387,238.575027,27887800
2020-07-08,235.851087,244.646849,234.345503,241.269196,29791300
2020-07-09,242.675707,244.191191,236.970357,242.180450,22174900
2020-07-10,241.378158,243.161085,237.049621,242.745071,22982700
2020-07-13,244.666672,247.776883,236.158167,236.732666,24674900
2020-07-14,234.513894,238.050033,229.828771,237.455719,23378100
2020-07-15,239.258444,242.497426,235.791648,238.000488,19133600
2020-07-16,235.742137,239.466461,234.087981,238.644333,18880700
2020-07-17,238.713659,241.843684,235.603449,239.733887,18152400
2020-07-20,237.782585,243.715764,233.404518,243.091736,20872200
2020-07-21,243.884122,244.567579,237.802373,239.456528,19364200
2020-07-22,237.980675,239.605116,235.860978,237.594376,15427900
2020-07-23,237.356694,240.120219,229.551445,230.393387,21771800
2020-07-24,228.006245,231.274942,224.747448,228.521317,18325800
2020-07-27,229.264196,232.721077,228.640167,231.284836,13163100
2020-07-28,232.404098,232.730969,227.649632,227.936874,14170100
2020-07-29,228.947200,231.482911,228.125073,231.076797,13588300
2020-07-30,228.035965,232.661660,226.827537,232.275360,20615300
2020-07-31,253.393101,253.422815,246.637794,251.263489,53005100
2020-08-03,250.253159,252.977070,247.955176,249.569717,23124900
2020-08-04,249.173483,250.401725,245.082659,247.459900,17183500
2020-08-05,247.816479,249.876748,245.419439,246.756622,13050100
2020-08-06,246.677425,264.070852,246.310940,262.763367,45241600
2020-08-07,261.574658,276.244183,260.930831,265.893311,72766400
2020-08-10,265.497107,271.261870,257.226318,260.504913,30248800
2020-08-11,257.721600,263.397250,252.709606,253.700119,28238300
2020-08-12,256.513184,261.396406,255.661327,257.424469,21415700
2020-08-13,259.068673,262.644441,257.107477,258.821045,17374000
2020-08-14,259.821453,260.158224,256.225886,258.761597,14792700
2020-08-17,260.009718,261.594545,256.939121,258.682434,13351100
2020-08-18,258.474460,262.634597,256.800490,259.851257,18690400
2020-08-19,258.910249,265.368384,258.870620,260.098846,23291500
2020-08-20,259.019243,267.072121,258.979614,266.458008,20299700
2020-08-21,266.141045,267.923957,263.892590,264.476990,15538600
2020-08-24,268.498367,274.619730,266.220169,268.815338,23685600
2020-08-25,269.825695,280.404368,267.696098,278.155914,42127200
2020-08-26,281.305706,301.779625,281.305706,301.026825,69015200
2020-08-27,297.312427,298.372283,289.249635,290.438263,30301300
2020-08-28,292.201368,294.410224,288.219517,290.874084,17157400
2020-08-31,291.161372,294.063569,288.784117,290.418488,17345100
2020-09-01,291.914122,298.629799,289.933095,292.637207,17295900
2020-09-02,296.044536,300.719758,290.269828,299.630188,24341400
2020-09-03,293.181979,294.776721,280.939251,288.358185,32294100
2020-09-04,284.524868,286.258266,268.567718,280.047760,30333700
2020-09-08,268.706381,276.650285,266.864041,268.587524,24864000
2020-09-09,273.153831,275.838144,268.775779,271.123291,22918800
2020-09-10,272.896251,276.511617,264.496689,265.546631,24814700
2020-09-11,267.498033,268.815432,260.148441,264.080750,18913900
2020-09-14,268.379542,274.015564,263.179348,263.625061,24093800
2020-09-15,268.102234,271.915686,266.745206,269.835632,18478500
2020-09-16,264.754304,269.855442,259.306481,261.020050,29183400
2020-09-17,255.829740,259.019193,247.816492,252.402573,31281400
2020-09-18,255.948600,256.741029,247.677824,250.134293,28130800
2020-09-21,245.191624,247.578764,241.813985,245.795837,24709400
2020-09-22,250.906880,252.897821,245.865172,252.333221,30293100
2020-09-23,252.838401,255.542498,245.795851,246.657608,19641300
2020-09-24,244.161527,249.847078,243.289870,247.162781,20006800
2020-09-25,247.033978,253.323743,244.270453,252.402573,18351300
2020-09-28,256.939117,257.137231,252.402580,254.383606,18826300
2020-09-29,255.364174,260.831795,254.462804,259.306427,20200200
2020-09-30,259.494541,263.555619,257.632372,259.415283,20142500
2020-10-01,262.832639,265.784348,262.287839,264.100494,20009800
2020-10-02,258.731940,262.634564,256.721199,257.473999,16367600
2020-10-05,259.712574,262.357227,258.365460,262.139313,12822300
2020-10-06,259.296573,263.169484,255.790148,256.206177,18696900
2020-10-07,256.750905,257.711704,252.402568,255.671249,23133400
2020-10-08,257.285784,262.109578,256.691470,261.257751,16312800
2020-10-09,262.010536,262.238365,259.682854,261.941223,14107800
2020-10-12,267.636667,277.521969,265.328754,273.134003,31019300
2020-10-13,274.946636,276.452235,270.796413,273.520325,18063300
2020-10-14,274.986267,276.105552,268.924331,269.241302,15577800
2020-10-15,265.061293,266.487634,261.168584,264.189636,15416100
2020-10-16,264.843452,268.795591,262.783168,263.407196,16622700
2020-10-19,263.010991,266.002330,257.414597,258.920166,13587000
2020-10-20,260.564389,267.141411,260.386104,265.021698,18763200
2020-10-21,276.907836,280.364717,273.748097,276.085724,28998600
2020-10-22,277.214904,279.770445,272.430739,275.481506,16720000
2020-10-23,276.155032,282.533939,274.193836,282.088226,17535200
2020-10-26,280.473670,282.524040,271.658111,274.481049,21322900
2020-10-27,276.115455,281.810905,273.688685,280.602478,16287200
2020-10-28,276.145146,276.145146,264.724532,265.130646,23121800
2020-10-29,273.926407,280.909543,271.182696,278.165802,32368100
2020-10-30,271.895882,274.075024,256.641985,260.613922,47247800
2020-11-02,262.089807,267.904115,254.898671,258.880524,27165700
2020-11-03,260.663460,267.488080,258.405091,262.783142,17961900
2020-11-04,278.334208,286.198885,275.976781,284.653687,35364400
2020-11-05,289.130774,294.558797,286.208779,291.884399,23823600
2020-11-06,291.161350,291.805178,285.327213,290.626465,13891000
2020-11-09,287.120038,289.804320,275.887622,276.125336,25117700
2020-11-10,270.509147,271.400602,261.495471,269.845490,29067700
2020-11-11,270.875602,275.758824,269.895004,273.857056,14957000
2020-11-12,274.550451,277.096078,271.826540,272.470367,12899500
2020-11-13,275.085347,275.124976,270.509180,274.322662,10391200
2020-11-16,272.440658,276.759311,272.024659,276.313568,12970400
2020-11-17,275.045712,275.045712,270.697375,272.391144,15040300
2020-11-18,271.915658,274.758457,269.261091,269.389862,12152900
2020-11-19,268.448879,270.875648,266.636253,270.350677,12963700
2020-11-20,269.974303,270.410131,266.854192,267.141449,18114700
2020-11-23,268.320138,268.379566,262.020458,265.883453,20990800
2020-11-24,265.942859,275.184363,265.328746,274.292908,16930400
2020-11-25,275.501321,277.521946,270.063384,272.975494,12467000
2020-11-27,274.758470,276.481954,272.212844,275.174469,7808400
2020-11-30,273.411292,275.065462,268.438928,274.342377,16693300
2020-12-01,276.511636,286.555423,276.313522,283.831512,20738900
2020-12-02,282.652816,289.011924,278.165793,284.792328,17361600
2020-12-03,283.534399,283.930599,278.403548,279.176147,12921700
2020-12-04,277.640792,280.770817,276.650279,277.046509,10880300
2020-12-07,276.541334,285.753094,275.560736,282.870697,13007700
2020-12-08,283.296650,283.712649,278.878940,280.711395,10747700
2020-12-09,280.969015,284.901354,269.171997,275.283478,25189700
2020-12-10,272.925970,276.085708,269.280859,274.490967,20065100
2020-12-11,271.925609,273.857122,267.686213,270.954895,14391400
2020-12-14,270.776609,274.590091,268.983782,271.588837,16376900
2020-12-15,272.222712,273.460853,264.932550,272.935883,23979500
2020-12-16,272.153408,275.223975,269.924754,273.054779,15885000
2020-12-17,274.441524,277.779549,271.014327,271.876099,16377800
2020-12-18,273.153804,275.362659,268.567753,273.777832,26693200
2020-12-21,270.390318,272.064288,265.249552,270.202118,16553700
2020-12-22,268.924319,268.924319,262.119498,264.556152,17312900
2020-12-23,264.358101,269.588009,263.704358,265.566498,14329000
2020-12-24,266.329191,267.834760,263.674623,264.863220,6702000
2020-12-28,266.190483,274.669273,263.139716,274.372131,23299700
2020-12-29,274.322606,277.848830,273.658949,274.154205,16383000
2020-12-30,275.313170,275.441911,269.132347,269.290833,11803800
2020-12-31,269.419605,274.461313,267.250378,270.568604,12900400
2021-01-04,272.173204,272.391118,262.684101,266.388611,15106100
2021-01-05,265.744785,269.815780,265.665527,268.399353,9871600
2021-01-06,259.514472,265.209923,257.543361,260.812042,24354100
2021-01-07,263.377437,269.033259,262.268067,266.190491,15789800
2021-01-08,265.764556,266.398499,260.683219,265.031586,18528300
2021-01-11,258.008879,260.970504,253.472312,254.403397,30412300
2021-01-12,254.195414,257.256096,247.925463,248.707962,26383500
2021-01-13,249.163589,251.540814,246.835877,249.252731,19528900
2021-01-14,250.996039,252.610580,242.289434,243.309662,29739400
2021-01-15,245.548220,251.451686,244.815250,248.975403,24942900
2021-01-19,254.462759,259.712495,250.322422,258.622925,28028500
2021-01-20,266.378639,267.755466,261.099218,264.942413,25199900
2021-01-21,266.705603,271.004427,264.952376,270.281342,20838700
2021-01-22,269.429506,275.828213,269.419591,271.895874,21954000
2021-01-25,275.501361,277.442758,268.934253,275.372589,19087000
2021-01-26,275.501297,282.682516,275.174411,279.374176,19373600
2021-01-27,279.849642,280.760927,265.576346,269.558228,35346200
2021-01-28,274.550468,284.069316,262.188881,262.486023,37758800
2021-01-29,262.783182,264.031239,252.432336,255.879303,30389500
2021-02-01,257.058045,261.663957,252.491793,259.524445,22914300
2021-02-02,261.495437,266.299431,260.772351,264.546204,17320800
2021-02-03,263.100103,266.646158,261.336991,264.120331,14223400
2021-02-04,264.476939,265.616023,261.495485,263.961853,16060000
2021-02-05,264.268955,266.616497,263.149700,265.556641,12454400
2021-02-08,266.200391,267.299846,262.485967,264.050964,13755200
2021-02-09,263.912314,270.796392,263.228858,266.893768,14613400
2021-02-10,269.865347,271.202516,265.180209,269.290833,14687200
2021-02-11,269.310660,270.984600,265.942891,267.824890,12828600
2021-02-12,267.953607,268.607349,265.794295,267.933807,9097600
2021-02-16,268.230910,273.975904,267.488025,271.370850,15417200
2021-02-17,268.666788,271.370900,267.022533,270.974701,12763200
2021-02-18,267.012636,269.370062,263.506211,266.834351,15249100
2021-02-19,267.299892,267.706006,257.682016,259.078644,25622600
2021-02-22,255.502925,260.574348,255.086896,257.860321,17434900
2021-02-23,257.038180,264.922657,252.541257,263.337830,21924600
2021-02-24,259.841324,263.852921,255.938730,261.802551,15736100
2021-02-25,259.811610,264.407606,251.629976,252.273819,19053100
2021-02-26,254.036926,263.030773,254.036926,255.176010,26619500
2021-03-01,258.345625,264.120303,255.453314,262.396820,22157300
2021-03-02,263.258617,264.179787,256.196253,256.542938,15191700
2021-03-03,257.820678,258.514019,252.679912,252.986969,15513500
2021-03-04,254.036887,263.961817,251.095062,255.195801,31626500
2021-03-05,258.197089,262.931741,253.185080,261.772827,26820100
2021-03-08,263.030786,263.060500,252.630411,252.887939,18391800
2021-03-09,258.702256,265.982535,257.345258,263.218994,22039700
2021-03-10,266.091472,266.418328,260.376192,262.386932,14210300
2021-03-11,265.566518,275.263652,265.279291,271.281799,21834000
2021-03-12,266.586760,267.181044,261.515307,265.853760,20600200
2021-03-15,266.527305,273.342041,265.952820,271.153015,16844800
2021-03-16,273.460869,279.463407,272.193014,276.630524,22437700
2021-03-17,273.094396,283.514614,272.797254,281.315674,21315000
2021-03-18,277.214918,282.484455,275.640005,275.976776,18728300
2021-03-19,278.552111,290.022240,278.532312,287.357758,38930500
2021-03-22,287.694597,296.866730,284.029686,290.755280,28273100
2021-03-23,290.368915,295.172910,287.060605,287.872833,23000900
2021-03-24,288.239342,288.952513,278.492696,279.463409,18675000
2021-03-25,278.314351,285.327169,275.114983,276.095581,24505600
2021-03-26,275.659769,281.800962,275.134798,280.334991,17629200
2021-03-29,283.058986,290.398693,281.999159,288.061096,21718800
2021-03-30,287.080418,289.695387,283.980137,285.267792,17474500
2021-03-31,287.238902,293.687152,285.871989,291.735840,19498200
2021-04-01,295.569117,299.531170,293.786205,295.826660,17616000
2021-04-05,298.035526,307.821771,297.827497,305.979431,28237000
2021-04-06,305.910095,308.396292,302.354156,303.354584,17335200
2021-04-07,303.433817,311.268780,302.601790,310.119781,22855200
2021-04-08,311.863102,312.883329,307.108620,310.050446,20894100
2021-04-09,308.445786,311.754096,307.385930,309.495728,15988600
2021-04-12,308.099101,309.188671,305.008704,308.584473,10881900
2021-04-13,309.248120,311.447060,306.385552,306.821381,14036900
2021-04-14,304.384684,305.107770,299.085463,299.947205,17421400
2021-04-15,303.433749,307.197717,301.215010,304.899719,14558300
2021-04-16,305.246410,306.019009,301.720156,303.275269,13059200
2021-04-19,302.116421,304.780904,297.708626,299.372681,14553500
2021-04-20,299.125066,302.205578,294.390414,299.778809,16796400
2021-04-21,299.085504,299.115218,294.568765,298.610046,14863500
2021-04-22,298.471367,300.046310,293.231574,293.707001,16375400
2021-04-23,295.925743,299.719395,294.331001,298.273254,17536800
2021-04-26,300.462272,302.898927,298.699160,300.165131,16172600
2021-04-27,301.393380,302.443322,298.253440,300.690125,15309300
2021-04-28,304.444128,307.970383,302.473016,304.186615,33907200
2021-04-29,326.988232,328.662202,318.558954,326.384033,56526800
2021-04-30,323.046005,326.691086,321.421548,321.996033,26332400
2021-05-03,323.075714,325.433110,318.786775,319.519745,18719500
2021-05-04,316.984038,319.133465,310.149503,315.339783,24032600
2021-05-05,315.171373,318.014141,311.506462,312.031433,15577600
2021-05-06,311.536186,317.201923,310.298045,316.984009,19012200
2021-05-07,319.321660,319.876345,315.726092,316.052948,15916700
2021-05-10,311.367890,311.595689,301.938183,303.067383,24239200
2021-05-11,297.896874,303.929096,296.846932,303.622040,18920100
2021-05-12,298.273206,302.066858,295.361096,299.679718,24645500
2021-05-13,303.176273,305.929898,299.897676,302.364075,18079200
2021-05-14,306.603411,313.844058,306.147753,312.942688,19245700
2021-05-17,310.575401,312.685199,308.624089,312.467285,15401300
2021-05-18,312.595971,313.497342,306.870808,307.019379,14522400
2021-05-19,301.304173,311.674846,300.690060,310.614990,19106200
2021-05-20,310.605092,316.221315,310.189093,315.587372,17320200
2021-05-21,316.261010,316.894923,312.814013,313.230042,13600900
2021-05-24,315.191215,322.857808,315.012930,321.550323,16445400
2021-05-25,323.977012,326.057095,321.718643,324.680298,16437000
2021-05-26,325.235001,326.700941,322.729004,324.551544,9686900
2021-05-27,324.888384,330.613550,323.660157,329.593323,20477700
2021-05-28,327.859874,329.712129,325.215190,325.611420,12037400
2021-06-01,327.017881,328.275852,323.541201,326.007568,11765900
2021-06-02,327.245778,328.721633,324.016695,326.027435,11654300
2021-06-03,322.689417,324.274245,320.411249,322.946960,12610800
2021-06-04,322.808268,329.306033,322.095098,327.216064,13289400
2021-06-07,326.354283,334.486387,325.809482,333.386902,20136700
2021-06-08,333.505804,335.090601,329.088093,330.514435,14580500
2021-06-09,332.554913,333.604854,326.869376,327.117004,13727900
2021-06-10,327.651829,330.771939,325.433059,329.305969,13240200
2021-06-11,329.424856,329.672484,325.809489,328.117401,13587900
2021-06-14,328.751340,333.624678,326.681171,333.575134,12250800
2021-06-15,333.793011,336.695238,331.851614,333.555298,15795200
2021-06-16,333.505796,334.347708,325.601490,327.939087,17232200
2021-06-17,327.354658,334.773621,327.017887,333.317566,17794100
2021-06-18,331.356356,332.960983,325.878820,326.532562,23039500
2021-06-21,327.949037,329.761693,324.541669,329.137665,11337500
2021-06-22,329.533840,336.695261,329.444698,335.813690,15345300
2021-06-23,336.130660,340.162056,334.991576,337.358887,14817800
2021-06-24,338.606917,341.627970,338.547488,339.924286,12329100
2021-06-25,339.339928,340.855412,336.457530,338.131500,14594400
2021-06-28,339.211098,354.742365,338.527641,352.266083,29156100
2021-06-29,352.890088,353.355631,345.738582,348.551666,21417300
2021-06-30,348.829026,349.571911,343.876461,344.411316,15107500
2021-07-01,343.529822,351.305358,343.212851,351.028015,17137000
2021-07-02,351.731252,353.058536,349.274768,351.335052,11521300
2021-07-06,353.117938,355.386221,345.867374,349.433228,13488500
2021-07-07,351.889776,353.108089,346.679667,347.165009,14218900
2021-07-08,342.450108,345.025417,339.310168,342.370850,14406500
2021-07-09,342.044019,347.382869,341.994475,347.095642,13018700
2021-07-12,347.898009,350.829920,346.323096,349.809692,10018600
2021-07-13,348.165326,355.089003,345.490929,348.749725,11456000
2021-07-14,351.196279,351.830222,343.440576,344.332031,13894200
2021-07-15,345.916937,345.916937,336.992403,341.192169,14781600
2021-07-16,341.637886,342.707627,336.913149,337.923462,11026100
2021-07-19,334.367501,336.566441,331.366247,333.753387,14372300
2021-07-20,335.585818,340.191728,331.326624,338.418701,11024300
2021-07-21,338.260266,343.232631,338.012637,342.945404,9279700
2021-07-22,343.391053,348.204962,341.934998,347.858276,12385400
2021-07-23,357.486099,371.769281,353.801389,366.281860,33694300
2021-07-26,366.073801,370.887710,364.726717,368.926483,14925200
2021-07-27,368.381758,369.609985,361.091566,364.320648,15705400
2021-07-28,371.006564,373.968188,363.448945,369.738708,29676900
2021-07-29,357.575284,362.052393,353.355687,354.920715,33413200
2021-07-30,350.641692,357.307858,349.591751,352.919861,15976200
2021-08-02,354.702764,355.990419,347.412572,348.611115,13180400
2021-08-03,349.383783,350.413896,344.401502,347.907898,12406100
2021-08-04,349.076679,357.060213,348.175308,355.515015,14180600
2021-08-05,356.228215,360.447781,353.514188,359.526611,10247200
2021-08-06,357.971494,361.685919,357.971494,360.061493,8925000
2021-08-09,360.309071,362.309896,357.327617,358.179443,7798900
2021-08-10,358.397382,360.645866,355.633872,357.704041,7469900
2021-08-11,358.664818,358.922330,354.415508,356.545105,8400300
2021-08-12,355.049427,359.556250,353.722113,359.209564,7170700
2021-08-13,359.526559,361.200528,358.050704,359.734558,7195700
2021-08-16,359.080838,363.468834,353.989616,363.082520,11222100
2021-08-17,359.536493,361.210462,351.701530,355.049469,12328700
2021-08-18,352.870279,356.446017,351.780709,352.077881,10042400
2021-08-19,348.016753,354.177746,347.670068,351.750977,12004500
2021-08-20,351.236047,356.574898,349.958276,355.960785,8697700
2021-08-23,356.030074,362.220782,355.693303,359.902985,10942000
2021-08-24,360.209964,364.469158,358.407223,362.042419,9235100
2021-08-25,362.131602,367.341680,361.933487,364.895142,9684500
2021-08-26,364.885240,365.935181,360.675559,360.923187,7888700
2021-08-27,361.636347,370.194365,360.626004,369.094910,11219100
2021-08-30,369.025514,377.870788,367.004859,377.048676,13547300
2021-08-31,376.345453,379.128792,375.206339,375.780853,12345400
2021-09-01,375.988914,380.683937,375.216314,378.425568,11567200
2021-09-02,377.880781,378.128409,370.511360,371.719788,14832900
2021-09-03,371.194776,373.581916,369.570320,372.690460,7509600
2021-09-07,372.314070,379.326890,369.609959,378.554291,10793800
2021-09-08,376.553555,377.256811,371.234503,373.988129,11067200
2021-09-09,374.057462,376.226658,372.997605,374.414032,9098900
2021-09-10,377.742065,380.149035,374.671499,375.097412,11549600
2021-09-13,378.059046,378.128390,370.798598,372.938110,13026300
2021-09-14,373.819658,374.998371,371.551374,372.957916,8711600
2021-09-15,373.423479,373.978164,364.182004,370.372711,17940300
2021-09-16,369.253446,370.016131,366.202649,369.520874,11934200
2021-09-17,367.886515,367.886515,358.159668,361.259979,26299000
2021-09-20,355.891354,357.604953,346.481479,352.325531,19822800
2021-09-21,355.098997,356.624396,351.820400,354.088684,11751900
2021-09-22,343.935861,346.521086,337.457897,339.953979,43692900
2021-09-23,342.083573,346.352712,339.745977,342.677887,21806300
2021-09-24,339.983752,350.988370,339.122010,349.611542,18801900
2021-09-27,346.491363,351.780699,343.787251,350.225586,15205800
2021-09-28,344.668868,346.283409,335.704736,337.418304,21710300
2021-09-29,339.894547,341.954831,335.665067,336.388123,14452200
2021-09-30,337.220168,339.547850,334.941970,336.170227,16547100
2021-10-01,338.369147,341.746801,335.427353,339.755890,14905300
2021-10-04,332.346924,332.753038,319.638652,323.135162,42885000
2021-10-05,325.462787,332.000179,323.065762,329.801239,35377900
2021-10-06,326.611828,331.207824,322.709203,330.474854,26443000
2021-10-07,333.802994,335.625535,325.859088,326.096802,28307500
2021-10-08,328.365055,330.237110,325.591600,326.918884,15946100
2021-10-11,324.521830,327.324969,322.223832,322.362518,14708200
2021-10-12,319.965516,321.302715,314.359207,320.698486,31658700
2021-10-13,323.868091,323.897805,319.598982,321.461151,14761500
2021-10-14,325.244869,327.384380,323.996843,325.413269,14302200
2021-10-15,325.561872,325.948187,319.450422,321.679077,21596400
2021-10-18,325.829298,332.703461,324.393042,332.158661,21585000
2021-10-19,336.427756,339.211095,334.080244,336.764526,18786300
2021-10-20,340.191803,340.716774,336.229750,337.547119,13639500
2021-10-21,337.051861,339.062602,334.595377,338.636688,16354400
2021-10-22,323.253970,326.502852,318.063661,321.530457,35224500
2021-10-25,317.261357,326.433519,316.686873,325.571777,38409000
2021-10-26,325.145834,327.077317,306.662857,312.813934,65654000
2021-10-27,311.209338,316.221333,309.099540,309.258026,29971800
2021-10-28,310.020742,322.431873,305.187033,313.913483,50806800
2021-10-29,317.152457,322.907337,316.568058,320.500397,37059400
2021-11-01,322.946954,330.286661,322.907325,326.849579,31518900
2021-11-02,328.236241,331.613894,320.728134,324.967529,28353000
2021-11-03,324.383174,328.998970,320.133894,328.473999,20786500
2021-11-04,330.841278,334.070330,329.494164,332.663818,22495300
2021-11-05,337.081571,343.500108,336.417944,337.893799,26872800
2021-11-08,341.152557,341.519042,335.130220,335.407562,18342500
2021-11-09,336.774497,338.072067,331.296960,332.188416,17556700
2021-11-10,329.335703,330.029074,322.421940,324.531738,21872600
2021-11-11,326.691083,329.306022,323.897828,324.630798,12376600
2021-11-12,327.047619,338.616805,326.651420,337.656036,25414300
2021-11-15,341.073303,350.294978,339.944133,344.262756,25076600
2021-11-16,340.568163,343.361417,337.636252,339.706421,18181100
2021-11-17,340.974222,344.005189,336.873513,337.537140,13602800
2021-11-18,336.497126,339.211122,332.119044,335.476898,17487200
2021-11-19,338.953634,348.759708,336.675435,342.024200,26488500
2021-11-22,345.738638,350.473290,337.279676,337.774933,27116800
2021-11-23,335.714592,338.161160,330.336113,334.050537,17225000
2021-11-24,332.812378,338.537542,329.652639,337.824371,13566200
2021-11-26,332.614315,334.545828,328.751320,329.959747,14750700
2021-11-29,333.693981,337.438120,332.128954,334.823151,16650900
2021-11-30,331.821883,332.624196,320.361639,321.381866,25390000
2021-12-01,327.156620,327.364619,307.346355,307.653412,30329600
2021-12-02,308.445802,311.615456,304.285665,307.445404,24396200
2021-12-03,310.753665,310.773465,296.658654,303.929016,27471000
2021-12-06,305.206842,317.063287,303.433815,314.854431,21758300
2021-12-07,318.519362,323.442215,317.954762,319.747589,18794000
2021-12-08,321.916761,329.593237,320.005078,327.424011,19937700
2021-12-09,326.413789,332.941269,324.888390,326.691132,16879200
2021-12-10,329.405074,331.851643,323.273795,326.621735,14528000
2021-12-13,327.810317,337.854104,326.463203,331.316711,22948700
2021-12-14,324.937800,332.515249,324.541601,330.573822,20461000
2021-12-15,329.335683,338.864414,320.906437,338.418701,24681300
2021-12-16,335.764181,341.192174,330.573871,331.722870,22635000
2021-12-17,329.642784,333.911894,327.612244,330.623413,40012600
2021-12-20,326.651427,326.770284,319.470207,322.362518,17901800
2021-12-21,323.313434,332.812453,320.678665,331.029541,16116800
2021-12-22,330.633258,331.336544,325.145837,327.315063,16764600
2021-12-23,326.968439,333.476119,325.244926,332.059662,13987700
2021-12-27,335.635365,344.569783,334.803338,342.895813,17795000
2021-12-28,343.341600,349.363907,341.925173,342.935486,16637600
2021-12-29,343.618954,346.372579,338.398960,339.686615,10747000
2021-12-30,340.736539,343.935907,339.963940,341.093109,10593300
2021-12-31,339.765825,340.181854,333.079861,333.159119,12870500
2022-01-03,335.090595,337.844220,333.991140,335.328339,14537900
2022-01-04,336.725002,339.835198,328.721637,333.337433,15998000
2022-01-05,329.860714,332.574741,320.767810,321.094696,20564500
2022-01-06,319.757439,335.952334,319.658382,329.305969,27962800
2022-01-07,329.583334,333.802930,325.759968,328.642365,14722000
2022-01-10,322.223876,325.225130,312.437600,324.957703,24942400
2022-01-11,323.679915,331.455450,322.194145,331.197906,16226800
2022-01-12,332.000187,333.178901,326.899051,330.098419,14104900
2022-01-13,331.802113,332.445941,322.669581,323.382751,14797100
2022-01-14,318.737209,329.573425,318.162695,328.751282,16868500
2022-01-18,320.222996,321.134251,314.626603,315.131744,22645600
2022-01-19,316.548191,323.996869,316.300562,316.558105,20814700
2022-01-20,320.827217,324.710042,312.982370,313.556854,16925000
2022-01-21,311.823473,315.290270,300.165143,300.293915,28710700
2022-01-24,295.014408,306.593508,286.268191,305.781281,38878100
2022-01-25,297.104436,303.324858,294.756895,297.302521,25108500
2022-01-26,304.097458,304.592714,288.090761,291.834900,28348800
2022-01-27,294.925300,298.847723,291.468418,291.844818,21629900
2022-01-28,292.815526,299.035948,290.250100,298.847748,21871600
2022-01-31,297.827504,310.813148,296.480421,310.288177,21579500
2022-02-01,311.575843,316.627467,309.158988,315.973724,18023800
2022-02-02,324.710072,324.888357,313.863940,319.935791,58458300
2022-02-03,242.329029,245.647254,233.513469,235.504395,188119900
2022-02-04,232.740891,240.308412,227.926997,234.840775,89342200
2022-02-07,235.444978,236.039292,221.884850,222.776321,88613800
2022-02-08,218.754844,223.628167,214.099420,218.091187,94729700
2022-02-09,222.073036,231.156040,220.101925,229.799042,86563300
2022-02-10,226.104472,232.770622,224.549359,225.906372,49310400
2022-02-11,226.292655,228.234052,216.694579,217.467178,46156900
2022-02-14,217.229416,218.903385,212.742393,215.634689,38184000
2022-02-15,218.378426,219.051968,213.019746,218.903397,42685500
2022-02-16,210.394924,215.397019,210.345395,214.485733,45817500
2022-02-17,211.989638,215.436619,205.194717,205.739502,38747500
2022-02-18,207.403577,208.750676,203.233510,204.204224,37128400
2022-02-22,200.420431,205.511668,198.162062,200.162903,39852400
2022-02-23,202.223158,204.976783,196.171123,196.567322,44481400
2022-02-24,189.247457,206.373439,188.415429,205.630554,49957200
2022-02-25,202.995764,209.315243,201.252451,208.483200,37627600
2022-02-28,205.709790,211.127898,204.867862,209.028015,34239800
2022-03-01,207.879004,209.741174,200.301584,201.559540,27094900
2022-03-02,202.837301,207.165839,200.103490,206.135712,29452100
2022-03-03,207.037072,207.096500,199.509166,201.044464,27263500
2022-03-04,200.450116,203.936726,196.904077,198.162033,32130900
2022-03-07,198.885141,198.984199,185.503313,185.691513,38560600
2022-03-08,186.067902,194.833934,184.344403,188.484741,37508100
2022-03-09,193.883056,197.211181,192.080315,196.616867,31894700
2022-03-10,192.991578,194.417919,189.257354,193.358078,24853000
2022-03-11,190.812450,191.723720,184.899085,185.830170,34694500
2022-03-14,185.255696,190.465791,184.057184,184.859497,31010500
2022-03-15,188.989910,190.455865,184.146301,190.208237,31721700
2022-03-16,192.852906,201.797239,192.674621,201.698196,40640300
2022-03-17,199.786505,206.066355,199.202106,205.868256,29499700
2022-03-18,204.739085,214.743275,204.045729,214.436218,52128000
2022-03-21,212.465082,212.673096,205.660261,209.483643,30142300
2022-03-22,209.364757,217.378020,208.186044,214.594666,31998800
2022-03-23,211.306165,214.743247,210.147266,211.434937,23717300
2022-03-24,212.960332,218.576540,212.752317,217.486984,31502300
2022-03-25,218.418022,223.360687,216.813396,219.715607,40039000
2022-03-28,220.022716,221.914585,217.457275,221.468857,26224100
2022-03-29,223.925314,228.699579,223.152699,227.679352,31417900
2022-03-30,226.738357,228.957097,224.559231,225.688416,25588000
2022-03-31,226.282741,226.322370,220.151461,220.250519,24192300
2022-04-01,222.419731,225.123828,220.587276,222.716888,19544800
2022-04-04,223.836164,232.126770,223.717308,231.671127,28054800
2022-04-05,231.859334,234.612960,228.828366,229.640579,29727200
2022-04-06,224.757348,226.817617,219.309526,221.181595,28995100
2022-04-07,221.805614,223.380541,216.486563,220.834915,21037200
2022-04-08,220.270323,222.994235,217.942611,220.220795,18375700
2022-04-11,216.347907,218.517133,213.178268,214.406509,20516600
2022-04-12,218.150642,219.923654,211.108092,212.108505,20128800
2022-04-13,209.810484,214.555035,209.325127,212.950409,19231800
2022-04-14,212.851390,212.950447,208.007781,208.186066,18379500
2022-04-18,208.007763,211.355702,206.323893,208.770462,16580800
2022-04-19,208.522850,216.357798,207.017266,215.248428,20089900
2022-04-20,211.583501,212.128286,197.032861,198.518631,43036500
2022-04-21,199.687487,201.044485,183.819459,186.285843,49954100
2022-04-22,188.563995,190.891707,181.531361,182.363388,36426800
2022-04-25,180.996498,185.404280,179.936657,185.216095,29281100
2022-04-26,184.859475,185.414160,177.797112,179.233353,31747400
2022-04-27,172.775197,179.490890,167.396718,173.290268,71062900
2022-04-28,200.994920,206.551699,191.069974,203.778259,100890600
2022-04-29,202.520329,210.464234,198.003577,198.568176,49193400
2022-05-02,199.261527,209.869930,199.083242,209.127045,49915300
2022-05-03,208.453496,212.861277,206.115885,210.018509,41556300
2022-05-04,208.651585,222.172099,204.996605,221.290543,41375900
2022-05-05,216.664867,218.081294,204.204209,206.304092,41129200
2022-05-06,205.373023,207.393679,199.112987,201.836899,34747200
2022-05-09,197.944139,200.648251,193.724559,194.348587,36303200
2022-05-10,197.617288,201.034571,192.347766,195.774933,34452500
2022-05-11,194.467470,198.766294,186.483936,186.949478,31153400
2022-05-12,185.285383,196.171127,183.027014,189.425735,38262200
2022-05-13,190.753025,197.993674,189.465355,196.735718,24549800
2022-05-16,195.180603,203.421664,194.071218,198.142227,27112600
2022-05-17,200.202513,203.510838,196.478189,200.697769,24872700
2022-05-18,198.102653,199.093166,189.812061,190.416275,23960000
2022-05-19,189.386123,193.437318,187.801311,189.475266,24446900
2022-05-20,193.120360,196.032471,186.087710,191.703918,31465600
2022-05-23,193.338266,195.121193,189.425742,194.368393,25059200
2022-05-24,178.837171,181.937467,174.439290,179.560242,50406300
2022-05-25,178.688531,183.690625,177.618791,182.085999,28030200
2022-05-26,181.145067,191.000670,180.530938,189.812057,23056500
2022-05-27,189.544600,193.476939,187.999402,193.278839,22562700
2022-05-31,193.041135,195.725433,190.188452,191.802994,26131100
2022-06-01,194.645752,197.637107,183.244950,186.850418,36623500
2022-06-02,186.662204,199.033719,185.949033,196.973450,31951600
2022-06-03,194.120758,194.744786,187.979580,188.970093,19465000
2022-06-06,192.149683,195.051880,186.612702,192.407211,30574200
2022-06-07,190.109174,194.665541,189.673361,193.793884,18828700
2022-06-08,192.823193,200.113371,192.565666,194.774506,22267200
2022-06-09,192.436899,197.557851,181.937454,182.254425,23501600
2022-06-10,181.303539,181.362983,173.359634,173.904419,27450800
2022-06-13,168.971641,170.942768,162.473877,162.701691,31749300
2022-06-14,164.454911,165.168081,159.829216,162.176727,27244300
2022-06-15,165.613811,170.526763,162.424357,167.743423,30008300
2022-06-16,162.166826,163.513924,158.095816,159.343857,26944100
2022-06-17,160.146145,164.326112,158.383033,162.186615,31374200
2022-06-21,164.355851,166.168493,154.490348,155.560104,50724900
2022-06-22,156.877503,159.264629,153.965392,154.371506,47267800
2022-06-23,154.787504,158.234486,152.786663,157.243973,40499200
2022-06-24,160.195682,168.634858,159.769769,168.545715,68736000
2022-06-27,169.694721,170.120634,166.416110,167.882080,29174600
2022-06-28,168.288172,169.674899,159.086312,159.155640,27744500
2022-06-29,162.018235,164.752046,158.799067,162.384720,28595200
2022-06-30,160.611701,163.662483,156.986435,159.720245,35250600
2022-07-01,158.789153,159.096209,153.529531,158.511810,31423900
2022-07-05,156.639775,166.653865,155.530405,166.594437,28618600
2022-07-06,166.604341,169.962181,163.890344,168.159454,23085900
2022-07-07,167.842461,171.081444,166.188306,170.556473,24083400
2022-07-08,168.367410,170.764450,166.554769,169.258881,19249200
2022-07-11,165.485061,165.901075,160.374009,161.334808,21885600
2022-07-12,163.236568,164.336039,160.562186,161.721085,16639700
2022-07-13,158.640600,163.414866,158.095815,161.939011,16555100
2022-07-14,159.690554,161.047552,155.787929,156.550629,23765200
2022-07-15,159.016959,163.414839,158.303804,163.137497,23342800
2022-07-18,165.168067,170.061204,164.068597,165.643509,23574300
2022-07-19,168.753746,174.815698,167.901904,174.112427,25933700
2022-07-20,175.806193,181.858229,175.023679,181.353058,24784300
2022-07-21,178.916400,182.105854,177.173087,181.432297,27195800
2022-07-22,171.428122,173.934120,166.812327,167.664169,42583900
2022-07-25,167.396728,168.951840,163.246475,165.069016,26166300
2022-07-26,164.365744,164.425173,156.451539,157.640152,28468400
2022-07-27,161.047530,169.248977,160.482945,167.971222,43846600
2022-07-28,159.532053,159.977781,153.380974,159.195282,73214300
2022-07-29,156.194010,158.620764,153.697913,157.590637,42065400
2022-08-01,155.758197,163.622874,153.757357,158.412766,40596700
2022-08-02,156.808149,160.700874,156.510992,158.670319,27374500
2022-08-03,161.146588,167.931594,160.037218,167.198624,31721900
2022-08-04,166.703374,170.516841,165.217604,168.951843,23938200
2022-08-05,165.405786,169.981952,164.227073,165.524643,25832700
2022-08-08,166.406233,175.826009,165.544491,168.634888,27299100
2022-08-09,167.347212,167.921711,165.019515,166.931198,18655100
2022-08-10,174.320450,178.767846,172.299795,176.648148,30262100
2022-08-11,178.005123,181.362962,174.696798,175.806183,24079100
2022-08-12,179.094685,179.738527,177.212716,178.787628,21274000
2022-08-15,177.262237,179.718705,176.509437,179.173920,15878700
2022-08-16,177.737666,179.272964,175.360425,177.767380,21156700
2022-08-17,175.083107,176.450020,172.517682,173.191238,20118100
2022-08-18,172.686065,174.092592,170.229597,173.003036,18844500
2022-08-19,168.585363,170.685262,165.465252,166.366623,26240800
2022-08-22,163.920028,163.920028,160.720660,161.503174,19499700
2022-08-23,160.938587,163.484213,159.175475,159.581589,18111800
2022-08-24,159.076428,163.890323,158.254300,161.711182,20891500
2022-08-25,163.612964,167.277875,162.463980,167.178818,15550500
2022-08-26,166.881659,169.298514,160.136267,160.245224,24023600
2022-08-29,159.135843,161.503169,157.501487,157.659973,20052700
2022-08-30,158.828807,160.126377,154.430926,155.669067,19567900
2022-08-31,165.485063,166.247747,160.601824,161.384323,40953000
2022-09-01,162.028163,165.772302,158.828809,163.791275,30145700
2022-09-02,165.861421,166.336863,157.709502,158.799072,22634200
2022-09-06,158.581163,160.156075,156.194023,157.035950,19339800
2022-09-07,156.263339,159.432993,155.322354,158.868393,16831200
2022-09-08,157.204373,160.690968,156.243573,160.522583,22530800
2022-09-09,161.701252,167.931572,161.473438,167.545273,22086800
2022-09-12,165.801989,169.764041,165.693032,167.357101,23220400
2022-09-13,160.007496,160.096654,151.221649,151.677292,44444100
2022-09-14,151.875390,152.083390,147.635995,150.033035,43064200
2022-09-15,148.378869,152.737121,147.289299,148.131241,34606300
2022-09-16,146.645504,147.170475,142.921164,144.902191,40122800
2022-09-19,143.862143,147.170453,143.723472,146.615768,22169500
2022-09-20,144.397030,147.427998,143.842345,144.704086,23217400
2022-09-21,145.001193,148.180746,140.652841,140.771698,38338600
2022-09-22,140.207162,143.208416,139.533605,141.465118,34418500
2022-09-23,140.078370,141.266983,137.572373,139.077957,31710700
2022-09-26,138.790719,140.890617,134.898009,135.076294,30497000
2022-09-27,136.611565,138.097334,132.847612,133.124954,30826500
2022-09-28,133.342864,140.682569,132.996194,140.266556,32658500
2022-09-29,138.037932,138.513374,133.917393,135.115921,38985400
2022-09-30,134.759322,139.652460,134.214537,134.392822,33166400
2022-10-03,135.838973,138.295442,134.808846,137.295029,27723100
2022-10-04,139.157187,141.039156,138.018088,138.949173,34670700
2022-10-05,136.928544,138.879856,133.501362,137.661514,27979300
2022-10-06,136.413457,140.108067,135.304088,137.750656,36231100
2022-10-07,135.462587,136.978071,131.183578,132.183990,33214800
2022-10-10,132.283038,134.818750,130.618968,132.520752,24024000
2022-10-11,130.371331,131.401473,125.785258,127.320549,38481400
2022-10-12,127.102649,128.439832,125.052279,126.290421,34605200
2022-10-13,122.358091,129.895897,121.367578,129.053955,34325700
2022-10-14,129.757215,130.539714,125.319713,125.557442,23559400
2022-10-17,129.063862,133.511256,128.944990,132.768372,29612200
2022-10-18,135.789456,136.532341,130.153434,131.540161,25445000
2022-10-19,131.629309,135.700319,130.965667,131.966080,30691000
2022-10-20,131.668908,135.472490,130.064282,130.282196,26356300
2022-10-21,125.111730,128.885584,124.249989,128.776627,46348600
2022-10-24,126.042781,132.213673,123.388206,128.489349,63563400
2022-10-25,129.638368,137.037502,129.351110,136.205460,38433200
2022-10-26,130.430749,134.264045,127.310639,128.588409,82791500
2022-10-27,97.050486,101.527602,95.465659,97.010864,232316600
2022-10-28,98.635311,99.893260,96.584949,98.258911,95928300
2022-10-31,97.288193,98.377756,91.721507,92.276199,121361400
2022-11-01,93.435103,96.565120,92.662504,94.296844,110189600
2022-11-02,93.316242,94.296848,89.621632,89.681061,71821100
2022-11-03,89.225419,89.601811,87.571264,88.066521,60664000
2022-11-04,89.492860,90.522994,87.254298,89.928688,55638100
2022-11-07,93.880831,95.960907,92.216769,95.802429,81987300
2022-11-08,95.010024,96.872194,93.890747,95.554810,52088300
2022-11-09,100.755006,103.904838,99.784300,100.507378,107677300
2022-11-10,106.103763,111.680349,103.617574,110.808701,80671000
2022-11-11,108.193754,113.809962,107.777733,111.947792,59961700
2022-11-14,109.937045,115.166953,109.748853,113.136406,53395000
2022-11-15,114.968856,117.613524,113.324608,115.969276,50670500
2022-11-16,113.413756,114.978768,111.591215,112.155807,33287800
2022-11-17,109.362558,111.264341,108.758344,110.392685,35093800
2022-11-18,112.720405,113.235469,109.570573,110.987007,33357700
2022-11-21,110.462028,111.303970,108.154138,108.817780,24351100
2022-11-22,108.817777,110.561082,107.292386,110.382790,29029000
2022-11-23,110.660130,111.601115,109.679524,111.175194,21343100
2022-11-25,110.244116,111.660550,109.966766,110.353073,12007600
2022-11-28,109.729043,110.977091,107.351810,107.748016,23309400
2022-11-29,108.500820,109.887540,107.510307,108.421577,23899200
2022-11-30,108.471095,117.039035,108.342323,116.979599,43348600
2022-12-01,118.069182,120.050209,117.276776,119.297424,36551400
2022-12-02,116.712166,122.863251,116.494252,122.318466,39950500
2022-12-05,120.594975,123.487271,120.198768,121.268524,35474900
2022-12-06,118.772441,119.406369,112.660969,113.037369,43689200
2022-12-07,112.680789,114.780672,111.809133,112.849174,29461100
2022-12-08,115.285827,116.226812,113.502900,114.235886,30619400
2022-12-09,114.206162,116.424909,112.789728,114.800468,26033400
2022-12-12,114.087315,114.622193,112.066667,113.621773,24747100
2022-12-13,120.971359,122.130265,117.514470,119.010147,44701100
2022-12-14,118.257374,122.962312,118.257374,120.436501,36922000
2022-12-15,117.207430,117.504579,112.928413,115.048111,34531000
2022-12-16,119.089411,122.140186,117.692783,118.296997,67064000
2022-12-19,115.721656,116.682455,113.245373,113.393951,29769900
2022-12-20,112.185520,116.216908,111.393106,115.979179,28742500
2022-12-21,115.592888,119.198355,114.523139,118.623863,20392800
2022-12-22,116.088146,117.494681,113.294899,116.008911,23618100
2022-12-23,114.929233,117.058837,114.443883,116.920166,17796600
2022-12-27,116.811236,117.474879,114.949074,115.771194,21392300
2022-12-28,115.147145,117.029122,114.414168,114.523125,19612500
2022-12-29,115.295729,119.881802,114.671701,119.119110,22366200
2022-12-30,117.039030,119.277584,116.623009,119.198341,19583800
2023-01-03,121.654834,125.171159,121.119956,123.556618,35528500
2023-01-04,126.171574,127.825737,124.656090,126.161674,32397100
2023-01-05,124.933427,127.300761,123.358515,125.735748,25447100
2023-01-06,127.746457,129.093556,124.844254,128.786499,27584500
2023-01-09,129.915715,131.688727,128.053545,128.241745,26649100
2023-01-10,126.062618,132.174091,125.943762,131.728363,28684400
2023-01-11,129.717620,132.580202,129.103491,131.629303,25423000
2023-01-12,132.174088,136.373855,130.510018,135.413071,30757700
2023-01-13,133.689540,136.086580,133.560768,135.680466,22423800
2023-01-17,134.888080,135.452679,132.976396,134.075867,21147600
2023-01-18,134.521566,135.947907,131.540127,131.758041,20215500
2023-01-19,131.233086,136.146023,130.886401,134.858353,28625200
2023-01-20,134.600810,138.612390,133.332954,138.047791,28688600
2023-01-23,137.968589,142.396185,137.344576,141.910843,27470100
2023-01-24,140.345802,143.624398,140.018931,141.782043,21970200
2023-01-25,139.880250,141.811748,138.978880,140.157593,26622000
2023-01-26,143.030091,146.110587,141.940535,145.902588,25482100
2023-01-27,146.833680,151.736717,145.991738,150.300476,35771900
2023-01-30,147.992568,149.686337,145.555899,145.664856,28040100
2023-01-31,146.546420,148.458118,146.120506,147.556747,29842100
2023-02-01,146.625665,152.123016,145.664866,151.667374,55661000
2023-02-02,181.640321,195.289592,178.450867,186.979187,150475700
2023-02-03,181.729469,194.903298,181.154969,184.760437,76809700
2023-02-06,184.760418,188.890857,183.760006,184.294876,42483800
2023-02-07,183.819416,191.941621,182.650603,189.802109,47080700
2023-02-08,188.197514,189.019642,181.184678,181.689835,36139100
2023-02-09,184.364221,184.879277,175.588274,176.232101,37118800
2023-02-10,174.677005,177.192902,171.705465,172.497864,33433600
2023-02-13,176.529240,179.282865,174.152015,177.727753,31463200
2023-02-14,175.479330,179.788054,174.211475,177.777313,24034600
2023-02-15,174.746324,176.499536,173.666668,175.479309,25308900
2023-02-16,171.111149,174.181746,170.160250,170.804092,25827500
2023-02-17,168.605175,171.537086,168.090104,171.239944,24171300
2023-02-21,172.656334,176.479716,170.249395,170.447495,34592600
2023-02-22,169.447084,171.121038,168.080171,169.496597,22433200
2023-02-23,170.368269,172.042239,167.773129,170.407883,20017800
2023-02-24,167.040161,169.100431,166.069463,168.773560,19791300
2023-02-27,170.249407,171.477634,167.456153,167.931595,19277000
2023-02-28,170.269227,175.865636,170.239512,173.280396,46051100
2023-03-01,172.933694,176.162777,171.408310,171.774796,30998400
2023-03-02,170.744685,173.349725,169.803686,172.874283,17352000
2023-03-03,177.222604,184.849552,175.370349,183.492554,45877700
2023-03-06,186.216486,187.860742,182.888361,183.145889,33209400
2023-03-07,187.206977,188.554075,182.264311,182.759567,36701500
2023-03-08,181.135126,183.502452,179.619643,183.215210,19432400
2023-03-09,184.582134,187.137645,178.589526,179.966339,26582800
2023-03-10,179.292807,183.017147,177.103781,177.807037,25665000
2023-03-13,176.271757,182.036536,173.161545,179.183853,24728000
2023-03-14,185.800475,192.476539,184.790147,192.179382,41642600
2023-03-15,191.119497,195.903677,189.029513,195.873962,42123600
2023-03-16,196.379134,203.807983,194.229722,202.985855,50447100
2023-03-17,198.657341,199.984625,193.576003,193.754303,50141100
2023-03-20,196.597068,197.468724,191.802987,195.933426,25186300
2023-03-21,201.272284,201.618970,196.072090,200.242157,31827000
2023-03-22,200.578927,205.402721,197.775773,197.914444,28477800
2023-03-23,200.915684,205.907879,200.232228,202.342026,27389700
2023-03-24,203.233506,205.610747,201.618979,204.055634,27716400
2023-03-27,202.867023,203.907065,199.449755,200.915710,18527200
2023-03-28,198.251198,199.122854,196.022544,198.776169,19127300
2023-03-29,201.628874,203.768386,200.618546,203.401901,18851100
2023-03-30,201.450575,206.115884,200.895890,205.868256,22608300
2023-03-31,205.273973,210.157196,204.808431,209.929382,25440300
2023-04-03,206.858778,211.464674,206.224851,211.048660,17924600
2023-04-04,211.365599,214.188568,210.523657,212.682983,21026400
2023-04-05,212.118408,213.148550,207.948356,209.473740,19396600
2023-04-06,207.264860,214.881908,206.670547,214.049881,26104400
2023-04-10,212.673094,213.614078,208.661512,212.712708,16106100
2023-04-11,213.435769,213.970655,211.385415,211.821243,16710100
2023-04-12,212.801846,214.782872,210.563291,211.969818,18972200
2023-04-13,213.683401,219.051981,213.643788,218.259583,23310400
2023-04-14,215.813025,220.002892,215.486154,219.388779,21591200
2023-04-17,217.704892,218.883605,215.070138,216.783722,15481900
2023-04-18,217.823763,218.348733,214.158867,215.822922,12281000
2023-04-19,211.444846,215.268228,210.909961,213.653687,15898100
2023-04-20,211.454759,214.693742,210.751503,211.048660,16475400
2023-04-21,208.215793,211.385432,207.591765,210.870361,17717200
2023-04-24,211.652857,211.890586,208.711047,210.771301,15750900
2023-04-25,208.819991,209.255804,205.164995,205.581009,19198200
2023-04-26,210.484065,212.078791,206.898411,207.413467,41992700
2023-04-27,237.614183,239.397109,234.523787,236.296799,71196500
2023-04-28,236.742531,238.149057,233.513463,238.040115,39554000
2023-05-01,236.356263,241.685229,234.216766,240.873001,29143900
2023-05-02,240.872992,242.596490,236.722754,236.970383,24350100
2023-05-03,237.198181,239.456549,230.541931,234.781326,34463900
2023-05-04,233.820539,235.940236,230.720227,231.304642,17889400
2023-05-05,230.036785,232.453624,227.669459,230.571655,27000500
2023-05-08,229.224567,233.384719,228.085482,231.057022,16400500
2023-05-09,229.264183,233.642249,228.887783,231.156052,16865600
2023-05-10,233.929487,234.503986,228.531193,230.868805,19119000
2023-05-11,230.839089,235.950140,230.096204,233.553085,20449000
2023-05-12,234.494085,234.711999,229.254262,231.591873,16161400
2023-05-15,234.672396,237.980707,233.097484,236.593994,20653200
2023-05-16,233.553113,237.366595,233.285686,236.554382,18163800
2023-05-17,236.187848,241.526713,235.880791,240.189529,21193100
2023-05-18,239.010828,244.745892,238.901871,244.508179,22943300
2023-05-19,245.122303,246.330730,241.100822,243.309662,21733600
2023-05-22,243.081836,251.164427,242.794579,245.964233,27738500
2023-05-23,244.468590,249.223056,244.310104,244.399261,17748100
2023-05-24,242.953085,247.222195,242.626214,246.845810,17724300
2023-05-25,250.996011,253.194951,246.806145,250.292755,22371400
2023-05-26,250.530487,259.821505,250.312588,259.554077,25727200
2023-05-30,262.733653,266.101392,258.811229,260.029541,23816500
2023-05-31,257.533365,262.485930,255.998082,262.208588,25473700
2023-06-01,263.377409,271.400570,263.367524,270.023743,25609500
2023-06-02,270.073286,272.737769,268.547888,270.023743,19416900
2023-06-05,267.735652,272.955675,267.002682,268.815338,20742900
2023-06-06,267.577259,273.946252,267.131516,268.547943,19419000
2023-06-07,269.092754,271.648264,260.306875,261.099304,26163600
2023-06-08,258.147583,265.110891,256.424099,262.070007,20899400
2023-06-09,259.989924,265.408033,259.217325,262.436493,16949800
2023-06-12,264.635411,269.171948,262.812840,268.478577,15442500
2023-06-13,272.272288,273.104316,266.537208,268.746063,16164000
2023-06-14,269.310665,272.381231,265.774525,270.756805,19175100
2023-06-15,269.716722,281.295823,268.845096,279.156311,25973500
2023-06-16,282.048591,285.119188,277.472426,278.334167,43127700
2023-06-20,276.085749,282.098141,273.599552,281.632599,20701600
2023-06-21,280.840163,281.305705,275.719197,278.968109,20556200
2023-06-22,276.432434,282.553829,275.154694,282.177429,17563100
2023-06-23,278.839369,286.921960,276.303658,285.990875,51092000
2023-06-26,285.961178,287.040833,274.966475,275.828217,24232700
2023-06-27,279.334648,286.605011,277.987534,284.326813,26108300
2023-06-28,282.117984,286.803092,281.365184,282.583527,16722100
2023-06-29,281.800987,283.851356,278.027134,278.859161,15395700
2023-06-30,282.058567,286.307847,281.721796,284.257507,19694900
2023-07-03,283.980213,286.654581,282.147757,283.306641,8629300
2023-07-05,284.921112,295.291787,283.643342,291.577362,33865500
2023-07-06,293.082935,295.291760,288.546368,289.219910,47600500
2023-07-07,289.408114,293.389996,285.921519,287.773773,25586000
2023-07-10,292.746193,295.301734,284.326830,291.309967,37058300
2023-07-11,291.111807,297.332229,289.130781,295.460175,27585900
2023-07-12,298.887373,306.514337,297.253032,306.405365,36677100
2023-07-13,310.644736,313.239876,307.346341,310.436737,30281000
2023-07-14,308.832131,311.892814,304.444135,305.939819,23054100
2023-07-17,304.622390,308.752812,301.819221,307.673157,25323100
2023-07-18,307.930747,311.219258,304.701664,309.089630,20731900
2023-07-19,310.060315,315.656707,307.574117,313.012054,21763700
2023-07-20,310.525870,312.546525,299.352883,299.650024,23836900
2023-07-21,301.680634,302.562175,288.437477,291.468445,42139300
2023-07-24,292.973959,294.697442,285.564910,288.843506,24915700
2023-07-25,292.389593,295.470074,289.091167,291.676422,19585600
2023-07-26,298.332627,298.907111,289.130752,295.737488,47256900
2023-07-27,322.035623,322.263452,306.900583,308.752838,64229200
2023-07-28,313.873823,323.105413,311.268768,322.392242,39220300
2023-07-31,320.619192,322.570504,314.577056,315.577484,25799600
2023-08-01,314.527562,321.064955,311.674880,319.648499,22817900
2023-08-02,314.983213,315.369528,307.702934,311.328217,20461100
2023-08-03,306.989759,312.952668,306.989759,310.218842,15180200
2023-08-04,311.972048,315.389331,307.257225,307.782196,17612800
2023-08-07,310.258459,314.062026,307.514718,313.556854,16236500
2023-08-08,311.417386,314.874298,307.168075,309.674103,15183500
2023-08-09,309.911795,310.654680,299.976948,302.314545,19955800
2023-08-10,305.018619,309.376870,300.987223,302.839478,14358900
2023-08-11,299.699582,301.829179,297.510526,298.778412,14046300
2023-08-14,298.124682,303.305047,295.420570,303.285248,15641900
2023-08-15,303.235794,304.315450,297.183742,299.085541,11623600
2023-08-16,297.352075,298.223701,291.488224,291.498138,18547700
2023-08-17,290.269883,293.241423,282.246750,282.385406,23950100
2023-08-18,276.382899,282.979721,271.777019,280.562866,35347900
2023-08-21,280.760928,287.744033,279.176101,287.149719,20181500
2023-08-22,289.774635,290.121321,284.029670,284.871613,12980200
2023-08-23,285.763072,294.578634,284.940959,291.448608,18287000
2023-08-24,295.668162,296.619046,283.920691,284.029633,18360900
2023-08-25,283.415563,285.654132,273.411373,282.791534,23701400
2023-08-28,285.267778,288.685061,283.088637,287.506348,14239300
2023-08-29,285.842262,296.311993,285.446063,295.162994,20844500
2023-08-30,294.350815,295.460185,290.646275,292.300446,17717000
2023-08-31,292.993805,298.243543,292.855148,293.082977,17229900
2023-09-01,296.529861,298.877372,291.676354,293.568237,12842300
2023-09-05,294.202210,298.530778,292.706555,297.302521,14956000
2023-09-06,298.847699,300.422611,292.855107,296.331818,15418100
2023-09-07,295.172921,304.137053,289.447756,295.836578,33748700
2023-09-08,296.381303,302.354096,293.964449,295.063934,17548000
2023-09-11,298.550622,306.108244,298.421851,304.642273,19489300
2023-09-12,303.423867,305.731779,297.381761,298.798187,13480400
2023-09-13,299.491587,304.265868,298.461475,302.165985,13210900
2023-09-14,303.829960,309.901810,302.136191,308.762726,19343100
2023-09-15,308.653848,309.040163,295.915861,297.461060,28131100
2023-09-18,295.361096,300.719775,294.974781,299.679718,14234200
2023-09-19,299.610447,303.265443,296.965764,302.175873,15924400
2023-09-20,302.156085,305.137540,296.589405,296.827148,19379500
2023-09-21,292.894816,297.411554,290.487845,292.924530,21319600
2023-09-22,296.460590,302.482927,295.440363,296.242676,25369600
2023-09-25,292.835309,298.094931,290.913711,297.976044,18987000
2023-09-26,294.836155,297.451094,293.201814,296.123810,19417200
2023-09-27,297.599656,298.441568,284.069245,294.915344,36429800
2023-09-28,296.104020,303.423897,293.885280,301.076385,22167100
2023-09-29,304.463868,307.692950,296.519935,297.361877,25373700
2023-10-02,299.867960,304.265841,298.768505,303.909271,16265600
2023-10-03,301.373533,303.859700,296.797367,298.085022,17362300
2023-10-04,295.896039,303.988515,295.668210,302.681030,16880500
2023-10-05,301.740043,303.305041,296.658706,301.898529,19130000
2023-10-06,298.580292,313.309217,298.055321,312.437561,21803900
2023-10-09,309.535390,317.291095,308.861848,315.339783,22503700
2023-10-10,316.092546,321.579997,315.141662,318.786743,19038000
2023-10-11,319.945686,325.720365,319.886258,324.710052,22036300
2023-10-12,324.888376,327.404288,319.628753,321.084808,20530500
2023-10-13,320.460723,321.966292,309.406592,311.704590,21341000
2023-10-16,315.617134,318.766959,312.526708,318.103302,16536100
2023-10-17,315.161506,321.322499,314.289849,320.926300,16387800
2023-10-18,318.341033,322.847856,312.566325,313.962952,16851000
2023-10-19,316.845373,318.836315,308.792496,309.842438,18709200
2023-10-20,311.159862,312.308831,303.562612,305.721924,22312300
2023-10-23,306.563843,314.349262,304.345103,311.031067,17796800
2023-10-24,313.774782,315.329895,307.683131,309.584900,19525500
2023-10-25,307.059058,307.930715,296.004929,296.688385,42192500
2023-10-26,292.201378,292.201378,276.749367,285.614471,66684100
2023-10-27,291.686384,296.470550,290.190699,293.915039,29596300
2023-10-30,296.252557,306.464745,296.212928,299.788696,28435100
2023-10-31,300.432582,300.799067,294.043759,298.411926,19434200
2023-11-01,298.986438,309.773112,298.986438,308.891571,20434600
2023-11-02,314.289830,315.795430,305.404925,307.920837,21631800
2023-11-03,309.584908,312.556448,308.069424,311.615479,16764300
2023-11-06,312.982331,315.310013,311.466848,312.804016,12887700
2023-11-07,314.052128,317.954752,312.130530,315.795441,14055600
2023-11-08,315.121881,318.281591,311.892799,316.746307,13609700
2023-11-09,316.389718,321.104540,315.775574,317.508972,16103100
2023-11-10,316.904783,325.977887,316.429326,325.651001,19096200
2023-11-13,323.105453,329.177274,322.610196,326.067078,16908900
2023-11-14,331.366279,334.892503,330.167736,333.119476,17179400
2023-11-15,334.724130,335.189673,326.889167,329.553650,14531200
2023-11-16,326.245342,331.405907,323.283717,331.019623,18932600
2023-11-17,327.126860,332.317139,326.225489,331.861511,14494400
2023-11-20,331.712958,338.626720,331.019586,336.744751,16960500
2023-11-21,335.120311,336.675424,332.713371,333.783142,12027900
2023-11-22,335.991997,339.666823,335.367969,338.250366,10702700
2023-11-24,336.903209,338.616777,333.575069,335.021240,5467500
2023-11-27,332.990751,336.675462,331.029554,331.524811,15684500
2023-11-28,330.237083,336.160362,330.237083,335.774048,12637200
2023-11-29,336.467458,336.675457,327.641981,329.048523,16024500
2023-11-30,328.741409,330.336120,319.341419,324.046356,23146400
2023-12-01,322.392207,323.759089,317.716984,321.738464,15276400
2023-12-04,314.279927,317.816036,310.684360,316.984009,19037100
2023-12-05,315.953903,318.826385,312.397965,315.270447,16952100
2023-12-06,318.875864,319.192836,314.032271,314.438385,11294300
2023-12-07,314.755366,325.126040,314.755366,323.491699,15905100
2023-12-08,320.024960,330.009352,319.935817,329.593323,14087400
2023-12-11,326.275032,326.760404,316.964214,322.194122,25802500
2023-12-12,321.520555,331.296914,321.480926,331.049286,18485500
2023-12-13,330.762018,335.159898,329.484278,331.564331,16353300
2023-12-14,330.682788,331.524731,325.522224,330.009247,19607300
2023-12-15,328.840480,335.447216,328.077795,331.742706,31776900
2023-12-18,334.278428,344.262789,333.822771,341.350677,18993900
2023-12-19,342.301512,350.245446,341.845884,347.036163,17729400
2023-12-20,345.342433,351.592569,344.490606,345.966461,16369900
2023-12-21,349.631349,353.028802,345.897095,350.730804,15289600
2023-12-22,352.206641,353.811298,347.888018,350.037445,11772800
2023-12-26,351.622322,353.593465,350.096954,351.463837,9898600
2023-12-27,352.692020,355.594216,351.939221,354.435303,13207900
2023-12-28,356.287628,358.466739,354.415544,354.920715,11798800
2023-12-29,355.584300,356.584728,348.482338,350.602020,14987100
2024-01-02,347.987133,349.809674,336.784430,343.004852,19042200
2024-01-03,341.707289,344.649115,339.924347,341.202118,15451100
2024-01-04,341.231825,344.847193,340.142255,343.826965,12099900
2024-01-05,343.698148,350.146398,342.975092,348.611115,13920700
2024-01-08,351.334993,355.574387,348.710109,355.257416,13890200
2024-01-09,353.018896,357.218693,351.988754,354.039124,13463900
2024-01-10,356.753111,369.401952,355.673425,366.955383,22117200
2024-01-11,368.599679,369.243506,359.486945,366.163025,17205400
2024-01-12,366.648347,373.482882,366.034234,370.937256,19310000
2024-01-16,370.105217,372.046614,363.746139,363.973938,15306900
2024-01-17,362.824966,365.043736,355.207917,364.875336,12724800
2024-01-18,367.965681,373.274847,367.430826,372.561676,16354300
2024-01-19,375.404491,380.713627,374.384263,379.812286,21670800
2024-01-22,384.269622,386.646848,377.544029,378.158142,17680500
2024-01-23,380.971170,384.695509,378.455258,381.545685,15506100
2024-01-24,386.300159,392.391809,384.130933,386.993530,15698500
2024-01-25,386.468557,391.738065,382.001333,389.449982,15091100
2024-01-26,390.608848,393.025702,387.875022,390.400848,13163700
2024-01-29,391.242813,399.107491,389.370759,397.215607,18742400
2024-01-30,399.761220,402.504931,395.779368,396.264709,18614700
2024-01-31,385.309674,394.224293,383.427704,386.438873,20180800
2024-02-01,390.202763,396.700527,389.321191,391.034790,29727100
2024-02-02,455.239874,481.349787,448.712395,470.483856,84707600
2024-02-05,465.422278,467.423104,454.863405,455.051605,40832400
2024-02-06,459.598088,462.688485,448.702444,450.406128,21655200
2024-02-07,453.655027,467.046754,451.852286,465.135071,23066000
2024-02-08,463.877144,466.125598,460.618347,465.541199,18815100
2024-02-09,468.463239,469.097152,463.035216,463.669128,18413100
2024-02-12,463.748374,474.604390,462.153632,464.451630,19382000
2024-02-13,452.535806,463.451282,450.772694,455.754974,20916600
2024-02-14,463.490878,469.612243,461.668338,468.790131,16858400
2024-02-15,470.771090,483.984532,467.740122,479.438080,24212300
2024-02-16,473.574218,474.416160,464.758657,468.829681,23324600
2024-02-20,465.263857,471.662563,462.133831,467.274597,18015500
2024-02-21,462.564634,465.043544,457.894376,464.081726,12921800
2024-02-22,476.188726,485.856476,472.043995,482.029053,21625800
2024-02-23,483.932854,490.189621,478.280957,479.946777,18374300
2024-02-26,479.391503,482.038993,476.545719,477.676086,12101400
2024-02-27,475.930979,483.159460,475.871488,482.941315,10809600
2024-02-28,480.908603,486.907554,478.677584,479.936859,12715500
2024-02-29,484.319555,487.552063,478.538719,485.995300,17732000
2024-03-01,487.958612,499.996215,487.700826,498.062653,16273600
2024-03-04,498.756787,500.164822,492.232308,493.987366,12324100
2024-03-05,490.824270,491.399364,483.774263,486.084595,15325300
2024-03-06,493.432077,498.727026,490.120256,491.905060,11757900
2024-03-07,499.034392,515.464587,497.150426,507.869232,18586400
2024-03-08,509.852333,519.153208,495.137525,501.681854,18597100
2024-03-11,492.817333,493.124716,471.984560,479.510529,20428300
2024-03-12,489.098908,498.072551,480.640868,495.534149,15448200
2024-03-13,491.210961,496.753800,486.887725,491.389435,12090700
2024-03-14,496.039847,497.120648,484.041916,487.680939,12620000
2024-03-15,484.884727,487.680914,477.239746,480.016144,29153600
2024-03-18,487.760299,493.223827,482.703316,492.787537,11755300
2024-03-19,484.051933,492.440558,477.220040,492.053833,10903100
2024-03-20,495.286288,503.912908,490.992829,501.255493,11711100
2024-03-21,510.367976,510.695148,501.741356,503.476593,9712500
2024-03-22,502.723028,505.667975,500.085463,505.281250,8120600
2024-03-25,501.523202,502.941132,496.020003,498.776550,8380600
2024-03-26,500.868768,505.697681,491.032440,491.706726,11205400
2024-03-27,495.087928,495.672978,483.952683,489.693817,9989700
2024-03-28,488.682407,488.732003,481.057277,481.483643,15212800
2024-04-01,483.090002,493.233682,477.715712,487.204987,9247000
2024-04-02,481.007804,493.332940,480.561588,493.174286,11081000
2024-04-03,494.721066,502.960961,494.542592,502.465179,12099200
2024-04-04,512.063558,525.529017,506.272827,506.609985,26476300
2024-04-05,512.499846,526.223121,510.070501,522.891479,19263300
2024-04-08,524.815108,527.006426,514.512741,514.869690,13260600
2024-04-09,517.824544,521.433852,502.465225,512.539551,10863800
2024-04-10,504.993610,518.151652,501.533031,515.444702,11418500
2024-04-11,516.714010,519.440811,512.926227,518.746704,10369500
2024-04-12,513.382321,515.801740,505.033338,507.581665,11984500
2024-04-15,512.360953,514.155742,493.084975,496.010101,13512900
2024-04-16,493.907993,500.511814,492.916429,495.544098,9847900
2024-04-17,498.855911,498.915403,483.030557,490.001251,12193700
2024-04-18,495.603586,507.889080,494.830168,497.566864,14808700
2024-04-19,498.558418,498.558418,471.716801,477.011749,25215400
2024-04-22,485.588786,487.859477,469.406453,477.666199,17271100
2024-04-23,487.105886,494.552542,484.845121,491.914978,15079200
2024-04-24,503.774054,505.697691,480.492118,489.336884,37772700
2024-04-25,417.845123,442.009537,411.003337,437.656586,82890700
2024-04-26,437.735866,442.673866,428.316008,439.550446,32691400
2024-04-29,435.851947,436.050272,424.944741,428.970490,21502600
2024-04-30,427.413750,435.911463,426.094983,426.541199,18429500
2024-05-01,424.984356,446.164150,423.506905,435.485016,20344900
2024-05-02,435.137972,440.214775,428.633314,437.954010,15221300
2024-05-03,442.168238,450.338748,440.105798,448.147369,16489100
2024-05-06,451.736783,462.227549,449.515689,461.751587,15094600
2024-05-07,462.356446,467.552232,457.418446,464.289978,13406800
2024-05-08,459.590010,471.568093,459.094228,468.613251,11683900
2024-05-09,466.035103,472.063799,463.685101,471.409393,9437700
2024-05-10,473.065338,473.471883,465.638532,472.182861,10750000
2024-05-13,468.761986,469.356931,458.945506,464.061981,14668800
2024-05-14,459.461093,468.553750,456.198838,467.869568,10478600
2024-05-15,470.973155,478.429707,467.225044,477.477814,13100500
2024-05-16,470.992942,473.660252,468.761923,469.237885,16608200
2024-05-17,466.858171,468.811554,464.468528,467.929077,10807300
2024-05-20,465.985631,469.208215,463.100176,464.884979,11745100
2024-05-21,463.179404,466.729220,458.370312,460.710419,11742200
2024-05-22,463.923099,469.723756,461.721826,463.833862,10078600
2024-05-23,468.890850,470.358345,457.646516,461.850739,11747900
2024-05-24,463.675205,475.802045,462.366333,474.185791,12024300
2024-05-28,472.559609,476.803502,470.834297,475.871460,10175800
2024-05-29,470.655794,475.802014,469.703901,470.358307,9226200
2024-05-30,467.691098,467.750590,460.789790,463.110046,10719600
2024-05-31,461.870597,465.162597,450.626262,462.891907,16919800
2024-06-03,466.887900,475.554191,464.290006,473.461975,11279400
2024-06-04,472.976112,474.850183,469.237926,472.966187,7088700
2024-06-05,480.363277,492.460342,479.827824,490.883759,15690500
2024-06-06,488.821277,498.578264,486.748912,489.594696,10667300
2024-06-07,491.726548,494.701241,486.034980,488.801422,9380700
2024-06-10,489.693817,498.419599,489.247631,498.360107,11220900
2024-06-11,495.940665,503.317904,494.066594,503.188995,9673700
2024-06-12,509.654035,509.673885,500.214355,504.547485,11983200
2024-06-13,501.443877,505.063080,497.130567,499.847473,9954600
2024-06-14,498.904562,503.371031,497.018726,500.403320,10243300
2024-06-17,497.931826,506.944153,492.313998,502.854858,11266600
2024-06-18,500.800326,502.229598,491.331403,495.768097,13060400
2024-06-20,498.259392,499.916961,493.068352,497.961639,11801200
2024-06-21,499.698610,499.698610,488.721025,491.093201,22359200
2024-06-24,495.480322,504.016217,490.606904,495.192474,13525300
2024-06-25,493.346297,506.904515,491.807858,506.795349,12063200
2024-06-26,502.874718,509.981370,500.919397,509.296509,8882300
2024-06-27,510.418107,518.983806,510.070739,515.688538,10121200
2024-06-28,513.296568,517.991304,500.085717,500.462891,15855100
2024-07-01,501.187411,502.805239,489.495190,500.919403,10328200
2024-07-02,497.028656,506.696070,495.728420,505.703522,7739500
2024-07-03,502.596880,507.470297,502.249481,506.160126,6005600
2024-07-05,507.787825,536.839709,507.787825,535.886841,21354100
2024-07-08,538.308794,538.765389,522.725827,525.375916,14917500
2024-07-09,529.772900,533.475088,524.254331,526.050842,8753200
2024-07-10,526.834847,534.864592,524.422961,530.705811,10983300
2024-07-11,526.934130,531.470085,504.581917,508.879669,16458300
2024-07-12,494.051026,504.304040,490.547330,495.152740,19750500
2024-07-15,494.914517,502.904522,489.693702,492.462921,12539200
2024-07-16,497.763116,500.194872,482.170187,486.140381,14075800
2024-07-17,475.599555,475.599555,455.698937,458.547546,28076600
2024-07-18,471.460588,475.668984,461.078538,472.304260,19267200
2024-07-19,472.512672,483.083309,472.165274,473.237244,15149400
2024-07-22,482.954291,488.393469,480.294268,483.768188,12023100
2024-07-23,486.189948,491.529863,484.085750,485.048523,9455500
2024-07-24,468.790631,472.750890,457.148025,457.832886,17649700
2024-07-25,459.808105,460.095922,439.351661,450.031494,18240500
2024-07-26,460.741127,466.269600,455.996745,462.229950,14222400
2024-07-29,466.378748,470.428333,461.554946,462.239807,11339600
2024-07-30,463.520194,469.207509,453.296956,459.738586,11390400
2024-07-31,467.510262,472.949440,463.272090,471.291870,24285800
2024-08-01,517.117818,523.241826,488.433170,494.031128,43083100
2024-08-02,485.356293,497.415753,472.602037,484.502716,24044700
2024-08-05,447.986840,479.877433,447.440920,472.185181,21396200
2024-08-06,475.430830,498.815275,475.083432,490.408386,20955000
2024-08-07,499.380993,506.348674,483.232208,485.276886,20105300
2024-08-08,493.792901,506.160047,491.033617,505.832520,16156800
2024-08-09,503.926799,514.477625,501.931797,513.911865,13696600
2024-08-12,513.008722,514.160113,505.306565,512.105530,9767400
2024-08-13,516.135215,527.539589,514.289089,524.601624,13743800
2024-08-14,524.125262,530.021004,519.232004,522.834961,11444200
2024-08-15,527.827353,535.747932,522.775315,533.326111,13482100
2024-08-16,527.936711,529.683546,520.750607,523.490051,14776700
2024-08-19,522.943984,527.698269,518.864624,525.336060,9879700
2024-08-20,524.412977,527.132611,521.961412,522.805054,7944400
2024-08-21,523.222039,535.380759,523.003646,531.172302,13423300
2024-08-22,532.998660,540.174768,524.651352,527.966431,15708300
2024-08-23,532.919191,535.847221,521.147578,524.065674,11323900
2024-08-26,523.668634,524.065678,511.112930,517.236938,9584000
2024-08-27,515.112833,520.105381,511.470196,515.231934,6282700
2024-08-28,513.812582,517.207142,508.631508,512.929260,9106100
2024-08-29,515.182292,523.271586,511.837408,514.358459,8317400
2024-08-30,517.465278,519.638963,511.361140,517.425598,9157500
2024-09-03,515.767943,521.574327,504.830038,507.946655,12459100
2024-09-04,502.299060,512.740690,500.313963,508.919342,8335200
2024-09-05,507.906983,517.743143,507.341223,513.008667,8640900
2024-09-06,517.991257,520.671151,494.537330,496.542267,14744500
2024-09-09,502.388443,507.519903,498.338827,501.028656,11047800
2024-09-10,504.373540,510.348672,496.304115,501.028656,9899000
2024-09-11,503.232052,509.296509,491.907070,508.016113,10782500
2024-09-12,513.197314,522.785369,511.380933,521.683594,11970500
2024-09-13,516.462860,523.648904,513.256886,520.710938,10321400
2024-09-16,521.128078,530.625892,514.034567,529.811279,9527600
2024-09-17,534.103186,538.573916,527.118944,532.831543,11690800
2024-09-18,533.576586,540.660213,530.427222,534.450867,10323500
2024-09-19,546.422533,558.414031,542.965188,555.463318,15647000
2024-09-20,556.357475,560.828204,552.681529,557.698669,22066800
2024-09-23,565.795688,570.246529,558.751779,560.738770,12830700
2024-09-24,562.994018,564.057066,550.585269,559.665833,12993000
2024-09-25,560.381164,573.127729,560.053293,564.613464,16543400
2024-09-26,571.985241,573.644423,558.692264,564.146606,14400800
2024-09-27,566.391785,567.127022,560.838179,563.669617,9398400
2024-09-30,564.007333,570.941912,561.126173,568.716492,12792300
2024-10-01,574.220464,579.247548,566.391715,572.720276,15259300
2024-10-02,571.120821,572.253421,565.636767,569.084167,6524700
2024-10-03,566.441462,579.565498,565.030655,578.979370,11581000
2024-10-04,579.933059,592.967714,577.648032,592.063660,14169500
2024-10-07,594.328839,599.028114,580.241081,580.976318,12014200
2024-10-08,585.854372,589.699194,582.158537,589.033569,7857400
2024-10-09,590.126412,590.523835,577.826933,586.669067,9529700
2024-10-10,583.748195,586.390867,578.731055,580.032532,7740400
2024-10-11,581.025979,587.364485,578.919773,586.112671,8587100
2024-10-14,590.354861,596.196619,586.122621,586.579590,8252000
2024-10-15,586.321255,586.768340,576.366472,582.456604,9564200
2024-10-16,577.618391,578.293961,570.296333,573.038330,11268400
2024-10-17,579.535764,581.165050,571.458640,573.177368,8701200
2024-10-18,577.320165,580.171492,571.508241,572.720276,7694300
2024-10-21,572.283159,573.485250,565.408127,571.418762,8171900
2024-10-22,570.554488,579.734437,568.398620,578.224304,8544500
2024-10-23,576.197574,581.194886,558.841236,560.023499,14248400
2024-10-24,563.441179,565.179796,557.867683,564.086975,7184700
2024-10-25,570.196810,577.508921,568.001163,569.521240,11337900
2024-10-28,578.214464,579.953081,570.385713,574.399414,10925100
2024-10-29,576.376480,589.808499,571.657376,589.421082,13019100
2024-10-30,597.070966,597.289566,585.546441,587.950684,26864900
2024-10-31,581.194858,586.063010,559.347902,563.888184,26838400
2024-11-01,563.918032,569.938613,558.900892,563.470947,15303200
2024-11-04,560.430757,564.990928,554.261190,557.033020,12064600
2024-11-05,563.609967,569.749762,562.984060,568.706604,9775400
2024-11-06,559.089605,569.272934,551.558892,568.329102,18305400
2024-11-07,573.137652,590.931130,571.468587,587.851318,14653700
2024-11-08,587.692233,589.242083,580.717937,585.506592,9415700
2024-11-11,582.546023,583.181875,572.760116,579.376770,10209100
2024-11-12,584.711765,595.759429,576.604869,581.015991,16287700
2024-11-13,578.820365,581.830685,571.428756,576.227356,10757600
2024-11-14,573.246890,576.982443,569.282853,573.405823,11053700
2024-11-15,567.504354,568.845609,547.912656,550.475891,17712900
2024-11-18,553.416727,556.258171,546.511982,550.793945,14327300
2024-11-19,548.270485,557.778245,547.018671,557.440491,9522400
2024-11-20,559.268373,562.666110,550.595177,561.841553,9797300
2024-11-21,565.815537,566.292395,545.478654,559.427368,11154700
2024-11-22,559.884401,560.162609,550.982720,555.503113,9164000
2024-11-25,558.443834,568.865653,552.771013,561.434265,13599800
2024-11-26,562.318453,573.743651,561.523669,569.809387,10356600
2024-11-27,571.150611,571.239992,560.430756,565.497620,7200200
2024-11-29,565.298947,574.697437,563.212631,570.584351,7130500
2024-12-02,573.743576,590.632997,571.826137,588.973877,12522400
2024-12-03,591.129853,610.204980,587.404245,609.658569,14907200
2024-12-04,608.972985,613.761640,601.164065,609.787659,14697000
2024-12-05,613.066313,615.867978,603.101523,604.969299,8081200
2024-12-06,606.131580,625.693509,604.571846,619.712708,16935500
2024-12-09,619.861695,622.325605,602.227150,609.579041,11426000
2024-12-10,613.543003,621.520800,608.754348,615.291565,10938900
2024-12-11,619.315377,634.247646,617.487379,628.564819,10837200
2024-12-12,627.392354,632.518764,623.130281,626.686951,7474700
2024-12-13,623.140251,626.975190,612.877486,616.314941,8453300
2024-12-16,626.387125,627.550496,615.052177,620.679871,10885600
2024-12-17,622.598886,628.763540,613.023802,615.907288,12897800
2024-12-18,617.458387,623.782101,592.919146,593.784180,17075500
2024-12-19,606.908888,608.032448,591.606644,592.173401,14958100
2024-12-20,587.211912,599.670422,576.692233,581.912292,48989400
2024-12-23,586.237412,597.661934,582.906542,596.428955,10205800
2024-12-24,599.282654,604.522618,595.862330,604.283997,4726100
2024-12-26,602.026793,602.842123,595.524113,599.908936,6081400
2024-12-27,595.991539,598.417626,586.436360,596.389282,8084200
2024-12-30,585.392253,593.535546,582.240349,587.868042,7025900
2024-12-31,588.892171,590.582427,580.520149,582.170715,6019500
2025-01-02,586.356663,601.460033,584.467536,595.822388,12682300
2025-01-03,601.311026,606.023984,593.008610,601.181763,11436800
2025-01-06,608.340667,627.391369,602.166062,626.605896,14560800
2025-01-07,628.097263,628.494946,604.761087,614.366028,12071500
2025-01-08,609.901707,612.924348,599.352172,607.236938,10085800
2025-01-10,606.550949,626.317515,593.933319,612.347656,19256600
2025-01-13,603.637569,605.496900,595.036938,604.860596,10785000
2025-01-14,601.619262,602.036850,585.193457,590.860962,13598000
2025-01-15,606.729899,618.910036,603.041036,613.600464,15524300
2025-01-16,608.012531,612.735441,606.232762,607.813660,8355300
2025-01-17,620.491029,621.405765,600.227252,609.275391,17280600
2025-01-21,614.306396,617.955448,605.536691,612.944214,11674000
2025-01-22,619.745220,630.085932,615.897296,619.944092,12274000
2025-01-23,623.782066,632.969360,617.607522,632.820251,9910200
2025-01-24,632.770643,648.281653,630.583178,643.797363,19065300
2025-01-27,623.036361,660.083873,621.534963,656.116638,28399200
2025-01-28,662.201743,678.687202,655.708955,670.484253,20950100
2025-01-29,671.150404,677.165888,661.873597,672.631897,21377800
2025-01-30,692.845911,706.736208,672.244050,683.081909,29322900
2025-01-31,687.059139,701.277572,681.670067,685.249512,19303900
2025-02-03,672.055154,699.984979,671.398945,693.482300,21415700
2025-02-04,698.493525,703.673833,687.665618,700.173889,13826300
2025-02-05,699.537557,714.044376,695.023471,700.850037,17778200
2025-02-06,701.854304,714.800069,699.487872,707.929443,13080700
2025-02-07,712.711911,720.875110,707.690725,710.444946,16427100
2025-02-10,714.462074,717.087032,707.273326,713.308716,12904300
2025-02-11,709.251861,719.532857,705.990538,715.694885,12998000
2025-02-12,711.220513,722.953203,708.535899,721.243042,12016500
2025-02-13,717.405079,724.842400,713.944885,724.404907,12569100
2025-02-14,721.998714,736.684437,721.481660,732.468628,16901200
2025-02-18,731.802476,732.796773,702.411063,712.284424,21938700
2025-02-19,700.084422,702.967907,691.424135,699.756348,17535500
2025-02-20,693.303345,701.605700,689.684090,690.877258,12587400
2025-02-21,692.607266,699.855668,678.468335,679.651550,15660400
2025-02-24,682.366030,683.350374,658.671921,664.319519,15677000
2025-02-25,662.171848,664.190300,638.199366,653.750183,20579700
2025-02-26,655.887930,679.114689,654.247316,669.857788,14488700
2025-02-27,678.557911,684.722564,653.819800,654.485962,12500000
2025-02-28,654.287010,665.810936,638.935066,664.389099,17534200
2025-03-03,669.837903,677.364738,647.128197,651.314148,10843800
2025-03-04,641.828499,646.044308,620.093187,636.349915,21495200
2025-03-05,637.344270,655.738762,634.023292,652.726013,13770000
2025-03-06,644.304424,646.849822,620.550655,624.348877,13446500
2025-03-07,621.803412,631.169671,597.184612,622.091736,21375700
2025-03-10,604.602120,606.630463,583.523013,594.579590,21999900
2025-03-11,591.656376,611.423004,589.946214,602.255615,17401500
2025-03-12,626.307606,629.718037,605.874758,616.026550,15747000
2025-03-13,616.712598,616.961173,583.165034,587.271484,16480300
2025-03-14,599.895443,605.926241,591.914128,604.672302,12364500
2025-03-17,604.533014,610.145792,595.118574,601.985352,15473900
2025-03-18,597.158658,597.357706,571.890984,579.553894,20297700
2025-03-19,581.464699,589.465937,572.000513,581.245728,20537500
2025-03-20,579.951952,607.259734,576.717613,583.176331,24336500
2025-03-21,580.608698,594.660654,578.150629,593.376892,25015900
2025-03-24,612.006733,619.540264,609.250122,615.868042,15741300
2025-03-25,623.739958,630.825645,618.186828,623.292114,15312500
2025-03-26,621.878958,623.729981,603.687012,608.035950,12609800
2025-03-27,599.099291,611.290265,597.208422,599.676514,10436500
2025-03-28,597.417499,598.850563,571.154640,573.961060,17602800
2025-03-31,560.784805,575.911576,550.633941,573.582825,21124700
2025-04-01,568.089406,587.067463,567.253427,583.176331,12836600
2025-04-02,572.139716,589.804186,570.597197,581.116272,13470800
2025-04-03,543.587974,549.897451,527.744703,529.058350,34777500
2025-04-04,504.178820,515.503990,491.818684,502.297943,38589800
2025-04-07,482.762553,536.771043,479.577960,513.762451,36606100
2025-04-08,540.632294,544.792145,500.436903,507.990356,28034200
2025-04-09,506.816039,585.057229,499.690536,582.947449,39216600
2025-04-10,572.716964,578.498966,532.720619,543.657654,28173500
2025-04-11,532.929585,544.762306,526.042947,540.950745,17642300
2025-04-14,553.490102,555.082429,525.734535,528.919067,14130900
2025-04-15,529.545956,535.347880,515.006370,519.007019,15558700
2025-04-16,506.059724,510.896292,493.241783,499.889587,18735100
2025-04-17,502.815483,504.855593,495.610378,499.063660,14593500
2025-04-21,488.962489,491.122046,477.488048,482.324646,16166000
2025-04-22,489.499905,504.437589,484.016445,497.869385,17399400
2025-04-23,525.983332,532.760516,514.031192,517.763123,18173900
2025-04-24,516.230493,531.327441,515.006440,530.581055,13910000
2025-04-25,544.165168,547.210420,533.666016,544.632935,17098900
2025-04-28,552.962598,555.798841,537.985130,547.091003,15179000
2025-04-29,543.369098,553.888174,541.498152,551.768433,11835000
2025-04-30,535.805775,546.454169,526.948635,546.354675,29244000
2025-05-01,589.227071,590.092874,567.751038,569.452820,31159000
2025-05-02,580.648651,601.428047,575.543365,594.143311,24739300
2025-05-05,588.371186,600.303464,585.216478,596.382446,13887700
2025-05-06,589.674920,593.158056,583.753578,584.480042,10600700
2025-05-07,587.515272,600.174011,583.843050,593.934204,13139100
2025-05-08,603.368550,608.354419,593.745162,595.128479,14622800
2025-05-09,600.810939,604.045279,588.858861,589.635071,10427300
2025-05-12,627.879873,637.304273,618.037574,636.348877,21965100
2025-05-13,642.429392,657.735287,639.732490,652.868896,18570800
2025-05-14,658.023984,659.476910,651.157207,656.182861,12348200
2025-05-15,651.127316,654.142684,635.502956,640.777405,14341800
2025-05-16,634.885980,637.354010,623.132889,637.254517,18519000
2025-05-19,625.222752,639.901679,624.774908,637.344055,9592400
2025-05-20,632.945437,636.269310,629.213507,634.030151,6743500
2025-05-21,628.745721,643.494318,627.133532,632.437866,11464600
2025-05-22,630.994809,640.150491,627.670937,633.502686,8228400
2025-05-23,620.993260,629.402556,619.649789,624.038513,8454100
2025-05-27,632.348298,639.981384,629.701142,639.225037,9508400
2025-05-28,639.503624,647.743756,639.453877,640.478943,9042900
2025-05-29,648.510130,650.172066,636.418649,641.941895,8858800
2025-05-30,639.404171,646.280849,629.731035,644.370117,16241000
2025-06-02,641.284909,670.015789,641.155530,667.667175,15766300
2025-06-03,668.214651,672.324756,661.825603,663.636780,11585000
2025-06-04,666.094955,685.680121,665.348569,684.635193,14031900
2025-06-05,688.327161,691.034086,678.962531,681.321106,13083100
2025-06-06,692.815404,699.423423,688.536136,694.348022,11728000
2025-06-09,695.094398,701.791950,690.596159,690.715576,12773200
2025-06-10,697.970514,699.841460,688.227709,699.015503,10850100
2025-06-11,700.319120,705.454230,688.655563,690.795227,9582500
2025-06-12,689.959335,692.029329,683.689703,690.019043,7322700
2025-06-13,684.635129,691.223226,677.728567,679.579590,9274400
2025-06-16,696.495743,704.284057,690.699324,699.274414,13720300
2025-06-17,699.154862,703.108743,693.238934,694.404175,10066100
2025-06-18,695.350340,698.746554,692.083665,692.950134,10068300
2025-06-20,697.910049,698.975720,675.919516,679.584595,22538600
2025-06-23,680.919212,696.216948,675.999230,695.699097,11080100
2025-06-24,702.033227,710.299577,699.264465,709.313599,13823200
2025-06-25,710.429071,713.675869,702.521248,705.807861,9320400
2025-06-26,711.464897,725.268712,708.168314,723.147400,13964800
2025-06-27,723.575568,732.449431,722.918209,730.656738,18775700
2025-06-30,741.532474,744.868933,731.274230,735.098694,15402100
2025-07-01,733.893576,734.760046,712.470742,716.305115,13431200
2025-07-02,712.430978,717.380806,709.911202,710.678101,9336700
2025-07-03,723.665244,726.075481,711.524645,716.096069,8601700
2025-07-07,714.691699,724.053627,710.618309,715.438660,9457100
2025-07-08,718.645583,719.980118,711.912971,717.749207,7770700
2025-07-09,719.790894,734.540930,719.790894,729.810181,11418000
2025-07-10,728.585132,732.817908,716.683552,724.292603,9913600
2025-07-11,719.571817,722.221010,706.823706,714.602051,10873900
2025-07-14,714.691739,725.049615,713.646006,717.998291,8939400
2025-07-15,720.966181,721.533818,706.943228,707.510925,11529500
2025-07-16,710.478848,711.076392,696.436017,700.061218,13067600
2025-07-17,701.535225,703.039114,694.284700,698.567261,11803300
2025-07-18,699.344103,701.853909,688.846842,701.425659,12779800
2025-07-21,703.935528,714.094202,702.899764,710.080505,9404400
2025-07-22,713.287436,713.695748,698.567307,701.953552,8921100
2025-07-23,703.507308,711.733843,702.073142,710.688110,8771600
2025-07-24,714.143896,720.687276,711.106270,711.903015,10920800
2025-07-25,714.014432,717.729357,709.014819,709.791626,8271700
2025-07-28,712.301474,721.802789,709.791668,714.721619,8715700
2025-07-29,717.082031,721.533886,697.073424,697.163086,13267000
2025-07-30,705.220323,705.628634,688.398759,692.392517,27077300
2025-07-31,772.058297,781.569581,762.407566,770.305420,38831100
2025-08-01,757.646923,762.895585,742.289434,746.970398,19028700
2025-08-04,756.919800,773.701485,755.336218,773.223450,15801700
2025-08-05,773.303251,779.956171,759.907748,760.365906,11640300
2025-08-06,766.879403,770.504665,757.378088,768.861328,9733900
2025-08-07,770.355087,771.858976,756.471582,758.742371,9019700
2025-08-08,759.658748,766.779795,755.505665,766.182190,7320800
2025-08-11,766.958950,770.325256,761.570843,762.765991,7612000
2025-08-12,769.867177,790.453388,769.299479,786.798279,14563100
2025-08-13,787.943661,792.236191,775.075979,776.918518,8811800
2025-08-14,774.727369,784.617117,769.379137,778.960144,8116200
2025-08-15,780.972028,793.022965,777.655507,782.047607,13375400
2025-08-18,771.948754,772.665807,753.493823,764.260010,16513700
2025-08-19,764.011016,764.060801,746.322984,748.434387,12286700
2025-08-20,744.540281,747.159627,728.037428,744.689636,11898200
2025-08-21,741.691802,742.478578,730.138779,736.104492,8876300
2025-08-22,736.234021,753.832452,731.413671,751.730957,10612700
2025-08-25,751.760868,755.804412,747.089874,750.247009,6861200
2025-08-26,747.757149,751.810661,744.908754,751.043762,7601800
2025-08-27,749.251056,751.093595,739.829435,744.351013,8315400
2025-08-28,740.984687,749.997997,737.797644,748.065857,7468000
2025-08-29,742.259526,744.111973,732.369717,735.706177,9070500
2025-09-02,723.097429,733.017084,718.804899,732.130676,9350900
2025-09-03,733.017073,737.249848,731.015209,734.062805,7699300
2025-09-04,745.536213,758.075154,742.797358,745.615906,11439100
2025-09-05,749.569807,754.878223,742.010601,749.400513,9663400
2025-09-08,752.936116,763.403531,748.972265,749.251099,13087800
2025-09-09,754.420053,763.194346,750.376510,762.596802,10999000
2025-09-10,762.029103,762.596801,747.956364,748.932373,12478300
2025-09-11,751.591552,754.031574,745.336975,747.856750,7923300
2025-09-12,745.695587,754.499788,740.745759,752.527832,8248600
2025-09-15,754.400030,770.932789,748.942259,761.600769,10533800
2025-09-16,763.891469,778.193255,761.999145,775.842834,11782500
2025-09-17,776.828825,780.115438,763.204275,772.576111,9400900
2025-09-18,777.585803,785.583289,770.225739,777.087830,10955000
2025-09-19,783.232735,787.594988,766.072585,775.225342,23696800
2025-09-22,779.206884,783.073772,761.885633,762.573303,11706900
2025-09-23,766.649468,767.994880,748.530934,752.846313,10872600
2025-09-24,754.939210,758.536992,749.986041,758.088501,8828200
2025-09-25,750.902865,754.211648,742.032928,746.378174,10591100
2025-09-26,747.464528,749.387996,734.857268,741.235657,9696300
2025-09-29,746.188802,748.241896,736.651209,740.886841,9246800
2025-09-30,739.740728,740.458265,723.844637,731.897339,16226800
2025-10-01,719.050851,719.409619,707.799041,714.914917,20419600
2025-10-02,720.137243,725.309700,715.712250,724.592102,11415300
2025-10-03,727.163375,728.528739,707.779117,708.157837,16154300
2025-10-06,702.806085,714.456569,688.175719,713.240662,21654700
2025-10-07,715.293640,716.071033,703.364135,710.669373,12062900
2025-10-08,711.038156,717.217209,705.417208,715.413330,10790600
2025-10-09,715.851840,731.030334,710.031556,731.030334,12717200
2025-10-10,728.449034,732.784364,702.128342,702.915649,16980100
2025-10-13,710.599548,717.506113,705.247707,713.280457,9251800
2025-10-14,705.387280,713.130971,696.965834,706.254333,8829800
2025-10-15,714.635873,721.452776,707.111409,715.124207,10246800
2025-10-16,715.124236,723.037396,701.500465,709.662781,9017000
2025-10-17,704.689637,716.110856,703.732861,714.496338,12232400
2025-10-20,718.751962,731.289452,717.745367,729.694824,8900200
2025-10-21,733.531841,736.003438,726.286398,730.791138,7647300
2025-10-22,731.349227,738.096299,721.582369,730.930603,8734500
2025-10-23,732.216261,739.900158,730.621634,731.518616,9856000
2025-10-24,734.299192,738.704293,728.678305,735.863892,9151300
2025-10-27,747.195396,753.195064,745.481240,748.281738,11321100
2025-10-28,750.085699,755.836212,742.999749,748.899719,12193800
2025-10-29,752.198511,756.593576,739.999899,749.128906,26818600
2025-10-30,666.887974,678.658048,647.972094,664.216980,88440100
2025-10-31,672.229739,672.608459,643.387572,646.158142,56953200
2025-11-03,653.782347,657.101106,634.029342,635.554199,33003600
2025-11-04,625.916817,639.570514,623.893711,625.199280,27356600
2025-11-05,630.172401,640.058848,624.421887,633.800110,20219900
2025-11-06,633.700402,633.849919,615.910771,616.847595,23628800
2025-11-07,614.405831,620.026778,599.167543,619.608215,29946800
2025-11-10,628.956611,632.853366,616.020448,629.624329,19245000
2025-11-11,625.877017,627.431741,617.296138,624.960144,13302200
2025-11-12,626.006529,626.863607,605.715374,606.951172,24493300
2025-11-13,610.997490,615.562024,600.961525,607.828247,20973800
2025-11-14,599.755544,611.605363,593.187856,607.399658,20724100
2025-11-17,606.980995,609.622060,593.387154,599.974792,16501300
2025-11-18,589.600055,601.619284,581.806545,595.669495,25500600
2025-11-19,591.712810,593.317413,579.284996,588.324341,24744700
2025-11-20,601.459789,604.668874,581.377884,587.158325,20603000
2025-11-21,586.510527,596.098001,579.892960,592.241089,21052600
2025-11-24,596.695965,614.615224,595.609684,610.977539,23554900
2025-11-25,621.890433,634.896303,616.209691,634.069092,25213000
2025-11-26,635.534242,636.201960,629.494731,631.468018,15209500
2025-11-28,633.929655,645.859159,633.351598,645.759521,11033200
2025-12-01,637.387885,643.138398,635.603959,638.703430,13029900
2025-12-02,640.168497,645.679770,635.912912,644.912354,11640900
2025-12-03,642.231481,646.656474,635.394687,637.437744,11134300
2025-12-04,673.714756,673.814393,657.818663,659.293701,29874600
2025-12-05,661.755295,672.409159,660.150752,671.143433,21207900
2025-12-08,667.077228,674.422308,662.821644,664.545776,13161000
2025-12-09,661.526112,662.233673,651.131378,654.739136,12997100
2025-12-10,647.752745,652.297326,641.224900,647.932129,16910900
2025-12-11,641.115220,653.064737,638.633648,650.503418,13056700
2025-12-12,647.603302,708.596424,636.451128,642.052124,14016900
2025-12-15,644.042001,651.323244,637.059976,645.847351,15549100
2025-12-16,641.847672,660.838760,641.548454,655.462646,14309100
2025-12-17,653.926510,659.532075,647.532997,647.832214,15598500
2025-12-18,655.342906,668.838132,654.774362,662.743835,20260300
2025-12-19,664.708750,669.277007,656.489918,657.078430,49977100
2025-12-22,659.951092,671.850452,654.963930,659.801453,15659400
2025-12-23,658.355086,664.289820,656.559720,663.232544,8486800
2025-12-24,660.828808,666.464264,660.499638,665.835876,5627500
2025-12-26,666.344625,667.232354,659.621941,661.586853,7133800
2025-12-29,656.320411,658.554649,652.709711,656.998657,8506500
2025-12-30,656.998623,670.493849,656.150830,664.239990,9187500
2025-12-31,663.043027,663.292385,657.746664,658.395020,7940400
2026-01-02,661.028241,662.684012,641.847638,648.739868,13726500
2026-01-05,649.338397,662.833624,646.086758,657.098389,12213700
2026-01-06,657.876353,663.811087,650.226066,658.923645,11074400
2026-01-07,653.956458,657.457455,643.154250,647.024292,12846300
2026-01-08,644.221532,645.438370,634.087586,644.401062,11921700
2026-01-09,643.782689,653.268279,641.199312,651.383118,11634900
2026-01-12,650.854476,652.290720,639.583443,640.321533,14797200
2026-01-13,640.620829,640.620829,622.497441,629.469543,18030400
2026-01-14,624.891301,626.836306,613.241299,613.939514,15527900
2026-01-15,616.891882,622.567274,612.652795,619.205933,13076100
2026-01-16,622.577250,627.464692,618.487802,618.657349,17012500
2026-01-20,606.319142,609.830123,598.459370,602.568787,15169600
2026-01-21,605.182048,616.682471,598.539176,611.386108,14494700
2026-01-22,627.733951,658.873817,624.941153,645.967041,21394700
2026-01-23,643.114414,664.778613,642.795228,657.068481,22797700
2026-01-26,663.422069,673.546030,659.591902,670.633484,16327400
2026-01-27,672.857840,675.082094,662.953284,671.241943,13297400
2026-01-28,672.767959,675.939786,664.389505,667.012756,25709600
2026-01-29,735.536439,742.089576,710.720321,736.414185,59852900
2026-01-30,725.631910,730.289901,711.757655,714.660156,23744600
2026-02-02,712.764980,719.447787,701.713476,704.596008,14365200
2026-02-03,705.553573,715.158849,684.647373,689.923828,13760700
2026-02-04,685.964088,687.061300,665.746177,667.272217,16882800
2026-02-05,661.876094,679.750063,651.821960,668.489075,17131800
2026-02-06,663.781156,670.264465,644.839928,659.761536,18159300
2026-02-09,661.477092,681.555407,657.088426,675.481018,14837500
2026-02-10,675.860019,678.902236,668.070076,668.997681,10455800
2026-02-11,672.269324,677.525811,655.412695,666.972961,14323800
2026-02-12,668.249625,674.264170,643.623082,648.141418,14960100
2026-02-13,643.443467,649.757230,632.940538,638.127197,12336400
2026-02-17,637.857920,640.949936,627.185383,637.648438,12674700
2026-02-18,632.172504,643.343757,626.537049,641.568298,14649200
2026-02-19,636.930253,645.528113,635.084967,643.124329,10035700
2026-02-20,638.047476,661.646697,637.139839,653.976440,14183500
2026-02-23,650.864426,656.011210,634.366918,635.613708,8605900
2026-02-24,631.454448,639.463797,627.364939,637.658447,10135600
2026-02-25,640.880098,652.200928,640.491085,652.011414,11330700
2026-02-26,648.879564,659.302743,645.837407,655.322998,10637700
2026-02-27,641.797729,647.772338,636.481399,646.515564,15703000
2026-03-02,635.523863,658.245397,632.870720,651.881775,9816100
2026-03-03,646.625285,657.347681,637.199599,653.397888,12263800
2026-03-04,656.270510,671.042478,655.981215,666.015381,10810100
2026-03-05,660.230334,668.977834,648.640176,658.873840,13341400
2026-03-06,646.236334,647.802249,634.476570,643.204102,13159400
2026-03-09,633.150055,646.086722,625.170598,645.727661,13489700
2026-03-10,651.881864,658.604548,647.333575,652.390564,9859300
2026-03-11,653.078748,657.427538,646.695157,653.178467,8977200
2026-03-12,647.084187,651.821991,635.264639,636.541321,11617500
2026-03-13,622.287946,627.554356,607.984742,612.134094,18957600
2026-03-16,630.916885,633.662172,622.032113,626.374695,15134900
2026-03-17,626.913778,635.459106,620.634580,621.592896,10348800
2026-03-18,615.283781,621.582965,613.556704,614.624878,11726300
2026-03-19,611.100951,611.949469,601.227885,605.660278,13247700
2026-03-20,602.495719,602.924975,586.243590,592.642578,21214900
2026-03-23,604.751796,607.596948,597.983447,603.024780,13638000
2026-03-24,598.073271,599.970040,589.987177,591.903870,10739700
2026-03-25,597.713861,602.635404,592.383047,593.870483,12585000
2026-03-26,581.491675,582.000810,542.418741,546.601562,35780100
2026-03-27,539.174330,542.668331,519.368366,524.818970,30133000
2026-03-30,535.460754,538.625305,527.634164,535.460754,22795200
2026-03-31,549.037412,572.706799,545.832952,571.149475,32898300
2026-04-01,579.135787,591.534484,572.836603,578.237305,23608100
2026-04-02,565.069911,577.508579,558.740811,573.475525,13518500
2026-04-06,576.699943,581.791178,571.019692,572.037964,9515700
2026-04-07,571.498850,574.244137,563.792110,574.064453,9580800
2026-04-08,604.961442,628.870409,590.815743,611.370422,32036600
2026-04-09,625.895500,636.407483,621.932333,627.313110,19012900
2026-04-10,633.382602,637.485605,623.260027,628.780518,13294800
2026-04-13,628.421218,633.911792,623.329982,633.442627,9538900
2026-04-14,642.117620,665.118173,638.274242,661.354614,17818000
2026-04-15,665.856909,677.337201,663.081644,670.429077,14952600
2026-04-16,674.831464,676.418766,666.605596,675.709961,9544800
2026-04-17,677.436974,690.334876,673.972951,687.369934,16283500
2026-04-20,680.192296,682.208854,666.855207,669.760193,12534000
2026-04-21,669.850058,675.041159,666.186365,667.693787,8660100
2026-04-22,673.204291,677.217421,668.602206,673.563660,9215600
2026-04-23,662.562576,668.412518,651.930803,658.020386,11667000
2026-04-24,659.188357,679.503457,652.719482,673.873169,13348300
2026-04-27,669.850034,681.330326,669.690335,677.456970,12805200
2026-04-28,673.084446,677.017696,664.489217,670.189453,10606800
2026-04-29,667.763605,673.094480,662.672369,667.973267,18947500
2026-04-30,618.258602,619.785948,598.971706,610.861267,52765000
2026-05-01,613.636549,617.819370,605.071236,607.706726,21404000
2026-05-04,606.898154,612.947766,601.717046,609.363892,16203900
2026-05-05,612.258883,613.297079,599.331065,603.923218,17171300
2026-05-06,600.019908,618.887542,597.074952,611.829651,19915500
2026-05-07,613.666424,623.908849,612.488453,615.752869,12307400
2026-05-08,614.145666,615.712983,605.021316,608.585205,13557000
2026-05-11,603.533916,603.873299,597.055048,597.833679,15940600
2026-05-12,593.800639,602.715328,591.584412,601.966614,11351600
2026-05-13,597.803759,618.837658,595.637435,615.573242,14634400
2026-05-14,614.944289,622.661022,613.946003,617.370117,10651200
2026-05-15,612.937789,620.135455,608.265817,613.177368,13272600
2026-05-18,608.066099,614.535035,602.655405,610.162537,13772400
2026-05-19,607.876454,612.877878,599.520803,601.577271,11749900
2026-05-20,599.730453,606.958035,596.785496,604.023071,11329700
2026-05-21,598.971694,608.555216,593.790586,606.339050,13476100
2026-05-22,606.838246,613.756363,605.909847,609.214172,11688600
2026-05-26,607.846489,613.416882,604.262615,611.290588,12234200
2026-05-27,608.355658,637.405763,607.956319,634.171326,23143600
2026-05-28,638.404040,641.898042,628.231501,634.201233,16772400
2026-05-29,632.414319,633.412605,622.281690,631.426025,19806500
2026-06-01,629.319615,634.660422,598.502526,599.440857,29138800
2026-06-02,602.206145,607.836493,595.657390,596.605774,18252000
2026-06-03,601.966614,623.080392,599.241312,621.912354,23020100
2026-06-04,622.601105,641.299046,621.363240,626.494446,21469200
2026-06-05,622.391587,628.071838,581.911029,591.983765,30091600
2026-06-08,590.985437,590.985437,578.227310,584.386780,19512400
2026-06-09,589.987122,596.605764,580.014253,583.588135,16977400
2026-06-10,579.734756,590.306634,569.622111,570.001465,17064000
2026-06-11,564.860291,571.189391,556.055399,567.455811,17628000
2026-06-12,571.968040,575.082687,559.938704,566.008240,14326400
2026-06-15,579.442716,600.795859,578.843153,593.011963,17653300
2026-06-16,593.181870,605.332254,591.533147,599.736694,11344400
2026-06-17,591.533173,593.341743,565.743528,567.132446,20478300
2026-06-18,572.368277,579.762405,562.655911,576.764771,28824600
2026-06-22,571.568936,575.355925,559.368542,563.405334,15405500
2026-06-23,561.806601,571.748767,560.577591,561.756653,13103300
2026-06-24,561.446929,568.591254,555.111901,557.230225,13963600
2026-06-25,555.111888,555.901304,539.754013,542.441895,16968600
2026-06-26,542.911577,556.410872,539.973893,549.816101,18867700
2026-06-29,559.558386,570.449814,557.559963,562.156311,15011400
2026-06-30,560.497642,565.093990,550.995132,562.845764,18111100
2026-07-01,607.430579,627.784571,594.630683,612.426636,45536300
2026-07-02,607.420654,609.518974,579.962283,582.440369,21705900
2026-07-06,594.370936,603.104034,581.301234,599.816589,17674100
2026-07-07,607.110915,624.876863,603.183960,615.094604,18560800
2026-07-08,613.905542,615.514258,597.538453,602.644409,13606500
2026-07-09,583.529455,632.770622,576.614929,630.981995,26579700
2026-07-10,659.819311,677.325454,657.491132,668.682312,40608900
2026-07-13,660.858455,676.086427,653.684124,656.212097,19840700
2026-07-14,651.485828,665.974393,648.538142,660.518677,16748200
2026-07-15,663.076709,685.539024,656.142179,680.772766,19003400
2026-07-16,676.745935,681.362287,659.639379,664.015930,15816000
2026-07-17,647.189280,651.685732,625.506379,645.500610,22267900
2026-07-20,646.190065,652.784836,635.508492,645.340698,10225200
2026-07-21,653.664125,655.362796,642.692803,643.302307,9140500
2026-07-22,647.189255,648.488218,623.507932,626.675415,11019600
2026-07-23,607.930185,614.165316,596.749007,605.622009,15494800
2026-07-24,604.822655,609.498957,593.981235,594.720642,11503500
2026-07-27,606.741120,610.777973,592.662266,593.401672,11195300
2026-07-28,596.349362,600.526058,586.537098,592.942017,12009300
2026-07-29,592.782183,599.496855,581.760852,585.148193,22371100
2026-07-30,525.585226,539.454286,524.076407,538.604980,42271500
2026-07-31,543.171288,557.889714,539.793949,556.270996,24261500
2026-08-03,561.796616,597.048825,558.918883,589.774536,25938100
2026-08-04,581.041455,592.322531,577.794018,587.476379,17959200
2026-08-05,599.986509,600.526061,579.662522,588.305725,14897200
2026-08-06,586.487189,594.840583,585.537926,589.434875,11811500
2026-08-07,585.178190,598.267835,585.158186,591.633057,11250300
2026-08-10,598.657569,607.730426,591.563192,594.450867,14967300
2026-08-11,597.528410,611.947023,592.932062,598.647522,13146900
2026-08-12,600.596003,604.023290,577.754045,578.393494,16186900
2026-08-13,580.252090,595.380104,578.933123,594.500793,11164200
2026-08-14,596.509209,601.385365,588.825271,589.384827,8758000
2026-08-17,589.284944,589.774548,564.304658,568.521301,17225600
2026-08-18,557.040380,560.217865,542.781674,543.241272,27094900
2026-08-19,540.913122,553.633064,536.846325,545.599426,16971700
2026-08-20,546.518709,549.556290,538.884719,545.399597,13872200
2026-08-21,546.458734,553.433210,542.801586,549.466370,13848000
2026-08-24,549.766171,560.977295,545.869222,558.579224,12990600
2026-08-25,563.435346,570.349872,560.957322,569.600464,9769100
2026-08-26,589.844477,592.872117,561.436905,575.685669,31416300
2026-08-27,576.025359,587.926001,567.172361,570.649597,15221400
2026-08-28,571.099279,588.725384,570.549725,577.564209,16042400
2026-08-31,577.174478,578.223638,568.691183,571.888672,13383800
2026-09-01,557.909660,584.488719,555.661434,578.083740,15796900
2026-09-02,578.333537,599.906537,576.544970,592.382446,16552700
2026-09-03,604.013304,618.971531,603.873400,610.198425,19737100
2026-09-04,611.867072,616.973089,604.792699,616.283630,15966200
2026-09-08,615.724105,624.307297,609.259175,612.996216,18909700
2026-09-09,648.128494,657.341194,638.056426,653.174500,35900700
2026-09-10,653.194547,662.976805,641.633663,643.871887,21531900
2026-09-11,652.994702,663.716222,645.690469,647.519043,16925000
2026-09-14,657.311303,668.072769,648.708045,665.075134,19332300
2026-09-15,658.780111,678.334687,655.682580,669.711487,19502800
2026-09-16,679.373824,684.769590,671.380132,672.779053,17217800
2026-09-17,681.901875,682.661285,666.523996,681.771973,15928000
2026-09-18,688.076998,689.605821,660.278928,665.225037,27596400
2026-09-21,680.299988,753.000000,679.599976,741.250000,48720500
2026-09-22,731.400024,757.270020,730.000000,736.599976,28122100
2026-09-23,747.599976,763.900024,739.510010,744.099976,30829200
2026-09-24,744.359985,779.820007,743.010010,777.590027,34808500
2026-09-25,768.849976,769.570007,746.539978,751.659973,25826700
2026-09-28,750.039978,750.580017,713.190002,715.619995,27943100
2026-09-29,725.000000,740.450012,715.099976,738.789978,23591100
2026-09-30,730.270020,738.250000,721.299988,725.179993,19240800
