date,open,high,low,close,volume
1986-03-13,0.053745,0.061649,0.053745,0.059014,1031788800
1986-03-14,0.059014,0.062176,0.059014,0.061122,308160000
1986-03-17,0.061122,0.062703,0.061122,0.062176,133171200
1986-03-18,0.062176,0.062703,0.060068,0.060595,67766400
1986-03-19,0.060595,0.061122,0.059014,0.059541,47894400
1986-03-20,0.059541,0.059541,0.057434,0.057960,58435200
1986-03-21,0.057960,0.059014,0.055326,0.056380,59990400
1986-03-24,0.056380,0.056380,0.054272,0.054799,65289600
1986-03-25,0.054799,0.055853,0.054272,0.055853,32083200
1986-03-26,0.055853,0.057960,0.055326,0.057434,22752000
1986-03-27,0.057434,0.058487,0.057434,0.058487,16848000
1986-03-31,0.058487,0.058487,0.056907,0.057960,12873600
1986-04-01,0.057960,0.057960,0.057434,0.057434,11088000
1986-04-02,0.057434,0.059014,0.057434,0.057960,27014400
1986-04-03,0.058487,0.060068,0.058487,0.058487,23040000
1986-04-04,0.058487,0.059014,0.058487,0.058487,26582400
1986-04-07,0.058487,0.059014,0.056380,0.057434,16560000
1986-04-08,0.057434,0.059014,0.057434,0.057960,10252800
1986-04-09,0.057960,0.059541,0.057960,0.059014,12153600
1986-04-10,0.059014,0.060068,0.057960,0.059541,13881600
1986-04-11,0.060068,0.061649,0.060068,0.060595,17222400
1986-04-14,0.060595,0.061649,0.060595,0.061122,12153600
1986-04-15,0.061122,0.061122,0.059014,0.061122,9302400
1986-04-16,0.061122,0.063757,0.060595,0.063230,31910400
1986-04-17,0.063230,0.063757,0.063230,0.063757,22003200
1986-04-18,0.063757,0.063757,0.061122,0.061649,21628800
1986-04-21,0.061649,0.062176,0.060068,0.061649,22924800
1986-04-22,0.061649,0.061649,0.060595,0.060595,15552000
1986-04-23,0.060595,0.061122,0.060068,0.060858,15609600
1986-04-24,0.060858,0.067972,0.060595,0.066918,62352000
1986-04-25,0.067445,0.074032,0.067445,0.071134,85795200
1986-04-28,0.071134,0.072187,0.070606,0.071661,28886400
1986-04-29,0.071661,0.071661,0.069026,0.069552,30326400
1986-04-30,0.069552,0.070079,0.066391,0.067972,30902400
1986-05-01,0.067972,0.067972,0.065864,0.066918,54345600
1986-05-02,0.066918,0.067972,0.066391,0.066918,20246400
1986-05-05,0.066918,0.066918,0.066391,0.066391,3254400
1986-05-06,0.066918,0.067972,0.066918,0.066918,9734400
1986-05-07,0.066918,0.067445,0.065864,0.066918,5155200
1986-05-08,0.066918,0.067445,0.066391,0.067445,3542400
1986-05-09,0.067445,0.067445,0.066918,0.066918,6076800
1986-05-12,0.066918,0.069026,0.066918,0.067445,10483200
1986-05-13,0.067445,0.068499,0.067445,0.067972,3830400
1986-05-14,0.067972,0.067972,0.067445,0.067445,9302400
1986-05-15,0.067445,0.068499,0.067445,0.067445,3801600
1986-05-16,0.067445,0.069552,0.067445,0.067972,11952000
1986-05-19,0.067972,0.067972,0.066391,0.066918,11001600
1986-05-20,0.066918,0.066918,0.065864,0.066391,61977600
1986-05-21,0.066391,0.066918,0.065337,0.065337,8092800
1986-05-22,0.065337,0.065864,0.065337,0.065337,4406400
1986-05-23,0.065337,0.066391,0.065337,0.065337,4089600
1986-05-27,0.065337,0.067445,0.065337,0.067445,13881600
1986-05-28,0.067445,0.069552,0.067445,0.069552,15523200
1986-05-29,0.069552,0.072187,0.069026,0.071134,45676800
1986-05-30,0.071661,0.074822,0.071661,0.073768,27072000
1986-06-02,0.073768,0.073768,0.071661,0.071661,19728000
1986-06-03,0.071661,0.071661,0.070606,0.071661,5011200
1986-06-04,0.071661,0.072187,0.070606,0.071134,4723200
1986-06-05,0.071134,0.072187,0.070606,0.072187,13708800
1986-06-06,0.072187,0.072187,0.071134,0.072187,3427200
1986-06-09,0.072187,0.072187,0.069026,0.069026,12672000
1986-06-10,0.069026,0.069026,0.067972,0.069026,3427200
1986-06-11,0.069026,0.069026,0.067972,0.069026,2304000
1986-06-12,0.069026,0.069026,0.065864,0.066391,13708800
1986-06-13,0.066391,0.066918,0.065864,0.066391,7891200
1986-06-16,0.066391,0.066918,0.065337,0.065864,9590400
1986-06-17,0.066391,0.067972,0.066391,0.066918,13075200
1986-06-18,0.066918,0.066918,0.065337,0.066391,4348800
1986-06-19,0.066391,0.066918,0.065337,0.065864,8467200
1986-06-20,0.065864,0.066391,0.065864,0.066128,3801600
1986-06-23,0.066128,0.066918,0.064811,0.066918,46195200
1986-06-24,0.066918,0.067445,0.065864,0.066391,14572800
1986-06-25,0.066391,0.066918,0.065337,0.065337,15235200
1986-06-26,0.065337,0.065864,0.063230,0.063230,19152000
1986-06-27,0.063230,0.063757,0.062176,0.062703,10396800
1986-06-30,0.062703,0.066391,0.062176,0.064811,62352000
1986-07-01,0.064811,0.064811,0.064284,0.064811,47577600
1986-07-02,0.064811,0.064811,0.064284,0.064811,52617600
1986-07-03,0.065337,0.066391,0.065337,0.065864,14140800
1986-07-07,0.065864,0.065864,0.063230,0.063230,14054400
1986-07-08,0.063230,0.063230,0.061122,0.061649,14256000
1986-07-09,0.061649,0.061649,0.058487,0.059014,46137600
1986-07-10,0.059014,0.059541,0.054799,0.057434,46886400
1986-07-11,0.057434,0.060068,0.057434,0.059014,17395200
1986-07-14,0.057434,0.059541,0.057434,0.058224,28598400
1986-07-15,0.058224,0.060068,0.057434,0.059014,13190400
1986-07-16,0.059541,0.061122,0.059541,0.061122,9360000
1986-07-17,0.061122,0.062176,0.060595,0.062176,6940800
1986-07-18,0.062176,0.063230,0.060595,0.062703,12326400
1986-07-21,0.062703,0.063757,0.062703,0.062703,3513600
1986-07-22,0.062703,0.064811,0.062703,0.064811,10512000
1986-07-23,0.064811,0.065864,0.063230,0.063230,20793600
1986-07-24,0.064284,0.066391,0.064284,0.065337,14140800
1986-07-25,0.065337,0.066391,0.065337,0.065864,20448000
1986-07-28,0.065864,0.065864,0.064284,0.064284,11808000
1986-07-29,0.064284,0.064811,0.061649,0.062703,14054400
1986-07-30,0.062703,0.062703,0.058487,0.060595,26409600
1986-07-31,0.060595,0.061122,0.060068,0.060068,15638400
1986-08-01,0.060068,0.060595,0.059014,0.059541,12902400
1986-08-04,0.059541,0.059541,0.057960,0.059541,12441600
1986-08-05,0.059541,0.060068,0.059014,0.059014,2822400
1986-08-06,0.059014,0.059541,0.057434,0.058487,18316800
1986-08-07,0.058487,0.059014,0.057434,0.057960,3657600
1986-08-08,0.057960,0.059541,0.057960,0.058487,4147200
1986-08-11,0.059541,0.061122,0.059541,0.060595,7948800
1986-08-12,0.060595,0.062176,0.060595,0.062176,9993600
1986-08-13,0.062176,0.062703,0.061649,0.062703,6883200
1986-08-14,0.062703,0.064811,0.062703,0.064284,20131200
1986-08-15,0.064284,0.064811,0.063757,0.064547,6105600
1986-08-18,0.064547,0.064811,0.063757,0.063757,12787200
1986-08-19,0.063757,0.064020,0.062703,0.063757,20390400
1986-08-20,0.063757,0.063757,0.063230,0.063230,20764800
1986-08-21,0.063230,0.064284,0.063230,0.063230,49536000
1986-08-22,0.063230,0.063757,0.061122,0.062176,5760000
1986-08-25,0.062176,0.062176,0.061122,0.062176,2419200
1986-08-26,0.062176,0.062176,0.061649,0.061649,10857600
1986-08-27,0.061649,0.062176,0.061122,0.061649,9532800
1986-08-28,0.061649,0.062176,0.061649,0.061649,3427200
1986-08-29,0.061649,0.062176,0.059014,0.060068,25430400
1986-09-02,0.060068,0.060068,0.057697,0.058487,5212800
1986-09-03,0.057960,0.057960,0.055326,0.056907,18316800
1986-09-04,0.057961,0.061649,0.057961,0.061649,39427200
1986-09-05,0.061649,0.064284,0.061122,0.064284,26352000
1986-09-08,0.064284,0.064811,0.063757,0.063757,9619200
1986-09-09,0.063757,0.066391,0.063757,0.064811,37526400
1986-09-10,0.064811,0.065337,0.063757,0.063757,10886400
1986-09-11,0.063757,0.064284,0.061122,0.061122,35654400
1986-09-12,0.061122,0.061649,0.059541,0.059541,24451200
1986-09-15,0.059541,0.060595,0.058487,0.060595,22492800
1986-09-16,0.060595,0.061122,0.059541,0.060595,5184000
1986-09-17,0.060595,0.063230,0.060068,0.062176,8035200
1986-09-18,0.062176,0.063757,0.062176,0.062703,5356800
1986-09-19,0.062703,0.063230,0.062176,0.062703,2505600
1986-09-22,0.062703,0.062703,0.062176,0.062176,4492800
1986-09-23,0.062176,0.063757,0.062176,0.063230,5961600
1986-09-24,0.063230,0.063230,0.062176,0.062440,4780800
1986-09-25,0.062440,0.062703,0.061122,0.061122,5155200
1986-09-26,0.061122,0.061649,0.060595,0.061122,2332800
1986-09-29,0.061122,0.061122,0.059541,0.059541,6192000
1986-09-30,0.059541,0.060595,0.059541,0.059541,5184000
1986-10-01,0.059541,0.060595,0.057960,0.059014,32428800
1986-10-02,0.059014,0.060068,0.058487,0.059014,22723200
1986-10-03,0.059014,0.060068,0.059014,0.059541,14716800
1986-10-06,0.061122,0.065337,0.061122,0.064284,85334400
1986-10-07,0.064284,0.066918,0.064284,0.065601,59788800
1986-10-08,0.065601,0.068235,0.064811,0.067445,119606400
1986-10-09,0.067445,0.071134,0.067445,0.069552,92563200
1986-10-10,0.069552,0.074295,0.068499,0.072714,76752000
1986-10-13,0.072714,0.072714,0.069552,0.069552,27129600
1986-10-14,0.070079,0.071134,0.070079,0.070606,12873600
1986-10-15,0.070606,0.074295,0.070606,0.073768,63532800
1986-10-16,0.073768,0.074295,0.073241,0.073768,21859200
1986-10-17,0.073768,0.076402,0.073768,0.075876,124444800
1986-10-20,0.075876,0.077456,0.074295,0.076403,43545600
1986-10-21,0.076929,0.079564,0.076929,0.079564,112377600
1986-10-22,0.079564,0.080354,0.079037,0.079564,54576000
1986-10-23,0.079564,0.080091,0.078773,0.079564,70444800
1986-10-24,0.079564,0.079564,0.076929,0.079037,101376000
1986-10-27,0.079564,0.081672,0.079564,0.081672,125654400
1986-10-28,0.081672,0.084833,0.081672,0.083516,142646400
1986-10-29,0.083516,0.083779,0.080091,0.081145,53222400
1986-10-30,0.081145,0.083779,0.080618,0.082726,44380800
1986-10-31,0.082726,0.083779,0.081145,0.081672,63734400
1986-11-03,0.082199,0.083779,0.082199,0.083253,42192000
1986-11-04,0.083253,0.086414,0.083253,0.086414,54403200
1986-11-05,0.086414,0.092210,0.085887,0.091683,45100800
1986-11-06,0.091683,0.095898,0.091156,0.093791,72576000
1986-11-07,0.093791,0.094318,0.091683,0.093264,44323200
1986-11-10,0.093264,0.093264,0.089048,0.089575,28684800
1986-11-11,0.090103,0.091156,0.090103,0.090103,11894400
1986-11-12,0.090103,0.092210,0.089048,0.090103,34156800
1986-11-13,0.090103,0.090629,0.088521,0.088785,30211200
1986-11-14,0.088785,0.089575,0.086941,0.089575,18720000
1986-11-17,0.089575,0.091156,0.088521,0.090103,24307200
1986-11-18,0.090103,0.090629,0.085360,0.085360,59673600
1986-11-19,0.085360,0.089048,0.085360,0.088521,48729600
1986-11-20,0.088521,0.095371,0.088521,0.095371,98179200
1986-11-21,0.095898,0.099587,0.095898,0.098533,91065600
1986-11-24,0.098533,0.106963,0.095371,0.106437,173836800
1986-11-25,0.106436,0.108017,0.105910,0.107490,95788800
1986-11-26,0.107490,0.108017,0.106437,0.106437,38793600
1986-11-28,0.106436,0.106963,0.103802,0.104856,41328000
1986-12-01,0.104856,0.105383,0.102221,0.102748,40291200
1986-12-02,0.103275,0.105383,0.103275,0.103275,28771200
1986-12-03,0.103275,0.104329,0.102221,0.102485,35164800
1986-12-04,0.102485,0.104856,0.101695,0.103802,42508800
1986-12-05,0.103802,0.104329,0.103275,0.103275,107510400
1986-12-08,0.103275,0.104329,0.100641,0.102221,22665600
1986-12-09,0.102222,0.102748,0.101168,0.101695,16099200
1986-12-10,0.101695,0.102748,0.100641,0.102485,27590400
1986-12-11,0.102485,0.103802,0.102221,0.103275,11635200
1986-12-12,0.103275,0.103275,0.099587,0.099587,25286400
1986-12-15,0.099587,0.100114,0.095371,0.096952,50774400
1986-12-16,0.097479,0.099587,0.097479,0.098006,77299200
1986-12-17,0.098006,0.099587,0.098006,0.099060,23356800
1986-12-18,0.099060,0.100114,0.098533,0.099851,12672000
1986-12-19,0.100114,0.103275,0.100114,0.102221,56592000
1986-12-22,0.102221,0.104329,0.102221,0.103275,18316800
1986-12-23,0.103275,0.104329,0.103275,0.104329,23788800
1986-12-24,0.104329,0.104329,0.103802,0.104066,7027200
1986-12-26,0.104066,0.104856,0.103802,0.103802,3715200
1986-12-29,0.103802,0.104856,0.099587,0.099587,41702400
1986-12-30,0.099587,0.101168,0.098533,0.100641,25401600
1986-12-31,0.100641,0.103275,0.100641,0.101695,23356800
1987-01-02,0.101695,0.102748,0.100114,0.100641,12643200
1987-01-05,0.100641,0.107490,0.100114,0.106437,48499200
1987-01-06,0.106437,0.108544,0.105910,0.108017,40032000
1987-01-07,0.108017,0.113813,0.108017,0.113813,60998400
1987-01-08,0.114340,0.118556,0.114340,0.117502,61488000
1987-01-09,0.117502,0.122771,0.116975,0.122244,63705600
1987-01-12,0.122244,0.131202,0.121190,0.130148,128793600
1987-01-13,0.129094,0.129094,0.124352,0.126459,76320000
1987-01-14,0.126459,0.126986,0.123825,0.126459,69465600
1987-01-15,0.126459,0.136471,0.126459,0.133309,117014400
1987-01-16,0.133309,0.133309,0.127513,0.130148,65433600
1987-01-19,0.130148,0.134890,0.127513,0.134890,88243200
1987-01-20,0.134890,0.140159,0.134363,0.136997,95760000
1987-01-21,0.136997,0.146482,0.134363,0.142794,108489600
1987-01-22,0.142794,0.157548,0.138579,0.157021,116035200
1987-01-23,0.157021,0.163343,0.142267,0.142267,317894400
1987-01-26,0.143321,0.146482,0.138579,0.144901,116553600
1987-01-27,0.144901,0.152805,0.144901,0.150697,114105600
1987-01-28,0.150697,0.153332,0.146482,0.151224,76723200
1987-01-29,0.151224,0.152805,0.141740,0.144901,79228800
1987-01-30,0.144901,0.154386,0.142794,0.154122,104169600
1987-02-02,0.154122,0.157021,0.153859,0.153859,46915200
1987-02-03,0.153859,0.155439,0.148590,0.151224,59328000
1987-02-04,0.151224,0.152278,0.149644,0.151751,31737600
1987-02-05,0.151751,0.152805,0.149117,0.150697,42652800
1987-02-06,0.150698,0.151488,0.144374,0.145165,45619200
1987-02-09,0.144901,0.144901,0.143057,0.143847,136080000
1987-02-10,0.143847,0.144374,0.140686,0.144374,44668800
1987-02-11,0.144901,0.151224,0.144901,0.151224,60307200
1987-02-12,0.151224,0.162553,0.151224,0.161763,185731200
1987-02-13,0.161763,0.163870,0.156494,0.160182,81763200
1987-02-17,0.160182,0.161763,0.156494,0.161236,70732800
1987-02-18,0.161236,0.163870,0.150697,0.151224,128592000
1987-02-19,0.150698,0.150698,0.143321,0.144901,317750400
1987-02-20,0.144901,0.144901,0.141213,0.143321,87897600
1987-02-23,0.143321,0.154386,0.140159,0.152278,125913600
1987-02-24,0.152278,0.160182,0.152278,0.159655,120816000
1987-02-25,0.159655,0.162553,0.155966,0.157021,65001600
1987-02-26,0.157021,0.167559,0.153859,0.162816,145209600
1987-02-27,0.162816,0.163870,0.159128,0.161763,37555200
1987-03-02,0.161763,0.161763,0.155966,0.157021,79516800
1987-03-03,0.157021,0.158601,0.154913,0.157021,81100800
1987-03-04,0.157021,0.168613,0.156494,0.168086,98179200
1987-03-05,0.168086,0.179678,0.168086,0.175989,128188800
1987-03-06,0.175990,0.177043,0.171247,0.175463,63561600
1987-03-09,0.175463,0.175990,0.171247,0.172301,38275200
1987-03-10,0.172301,0.179678,0.171774,0.177570,74102400
1987-03-11,0.180205,0.181258,0.178097,0.180205,43862400
1987-03-12,0.180205,0.182312,0.175990,0.180995,71337600
1987-03-13,0.180995,0.182312,0.170720,0.174408,105120000
1987-03-16,0.173881,0.173881,0.168086,0.173355,88473600
1987-03-17,0.173355,0.180205,0.172828,0.179151,54547200
1987-03-18,0.180205,0.190216,0.180205,0.188635,119347200
1987-03-19,0.188635,0.192323,0.185474,0.192323,62812800
1987-03-20,0.192323,0.192323,0.189162,0.190216,38246400
1987-03-23,0.190216,0.192850,0.187055,0.188899,67478400
1987-03-24,0.184420,0.191270,0.184420,0.190216,69609600
1987-03-25,0.190216,0.191270,0.188108,0.189426,33840000
1987-03-26,0.189426,0.189689,0.187582,0.188108,33379200
1987-03-27,0.189162,0.197593,0.189162,0.193377,120873600
1987-03-30,0.193377,0.203916,0.186528,0.203916,186134400
1987-03-31,0.201281,0.208658,0.201281,0.203916,125337600
1987-04-01,0.203916,0.208131,0.190743,0.191797,259430400
1987-04-02,0.194958,0.204443,0.194958,0.200227,159955200
1987-04-03,0.200227,0.211292,0.200227,0.210239,155606400
1987-04-06,0.210239,0.210766,0.205497,0.209185,98956800
1987-04-07,0.209185,0.209185,0.198120,0.198120,73728000
1987-04-08,0.198120,0.206024,0.198120,0.203916,106214400
1987-04-09,0.203916,0.203916,0.198647,0.200227,71568000
1987-04-10,0.200227,0.201808,0.199700,0.201544,43372800
1987-04-13,0.201281,0.201281,0.193904,0.194959,50256000
1987-04-14,0.194958,0.201281,0.191797,0.198120,87379200
1987-04-15,0.199700,0.204443,0.199700,0.202335,95961600
1987-04-16,0.202335,0.211819,0.201808,0.207604,188092800
1987-04-20,0.207604,0.209712,0.201281,0.201808,100310400
1987-04-21,0.201808,0.206550,0.197593,0.204970,113184000
1987-04-22,0.204970,0.208131,0.204970,0.207604,74678400
1987-04-23,0.207604,0.209712,0.204443,0.207604,48326400
1987-04-24,0.207604,0.209712,0.204970,0.208658,54172800
1987-04-27,0.208658,0.210239,0.204970,0.208658,53107200
1987-04-28,0.208658,0.224466,0.206550,0.223939,111081600
1987-04-29,0.223939,0.229734,0.217615,0.217615,85161600
1987-04-30,0.217616,0.223939,0.214454,0.219196,88041600
1987-05-01,0.219196,0.221831,0.216562,0.221304,37843200
1987-05-04,0.221304,0.227100,0.220250,0.225519,34531200
1987-05-05,0.226046,0.243961,0.226046,0.243961,110995200
1987-05-06,0.243961,0.246069,0.237111,0.238165,153504000
1987-05-07,0.238165,0.249757,0.236584,0.249230,289699200
1987-05-08,0.249757,0.270307,0.249757,0.266618,150048000
1987-05-11,0.266618,0.266618,0.258978,0.259242,127382400
1987-05-12,0.259242,0.261877,0.246596,0.250284,148464000
1987-05-13,0.251865,0.257661,0.251865,0.256607,73382400
1987-05-14,0.256607,0.263457,0.256607,0.258715,59961600
1987-05-15,0.258188,0.258188,0.251338,0.251338,84326400
1987-05-18,0.251338,0.251338,0.236058,0.242908,172598400
1987-05-19,0.242908,0.242908,0.234477,0.234477,78336000
1987-05-20,0.233423,0.233423,0.226046,0.230788,228355200
1987-05-21,0.231315,0.237638,0.231315,0.235004,93312000
1987-05-22,0.235004,0.236058,0.227100,0.228154,64627200
1987-05-26,0.228154,0.231842,0.227627,0.230788,46886400
1987-05-27,0.230788,0.236058,0.229734,0.230788,48758400
1987-05-28,0.230788,0.245542,0.230261,0.245015,108662400
1987-05-29,0.245015,0.249230,0.242381,0.242908,80380800
1987-06-01,0.242908,0.242908,0.238165,0.238165,30326400
1987-06-02,0.238165,0.241854,0.233950,0.237111,51552000
1987-06-03,0.238165,0.241854,0.238165,0.238692,21628800
1987-06-04,0.238692,0.238692,0.235531,0.237111,20390400
1987-06-05,0.237111,0.238165,0.225519,0.230261,59270400
1987-06-08,0.230261,0.231842,0.226573,0.231315,111571200
1987-06-09,0.231315,0.231842,0.228681,0.229734,25833600
1987-06-10,0.229734,0.230788,0.213401,0.218142,176256000
1987-06-11,0.221831,0.222885,0.204970,0.205497,268704000
1987-06-12,0.205497,0.213927,0.204970,0.207077,196156800
1987-06-15,0.207077,0.210239,0.202862,0.207077,125222400
1987-06-16,0.207077,0.213927,0.206550,0.211292,73526400
1987-06-17,0.212346,0.219196,0.212346,0.218669,71078400
1987-06-18,0.218142,0.221304,0.214981,0.221040,56188800
1987-06-19,0.221831,0.223939,0.219196,0.220250,40809600
1987-06-22,0.221304,0.221304,0.217089,0.218669,87436800
1987-06-23,0.218669,0.218669,0.211819,0.216562,100771200
1987-06-24,0.217616,0.223412,0.217616,0.220777,82684800
1987-06-25,0.220250,0.221304,0.218142,0.220250,44035200
1987-06-26,0.220777,0.221831,0.218669,0.220777,21945600
1987-06-29,0.220777,0.220777,0.216035,0.219723,25632000
1987-06-30,0.220250,0.220777,0.214454,0.214981,38332800
1987-07-01,0.214454,0.217616,0.213927,0.216035,21945600
1987-07-02,0.216562,0.216562,0.208131,0.210766,56880000
1987-07-06,0.210239,0.212873,0.204443,0.205497,65491200
1987-07-07,0.204970,0.204970,0.188635,0.190216,197078400
1987-07-08,0.191797,0.199700,0.186528,0.196539,193449600
1987-07-09,0.197593,0.206550,0.196539,0.201808,92707200
1987-07-10,0.200754,0.205497,0.198120,0.204443,75830400
1987-07-13,0.204443,0.209712,0.202335,0.209185,48326400
1987-07-14,0.210765,0.221831,0.209712,0.221304,152812800
1987-07-15,0.221304,0.222885,0.215508,0.215508,96768000
1987-07-16,0.216035,0.217089,0.210765,0.214981,72979200
1987-07-17,0.214981,0.219196,0.214454,0.215508,51264000
1987-07-20,0.214981,0.214981,0.209185,0.209712,42019200
1987-07-21,0.209712,0.212873,0.207604,0.209185,36547200
1987-07-22,0.209185,0.211819,0.207604,0.210766,53366400
1987-07-23,0.210766,0.210766,0.198120,0.206024,148492800
1987-07-24,0.206551,0.209712,0.206024,0.207604,57744000
1987-07-27,0.207604,0.210239,0.204443,0.210239,41817600
1987-07-28,0.211292,0.214454,0.209185,0.209712,38160000
1987-07-29,0.209712,0.210239,0.206024,0.209185,27676800
1987-07-30,0.209185,0.209185,0.202335,0.204443,55555200
1987-07-31,0.203389,0.203389,0.193904,0.198120,186624000
1987-08-03,0.198120,0.199174,0.192323,0.193377,116352000
1987-08-04,0.193377,0.197593,0.193377,0.197593,135072000
1987-08-05,0.198120,0.207604,0.197593,0.204970,211190400
1987-08-06,0.205497,0.214191,0.205497,0.212873,152553600
1987-08-07,0.212873,0.220250,0.212346,0.218142,171014400
1987-08-10,0.218669,0.219196,0.216035,0.218142,56448000
1987-08-11,0.219196,0.220250,0.212873,0.213927,68544000
1987-08-12,0.213927,0.214454,0.210766,0.210766,42364800
1987-08-13,0.210766,0.220250,0.210766,0.217089,80640000
1987-08-14,0.217089,0.218669,0.216035,0.218142,50832000
1987-08-17,0.218142,0.219723,0.217089,0.219723,33667200
1987-08-18,0.218142,0.219196,0.213927,0.216035,46944000
1987-08-19,0.216035,0.216562,0.211819,0.216035,48902400
1987-08-20,0.216035,0.222885,0.216035,0.221831,82051200
1987-08-21,0.221304,0.228154,0.221304,0.225519,68976000
1987-08-24,0.225519,0.236584,0.222357,0.235531,97747200
1987-08-25,0.237638,0.246069,0.235004,0.241854,185961600
1987-08-26,0.241854,0.248703,0.240800,0.243435,114105600
1987-08-27,0.243435,0.245015,0.240799,0.243961,72432000
1987-08-28,0.244488,0.255553,0.244488,0.253446,114796800
1987-08-31,0.252392,0.253446,0.246069,0.250284,84326400
1987-09-01,0.248703,0.250284,0.238165,0.239219,93859200
1987-09-02,0.237111,0.242908,0.236584,0.242381,78393600
1987-09-03,0.245015,0.248176,0.239746,0.242908,70934400
1987-09-04,0.242908,0.243435,0.235531,0.236058,48355200
1987-09-08,0.235531,0.236058,0.228154,0.235004,96336000
1987-09-09,0.236058,0.240273,0.235004,0.237638,60710400
1987-09-10,0.238692,0.243961,0.238165,0.241326,58176000
1987-09-11,0.241326,0.245542,0.240273,0.245015,41040000
1987-09-14,0.245542,0.252919,0.245542,0.251338,94464000
1987-09-15,0.251865,0.251865,0.245015,0.248440,39052800
1987-09-16,0.248703,0.252919,0.246069,0.246069,57715200
1987-09-17,0.246596,0.247650,0.239746,0.244488,69436800
1987-09-18,0.244488,0.244488,0.240273,0.242381,31651200
1987-09-21,0.225519,0.241326,0.223412,0.225519,85550400
1987-09-22,0.225519,0.243434,0.223412,0.241326,82008000
1987-09-23,0.243434,0.254500,0.243434,0.253973,107697600
1987-09-24,0.252919,0.266618,0.252919,0.258188,118440000
1987-09-25,0.259242,0.273996,0.258188,0.261350,82454400
1987-09-28,0.261350,0.275049,0.260295,0.269780,95544000
1987-09-29,0.271888,0.275049,0.268199,0.270834,57412800
1987-09-30,0.269780,0.280845,0.269780,0.279264,85680000
1987-10-01,0.279264,0.289803,0.278210,0.288749,127224000
1987-10-02,0.290857,0.306664,0.289803,0.305610,131644800
1987-10-05,0.309826,0.333010,0.309826,0.333010,184320000
1987-10-06,0.333010,0.334063,0.309299,0.310880,203040000
1987-10-07,0.311933,0.317202,0.301395,0.307718,125640000
1987-10-08,0.308772,0.312987,0.292964,0.303502,96940800
1987-10-09,0.304556,0.317202,0.302449,0.302449,93888000
1987-10-12,0.303502,0.307718,0.290857,0.301395,117187200
1987-10-13,0.304556,0.311933,0.299287,0.308772,96811200
1987-10-14,0.308772,0.315095,0.298233,0.300341,114220800
1987-10-15,0.297179,0.306664,0.295072,0.297179,128822400
1987-10-16,0.297179,0.314041,0.270834,0.272942,210240000
1987-10-19,0.259241,0.267672,0.189689,0.190743,146880000
1987-10-20,0.193904,0.219196,0.181258,0.202335,324000000
1987-10-21,0.218143,0.255027,0.210766,0.238692,262080000
1987-10-22,0.239219,0.244488,0.214981,0.224466,223200000
1987-10-23,0.221304,0.223412,0.200227,0.203389,112766400
1987-10-26,0.196012,0.202335,0.157021,0.165451,148320000
1987-10-27,0.171774,0.181258,0.165451,0.173881,234720000
1987-10-28,0.168613,0.179151,0.162289,0.173881,149760000
1987-10-29,0.173881,0.205497,0.173881,0.201281,167040000
1987-10-30,0.209712,0.220250,0.204443,0.209712,168480000
1987-11-02,0.207604,0.214981,0.204443,0.211819,84772800
1987-11-03,0.207604,0.210765,0.184420,0.202335,116150400
1987-11-04,0.198120,0.213927,0.193904,0.205497,95342400
1987-11-05,0.206551,0.216035,0.205497,0.212873,81432000
1987-11-06,0.211819,0.212873,0.198120,0.200227,75355200
1987-11-09,0.197066,0.200227,0.191797,0.198120,86587200
1987-11-10,0.196012,0.204443,0.191797,0.198120,91166400
1987-11-11,0.200227,0.207604,0.199173,0.206550,54619200
1987-11-12,0.213927,0.219196,0.206550,0.210766,99172800
1987-11-13,0.210766,0.211819,0.203389,0.203389,58492800
1987-11-16,0.205497,0.209712,0.200227,0.201281,59472000
1987-11-17,0.197066,0.200227,0.190743,0.197066,69321600
1987-11-18,0.200227,0.202335,0.189689,0.202335,89308800
1987-11-19,0.203389,0.204443,0.193904,0.194959,75024000
1987-11-20,0.191797,0.201281,0.188635,0.200227,82468800
1987-11-23,0.199174,0.205497,0.198120,0.201281,44640000
1987-11-24,0.204443,0.206550,0.191797,0.200227,72230400
1987-11-25,0.200227,0.201281,0.193904,0.193904,32155200
1987-11-27,0.193904,0.194958,0.189689,0.190743,18316800
1987-11-30,0.186528,0.189689,0.170720,0.188635,164160000
1987-12-01,0.187582,0.192850,0.181258,0.184420,73540800
1987-12-02,0.183366,0.188635,0.180205,0.185474,68515200
1987-12-03,0.186528,0.188635,0.169666,0.170193,127670400
1987-12-04,0.169666,0.178624,0.168613,0.177043,121752000
1987-12-07,0.181258,0.184420,0.178097,0.182312,66211200
1987-12-08,0.182312,0.200227,0.181258,0.200227,112521600
1987-12-09,0.199174,0.203389,0.193904,0.194959,83793600
1987-12-10,0.191797,0.208658,0.186528,0.200227,165600000
1987-12-11,0.201281,0.204443,0.197066,0.202335,72475200
1987-12-14,0.202335,0.214981,0.201281,0.213927,95112000
1987-12-15,0.216035,0.218669,0.210766,0.216035,112219200
1987-12-16,0.212873,0.230788,0.211819,0.228681,105537600
1987-12-17,0.230788,0.230788,0.218142,0.219196,94017600
1987-12-18,0.221304,0.226573,0.219196,0.219196,52488000
1987-12-21,0.221304,0.225519,0.213927,0.217089,51163200
1987-12-22,0.217089,0.223412,0.210765,0.221304,41774400
1987-12-23,0.224466,0.226573,0.220250,0.224466,60710400
1987-12-24,0.224466,0.226573,0.223412,0.224466,12672000
1987-12-28,0.223412,0.224466,0.210766,0.216035,50716800
1987-12-29,0.216035,0.231842,0.212873,0.229734,79459200
1987-12-30,0.229734,0.236058,0.228681,0.235004,70704000
1987-12-31,0.232896,0.235004,0.226573,0.228681,61545600
1988-01-04,0.230788,0.238165,0.229734,0.236058,110347200
1988-01-05,0.241326,0.244488,0.238165,0.240273,155520000
1988-01-06,0.241326,0.251865,0.240273,0.246596,121680000
1988-01-07,0.244488,0.255553,0.242381,0.255026,90676800
1988-01-08,0.253973,0.260295,0.234477,0.236058,145440000
1988-01-11,0.235004,0.244488,0.230788,0.243961,143568000
1988-01-12,0.244488,0.246596,0.228681,0.239219,168480000
1988-01-13,0.236058,0.246596,0.230788,0.239219,96148800
1988-01-14,0.241326,0.244488,0.236058,0.237111,40608000
1988-01-15,0.248703,0.249757,0.243435,0.243435,92174400
1988-01-18,0.244488,0.244488,0.237111,0.241326,30038400
1988-01-19,0.236058,0.245542,0.235004,0.241326,47419200
1988-01-20,0.239219,0.241326,0.221304,0.227627,208800000
1988-01-21,0.228681,0.237111,0.228681,0.231842,125107200
1988-01-22,0.234477,0.236584,0.222357,0.227100,75297600
1988-01-25,0.228681,0.237111,0.228681,0.235004,75499200
1988-01-26,0.231842,0.235531,0.228681,0.229734,43560000
1988-01-27,0.230788,0.237111,0.230788,0.235004,100411200
1988-01-28,0.236058,0.239219,0.236058,0.238165,29318400
1988-01-29,0.238165,0.240273,0.229734,0.235004,66700800
1988-02-01,0.239219,0.240273,0.231842,0.232896,48729600
1988-02-02,0.232896,0.236058,0.230788,0.235004,60753600
1988-02-03,0.235004,0.235004,0.220250,0.222357,75801600
1988-02-04,0.223412,0.224466,0.209712,0.214981,114710400
1988-02-05,0.219196,0.225519,0.216035,0.217089,94104000
1988-02-08,0.213927,0.221304,0.213927,0.218142,72878400
1988-02-09,0.220250,0.223412,0.219196,0.222357,49939200
1988-02-10,0.223412,0.227627,0.221304,0.226573,77025600
1988-02-11,0.227627,0.230788,0.226573,0.230788,69436800
1988-02-12,0.230788,0.237111,0.229734,0.232896,80222400
1988-02-16,0.231842,0.243435,0.229734,0.242381,67334400
1988-02-17,0.244488,0.247650,0.241326,0.242381,101318400
1988-02-18,0.241326,0.248703,0.240273,0.244488,84153600
1988-02-19,0.245542,0.247650,0.243435,0.247650,53164800
1988-02-22,0.247650,0.248703,0.244488,0.247650,52228800
1988-02-23,0.247650,0.252919,0.247650,0.250811,91728000
1988-02-24,0.250811,0.256080,0.250811,0.252392,79560000
1988-02-25,0.251865,0.255026,0.243961,0.245015,61560000
1988-02-26,0.245542,0.247650,0.241326,0.245542,29923200
1988-02-29,0.246596,0.250811,0.244488,0.250284,39326400
1988-03-01,0.251865,0.252919,0.246596,0.248703,43300800
1988-03-02,0.248703,0.256080,0.247650,0.250811,67896000
1988-03-03,0.252919,0.259241,0.251865,0.257134,83664000
1988-03-04,0.257134,0.258188,0.251865,0.256080,68356800
1988-03-07,0.257134,0.264511,0.256080,0.263984,78004800
1988-03-08,0.265565,0.272942,0.264511,0.269253,96897600
1988-03-09,0.267672,0.271888,0.266618,0.269780,81734400
1988-03-10,0.270834,0.273995,0.262930,0.264511,97948800
1988-03-11,0.263457,0.265565,0.257134,0.263457,84297600
1988-03-14,0.262403,0.268726,0.259242,0.268199,46281600
1988-03-15,0.268726,0.268726,0.262404,0.263457,43761600
1988-03-16,0.264511,0.272942,0.261350,0.272942,54547200
1988-03-17,0.273995,0.276103,0.268726,0.269253,125308800
1988-03-18,0.268726,0.269780,0.245542,0.245542,169920000
1988-03-21,0.246596,0.247650,0.239219,0.247650,198720000
1988-03-22,0.247649,0.256080,0.247649,0.253973,115833600
1988-03-23,0.260295,0.262930,0.247650,0.248703,151200000
1988-03-24,0.247650,0.247650,0.235004,0.238165,159840000
1988-03-25,0.239219,0.242908,0.235004,0.236584,47332800
1988-03-28,0.233950,0.240273,0.231842,0.239746,67147200
1988-03-29,0.241326,0.245542,0.237111,0.238165,80712000
1988-03-30,0.239219,0.240273,0.228681,0.230788,100713600
1988-03-31,0.229734,0.238165,0.229734,0.238165,50256000
1988-04-04,0.236058,0.238165,0.229734,0.232896,47721600
1988-04-05,0.233950,0.236058,0.229734,0.236058,41760000
1988-04-06,0.236058,0.245542,0.235004,0.245015,75297600
1988-04-07,0.245542,0.247650,0.241326,0.241326,74923200
1988-04-08,0.242381,0.246596,0.240800,0.244488,57974400
1988-04-11,0.246596,0.246596,0.240273,0.242381,40406400
1988-04-12,0.241326,0.243435,0.231842,0.235004,52444800
1988-04-13,0.236057,0.240273,0.233950,0.240273,42206400
1988-04-14,0.233950,0.238165,0.222357,0.223412,110030400
1988-04-15,0.224466,0.231842,0.222357,0.228681,114220800
1988-04-18,0.227627,0.232896,0.226573,0.230788,48052800
1988-04-19,0.230788,0.240273,0.227627,0.228681,75772800
1988-04-20,0.228681,0.231842,0.226573,0.229734,65404800
1988-04-21,0.231842,0.233950,0.226573,0.229208,63979200
1988-04-22,0.229734,0.235004,0.229734,0.232896,33926400
1988-04-25,0.232896,0.235004,0.230788,0.232369,23385600
1988-04-26,0.235004,0.238165,0.232896,0.235004,46454400
1988-04-27,0.235004,0.236058,0.228681,0.233950,47894400
1988-04-28,0.233950,0.235004,0.231842,0.233423,28468800
1988-04-29,0.231842,0.231842,0.228681,0.229734,64771200
1988-05-02,0.229734,0.232896,0.225519,0.231842,49262400
1988-05-03,0.232896,0.240273,0.232896,0.238165,62740800
1988-05-04,0.239219,0.243435,0.236058,0.240800,75153600
1988-05-05,0.239219,0.241326,0.237111,0.240273,24883200
1988-05-06,0.239219,0.244488,0.239219,0.241326,43977600
1988-05-09,0.241326,0.245542,0.239219,0.241326,34790400
1988-05-10,0.241326,0.242908,0.237111,0.240273,46828800
1988-05-11,0.238165,0.238165,0.231842,0.235004,59486400
1988-05-12,0.235004,0.238165,0.233950,0.236058,26409600
1988-05-13,0.238165,0.240273,0.237111,0.239219,17913600
1988-05-16,0.239219,0.248176,0.239219,0.245542,59788800
1988-05-17,0.248703,0.249757,0.244488,0.244488,70430400
1988-05-18,0.244488,0.246069,0.238165,0.239219,81374400
1988-05-19,0.236057,0.241326,0.235004,0.240273,57729600
1988-05-20,0.241326,0.243434,0.236058,0.237111,42523200
1988-05-23,0.237111,0.238165,0.229734,0.231842,50227200
1988-05-24,0.231842,0.239219,0.230788,0.239219,55324800
1988-05-25,0.238165,0.240273,0.233950,0.235004,53582400
1988-05-26,0.236058,0.240273,0.235004,0.236584,43387200
1988-05-27,0.237111,0.237111,0.233950,0.233950,33148800
1988-05-31,0.233950,0.245542,0.232896,0.244488,44049600
1988-06-01,0.245542,0.252919,0.243435,0.249757,95788800
1988-06-02,0.250811,0.252919,0.247650,0.248703,63230400
1988-06-03,0.248703,0.251865,0.247650,0.250811,34833600
1988-06-06,0.250811,0.257134,0.249757,0.256080,81748800
1988-06-07,0.257134,0.261350,0.254500,0.257134,82166400
1988-06-08,0.256080,0.263457,0.256080,0.261350,66283200
1988-06-09,0.262403,0.265038,0.259768,0.260295,69264000
1988-06-10,0.260295,0.264511,0.258188,0.262403,45014400
1988-06-13,0.263457,0.265565,0.262403,0.262930,31118400
1988-06-14,0.265565,0.267672,0.264511,0.265565,60379200
1988-06-15,0.264511,0.269780,0.263457,0.269780,51033600
1988-06-16,0.266618,0.268726,0.265565,0.267672,73713600
1988-06-17,0.267672,0.270834,0.264511,0.265565,42105600
1988-06-20,0.264511,0.265565,0.261350,0.264511,28137600
1988-06-21,0.263457,0.269780,0.263457,0.269780,39715200
1988-06-22,0.273995,0.284534,0.271361,0.282426,127324800
1988-06-23,0.282426,0.283480,0.277157,0.278210,41054400
1988-06-24,0.278210,0.279264,0.273995,0.275049,28555200
1988-06-27,0.275049,0.275049,0.269780,0.269780,23630400
1988-06-28,0.269780,0.278211,0.268726,0.277157,32140800
1988-06-29,0.278211,0.280319,0.276103,0.277157,49809600
1988-06-30,0.279264,0.282426,0.278210,0.282426,31550400
1988-07-01,0.282426,0.286641,0.281372,0.286641,42940800
1988-07-05,0.284534,0.294018,0.282426,0.293491,48096000
1988-07-06,0.294018,0.297179,0.288749,0.289803,89380800
1988-07-07,0.287695,0.290857,0.285587,0.289803,68428800
1988-07-08,0.286641,0.289803,0.285587,0.288749,40089600
1988-07-11,0.289803,0.289803,0.281372,0.281372,65764800
1988-07-12,0.282426,0.283480,0.272942,0.276630,90000000
1988-07-13,0.276103,0.281372,0.273995,0.281372,57427200
1988-07-14,0.281372,0.282426,0.278210,0.282426,34848000
1988-07-15,0.282426,0.283480,0.279264,0.282426,31579200
1988-07-18,0.283480,0.285587,0.282426,0.284534,20102400
1988-07-19,0.283480,0.284534,0.277157,0.278210,36460800
1988-07-20,0.280319,0.280319,0.268726,0.269780,111096000
1988-07-21,0.268726,0.269780,0.255026,0.257134,128937600
1988-07-22,0.256080,0.263457,0.255027,0.260295,68817600
1988-07-25,0.261350,0.263457,0.253973,0.255026,52704000
1988-07-26,0.244488,0.248703,0.239219,0.244488,228960000
1988-07-27,0.245542,0.248703,0.242381,0.242908,68140800
1988-07-28,0.242381,0.246596,0.240273,0.245542,57945600
1988-07-29,0.246596,0.252919,0.245542,0.250811,59385600
1988-08-01,0.251865,0.252919,0.246596,0.246596,51825600
1988-08-02,0.246596,0.247650,0.239219,0.242381,65476800
1988-08-03,0.241326,0.242381,0.233950,0.237111,91987200
1988-08-04,0.237111,0.238165,0.233950,0.233950,53496000
1988-08-05,0.233950,0.233950,0.218142,0.225519,201600000
1988-08-08,0.226573,0.226573,0.222357,0.224466,148320000
1988-08-09,0.223412,0.224466,0.214981,0.218142,138830400
1988-08-10,0.216035,0.218143,0.210766,0.212873,113169600
1988-08-11,0.214981,0.219196,0.210766,0.218142,123105600
1988-08-12,0.218142,0.220250,0.217089,0.219196,58262400
1988-08-15,0.219196,0.220250,0.210765,0.213927,41083200
1988-08-16,0.212873,0.222357,0.211819,0.221304,90878400
1988-08-17,0.221304,0.227100,0.216562,0.221304,59112000
1988-08-18,0.222357,0.224466,0.221304,0.222357,32025600
1988-08-19,0.222358,0.223412,0.211819,0.212873,67377600
1988-08-22,0.211819,0.212873,0.201281,0.202335,110174400
1988-08-23,0.203389,0.209712,0.201281,0.208131,88315200
1988-08-24,0.208658,0.217616,0.207604,0.217089,102585600
1988-08-25,0.211819,0.217089,0.210765,0.213927,72633600
1988-08-26,0.213927,0.218142,0.213927,0.216562,24451200
1988-08-29,0.219196,0.221304,0.218142,0.219723,35035200
1988-08-30,0.219196,0.220250,0.214981,0.216035,20966400
1988-08-31,0.217089,0.218142,0.207604,0.210766,71884800
1988-09-01,0.208658,0.209712,0.202335,0.206024,82382400
1988-09-02,0.209712,0.218143,0.208658,0.217089,115329600
1988-09-06,0.217089,0.221304,0.216035,0.219196,67752000
1988-09-07,0.220250,0.222357,0.213927,0.218142,72115200
1988-09-08,0.217089,0.224466,0.216035,0.219196,69206400
1988-09-09,0.218142,0.230788,0.217089,0.227627,111124800
1988-09-12,0.226573,0.231842,0.225519,0.226573,43257600
1988-09-13,0.224466,0.228681,0.222357,0.227627,40608000
1988-09-14,0.231315,0.232896,0.226573,0.227627,79214400
1988-09-15,0.227627,0.228681,0.219196,0.220250,72921600
1988-09-16,0.220250,0.221304,0.218142,0.219196,48700800
1988-09-19,0.221304,0.221304,0.214981,0.218142,44697600
1988-09-20,0.219196,0.224466,0.218142,0.224466,53625600
1988-09-21,0.225519,0.227627,0.225519,0.226573,16056000
1988-09-22,0.227627,0.231842,0.226573,0.229734,59688000
1988-09-23,0.229734,0.229734,0.226573,0.226573,35092800
1988-09-26,0.226573,0.227627,0.218143,0.220777,50212800
1988-09-27,0.219196,0.220250,0.217089,0.219196,35366400
1988-09-28,0.220250,0.223412,0.218142,0.223412,25516800
1988-09-29,0.222357,0.225519,0.221304,0.223412,56462400
1988-09-30,0.222357,0.223412,0.218142,0.220250,37252800
1988-10-03,0.216035,0.218142,0.212873,0.216562,41097600
1988-10-04,0.217089,0.219196,0.214454,0.215508,29260800
1988-10-05,0.216035,0.216035,0.210765,0.211819,67089600
1988-10-06,0.211819,0.213927,0.210766,0.210766,33609600
1988-10-07,0.210765,0.211819,0.201808,0.209712,208065600
1988-10-10,0.210766,0.210766,0.201281,0.207604,106358400
1988-10-11,0.209712,0.212873,0.206550,0.209712,65952000
1988-10-12,0.208658,0.218143,0.206551,0.213401,137534400
1988-10-13,0.212346,0.220250,0.211819,0.217089,82468800
1988-10-14,0.219196,0.220250,0.214981,0.216035,56764800
1988-10-17,0.216035,0.221304,0.216035,0.219196,25675200
1988-10-18,0.218142,0.222357,0.216035,0.221304,37224000
1988-10-19,0.225519,0.226573,0.220250,0.224466,80683200
1988-10-20,0.222358,0.227627,0.222358,0.225519,73296000
1988-10-21,0.223412,0.225519,0.221304,0.223412,24264000
1988-10-24,0.224466,0.224466,0.218669,0.219196,28627200
1988-10-25,0.219196,0.220250,0.210766,0.212873,74548800
1988-10-26,0.211819,0.212873,0.204443,0.209712,157420800
1988-10-27,0.207604,0.208658,0.201281,0.208658,114336000
1988-10-28,0.207604,0.209712,0.204443,0.208658,46540800
1988-10-31,0.207604,0.207604,0.204443,0.206550,41284800
1988-11-01,0.206550,0.209712,0.205497,0.205497,53280000
1988-11-02,0.205497,0.205497,0.197066,0.199174,221803200
1988-11-03,0.199174,0.201281,0.194432,0.199174,118339200
1988-11-04,0.196012,0.201281,0.196012,0.196012,106603200
1988-11-07,0.196012,0.198120,0.193904,0.197066,55065600
1988-11-08,0.199174,0.206550,0.198120,0.204970,56606400
1988-11-09,0.202335,0.210765,0.201281,0.209712,124732800
1988-11-10,0.209712,0.212873,0.206550,0.206550,78796800
1988-11-11,0.204443,0.206550,0.200227,0.200754,54936000
1988-11-14,0.202335,0.205497,0.200227,0.204443,34329600
1988-11-15,0.204443,0.204443,0.196012,0.198120,93902400
1988-11-16,0.198647,0.199174,0.191797,0.194959,199008000
1988-11-17,0.194958,0.197066,0.192850,0.193904,65865600
1988-11-18,0.194958,0.197066,0.192850,0.196539,34430400
1988-11-21,0.193904,0.194958,0.190743,0.193904,47102400
1988-11-22,0.193904,0.196012,0.191797,0.193904,30312000
1988-11-23,0.194959,0.198120,0.193904,0.197593,56548800
1988-11-25,0.194958,0.196012,0.192850,0.195485,11462400
1988-11-28,0.194958,0.200227,0.194958,0.198120,58737600
1988-11-29,0.198120,0.200227,0.197066,0.200227,21873600
1988-11-30,0.199174,0.201281,0.199174,0.199174,35193600
1988-12-01,0.200227,0.208658,0.198120,0.206550,82008000
1988-12-02,0.204443,0.211819,0.204443,0.209712,91497600
1988-12-05,0.209712,0.212873,0.205497,0.208658,70142400
1988-12-06,0.208658,0.209712,0.206550,0.209712,44366400
1988-12-07,0.208658,0.210766,0.207077,0.207604,30888000
1988-12-08,0.207604,0.208658,0.205497,0.206550,40176000
1988-12-09,0.205497,0.207604,0.204443,0.206550,22305600
1988-12-12,0.205497,0.206550,0.199700,0.199700,38894400
1988-12-13,0.199174,0.201281,0.199174,0.201281,39168000
1988-12-14,0.201281,0.205497,0.200227,0.203916,28008000
1988-12-15,0.206550,0.207604,0.204443,0.206550,23198400
1988-12-16,0.205497,0.211819,0.205497,0.209712,51796800
1988-12-19,0.213400,0.217089,0.212873,0.213927,83534400
1988-12-20,0.216562,0.221304,0.214981,0.216035,92188800
1988-12-21,0.217089,0.221304,0.216035,0.220250,46440000
1988-12-22,0.221304,0.223412,0.218142,0.219196,74592000
1988-12-23,0.218142,0.219196,0.217089,0.219196,17121600
1988-12-27,0.219196,0.221304,0.218142,0.218142,30772800
1988-12-28,0.219196,0.220250,0.218142,0.220250,21268800
1988-12-29,0.219196,0.225519,0.219196,0.224466,38275200
1988-12-30,0.225519,0.228681,0.224466,0.224466,63820800
1989-01-03,0.225519,0.226573,0.222357,0.226046,51825600
1989-01-04,0.225519,0.231315,0.225519,0.228681,53899200
1989-01-05,0.230788,0.230788,0.224466,0.224993,47246400
1989-01-06,0.225519,0.226573,0.223412,0.223412,59054400
1989-01-09,0.223412,0.224466,0.219723,0.221304,46008000
1989-01-10,0.220250,0.221304,0.218142,0.219196,54129600
1989-01-11,0.218669,0.221304,0.217089,0.221304,48297600
1989-01-12,0.220250,0.226573,0.220250,0.221304,54590400
1989-01-13,0.221304,0.224466,0.221304,0.223412,35568000
1989-01-16,0.224466,0.228154,0.222357,0.223939,27532800
1989-01-17,0.221831,0.222885,0.216035,0.217089,41745600
1989-01-18,0.218143,0.218143,0.211819,0.217089,63633600
1989-01-19,0.220250,0.226573,0.220250,0.225519,84297600
1989-01-20,0.225519,0.229208,0.224466,0.228154,61027200
1989-01-23,0.227627,0.227627,0.222885,0.223412,52228800
1989-01-24,0.223412,0.225519,0.221304,0.222357,56217600
1989-01-25,0.223412,0.224466,0.221304,0.223412,49046400
1989-01-26,0.221831,0.229734,0.221304,0.228681,87134400
1989-01-27,0.228154,0.238165,0.226573,0.233423,166420800
1989-01-30,0.233950,0.247650,0.232896,0.246596,110088000
1989-01-31,0.248703,0.253973,0.246596,0.251338,125092800
1989-02-01,0.250811,0.251865,0.248703,0.249757,131212800
1989-02-02,0.250811,0.265565,0.249757,0.256607,180028800
1989-02-03,0.255026,0.263457,0.252919,0.257134,91324800
1989-02-06,0.256080,0.257134,0.251865,0.255026,87580800
1989-02-07,0.255553,0.263457,0.255027,0.261877,127094400
1989-02-08,0.261350,0.269780,0.259242,0.263457,133315200
1989-02-09,0.261350,0.272942,0.260295,0.268726,199036800
1989-02-10,0.265565,0.267672,0.259768,0.260823,129038400
1989-02-13,0.259241,0.261350,0.257134,0.258188,94075200
1989-02-14,0.260823,0.262403,0.252919,0.253973,62956800
1989-02-15,0.255027,0.262403,0.253973,0.262403,81936000
1989-02-16,0.263457,0.267672,0.258188,0.264511,61387200
1989-02-17,0.265565,0.266619,0.262404,0.263457,29692800
1989-02-21,0.262403,0.264511,0.259242,0.260295,33753600
1989-02-22,0.259242,0.260295,0.252919,0.252919,95515200
1989-02-23,0.253973,0.256080,0.249757,0.254500,75945600
1989-02-24,0.253973,0.256080,0.247650,0.247650,76017600
1989-02-27,0.247650,0.253973,0.246596,0.251865,68788800
1989-02-28,0.252919,0.253973,0.248703,0.250811,43444800
1989-03-01,0.252919,0.253973,0.249757,0.249757,59889600
1989-03-02,0.249757,0.257134,0.249757,0.256080,92304000
1989-03-03,0.256080,0.261350,0.255027,0.260295,68947200
1989-03-06,0.260295,0.262404,0.257134,0.261350,56635200
1989-03-07,0.251865,0.252919,0.224466,0.225519,788688000
1989-03-08,0.226573,0.229734,0.220777,0.221304,253612800
1989-03-09,0.222357,0.222357,0.217089,0.218142,123307200
1989-03-10,0.217089,0.221304,0.214981,0.218142,66902400
1989-03-13,0.219196,0.222357,0.218142,0.222357,60206400
1989-03-14,0.224466,0.224466,0.220250,0.222357,63720000
1989-03-15,0.222357,0.222357,0.211819,0.211819,104889600
1989-03-16,0.213927,0.217089,0.212873,0.216035,102888000
1989-03-17,0.211819,0.212873,0.193904,0.196012,245577600
1989-03-20,0.195485,0.196012,0.192850,0.196012,238996800
1989-03-21,0.197066,0.210765,0.194958,0.210239,224467200
1989-03-22,0.208658,0.209712,0.204443,0.206550,167025600
1989-03-23,0.205497,0.211819,0.205497,0.211819,87811200
1989-03-27,0.210765,0.213400,0.208658,0.209712,75542400
1989-03-28,0.211819,0.212873,0.207604,0.209712,70804800
1989-03-29,0.209712,0.209712,0.207604,0.208658,30009600
1989-03-30,0.209712,0.210765,0.207077,0.210239,46742400
1989-03-31,0.210765,0.211819,0.208658,0.210239,29736000
1989-04-03,0.210765,0.213927,0.209185,0.211819,35049600
1989-04-04,0.211819,0.211819,0.208658,0.210766,25027200
1989-04-05,0.210766,0.212873,0.209712,0.212346,19641600
1989-04-06,0.212873,0.217089,0.211819,0.216035,51681600
1989-04-07,0.216035,0.218142,0.214981,0.216035,29448000
1989-04-10,0.216035,0.220250,0.216035,0.216562,28670400
1989-04-11,0.217089,0.219196,0.212346,0.216562,28728000
1989-04-12,0.218142,0.218142,0.200754,0.202862,71020800
1989-04-13,0.201281,0.212346,0.200227,0.205497,92880000
1989-04-14,0.207604,0.216035,0.207604,0.213927,62625600
1989-04-17,0.216035,0.220777,0.213927,0.217089,51638400
1989-04-18,0.221304,0.224466,0.219196,0.224466,69336000
1989-04-19,0.231842,0.235004,0.229734,0.231315,168969600
1989-04-20,0.231842,0.238165,0.229734,0.236058,138801600
1989-04-21,0.236058,0.236058,0.231842,0.232896,58190400
1989-04-24,0.231842,0.233950,0.229734,0.232369,29332800
1989-04-25,0.233950,0.235004,0.229734,0.230788,24897600
1989-04-26,0.231842,0.231842,0.226046,0.227627,44510400
1989-04-27,0.227627,0.231315,0.227627,0.230788,34588800
1989-04-28,0.230788,0.237111,0.226573,0.235531,69782400
1989-05-01,0.233423,0.236058,0.228681,0.230261,33739200
1989-05-02,0.230788,0.231842,0.225519,0.227627,34372800
1989-05-03,0.227627,0.230788,0.227627,0.227627,28857600
1989-05-04,0.228681,0.228681,0.220250,0.221304,37425600
1989-05-05,0.224466,0.224466,0.218142,0.219196,35827200
1989-05-08,0.219196,0.220250,0.214981,0.217089,49003200
1989-05-09,0.218142,0.225519,0.217089,0.223412,54590400
1989-05-10,0.225519,0.230788,0.224466,0.227627,58752000
1989-05-11,0.228681,0.228681,0.225519,0.227627,34401600
1989-05-12,0.230261,0.231842,0.225519,0.228681,71092800
1989-05-15,0.228154,0.231842,0.227627,0.230788,74736000
1989-05-16,0.230788,0.238165,0.229734,0.237111,83433600
1989-05-17,0.237638,0.244488,0.237638,0.241854,89812800
1989-05-18,0.241326,0.247123,0.241326,0.245542,52574400
1989-05-19,0.245015,0.250811,0.245015,0.245542,62568000
1989-05-22,0.245542,0.250811,0.243435,0.249757,74275200
1989-05-23,0.245542,0.248703,0.237111,0.238692,97545600
1989-05-24,0.236584,0.242381,0.235004,0.242381,69364800
1989-05-25,0.242381,0.246596,0.240273,0.242381,33840000
1989-05-26,0.244488,0.248703,0.243435,0.248177,37886400
1989-05-30,0.248703,0.251338,0.246596,0.248703,63907200
1989-05-31,0.248703,0.257134,0.248703,0.255026,80971200
1989-06-01,0.253973,0.256080,0.251865,0.252919,62798400
1989-06-02,0.253446,0.253973,0.245542,0.245542,54043200
1989-06-05,0.246596,0.246596,0.238165,0.239219,61416000
1989-06-06,0.239219,0.247123,0.238165,0.246596,53899200
1989-06-07,0.247650,0.252919,0.247650,0.251865,44928000
1989-06-08,0.251865,0.253973,0.250811,0.251865,29217600
1989-06-09,0.251865,0.253446,0.249757,0.251865,36144000
1989-06-12,0.251865,0.253973,0.247123,0.248703,51681600
1989-06-13,0.246069,0.246596,0.241326,0.241326,40564800
1989-06-14,0.243435,0.244488,0.238165,0.243435,47304000
1989-06-15,0.243434,0.243434,0.237111,0.239219,52113600
1989-06-16,0.238692,0.240273,0.237111,0.239219,47361600
1989-06-19,0.240273,0.240273,0.233950,0.238165,27158400
1989-06-20,0.238165,0.239219,0.229734,0.229734,45806400
1989-06-21,0.224466,0.236058,0.224466,0.231842,80496000
1989-06-22,0.232896,0.233950,0.231842,0.233950,36072000
1989-06-23,0.233950,0.236058,0.232896,0.233423,33537600
1989-06-26,0.232896,0.233950,0.228681,0.230788,30240000
1989-06-27,0.230788,0.232896,0.226573,0.227100,35899200
1989-06-28,0.227627,0.227627,0.219196,0.222357,57456000
1989-06-29,0.222885,0.222885,0.216035,0.219196,77198400
1989-06-30,0.219196,0.225519,0.216035,0.223412,67248000
1989-07-03,0.223939,0.228681,0.223939,0.227627,14688000
1989-07-05,0.229734,0.233950,0.227627,0.232896,26539200
1989-07-06,0.235004,0.236058,0.220777,0.222357,94780800
1989-07-07,0.222358,0.228681,0.221831,0.225519,41457600
1989-07-10,0.226573,0.231842,0.225519,0.231315,27259200
1989-07-11,0.231315,0.233950,0.224466,0.225519,43488000
1989-07-12,0.223412,0.225519,0.219196,0.224466,52156800
1989-07-13,0.223939,0.226573,0.221304,0.223412,33408000
1989-07-14,0.224466,0.225519,0.218142,0.222357,42768000
1989-07-17,0.222357,0.225519,0.221304,0.224466,31291200
1989-07-18,0.224466,0.228681,0.224466,0.225519,42984000
1989-07-19,0.227627,0.229734,0.224466,0.228154,29764800
1989-07-20,0.228681,0.232896,0.225519,0.225519,44524800
1989-07-21,0.223412,0.238165,0.222358,0.232896,99763200
1989-07-24,0.230788,0.235004,0.228681,0.232896,38361600
1989-07-25,0.231842,0.240273,0.217089,0.219196,326030400
1989-07-26,0.222357,0.224466,0.219196,0.222357,123638400
1989-07-27,0.226046,0.227627,0.224466,0.226573,45561600
1989-07-28,0.227627,0.229734,0.224466,0.228681,29217600
1989-07-31,0.227627,0.231842,0.226573,0.230788,33336000
1989-08-01,0.230788,0.232896,0.227627,0.228681,62136000
1989-08-02,0.227627,0.230788,0.227627,0.228681,28368000
1989-08-03,0.229208,0.232896,0.228681,0.231842,27590400
1989-08-04,0.230788,0.242381,0.229734,0.240273,178128000
1989-08-07,0.243435,0.244488,0.240273,0.243435,93571200
1989-08-08,0.242381,0.249757,0.242381,0.248703,110548800
1989-08-09,0.248176,0.252919,0.247650,0.247650,113774400
1989-08-10,0.248703,0.248703,0.245542,0.246596,48340800
1989-08-11,0.248703,0.250811,0.243435,0.243435,61473600
1989-08-14,0.243434,0.243434,0.240273,0.240273,68990400
1989-08-15,0.240273,0.244488,0.238692,0.242381,17856000
1989-08-16,0.243435,0.244488,0.233950,0.235531,46670400
1989-08-17,0.235004,0.239219,0.232896,0.238165,39960000
1989-08-18,0.238165,0.243435,0.238165,0.242381,24912000
1989-08-21,0.242381,0.243961,0.236058,0.236584,32097600
1989-08-22,0.236058,0.247650,0.236058,0.246069,64771200
1989-08-23,0.247123,0.251338,0.244488,0.249757,46094400
1989-08-24,0.252392,0.255027,0.245542,0.248703,92764800
1989-08-25,0.247650,0.249757,0.243435,0.248177,85147200
1989-08-28,0.247650,0.250811,0.245542,0.249230,28540800
1989-08-29,0.252392,0.252919,0.246069,0.246596,54417600
1989-08-30,0.247650,0.251338,0.246596,0.249757,40377600
1989-08-31,0.250811,0.251865,0.247650,0.247650,14198400
1989-09-01,0.248703,0.253973,0.247650,0.252392,44409600
1989-09-05,0.251865,0.257134,0.251338,0.252919,93340800
1989-09-06,0.251865,0.252919,0.247650,0.249757,42379200
1989-09-07,0.248703,0.249757,0.244488,0.245542,41904000
1989-09-08,0.244488,0.250811,0.243435,0.248703,39787200
1989-09-11,0.247650,0.250811,0.246596,0.250284,27907200
1989-09-12,0.250811,0.257134,0.249757,0.253973,67795200
1989-09-13,0.257134,0.267672,0.255027,0.262403,181022400
1989-09-14,0.264511,0.271888,0.262403,0.268726,78163200
1989-09-15,0.269780,0.271888,0.263457,0.264511,89150400
1989-09-18,0.263457,0.267672,0.263457,0.267672,39110400
1989-09-19,0.268726,0.269780,0.263457,0.263457,49204800
1989-09-20,0.264511,0.273995,0.262403,0.273995,72129600
1989-09-21,0.277157,0.281372,0.271888,0.276103,89352000
1989-09-22,0.276103,0.278210,0.272942,0.278210,43948800
1989-09-25,0.278210,0.286641,0.276103,0.282426,69940800
1989-09-26,0.282426,0.284534,0.280319,0.283480,39988800
1989-09-27,0.279264,0.284007,0.277157,0.280845,69235200
1989-09-28,0.280319,0.286641,0.280319,0.286641,41428800
1989-09-29,0.286641,0.292964,0.285587,0.288749,64324800
1989-10-02,0.287695,0.295072,0.286641,0.293491,50428800
1989-10-03,0.297179,0.297179,0.290330,0.290857,68918400
1989-10-04,0.290857,0.319310,0.288749,0.318256,260020800
1989-10-05,0.318257,0.346710,0.317202,0.334064,284760000
1989-10-06,0.335644,0.339333,0.329849,0.336171,87609600
1989-10-09,0.335117,0.345655,0.333010,0.344602,58536000
1989-10-10,0.347764,0.349871,0.340387,0.342494,68299200
1989-10-11,0.338279,0.339333,0.333010,0.337225,106401600
1989-10-12,0.337225,0.339333,0.329848,0.330902,58881600
1989-10-13,0.327741,0.328795,0.307718,0.309826,102643200
1989-10-16,0.298233,0.321418,0.290857,0.319310,253065600
1989-10-17,0.317202,0.343548,0.312987,0.331429,177206400
1989-10-18,0.332483,0.340387,0.330902,0.339333,134784000
1989-10-19,0.341440,0.362517,0.338279,0.355140,179424000
1989-10-20,0.354086,0.360409,0.347763,0.359355,93542400
1989-10-23,0.357248,0.361463,0.347763,0.350398,60912000
1989-10-24,0.347764,0.347764,0.331956,0.340913,157089600
1989-10-25,0.343548,0.348817,0.334064,0.336171,71481600
1989-10-26,0.331956,0.338279,0.326686,0.327741,135460800
1989-10-27,0.327741,0.328795,0.321418,0.324579,97041600
1989-10-30,0.328795,0.336171,0.328268,0.335644,45921600
1989-10-31,0.338279,0.345655,0.337225,0.344602,56563200
1989-11-01,0.344602,0.349871,0.344602,0.346183,74649600
1989-11-02,0.340913,0.340913,0.320364,0.321418,226051200
1989-11-03,0.322471,0.331956,0.321418,0.329848,98755200
1989-11-06,0.329848,0.336171,0.322471,0.325633,88027200
1989-11-07,0.326686,0.347237,0.325633,0.341440,131544000
1989-11-08,0.346183,0.356194,0.345655,0.350925,106488000
1989-11-09,0.354086,0.356194,0.347763,0.353032,111528000
1989-11-10,0.354086,0.358302,0.353032,0.356194,59169600
1989-11-13,0.356194,0.372001,0.353032,0.371474,178905600
1989-11-14,0.374109,0.376217,0.362517,0.364624,95241600
1989-11-15,0.365679,0.376217,0.363570,0.373055,94492800
1989-11-16,0.375163,0.376217,0.363571,0.368840,68054400
1989-11-17,0.369367,0.372001,0.365679,0.366206,31651200
1989-11-20,0.365679,0.365679,0.356194,0.364624,56937600
1989-11-21,0.364624,0.373055,0.364624,0.371474,67118400
1989-11-22,0.372001,0.373055,0.368840,0.372001,38232000
1989-11-24,0.374636,0.375163,0.368840,0.369367,17971200
1989-11-27,0.368840,0.369894,0.361463,0.365679,37281600
1989-11-28,0.366732,0.372001,0.363571,0.366732,56664000
1989-11-29,0.368840,0.370948,0.355140,0.360409,85896000
1989-11-30,0.354086,0.367786,0.353032,0.366732,111211200
1989-12-01,0.367259,0.369894,0.357775,0.358302,52070400
1989-12-04,0.358302,0.367786,0.355667,0.363571,40536000
1989-12-05,0.365679,0.367786,0.362517,0.365679,44049600
1989-12-06,0.364624,0.366732,0.356194,0.359355,57384000
1989-12-07,0.354086,0.363571,0.354086,0.360409,40348800
1989-12-08,0.360409,0.362517,0.349871,0.357248,107625600
1989-12-11,0.357248,0.357248,0.345655,0.349871,103377600
1989-12-12,0.353032,0.353032,0.339333,0.347763,93628800
1989-12-13,0.340386,0.347763,0.334063,0.337225,95788800
1989-12-14,0.333010,0.336171,0.328795,0.328795,61516800
1989-12-15,0.329848,0.330902,0.316148,0.324579,107164800
1989-12-18,0.325633,0.333010,0.324579,0.329848,78436800
1989-12-19,0.329849,0.339333,0.327741,0.338806,70473600
1989-12-20,0.342494,0.349871,0.340387,0.348817,111009600
1989-12-21,0.348817,0.351978,0.342494,0.351978,55022400
1989-12-22,0.351979,0.363571,0.348817,0.361463,54892800
1989-12-26,0.361990,0.364098,0.357248,0.360409,23817600
1989-12-27,0.362517,0.366733,0.359356,0.363571,62798400
1989-12-28,0.351978,0.361463,0.349871,0.359355,123091200
1989-12-29,0.360409,0.372001,0.359356,0.366732,77630400
1990-01-02,0.367786,0.374109,0.363044,0.374109,53035200
1990-01-03,0.377271,0.380432,0.373055,0.376217,113774400
1990-01-04,0.376217,0.387809,0.374109,0.387282,125740800
1990-01-05,0.385701,0.387809,0.377271,0.377797,69566400
1990-01-08,0.377271,0.383593,0.373055,0.383593,58982400
1990-01-09,0.383593,0.387809,0.380432,0.382540,70300800
1990-01-10,0.379378,0.384648,0.371474,0.372001,103766400
1990-01-11,0.374109,0.377271,0.358302,0.364624,95774400
1990-01-12,0.358829,0.367786,0.354086,0.363044,148910400
1990-01-15,0.361463,0.366732,0.359355,0.363044,62467200
1990-01-16,0.360409,0.376217,0.356194,0.374109,80092800
1990-01-17,0.370947,0.381486,0.366732,0.368840,97588800
1990-01-18,0.377797,0.400455,0.377271,0.400455,292363200
1990-01-19,0.401508,0.404670,0.394132,0.396766,99259200
1990-01-22,0.396240,0.396240,0.381486,0.382540,167688000
1990-01-23,0.383593,0.384648,0.376217,0.378324,139348800
1990-01-24,0.370948,0.382540,0.367259,0.382540,180345600
1990-01-25,0.385701,0.389916,0.381486,0.382540,112752000
1990-01-26,0.381486,0.384648,0.379378,0.382540,68083200
1990-01-29,0.385701,0.388863,0.380432,0.385701,55080000
1990-01-30,0.386755,0.389916,0.379378,0.384648,73108800
1990-01-31,0.387809,0.389916,0.384648,0.389916,112939200
1990-02-01,0.389916,0.397293,0.389916,0.395186,89193600
1990-02-02,0.392024,0.402562,0.392024,0.395186,71395200
1990-02-05,0.394659,0.397293,0.393078,0.397293,59731200
1990-02-06,0.396240,0.397293,0.388863,0.396240,81964800
1990-02-07,0.394132,0.399401,0.392024,0.393078,134150400
1990-02-08,0.394659,0.400455,0.393078,0.397293,95227200
1990-02-09,0.397293,0.399401,0.396240,0.398347,62380800
1990-02-12,0.398347,0.402562,0.396240,0.399401,56088000
1990-02-13,0.400455,0.401508,0.398347,0.399401,58752000
1990-02-14,0.401508,0.401508,0.398347,0.400455,35870400
1990-02-15,0.400455,0.413101,0.400455,0.408885,89496000
1990-02-16,0.414155,0.416262,0.412046,0.413101,70876800
1990-02-20,0.412046,0.423639,0.408885,0.422585,132652800
1990-02-21,0.416262,0.421531,0.403617,0.405197,103348800
1990-02-22,0.407832,0.414155,0.405724,0.406251,60811200
1990-02-23,0.403616,0.412047,0.402562,0.410993,56851200
1990-02-26,0.410993,0.421531,0.409939,0.418370,69220800
1990-02-27,0.419423,0.419423,0.413101,0.413101,62020800
1990-02-28,0.413101,0.420477,0.413101,0.416262,39312000
1990-03-01,0.415209,0.428908,0.415209,0.421531,76867200
1990-03-02,0.422585,0.439973,0.422059,0.437339,100209600
1990-03-05,0.436285,0.445769,0.431015,0.443662,75528000
1990-03-06,0.441554,0.442608,0.432070,0.440500,68630400
1990-03-07,0.441554,0.444716,0.433124,0.433124,47606400
1990-03-08,0.434177,0.452092,0.428908,0.447877,88977600
1990-03-09,0.446823,0.455254,0.443662,0.448931,75744000
1990-03-12,0.447877,0.458415,0.446823,0.456307,68875200
1990-03-13,0.457361,0.459469,0.447877,0.447877,85204800
1990-03-14,0.452093,0.458415,0.446823,0.454727,130968000
1990-03-15,0.454727,0.471061,0.454200,0.467899,81676800
1990-03-16,0.472115,0.485815,0.471061,0.480546,118900800
1990-03-19,0.479492,0.493192,0.476330,0.491084,81172800
1990-03-20,0.491084,0.492138,0.474223,0.476330,92145600
1990-03-21,0.475803,0.486869,0.473169,0.477384,69840000
1990-03-22,0.478438,0.479492,0.464738,0.468953,92419200
1990-03-23,0.472115,0.477384,0.459469,0.464738,53596800
1990-03-26,0.465792,0.474223,0.465265,0.470008,55929600
1990-03-27,0.468426,0.476330,0.466846,0.474223,52516800
1990-03-28,0.473169,0.473169,0.457361,0.467899,99532800
1990-03-29,0.465265,0.475276,0.463684,0.465792,64785600
1990-03-30,0.463684,0.467899,0.460523,0.466846,36691200
1990-04-02,0.462631,0.473696,0.460523,0.470008,74059200
1990-04-03,0.475277,0.490030,0.474223,0.488977,84643200
1990-04-04,0.488977,0.500569,0.486869,0.493192,79646400
1990-04-05,0.492665,0.493718,0.482653,0.482653,66369600
1990-04-06,0.483707,0.485815,0.477384,0.481600,72878400
1990-04-09,0.479492,0.485815,0.479492,0.482653,31176000
1990-04-10,0.483180,0.497407,0.482653,0.497407,45187200
1990-04-11,0.499515,0.510053,0.498461,0.510053,70372800
1990-04-12,0.513214,0.514268,0.505837,0.508999,48254400
1990-04-16,0.514268,0.520591,0.506891,0.512160,39470400
1990-04-17,0.511107,0.531130,0.503730,0.522699,66780000
1990-04-18,0.519538,0.520591,0.495299,0.511107,97797600
1990-04-19,0.505837,0.516376,0.499515,0.501622,58003200
1990-04-20,0.505837,0.510053,0.495299,0.499515,44661600
1990-04-23,0.496353,0.501622,0.482653,0.497407,64879200
1990-04-24,0.503730,0.503730,0.476330,0.488977,47916000
1990-04-25,0.491084,0.495299,0.480546,0.488977,53870400
1990-04-26,0.493192,0.495299,0.482653,0.483707,46296000
1990-04-27,0.481600,0.482653,0.468953,0.474223,57124800
1990-04-30,0.474223,0.488977,0.470008,0.488977,51451200
1990-05-01,0.495299,0.495299,0.478438,0.481600,52473600
1990-05-02,0.482653,0.493192,0.482653,0.491084,33264000
1990-05-03,0.493192,0.503730,0.491084,0.497407,45892800
1990-05-04,0.501622,0.520591,0.497407,0.520591,47815200
1990-05-07,0.522699,0.556422,0.518484,0.539560,97351200
1990-05-08,0.529022,0.535344,0.524806,0.529022,50824800
1990-05-09,0.530076,0.533237,0.522699,0.529022,35164800
1990-05-10,0.533237,0.547991,0.529022,0.543775,48801600
1990-05-11,0.547991,0.556421,0.533237,0.552206,49168800
1990-05-14,0.558529,0.560637,0.552206,0.554314,47232000
1990-05-15,0.552206,0.554313,0.541668,0.545883,54122400
1990-05-16,0.543775,0.545883,0.535345,0.545883,38556000
1990-05-17,0.545883,0.550098,0.541668,0.545883,41731200
1990-05-18,0.544829,0.583821,0.543775,0.575390,101822400
1990-05-21,0.579605,0.609113,0.579605,0.592251,159595200
1990-05-22,0.598574,0.609112,0.581713,0.602790,142437600
1990-05-23,0.607005,0.640728,0.605951,0.639673,141184800
1990-05-24,0.647051,0.663912,0.640728,0.644943,146649600
1990-05-25,0.625974,0.642835,0.623866,0.625974,104688000
1990-05-29,0.625974,0.636512,0.623866,0.634405,61480800
1990-05-30,0.641782,0.644943,0.630189,0.636512,65073600
1990-05-31,0.630189,0.636512,0.611220,0.615436,69436800
1990-06-01,0.617543,0.634405,0.615436,0.633351,69069600
1990-06-04,0.631244,0.651266,0.623867,0.644943,59162400
1990-06-05,0.651266,0.653374,0.613328,0.618597,80258400
1990-06-06,0.617543,0.628082,0.611220,0.615436,86292000
1990-06-07,0.617543,0.621759,0.598574,0.607005,90122400
1990-06-08,0.607005,0.621759,0.602790,0.619651,63770400
1990-06-11,0.615436,0.636513,0.615436,0.631244,58240800
1990-06-12,0.636512,0.640728,0.628081,0.639673,46656000
1990-06-13,0.639674,0.655481,0.633351,0.644943,80265600
1990-06-14,0.644943,0.647050,0.625974,0.636512,58204800
1990-06-15,0.628082,0.649158,0.628082,0.640728,51552000
1990-06-18,0.638620,0.642836,0.628082,0.631244,52790400
1990-06-19,0.630189,0.636512,0.621759,0.632297,41716800
1990-06-20,0.635459,0.655481,0.632297,0.654428,39564000
1990-06-21,0.653374,0.655481,0.640728,0.649158,34308000
1990-06-22,0.651266,0.655481,0.636512,0.638620,34034400
1990-06-25,0.637566,0.644943,0.625974,0.628082,68983200
1990-06-26,0.634404,0.637566,0.628081,0.630189,50198400
1990-06-27,0.630189,0.644943,0.628082,0.642835,35762400
1990-06-28,0.645997,0.651266,0.641782,0.644943,30052800
1990-06-29,0.644943,0.644943,0.634405,0.640728,34956000
1990-07-02,0.640728,0.640728,0.620705,0.621759,35474400
1990-07-03,0.618597,0.619651,0.602790,0.607005,79257600
1990-07-05,0.602790,0.611220,0.596467,0.609112,61855200
1990-07-06,0.608059,0.623866,0.604897,0.617543,41803200
1990-07-09,0.619651,0.630189,0.617543,0.625974,37317600
1990-07-10,0.625974,0.632297,0.619651,0.621759,29700000
1990-07-11,0.623866,0.638620,0.617543,0.636512,28922400
1990-07-12,0.634405,0.655481,0.634405,0.653374,89042400
1990-07-13,0.655481,0.678666,0.653374,0.660751,93628800
1990-07-16,0.663912,0.680774,0.661805,0.668127,48729600
1990-07-17,0.669181,0.670235,0.649158,0.655481,54475200
1990-07-18,0.651266,0.655481,0.636512,0.640728,41853600
1990-07-19,0.635458,0.647050,0.621759,0.647050,63136800
1990-07-20,0.649158,0.659697,0.615436,0.617543,87724800
1990-07-23,0.617543,0.623866,0.600682,0.607005,74203200
1990-07-24,0.611220,0.611220,0.562744,0.585929,137102400
1990-07-25,0.590144,0.604897,0.579605,0.602790,60148800
1990-07-26,0.600682,0.623866,0.556422,0.579605,303321600
1990-07-27,0.577498,0.590144,0.571175,0.581713,51019200
1990-07-30,0.577498,0.581713,0.554314,0.573282,87955200
1990-07-31,0.575390,0.578552,0.556422,0.560637,42307200
1990-08-01,0.558529,0.566960,0.537452,0.562744,111117600
1990-08-02,0.552206,0.562744,0.541668,0.556422,91771200
1990-08-03,0.552206,0.554313,0.508999,0.533237,117180000
1990-08-06,0.518484,0.522699,0.493192,0.510053,113184000
1990-08-07,0.516375,0.524806,0.505837,0.516375,91065600
1990-08-08,0.526914,0.539560,0.522699,0.535344,86263200
1990-08-09,0.539560,0.554313,0.533237,0.549045,77054400
1990-08-10,0.549045,0.554313,0.529022,0.543775,73188000
1990-08-13,0.537452,0.552206,0.533237,0.547991,53942400
1990-08-14,0.550098,0.555368,0.537453,0.541668,33710400
1990-08-15,0.545883,0.554313,0.541668,0.541668,51408000
1990-08-16,0.539560,0.543775,0.520591,0.520591,53330400
1990-08-17,0.514268,0.520591,0.505837,0.507945,95227200
1990-08-20,0.507945,0.510053,0.467899,0.467899,113601600
1990-08-21,0.457361,0.461577,0.427854,0.457361,165650400
1990-08-22,0.463685,0.467900,0.449984,0.453146,79236000
1990-08-23,0.442608,0.453146,0.429962,0.436285,107445600
1990-08-24,0.440500,0.486868,0.440500,0.482653,95443200
1990-08-27,0.497407,0.516375,0.497407,0.512160,110116800
1990-08-28,0.507945,0.533237,0.505837,0.530076,79826400
1990-08-29,0.526914,0.537453,0.505837,0.510053,77954400
1990-08-30,0.512160,0.525860,0.505837,0.505837,65383200
1990-08-31,0.505837,0.522699,0.499515,0.518484,40737600
1990-09-04,0.514268,0.526914,0.512161,0.524806,47376000
1990-09-05,0.526914,0.531129,0.493192,0.497407,54676800
1990-09-06,0.488976,0.493192,0.474223,0.484761,115617600
1990-09-07,0.480546,0.497407,0.476330,0.486868,53704800
1990-09-10,0.495299,0.505838,0.470008,0.470008,74246400
1990-09-11,0.472115,0.476330,0.459469,0.467899,78868800
1990-09-12,0.474223,0.486868,0.470008,0.483707,75016800
1990-09-13,0.488976,0.493192,0.480546,0.484761,49867200
1990-09-14,0.480546,0.507946,0.475277,0.503730,67672800
1990-09-17,0.501622,0.520591,0.499515,0.512160,70394400
1990-09-18,0.511107,0.525860,0.503730,0.520591,60638400
1990-09-19,0.531130,0.533237,0.520592,0.522699,52696800
1990-09-20,0.518484,0.522699,0.503730,0.503730,52444800
1990-09-21,0.503730,0.512160,0.493192,0.510053,79891200
1990-09-24,0.501622,0.505838,0.484761,0.493192,81439200
1990-09-25,0.502676,0.510053,0.495299,0.508999,53308800
1990-09-26,0.510053,0.512160,0.501622,0.507945,39268800
1990-09-27,0.514268,0.518484,0.491084,0.499515,65728800
1990-09-28,0.491084,0.535344,0.488976,0.531129,97984800
1990-10-01,0.545883,0.569067,0.543775,0.565906,131623200
1990-10-02,0.575390,0.577498,0.552206,0.555368,83469600
1990-10-03,0.552206,0.568014,0.550098,0.554314,57600000
1990-10-04,0.550098,0.554314,0.539560,0.540614,69292800
1990-10-05,0.531129,0.554313,0.524806,0.545883,82101600
1990-10-08,0.556422,0.560637,0.543775,0.556422,38678400
1990-10-09,0.550098,0.556421,0.526914,0.531129,66376800
1990-10-10,0.522699,0.524806,0.497407,0.501622,115596000
1990-10-11,0.503730,0.507946,0.480546,0.488977,83815200
1990-10-12,0.493192,0.495299,0.455254,0.480546,109252800
1990-10-15,0.486868,0.488977,0.467900,0.476330,130334400
1990-10-16,0.478438,0.485815,0.455254,0.460523,300888000
1990-10-17,0.461577,0.478438,0.451039,0.476330,135820800
1990-10-18,0.480546,0.518484,0.478438,0.515322,123739200
1990-10-19,0.522699,0.533237,0.510053,0.522699,170337600
1990-10-22,0.522699,0.545883,0.520591,0.539560,80294400
1990-10-23,0.537453,0.554313,0.533237,0.541668,71884800
1990-10-24,0.535344,0.552206,0.533237,0.551152,54734400
1990-10-25,0.552206,0.558529,0.539560,0.545883,51501600
1990-10-26,0.537453,0.543775,0.533237,0.534291,59126400
1990-10-29,0.537453,0.541668,0.522699,0.526915,67881600
1990-10-30,0.526914,0.541668,0.522699,0.538506,52567200
1990-10-31,0.543775,0.550098,0.537452,0.537452,61200000
1990-11-01,0.531129,0.541668,0.529022,0.535344,49442400
1990-11-02,0.535344,0.554313,0.533237,0.547991,74764800
1990-11-05,0.550098,0.556421,0.545883,0.553259,50702400
1990-11-06,0.554313,0.560637,0.535344,0.541668,59212800
1990-11-07,0.537452,0.545883,0.535344,0.537452,63100800
1990-11-08,0.535344,0.545883,0.531129,0.535344,43466400
1990-11-09,0.545883,0.552206,0.543775,0.545883,43344000
1990-11-12,0.556422,0.583821,0.556422,0.580659,87660000
1990-11-13,0.579605,0.585929,0.571175,0.578552,67658400
1990-11-14,0.577498,0.590144,0.575390,0.585929,59724000
1990-11-15,0.581713,0.583821,0.566960,0.572228,63129600
1990-11-16,0.569067,0.579606,0.566960,0.573282,67075200
1990-11-19,0.573282,0.588036,0.573282,0.585929,45554400
1990-11-20,0.583821,0.594359,0.574337,0.575390,68868000
1990-11-21,0.573282,0.581713,0.564852,0.579605,60739200
1990-11-23,0.583821,0.592251,0.577498,0.579605,22060800
1990-11-26,0.577498,0.594359,0.571175,0.592251,47577600
1990-11-27,0.594359,0.609113,0.588036,0.605951,63417600
1990-11-28,0.609113,0.613328,0.592251,0.593306,77623200
1990-11-29,0.592251,0.600682,0.588036,0.600682,65865600
1990-11-30,0.600682,0.625974,0.594359,0.609112,72165600
1990-12-03,0.617543,0.628081,0.613328,0.622813,68241600
1990-12-04,0.619651,0.634405,0.615436,0.628082,54547200
1990-12-05,0.628081,0.638620,0.625974,0.634405,68630400
1990-12-06,0.642835,0.647050,0.623866,0.630189,108201600
1990-12-07,0.625974,0.634405,0.609113,0.625974,81921600
1990-12-10,0.617543,0.635458,0.613328,0.623866,55526400
1990-12-11,0.617543,0.628081,0.607005,0.608059,61768800
1990-12-12,0.604898,0.613328,0.594359,0.611220,71560800
1990-12-13,0.615436,0.619651,0.604898,0.613328,50709600
1990-12-14,0.615436,0.625974,0.611220,0.620705,48636000
1990-12-17,0.615436,0.625974,0.611220,0.623866,27288000
1990-12-18,0.628081,0.638620,0.625974,0.634405,51876000
1990-12-19,0.635459,0.638620,0.630189,0.631244,34264800
1990-12-20,0.625974,0.640728,0.623866,0.636512,46994400
1990-12-21,0.638620,0.640728,0.634405,0.638620,33472800
1990-12-24,0.636512,0.636512,0.630189,0.634405,13550400
1990-12-26,0.634404,0.638619,0.628081,0.632297,16214400
1990-12-27,0.632297,0.634404,0.628081,0.630189,22629600
1990-12-28,0.628081,0.634404,0.625974,0.632297,20268000
1990-12-31,0.632297,0.634405,0.628081,0.634405,23702400
1991-01-02,0.632297,0.634404,0.630189,0.630189,38109600
1991-01-03,0.630189,0.640728,0.630189,0.634405,52826400
1991-01-04,0.632297,0.644943,0.632297,0.639673,58485600
1991-01-07,0.634405,0.655481,0.630189,0.631244,87552000
1991-01-08,0.630189,0.634405,0.615436,0.619651,76442400
1991-01-09,0.623866,0.638620,0.619651,0.623866,115624800
1991-01-10,0.625974,0.663912,0.625974,0.659697,123890400
1991-01-11,0.661804,0.666019,0.647050,0.657589,62006400
1991-01-14,0.651266,0.653374,0.636512,0.647050,58658400
1991-01-15,0.647051,0.670235,0.647051,0.660751,83440800
1991-01-16,0.661804,0.698688,0.659697,0.693419,139917600
1991-01-17,0.725033,0.727142,0.706065,0.708173,163526400
1991-01-18,0.695526,0.720818,0.693419,0.718711,103032000
1991-01-21,0.713441,0.758756,0.713441,0.754541,154512000
1991-01-22,0.755595,0.767187,0.736626,0.749272,113716800
1991-01-23,0.744002,0.760863,0.744002,0.750325,77083200
1991-01-24,0.752433,0.766133,0.748218,0.762971,86083200
1991-01-25,0.765079,0.767187,0.750325,0.754541,86889600
1991-01-28,0.750326,0.792479,0.750326,0.777725,130989600
1991-01-29,0.777725,0.795641,0.758757,0.779833,146980800
1991-01-30,0.779833,0.813556,0.771402,0.811448,148586400
1991-01-31,0.813555,0.838847,0.809340,0.827255,111420000
1991-02-01,0.834632,0.851493,0.819878,0.840955,117878400
1991-02-04,0.843062,0.849386,0.826201,0.835686,88236000
1991-02-05,0.836740,0.859924,0.826202,0.853601,88740000
1991-02-06,0.851493,0.897862,0.847278,0.891539,106351200
1991-02-07,0.895754,0.918939,0.862032,0.868355,133466400
1991-02-08,0.868355,0.883108,0.857816,0.876785,74232000
1991-02-11,0.877839,0.881001,0.862032,0.878893,152337600
1991-02-12,0.870462,0.883108,0.864139,0.870462,96206400
1991-02-13,0.864139,0.890485,0.857816,0.889431,95493600
1991-02-14,0.887324,0.889431,0.834632,0.849386,133704000
1991-02-15,0.855708,0.878893,0.853601,0.870462,115452000
1991-02-19,0.862032,0.872570,0.855709,0.864139,66564000
1991-02-20,0.857816,0.876785,0.855708,0.866246,52552800
1991-02-21,0.868355,0.872570,0.843063,0.843063,68277600
1991-02-22,0.840955,0.881001,0.840955,0.862032,105343200
1991-02-25,0.870463,0.876785,0.855709,0.868355,88524000
1991-02-26,0.855709,0.864139,0.847278,0.857816,55540800
1991-02-27,0.862031,0.891539,0.853601,0.887324,87674400
1991-02-28,0.893646,0.895754,0.870462,0.874677,55008000
1991-03-01,0.868355,0.895754,0.859924,0.891539,77724000
1991-03-04,0.891539,0.906293,0.881001,0.902077,47023200
1991-03-05,0.904185,0.948446,0.902077,0.940015,76356000
1991-03-06,0.948445,0.952660,0.899969,0.904184,101088000
1991-03-07,0.878893,0.906293,0.872570,0.876785,165391200
1991-03-08,0.881001,0.893646,0.857816,0.864139,134697600
1991-03-11,0.857816,0.864139,0.824094,0.836740,160970400
1991-03-12,0.828309,0.833578,0.806179,0.807232,152884800
1991-03-13,0.809340,0.852547,0.809340,0.847278,110268000
1991-03-14,0.855708,0.855708,0.817770,0.826201,100216800
1991-03-15,0.828309,0.832525,0.811448,0.814609,76932000
1991-03-18,0.811448,0.840955,0.809340,0.836740,66218400
1991-03-19,0.828309,0.851493,0.815663,0.834632,92505600
1991-03-20,0.834632,0.851493,0.832524,0.834632,83217600
1991-03-21,0.838847,0.849386,0.792479,0.798802,119188800
1991-03-22,0.796694,0.805125,0.784048,0.790371,95688000
1991-03-25,0.792479,0.832524,0.792479,0.828309,59824800
1991-03-26,0.832525,0.887324,0.832525,0.886269,89928000
1991-03-27,0.885215,0.921046,0.885215,0.908400,91936800
1991-03-28,0.904184,0.912615,0.893646,0.894700,30492000
1991-04-01,0.893646,0.908400,0.881001,0.899969,59205600
1991-04-02,0.906293,0.948446,0.899969,0.946338,96256800
1991-04-03,0.950553,0.984276,0.950553,0.958984,91778400
1991-04-04,0.961091,0.984276,0.950553,0.958984,73850400
1991-04-05,0.961091,0.963199,0.918938,0.927369,108914400
1991-04-08,0.927369,0.954769,0.923153,0.938961,46526400
1991-04-09,0.940015,0.954769,0.925261,0.929476,60768000
1991-04-10,0.925262,0.929477,0.889431,0.906293,74340000
1991-04-11,0.914722,0.940014,0.910507,0.935799,47937600
1991-04-12,0.923153,0.927369,0.874677,0.904184,176731200
1991-04-15,0.893646,0.963199,0.885216,0.958984,88819200
1991-04-16,0.958984,0.965307,0.927369,0.946338,81331200
1991-04-17,0.961091,0.990598,0.936854,0.940015,128383200
1991-04-18,0.937907,0.944230,0.910508,0.927369,88084800
1991-04-19,0.895753,0.923153,0.885215,0.904184,96588000
1991-04-22,0.893647,0.895754,0.857816,0.860978,139708800
1991-04-23,0.862031,0.868355,0.847278,0.856762,103910400
1991-04-24,0.855709,0.883108,0.847278,0.868355,82130400
1991-04-25,0.864139,0.874677,0.847278,0.849386,65707200
1991-04-26,0.845170,0.862032,0.832525,0.849386,88372800
1991-04-29,0.853601,0.855709,0.824094,0.824094,71258400
1991-04-30,0.824094,0.836739,0.809340,0.834632,115178400
1991-05-01,0.830417,0.849386,0.817771,0.849386,111628800
1991-05-02,0.853601,0.864139,0.845170,0.847278,66888000
1991-05-03,0.847278,0.853601,0.840955,0.853601,23047200
1991-05-06,0.847277,0.870462,0.845170,0.866246,44755200
1991-05-07,0.870463,0.874678,0.853601,0.853601,50904000
1991-05-08,0.851494,0.870463,0.845171,0.868355,57592800
1991-05-09,0.870462,0.893646,0.866247,0.891539,76298400
1991-05-10,0.895753,0.902077,0.859924,0.866246,52070400
1991-05-13,0.870462,0.874677,0.853601,0.869409,68745600
1991-05-14,0.865193,0.870463,0.849386,0.853601,58816800
1991-05-15,0.845170,0.847278,0.814609,0.826201,111160800
1991-05-16,0.836740,0.843063,0.830417,0.837793,70243200
1991-05-17,0.834632,0.838847,0.826201,0.836740,44812800
1991-05-20,0.838847,0.843062,0.824094,0.835686,65937600
1991-05-21,0.840955,0.870462,0.838847,0.859924,83570400
1991-05-22,0.866247,0.899969,0.862032,0.899969,88783200
1991-05-23,0.902077,0.925262,0.902077,0.923154,67752000
1991-05-24,0.927369,0.948445,0.923153,0.927369,67932000
1991-05-28,0.931584,0.942122,0.927369,0.933691,43941600
1991-05-29,0.937907,0.944230,0.925261,0.929476,64202400
1991-05-30,0.928423,0.942122,0.918938,0.929476,61833600
1991-05-31,0.931584,0.935800,0.910507,0.925261,81784800
1991-06-03,0.923153,0.946338,0.918938,0.944230,46951200
1991-06-04,0.944230,0.956876,0.931584,0.952660,35035200
1991-06-05,0.948445,0.963199,0.944230,0.944230,41385600
1991-06-06,0.950553,0.952661,0.931584,0.936854,32680800
1991-06-07,0.925261,0.929476,0.916831,0.929476,51984000
1991-06-10,0.929476,0.935800,0.925261,0.931584,29498400
1991-06-11,0.935800,0.952661,0.931584,0.932638,41846400
1991-06-12,0.933692,0.946338,0.929477,0.936854,51069600
1991-06-13,0.935799,0.946338,0.931584,0.935799,38001600
1991-06-14,0.937907,0.958983,0.935799,0.956876,46360800
1991-06-17,0.958983,0.967414,0.948445,0.956876,29419200
1991-06-18,0.954769,0.956876,0.925262,0.940015,46850400
1991-06-19,0.925261,0.925261,0.868355,0.871516,157039200
1991-06-20,0.851493,0.857816,0.834632,0.849386,187999200
1991-06-21,0.853601,0.868355,0.853601,0.862032,67680000
1991-06-24,0.851493,0.855708,0.821986,0.827255,79696800
1991-06-25,0.836739,0.845170,0.826201,0.832524,97228800
1991-06-26,0.834632,0.855708,0.828309,0.849386,96638400
1991-06-27,0.856762,0.863085,0.844116,0.859924,56510400
1991-06-28,0.856762,0.869408,0.828309,0.861505,61526400
1991-07-01,0.869409,0.905766,0.856762,0.902604,72388800
1991-07-02,0.901023,0.913669,0.859924,0.861505,43920000
1991-07-03,0.815663,0.821986,0.780887,0.809340,191630400
1991-07-05,0.806179,0.806179,0.777725,0.780887,78758400
1991-07-08,0.768241,0.850440,0.765079,0.847278,109185600
1991-07-09,0.853601,0.869408,0.840955,0.858343,76948800
1991-07-10,0.863085,0.869408,0.821986,0.825147,67310400
1991-07-11,0.831471,0.844117,0.821986,0.837793,51148800
1991-07-12,0.847277,0.866246,0.834632,0.859924,35174400
1991-07-15,0.869409,0.888378,0.866247,0.883635,36763200
1991-07-16,0.885216,0.885216,0.853601,0.853601,42734400
1991-07-17,0.831471,0.856762,0.821986,0.856762,40526400
1991-07-18,0.859924,0.875731,0.844116,0.847278,25656000
1991-07-19,0.853601,0.859924,0.834632,0.856762,24441600
1991-07-22,0.844117,0.869409,0.840955,0.853601,35136000
1991-07-23,0.859924,0.863085,0.840955,0.840955,35596800
1991-07-24,0.847277,0.850439,0.821986,0.828309,54321600
1991-07-25,0.847278,0.859924,0.833051,0.834632,90211200
1991-07-26,0.847278,0.907346,0.844116,0.897862,149294400
1991-07-29,0.897862,0.901023,0.869409,0.888378,136468800
1991-07-30,0.891539,0.923153,0.882054,0.919992,78038400
1991-07-31,0.923153,0.935800,0.919992,0.929476,111628800
1991-08-01,0.932638,0.935800,0.923153,0.926315,53942400
1991-08-02,0.932638,0.945284,0.926315,0.926315,81369600
1991-08-05,0.926316,0.926316,0.907347,0.913670,28252800
1991-08-06,0.913669,0.948445,0.913669,0.942122,53097600
1991-08-07,0.945284,0.967414,0.942122,0.961091,69235200
1991-08-08,0.961091,1.002190,0.961091,0.999029,91852800
1991-08-09,0.995867,1.036967,0.989544,1.021160,114806400
1991-08-12,1.008514,1.059098,1.008514,1.049613,56899200
1991-08-13,1.059097,1.059097,1.040128,1.043290,94497600
1991-08-14,1.046451,1.055935,1.036966,1.043290,67008000
1991-08-15,1.043290,1.052774,1.024321,1.030644,45460800
1991-08-16,1.021160,1.041709,1.014837,1.033806,52075200
1991-08-19,0.980060,1.027483,0.973738,1.014837,85425600
1991-08-20,1.019579,1.035386,1.011675,1.017998,57326400
1991-08-21,1.036967,1.068582,1.033805,1.062259,73214400
1991-08-22,1.065420,1.078066,1.052774,1.062259,43627200
1991-08-23,1.062258,1.093873,1.062258,1.078066,43161600
1991-08-26,1.071743,1.078066,1.055935,1.078066,44136000
1991-08-27,1.071744,1.074905,1.062259,1.071744,34204800
1991-08-28,1.071744,1.097036,1.068582,1.082809,41558400
1991-08-29,1.087551,1.093873,1.074905,1.084389,27974400
1991-08-30,1.084389,1.090712,1.068582,1.078066,22032000
1991-09-03,1.074905,1.074905,1.043290,1.051194,33494400
1991-09-04,1.052774,1.055936,1.024321,1.044870,38467200
1991-09-05,1.049613,1.049613,1.011675,1.017998,58459200
1991-09-06,1.024321,1.040128,1.014836,1.021160,50788800
1991-09-09,1.021160,1.030644,1.014836,1.021160,31915200
1991-09-10,1.036967,1.043290,1.011675,1.011675,65937600
1991-09-11,1.017998,1.040129,1.017998,1.036967,64032000
1991-09-12,1.049613,1.084389,1.049613,1.082809,53808000
1991-09-13,1.081228,1.084389,1.043290,1.049613,51360000
1991-09-16,1.049613,1.055936,1.040129,1.049613,21686400
1991-09-17,1.046451,1.071743,1.036967,1.068582,23366400
1991-09-18,1.062259,1.081228,1.059098,1.071744,26942400
1991-09-19,1.074905,1.103358,1.071744,1.090712,51364800
1991-09-20,1.097035,1.100197,1.087551,1.093873,30316800
1991-09-23,1.090712,1.093874,1.068582,1.073324,49771200
1991-09-24,1.078067,1.116004,1.078067,1.112843,47625600
1991-09-25,1.112843,1.117585,1.093874,1.109681,25766400
1991-09-26,1.106520,1.138135,1.103358,1.128650,48000000
1991-09-27,1.131811,1.131811,1.109681,1.116004,33273600
1991-09-30,1.116004,1.131811,1.100196,1.125489,27700800
1991-10-01,1.125489,1.128650,1.112843,1.123908,19627200
1991-10-02,1.119165,1.144457,1.090712,1.100196,67219200
1991-10-03,1.093873,1.116004,1.090712,1.106520,34632000
1991-10-04,1.112842,1.125488,1.106519,1.114423,26457600
1991-10-07,1.103358,1.123908,1.097036,1.119166,27187200
1991-10-08,1.112842,1.131811,1.112842,1.128650,37708800
1991-10-09,1.131811,1.153942,1.128650,1.131811,60931200
1991-10-10,1.144458,1.144458,1.119165,1.134973,42048000
1991-10-11,1.147619,1.150780,1.109681,1.133392,69921600
1991-10-14,1.138134,1.166588,1.138134,1.166588,50625600
1991-10-15,1.166587,1.166587,1.147619,1.155522,57854400
1991-10-16,1.157103,1.157103,1.136554,1.147619,100200000
1991-10-17,1.147619,1.147619,1.119166,1.128650,95563200
1991-10-18,1.138135,1.153942,1.134973,1.138135,37843200
1991-10-21,1.138135,1.157104,1.134973,1.150780,28704000
1991-10-22,1.157103,1.172911,1.153942,1.155522,32496000
1991-10-23,1.160265,1.163426,1.134973,1.141296,36724800
1991-10-24,1.144458,1.144458,1.128650,1.141296,26942400
1991-10-25,1.141296,1.147619,1.128650,1.131811,28080000
1991-10-28,1.131811,1.141296,1.109681,1.141296,37953600
1991-10-29,1.141295,1.147619,1.134973,1.147619,36523200
1991-10-30,1.147619,1.198202,1.147619,1.195041,65592000
1991-10-31,1.195042,1.204526,1.179234,1.187138,41092800
1991-11-01,1.182395,1.185556,1.163426,1.171330,34296000
1991-11-04,1.166588,1.169749,1.147619,1.150780,28838400
1991-11-05,1.153942,1.195041,1.150780,1.185557,51739200
1991-11-06,1.188718,1.207687,1.179234,1.204526,38308800
1991-11-07,1.207687,1.210848,1.195041,1.198202,20894400
1991-11-08,1.201365,1.223495,1.201365,1.204526,36494400
1991-11-11,1.214010,1.239302,1.209268,1.232979,40564800
1991-11-12,1.242463,1.274078,1.239302,1.263013,80035200
1991-11-13,1.258271,1.286725,1.248787,1.277240,57523200
1991-11-14,1.283562,1.283562,1.248786,1.255109,44371200
1991-11-15,1.251948,1.270917,1.198203,1.201365,71592000
1991-11-18,1.204526,1.236140,1.201364,1.229818,72432000
1991-11-19,1.217171,1.231398,1.191880,1.217171,71976000
1991-11-20,1.226655,1.232979,1.214010,1.220333,36441600
1991-11-21,1.217171,1.229818,1.210849,1.229818,35558400
1991-11-22,1.226656,1.232979,1.204525,1.214010,38102400
1991-11-25,1.210849,1.226656,1.204526,1.209268,33724800
1991-11-26,1.215591,1.217171,1.172911,1.195041,58809600
1991-11-27,1.191880,1.207687,1.188718,1.204526,15009600
1991-11-29,1.198202,1.236140,1.198202,1.229818,20524800
1991-12-02,1.217171,1.283562,1.214010,1.280401,55852800
1991-12-03,1.277240,1.299370,1.258271,1.281982,64996800
1991-12-04,1.286725,1.302532,1.264594,1.289886,36297600
1991-12-05,1.286724,1.293047,1.274078,1.286724,24892800
1991-12-06,1.283563,1.330985,1.277240,1.318339,51580800
1991-12-09,1.305694,1.312016,1.280402,1.289886,57720000
1991-12-10,1.289886,1.289886,1.264594,1.286724,46252800
1991-12-11,1.291467,1.299371,1.258272,1.274079,39134400
1991-12-12,1.277240,1.305694,1.270917,1.289886,36979200
1991-12-13,1.293047,1.299371,1.283563,1.289886,26193600
1991-12-16,1.289885,1.293046,1.274078,1.291466,27225600
1991-12-17,1.289886,1.308855,1.267755,1.288305,27480000
1991-12-18,1.289886,1.305694,1.280401,1.300951,33561600
1991-12-19,1.294628,1.305693,1.280401,1.299370,38116800
1991-12-20,1.315178,1.327824,1.293047,1.305694,35356800
1991-12-23,1.305694,1.349954,1.296209,1.349954,46113600
1991-12-24,1.349954,1.359439,1.340470,1.343632,23995200
1991-12-26,1.343631,1.368923,1.337308,1.364181,24326400
1991-12-27,1.368923,1.410022,1.362600,1.395795,36657600
1991-12-30,1.397376,1.406861,1.384731,1.400538,35524800
1991-12-31,1.400538,1.416345,1.375246,1.406861,40512000
1992-01-02,1.400538,1.451122,1.384731,1.441638,74265600
1992-01-03,1.441637,1.444798,1.413183,1.428991,38246400
1992-01-06,1.432153,1.489059,1.421087,1.473252,63057600
1992-01-07,1.473252,1.520674,1.463767,1.517513,64363200
1992-01-08,1.504867,1.590227,1.501705,1.571258,90763200
1992-01-09,1.571258,1.631326,1.568096,1.609196,88348800
1992-01-10,1.606034,1.615518,1.568096,1.583904,64641600
1992-01-13,1.568097,1.629746,1.552290,1.607616,52804800
1992-01-14,1.612357,1.625003,1.593388,1.621842,44006400
1992-01-15,1.628165,1.685072,1.621842,1.662941,65294400
1992-01-16,1.659779,1.669264,1.612357,1.615518,58761600
1992-01-17,1.615518,1.637649,1.564935,1.599711,85027200
1992-01-20,1.609196,1.609196,1.549127,1.549127,58862400
1992-01-21,1.545966,1.555450,1.466929,1.509609,120019200
1992-01-22,1.517513,1.587065,1.504867,1.587065,56131200
1992-01-23,1.587065,1.636069,1.564935,1.580743,75590400
1992-01-24,1.574419,1.587065,1.568096,1.576000,37756800
1992-01-27,1.577581,1.587065,1.523836,1.525416,46233600
1992-01-28,1.530158,1.539643,1.466929,1.526997,95539200
1992-01-29,1.549128,1.590227,1.539643,1.574420,97344000
1992-01-30,1.574419,1.577581,1.536482,1.561774,41923200
1992-01-31,1.561774,1.564935,1.514351,1.520674,49948800
1992-02-03,1.495383,1.587065,1.485898,1.580743,80265600
1992-02-04,1.583904,1.593389,1.549128,1.574420,58440000
1992-02-05,1.577581,1.625003,1.561774,1.609196,71212800
1992-02-06,1.599712,1.631326,1.590227,1.596550,62356800
1992-02-07,1.596550,1.612357,1.568096,1.590227,36499200
1992-02-10,1.588647,1.593389,1.542805,1.574420,41371200
1992-02-11,1.571258,1.577580,1.536481,1.549127,41078400
1992-02-12,1.500124,1.602873,1.500124,1.590227,83342400
1992-02-13,1.587065,1.599711,1.536481,1.549127,97358400
1992-02-14,1.545966,1.549128,1.492221,1.498544,82632000
1992-02-18,1.508028,1.545966,1.492220,1.495382,73694400
1992-02-19,1.492221,1.492221,1.435315,1.455865,145372800
1992-02-20,1.466929,1.508028,1.463767,1.485898,74323200
1992-02-21,1.479575,1.498544,1.438476,1.447960,91118400
1992-02-24,1.447960,1.473251,1.428991,1.452702,59049600
1992-02-25,1.454283,1.473252,1.432153,1.463767,57388800
1992-02-26,1.466929,1.542805,1.466929,1.542805,100670400
1992-02-27,1.552289,1.583904,1.552289,1.579162,79579200
1992-02-28,1.580743,1.599711,1.545966,1.561774,58276800
1992-03-02,1.564935,1.590227,1.539643,1.555451,34876800
1992-03-03,1.561774,1.583905,1.549128,1.558612,27734400
1992-03-04,1.558611,1.571258,1.539643,1.549127,33086400
1992-03-05,1.549126,1.558611,1.508027,1.533319,55689600
1992-03-06,1.526997,1.542804,1.476413,1.495382,61867200
1992-03-09,1.501705,1.523836,1.495383,1.504867,30427200
1992-03-10,1.511190,1.552290,1.508029,1.539643,45480000
1992-03-11,1.545966,1.558612,1.508028,1.520674,39532800
1992-03-12,1.520675,1.536482,1.498544,1.531740,50025600
1992-03-13,1.549127,1.555451,1.523836,1.530159,36763200
1992-03-16,1.530158,1.571258,1.523836,1.571258,55132800
1992-03-17,1.585485,1.628165,1.577581,1.618681,94473600
1992-03-18,1.625003,1.631326,1.593388,1.598131,69230400
1992-03-19,1.606034,1.647133,1.596549,1.612357,111576000
1992-03-20,1.612358,1.631327,1.612358,1.625004,35774400
1992-03-23,1.625004,1.634488,1.615519,1.625004,37843200
1992-03-24,1.631326,1.642391,1.599711,1.612357,70228800
1992-03-25,1.612358,1.634488,1.606035,1.625004,36739200
1992-03-26,1.628165,1.631326,1.571258,1.580743,60403200
1992-03-27,1.574418,1.580742,1.511189,1.533319,89971200
1992-03-30,1.536482,1.542805,1.517513,1.517513,40713600
1992-03-31,1.523836,1.542805,1.489060,1.498544,86702400
1992-04-01,1.482737,1.526998,1.479575,1.523836,74203200
1992-04-02,1.523836,1.536481,1.476413,1.479575,56918400
1992-04-03,1.485898,1.508028,1.476413,1.485898,59534400
1992-04-06,1.489058,1.538061,1.489058,1.533319,40123200
1992-04-07,1.542805,1.549127,1.463767,1.466929,72758400
1992-04-08,1.463767,1.485898,1.432153,1.482736,105388800
1992-04-09,1.495382,1.520674,1.474833,1.517513,70008000
1992-04-10,1.533320,1.542805,1.441637,1.466929,126446400
1992-04-13,1.476413,1.493801,1.444798,1.485898,45552000
1992-04-14,1.495382,1.520674,1.473252,1.479575,72806400
1992-04-15,1.628165,1.634487,1.599711,1.629745,223305600
1992-04-16,1.631326,1.631326,1.606034,1.613938,66393600
1992-04-20,1.574419,1.580742,1.460606,1.493801,226118400
1992-04-21,1.495383,1.498544,1.460606,1.468510,99244800
1992-04-22,1.473252,1.498544,1.447960,1.487479,61790400
1992-04-23,1.498544,1.504867,1.419507,1.463767,115334400
1992-04-24,1.466929,1.476413,1.416344,1.419506,90393600
1992-04-27,1.422668,1.473251,1.422668,1.432152,99585600
1992-04-28,1.438475,1.447960,1.353115,1.378407,199876800
1992-04-29,1.384730,1.410022,1.368923,1.408442,137308800
1992-04-30,1.416345,1.425830,1.387892,1.394215,95870400
1992-05-01,1.397376,1.441637,1.394215,1.438475,62083200
1992-05-04,1.435314,1.466930,1.422669,1.441638,73920000
1992-05-05,1.438476,1.485898,1.432153,1.473252,59246400
1992-05-06,1.479575,1.482736,1.460606,1.466929,50016000
1992-05-07,1.466930,1.473252,1.444799,1.454283,40579200
1992-05-08,1.466929,1.479575,1.432153,1.447960,59822400
1992-05-11,1.451122,1.457445,1.432153,1.441638,41112000
1992-05-12,1.451121,1.457444,1.425829,1.444798,49905600
1992-05-13,1.438476,1.444799,1.403700,1.425830,64320000
1992-05-14,1.425830,1.428992,1.381569,1.400538,72307200
1992-05-15,1.394214,1.410022,1.384730,1.391053,40814400
1992-05-18,1.400538,1.435314,1.397377,1.425830,37526400
1992-05-19,1.432153,1.447960,1.432153,1.447960,51240000
1992-05-20,1.447960,1.479574,1.447960,1.476413,58800000
1992-05-21,1.479575,1.479575,1.457444,1.474833,48566400
1992-05-22,1.479575,1.479575,1.454283,1.463767,36969600
1992-05-26,1.466929,1.479575,1.454283,1.460606,38217600
1992-05-27,1.463768,1.470091,1.451122,1.454283,31166400
1992-05-28,1.451122,1.511190,1.447960,1.504867,62702400
1992-05-29,1.514351,1.545966,1.511190,1.530159,89918400
1992-06-01,1.523836,1.571258,1.517513,1.571258,68529600
1992-06-02,1.571258,1.574419,1.545966,1.553869,42585600
1992-06-03,1.549128,1.571258,1.549128,1.555451,28190400
1992-06-04,1.558612,1.561774,1.549127,1.550709,41755200
1992-06-05,1.549127,1.555451,1.526997,1.530159,40939200
1992-06-08,1.526997,1.530158,1.495382,1.495382,40228800
1992-06-09,1.498544,1.504867,1.441637,1.454283,84604800
1992-06-10,1.457444,1.460606,1.416345,1.422668,65457600
1992-06-11,1.422668,1.457445,1.359438,1.365761,130732800
1992-06-12,1.394214,1.428991,1.376826,1.422668,138028800
1992-06-15,1.422669,1.479576,1.422669,1.436896,54940800
1992-06-16,1.432153,1.451122,1.375246,1.379989,57376000
1992-06-17,1.375246,1.389473,1.356277,1.372875,70032000
1992-06-18,1.384730,1.417926,1.346792,1.370504,53356800
1992-06-19,1.394215,1.408442,1.379989,1.394215,43110400
1992-06-22,1.389473,1.413183,1.356277,1.408442,54080000
1992-06-23,1.417927,1.436895,1.379989,1.394215,57420800
1992-06-24,1.398957,1.398957,1.361019,1.370504,34096000
1992-06-25,1.370504,1.370504,1.261433,1.327824,165340800
1992-06-26,1.318339,1.323082,1.247206,1.266175,140982400
1992-06-29,1.299370,1.379988,1.294628,1.370504,90963200
1992-06-30,1.379989,1.384731,1.318339,1.327824,74048000
1992-07-01,1.332566,1.379989,1.318339,1.368133,45136000
1992-07-02,1.379989,1.384731,1.304113,1.325453,80563200
1992-07-06,1.327824,1.332566,1.285144,1.318339,36224000
1992-07-07,1.323082,1.323082,1.275660,1.289886,54396800
1992-07-08,1.289886,1.308855,1.242463,1.301741,93417600
1992-07-09,1.308855,1.342051,1.294629,1.308855,61174400
1992-07-10,1.313597,1.327824,1.282772,1.318339,28905600
1992-07-13,1.323082,1.351535,1.299371,1.327824,35113600
1992-07-14,1.337308,1.356276,1.332566,1.349163,41116800
1992-07-15,1.361019,1.389473,1.346792,1.356277,80172800
1992-07-16,1.346792,1.370504,1.342050,1.370504,42291200
1992-07-17,1.361019,1.365761,1.323082,1.332566,59865600
1992-07-20,1.318339,1.332566,1.299370,1.313597,48707200
1992-07-21,1.327823,1.379988,1.318339,1.361019,45907200
1992-07-22,1.361020,1.361020,1.318339,1.327824,59008000
1992-07-23,1.323082,1.370504,1.304113,1.346792,68441600
1992-07-24,1.349164,1.398958,1.346793,1.379989,76259200
1992-07-27,1.379989,1.394215,1.370504,1.384731,30512000
1992-07-28,1.394215,1.413183,1.379988,1.403699,45363200
1992-07-29,1.413183,1.417926,1.365761,1.403699,145273600
1992-07-30,1.394215,1.413184,1.384731,1.387102,32035200
1992-07-31,1.394215,1.394215,1.370504,1.379989,35312000
1992-08-03,1.379988,1.408441,1.365761,1.398957,31516800
1992-08-04,1.403699,1.413184,1.394215,1.401328,31430400
1992-08-05,1.398957,1.398957,1.351535,1.365761,60150400
1992-08-06,1.356277,1.365761,1.332566,1.356277,3705600
1992-08-07,1.356277,1.398957,1.337308,1.342050,55008000
1992-08-10,1.346793,1.375246,1.342051,1.344422,42067200
1992-08-11,1.351535,1.363391,1.327824,1.353906,33436800
1992-08-12,1.361019,1.375246,1.342051,1.346792,30441600
1992-08-13,1.351535,1.361020,1.337308,1.344422,28227200
1992-08-14,1.346792,1.361019,1.342051,1.346792,33942400
1992-08-17,1.342051,1.346793,1.318339,1.318339,63318400
1992-08-18,1.308855,1.342051,1.289886,1.318339,66313600
1992-08-19,1.318339,1.337308,1.304113,1.313597,27433600
1992-08-20,1.318339,1.342050,1.308854,1.334937,36534400
1992-08-21,1.337308,1.344421,1.308855,1.323081,52710400
1992-08-24,1.320711,1.327824,1.304113,1.308855,42800000
1992-08-25,1.304112,1.342050,1.299370,1.334937,37123200
1992-08-26,1.332566,1.370504,1.332566,1.358648,50016000
1992-08-27,1.365761,1.403699,1.365761,1.396586,88028800
1992-08-28,1.394215,1.413184,1.394215,1.410813,49468800
1992-08-31,1.408442,1.422669,1.394215,1.413184,25651200
1992-09-01,1.403700,1.415555,1.389473,1.413184,30825600
1992-09-02,1.413184,1.436895,1.398957,1.429782,61955200
1992-09-03,1.436895,1.465348,1.432152,1.453492,85296000
1992-09-04,1.446380,1.451122,1.432153,1.441638,28585600
1992-09-08,1.441638,1.458236,1.427411,1.455865,49376000
1992-09-09,1.455864,1.486688,1.451121,1.481946,60982400
1992-09-10,1.484318,1.498544,1.470091,1.498544,53302400
1992-09-11,1.489059,1.503286,1.479575,1.493801,30796800
1992-09-14,1.512771,1.555450,1.512771,1.550709,95100800
1992-09-15,1.545966,1.550708,1.517512,1.541224,44614400
1992-09-16,1.512771,1.550709,1.508028,1.524626,35708800
1992-09-17,1.526997,1.545966,1.522255,1.538853,23590400
1992-09-18,1.541224,1.545966,1.486688,1.515142,71683200
1992-09-21,1.493802,1.508028,1.484317,1.500915,31811200
1992-09-22,1.498543,1.500914,1.470090,1.474833,30777600
1992-09-23,1.474833,1.512771,1.470090,1.500915,37654400
1992-09-24,1.503287,1.526997,1.503287,1.522256,36953600
1992-09-25,1.522255,1.524626,1.441637,1.493801,41817600
1992-09-28,1.451122,1.484318,1.446380,1.460606,52854400
1992-09-29,1.460606,1.498543,1.460606,1.493801,39392000
1992-09-30,1.512771,1.526997,1.493802,1.526997,59843200
1992-10-01,1.517513,1.536482,1.508028,1.510399,47804800
1992-10-02,1.503286,1.512770,1.479575,1.493801,36803200
1992-10-05,1.489059,1.550709,1.436895,1.550709,71347200
1992-10-06,1.560193,1.583904,1.541224,1.564935,74316800
1992-10-07,1.564935,1.598131,1.536482,1.538853,58153600
1992-10-08,1.560194,1.602873,1.550709,1.581533,59532800
1992-10-09,1.583904,1.583904,1.545966,1.562564,40182400
1992-10-12,1.574420,1.593389,1.569678,1.591018,34700800
1992-10-13,1.607615,1.619470,1.579162,1.598131,86643200
1992-10-14,1.600501,1.612357,1.574419,1.583904,47456000
1992-10-15,1.579162,1.607615,1.569677,1.602872,35942400
1992-10-16,1.607615,1.621841,1.588646,1.619470,47644800
1992-10-19,1.612357,1.674007,1.612357,1.666893,83280000
1992-10-20,1.674007,1.702460,1.650295,1.666893,84150400
1992-10-21,1.674007,1.707202,1.664523,1.707202,60396800
1992-10-22,1.707202,1.711945,1.674007,1.702460,49174400
1992-10-23,1.711945,1.711945,1.674007,1.681120,46006400
1992-10-26,1.678749,1.711945,1.664523,1.707202,40121600
1992-10-27,1.707202,1.711944,1.659780,1.669264,49116800
1992-10-28,1.674005,1.683490,1.655036,1.678747,36172800
1992-10-29,1.683491,1.707202,1.678749,1.707202,32774400
1992-10-30,1.704831,1.707202,1.678748,1.683491,24998400
1992-11-02,1.688233,1.707202,1.664522,1.700088,31091200
1992-11-03,1.697717,1.702460,1.662150,1.674006,35267200
1992-11-04,1.674005,1.702459,1.669263,1.678747,23657600
1992-11-05,1.688233,1.749882,1.674006,1.742769,90361600
1992-11-06,1.740397,1.768850,1.730913,1.759366,61155200
1992-11-09,1.759367,1.759367,1.716686,1.742769,54796800
1992-11-10,1.745140,1.768852,1.735656,1.761738,38710400
1992-11-11,1.759366,1.802046,1.749882,1.778335,60748800
1992-11-12,1.778335,1.787820,1.745140,1.773593,46960000
1992-11-13,1.773593,1.778335,1.754624,1.768851,25811200
1992-11-16,1.764108,1.773592,1.749882,1.759366,19312000
1992-11-17,1.761738,1.783078,1.692976,1.707202,56649600
1992-11-18,1.716686,1.754624,1.704831,1.745140,33273600
1992-11-19,1.749882,1.802046,1.749882,1.783077,46857600
1992-11-20,1.783078,1.802046,1.778336,1.802046,41113600
1992-11-23,1.711943,1.740396,1.655036,1.678747,309884800
1992-11-24,1.730913,1.759367,1.692975,1.735655,145513600
1992-11-25,1.745140,1.754624,1.711945,1.728542,53152000
1992-11-27,1.735656,1.754625,1.726172,1.740399,17593600
1992-11-30,1.754623,1.768850,1.740397,1.766479,35251200
1992-12-01,1.759366,1.773592,1.745139,1.766479,33593600
1992-12-02,1.764108,1.773593,1.716686,1.721429,49881600
1992-12-03,1.721429,1.754624,1.716686,1.738026,26048000
1992-12-04,1.735656,1.754625,1.730914,1.740399,23548800
1992-12-07,1.745140,1.773593,1.726171,1.771222,46422400
1992-12-08,1.778335,1.783077,1.735655,1.754624,26908800
1992-12-09,1.740398,1.768851,1.730913,1.745140,26048000
1992-12-10,1.707201,1.740397,1.678748,1.688232,89296000
1992-12-11,1.678748,1.688233,1.626584,1.638440,112934400
1992-12-14,1.645553,1.674007,1.640811,1.652666,51286400
1992-12-15,1.655037,1.664522,1.621842,1.638440,45289600
1992-12-16,1.640810,1.674006,1.617099,1.650295,73792000
1992-12-17,1.655038,1.711945,1.650296,1.707202,51859200
1992-12-18,1.688233,1.711945,1.678749,1.707202,74387200
1992-12-21,1.702459,1.745139,1.692975,1.716685,64928000
1992-12-22,1.726170,1.735655,1.650294,1.664521,56928000
1992-12-23,1.669264,1.674006,1.631326,1.655037,59974400
1992-12-24,1.655037,1.655037,1.631326,1.655037,32723200
1992-12-28,1.655037,1.664522,1.631326,1.659779,45731200
1992-12-29,1.655038,1.659780,1.636069,1.640811,60035200
1992-12-30,1.645553,1.650295,1.617100,1.628955,50860800
1992-12-31,1.631326,1.636068,1.617100,1.619470,30851200
1993-01-04,1.612358,1.626585,1.602873,1.614729,72646400
1993-01-05,1.612357,1.645553,1.607615,1.640811,71529600
1993-01-06,1.650294,1.692975,1.645553,1.688232,87440000
1993-01-07,1.688232,1.704830,1.650295,1.655037,58748800
1993-01-08,1.655038,1.674007,1.636069,1.652666,43977600
1993-01-11,1.655037,1.692975,1.636068,1.690603,58348800
1993-01-12,1.688233,1.730914,1.683491,1.702460,85129600
1993-01-13,1.697718,1.749882,1.674007,1.730914,83696000
1993-01-14,1.749882,1.783078,1.716687,1.730914,121264000
1993-01-15,1.659780,1.726171,1.650295,1.702460,181958400
1993-01-18,1.697717,1.702459,1.674006,1.692975,50611200
1993-01-19,1.688233,1.692976,1.674007,1.676378,52960000
1993-01-20,1.678749,1.688233,1.664522,1.676378,47968000
1993-01-21,1.664522,1.707201,1.645553,1.697717,73363200
1993-01-22,1.702460,1.711944,1.683491,1.695346,49088000
1993-01-25,1.692974,1.711943,1.664521,1.678747,49609600
1993-01-26,1.678748,1.707202,1.659780,1.669264,42345600
1993-01-27,1.659780,1.664522,1.621842,1.636069,64192000
1993-01-28,1.636068,1.652666,1.607615,1.650295,77030400
1993-01-29,1.659780,1.669264,1.626584,1.640811,39424000
1993-02-01,1.636069,1.669264,1.621842,1.659779,42854400
1993-02-02,1.657408,1.697717,1.655037,1.688232,70371200
1993-02-03,1.697718,1.711945,1.669264,1.676378,71728000
1993-02-04,1.664522,1.664522,1.602872,1.612357,124214400
1993-02-05,1.607615,1.697717,1.560193,1.688232,177216000
1993-02-08,1.678748,1.688232,1.612357,1.626584,92665600
1993-02-09,1.645553,1.655038,1.583904,1.591018,64550400
1993-02-10,1.602873,1.636069,1.593388,1.621842,39193600
1993-02-11,1.636068,1.640810,1.607615,1.617100,31635200
1993-02-12,1.617100,1.617100,1.579162,1.586275,34752000
1993-02-16,1.572049,1.588647,1.512771,1.519884,91180800
1993-02-17,1.536482,1.541224,1.465349,1.522256,121913600
1993-02-18,1.541224,1.569678,1.498544,1.548337,138553600
1993-02-19,1.553079,1.555450,1.508028,1.512771,97094400
1993-02-22,1.512771,1.536482,1.455865,1.455865,76256000
1993-02-23,1.479575,1.526998,1.455865,1.508029,105974400
1993-02-24,1.498544,1.593389,1.493802,1.591018,77548800
1993-02-25,1.564935,1.612357,1.564935,1.600502,60806400
1993-02-26,1.598131,1.612358,1.574420,1.581533,29833600
1993-03-01,1.588645,1.588645,1.541223,1.545965,26432000
1993-03-02,1.550709,1.607615,1.541224,1.605244,38380800
1993-03-03,1.607616,1.621842,1.583904,1.607616,42352000
1993-03-04,1.607615,1.607615,1.550709,1.588647,56659200
1993-03-05,1.583905,1.612358,1.564936,1.569678,35724800
1993-03-08,1.567306,1.602873,1.555450,1.586275,48022400
1993-03-09,1.593388,1.612357,1.588646,1.598131,41312000
1993-03-10,1.602872,1.626584,1.583903,1.612357,26592000
1993-03-11,1.617100,1.664522,1.612357,1.640811,57779200
1993-03-12,1.631326,1.692975,1.617099,1.688232,73580800
1993-03-15,1.692977,1.692977,1.650296,1.662152,35347200
1993-03-16,1.674006,1.683490,1.650294,1.664521,36336000
1993-03-17,1.645553,1.659779,1.617100,1.619470,39644800
1993-03-18,1.626584,1.645553,1.612357,1.617100,34406400
1993-03-19,1.626584,1.626584,1.593388,1.598131,45404800
1993-03-22,1.579162,1.593389,1.564935,1.581533,34083200
1993-03-23,1.583904,1.612357,1.574419,1.576790,34409600
1993-03-24,1.579162,1.645554,1.574420,1.636069,50576000
1993-03-25,1.640811,1.674007,1.638440,1.657409,43833600
1993-03-26,1.669264,1.674007,1.631326,1.643182,28380800
1993-03-29,1.645553,1.678748,1.645553,1.650295,48262400
1993-03-30,1.678749,1.730913,1.655038,1.726171,140777600
1993-03-31,1.730913,1.787819,1.721428,1.754624,179660800
1993-04-01,1.754623,1.797303,1.754623,1.764108,100412800
1993-04-02,1.740398,1.745140,1.702460,1.702460,73251200
1993-04-05,1.683491,1.749882,1.669264,1.735655,61187200
1993-04-06,1.740398,1.764109,1.692976,1.702460,55699200
1993-04-07,1.707202,1.716686,1.692975,1.711944,39417600
1993-04-08,1.707201,1.711944,1.674006,1.688232,40185600
1993-04-12,1.683491,1.730913,1.678748,1.709573,48976000
1993-04-13,1.711944,1.749882,1.683490,1.685861,53337600
1993-04-14,1.688232,1.711944,1.664521,1.688232,38592000
1993-04-15,1.669264,1.704831,1.631326,1.652666,109152000
1993-04-16,1.655037,1.664522,1.621841,1.650295,49600000
1993-04-19,1.650295,1.655037,1.612357,1.650295,45673600
1993-04-20,1.645553,1.659780,1.612358,1.645553,46009600
1993-04-21,1.645553,1.645553,1.598130,1.609986,92528000
1993-04-22,1.602873,1.612357,1.572048,1.579162,79872000
1993-04-23,1.574419,1.579162,1.531740,1.543595,89296000
1993-04-26,1.545966,1.564935,1.512771,1.524626,65376000
1993-04-27,1.526997,1.569677,1.522255,1.564935,58208000
1993-04-28,1.574420,1.631327,1.569678,1.631327,55372800
1993-04-29,1.626584,1.626584,1.593388,1.621842,49660800
1993-04-30,1.612357,1.645553,1.612357,1.621842,46825600
1993-05-03,1.621842,1.650295,1.612357,1.633697,38096000
1993-05-04,1.645553,1.678748,1.640811,1.669264,49664000
1993-05-05,1.669263,1.707201,1.659779,1.692975,51868800
1993-05-06,1.688232,1.702459,1.645553,1.655037,47244800
1993-05-07,1.655037,1.664522,1.640810,1.650295,31798400
1993-05-10,1.678748,1.707201,1.669263,1.690603,69091200
1993-05-11,1.674006,1.683490,1.655037,1.664521,38220800
1993-05-12,1.659780,1.669264,1.626585,1.636069,48272000
1993-05-13,1.626584,1.631326,1.602872,1.626584,43708800
1993-05-14,1.631326,1.645553,1.607615,1.621842,49116800
1993-05-17,1.626584,1.643182,1.617100,1.640811,27763200
1993-05-18,1.645552,1.683490,1.640810,1.678747,84185600
1993-05-19,1.721428,1.764108,1.697717,1.754624,181017600
1993-05-20,1.749882,1.806789,1.745140,1.785448,150256000
1993-05-21,1.773592,1.787819,1.745139,1.754624,75500800
1993-05-24,1.749882,1.783077,1.745139,1.747510,64252800
1993-05-25,1.740398,1.745140,1.707202,1.730914,36716800
1993-05-26,1.735655,1.806789,1.730913,1.806789,87484800
1993-05-27,1.802046,1.811531,1.764109,1.785448,95052800
1993-05-28,1.773593,1.778336,1.740398,1.756995,35136000
1993-06-01,1.764108,1.858953,1.759367,1.825758,173088000
1993-06-02,1.816273,1.849468,1.806789,1.816273,70710400
1993-06-03,1.816273,1.821015,1.792562,1.794933,23936000
1993-06-04,1.783077,1.792562,1.773593,1.783077,32652800
1993-06-07,1.787820,1.816273,1.764109,1.768851,52761600
1993-06-08,1.764108,1.768850,1.721428,1.749882,48131200
1993-06-09,1.759367,1.764109,1.721429,1.726171,62480000
1993-06-10,1.730914,1.754624,1.697718,1.728542,56544000
1993-06-11,1.740398,1.754624,1.688233,1.695346,67542400
1993-06-14,1.726170,1.749882,1.711944,1.749882,40489600
1993-06-15,1.764108,1.764108,1.735655,1.754624,42345600
1993-06-16,1.759367,1.768851,1.692976,1.730914,66966400
1993-06-17,1.735655,1.740398,1.716686,1.723800,28083200
1993-06-18,1.716686,1.730913,1.650295,1.659779,75910400
1993-06-21,1.683491,1.692976,1.650295,1.681120,68102400
1993-06-22,1.692975,1.702460,1.655038,1.669264,41062400
1993-06-23,1.669264,1.692976,1.664522,1.681120,33129600
1993-06-24,1.674005,1.697716,1.655036,1.678747,35782400
1993-06-25,1.678747,1.692974,1.645552,1.678747,45484800
1993-06-28,1.683491,1.711944,1.678748,1.711944,52224000
1993-06-29,1.711944,1.740397,1.678748,1.688232,42361600
1993-06-30,1.692975,1.711944,1.655038,1.669264,56422400
1993-07-01,1.674007,1.678749,1.640811,1.652666,57907200
1993-07-02,1.655037,1.659779,1.640810,1.655037,25404800
1993-07-06,1.645554,1.664523,1.617100,1.631327,47721600
1993-07-07,1.557822,1.598131,1.541225,1.581533,182569600
1993-07-08,1.593388,1.621841,1.593388,1.609986,70105600
1993-07-09,1.612357,1.612357,1.583904,1.605244,50000000
1993-07-12,1.607615,1.607615,1.583904,1.588647,26540800
1993-07-13,1.593389,1.593389,1.564936,1.569678,36476800
1993-07-14,1.574419,1.621841,1.564935,1.598131,43491200
1993-07-15,1.598131,1.598131,1.569677,1.583904,34432000
1993-07-16,1.579162,1.579162,1.531740,1.538853,86217600
1993-07-19,1.508028,1.522255,1.479575,1.493801,122435200
1993-07-20,1.503286,1.526997,1.479575,1.526997,74822400
1993-07-21,1.489060,1.498544,1.455864,1.498544,178963200
1993-07-22,1.531740,1.550709,1.455864,1.472461,147584000
1993-07-23,1.460606,1.484317,1.455864,1.472461,92790400
1993-07-26,1.484317,1.503286,1.474833,1.484317,65801600
1993-07-27,1.489059,1.493801,1.432152,1.432152,112220800
1993-07-28,1.441637,1.508028,1.417926,1.484317,113459200
1993-07-29,1.479575,1.531740,1.470091,1.498544,96534400
1993-07-30,1.384730,1.408442,1.365761,1.403699,287936000
1993-08-02,1.417926,1.436895,1.370504,1.379989,148208000
1993-08-03,1.384731,1.389473,1.365762,1.384731,85136000
1993-08-04,1.389473,1.398958,1.361020,1.384731,94416000
1993-08-05,1.394215,1.422668,1.389473,1.417926,67910400
1993-08-06,1.417926,1.439266,1.379988,1.389472,71760000
1993-08-09,1.389473,1.403700,1.370504,1.384731,70876800
1993-08-10,1.384730,1.389473,1.334937,1.346792,192028800
1993-08-11,1.351535,1.384730,1.349163,1.372875,95974400
1993-08-12,1.375246,1.413183,1.370504,1.403699,77366400
1993-08-13,1.403700,1.436895,1.384731,1.427411,61900800
1993-08-16,1.436895,1.484317,1.432152,1.474833,78451200
1993-08-17,1.479575,1.489059,1.441637,1.465348,54272000
1993-08-18,1.474833,1.503286,1.451121,1.465348,66012800
1993-08-19,1.465348,1.477204,1.398957,1.408442,114742400
1993-08-20,1.394215,1.455864,1.389473,1.446380,73683200
1993-08-23,1.432153,1.484318,1.432153,1.460606,59472000
1993-08-24,1.451122,1.460606,1.436895,1.439266,39417600
1993-08-25,1.422668,1.441637,1.382359,1.408442,68800000
1993-08-26,1.394215,1.398958,1.356277,1.368133,136256000
1993-08-27,1.370504,1.375246,1.351535,1.363390,67763200
1993-08-30,1.375246,1.389473,1.361020,1.377617,54012800
1993-08-31,1.398957,1.432152,1.394214,1.425039,93020800
1993-09-01,1.427411,1.465349,1.422669,1.455865,86035200
1993-09-02,1.465348,1.489059,1.444008,1.453492,55497600
1993-09-03,1.451122,1.455865,1.427411,1.436896,26800000
1993-09-07,1.436895,1.446380,1.408442,1.417926,38659200
1993-09-08,1.403700,1.417927,1.389473,1.413184,54777600
1993-09-09,1.422668,1.451122,1.413184,1.446380,29856000
1993-09-10,1.460606,1.484317,1.446379,1.479575,56540800
1993-09-13,1.489059,1.489059,1.446380,1.448750,33481600
1993-09-14,1.441637,1.446380,1.408442,1.427411,57756800
1993-09-15,1.436895,1.455864,1.410813,1.451121,60428800
1993-09-16,1.455864,1.465349,1.436896,1.441638,25641600
1993-09-17,1.432153,1.451122,1.427411,1.441638,25286400
1993-09-20,1.446379,1.474833,1.422668,1.434523,34691200
1993-09-21,1.432153,1.467720,1.417927,1.441638,57846400
1993-09-22,1.441637,1.479575,1.427411,1.465348,72051200
1993-09-23,1.465348,1.503286,1.455864,1.493801,72214400
1993-09-24,1.489059,1.531740,1.489059,1.517513,91481600
1993-09-27,1.550708,1.564935,1.541224,1.560193,73472000
1993-09-28,1.560193,1.598131,1.560193,1.593388,84012800
1993-09-29,1.588647,1.593389,1.531740,1.574420,87529600
1993-09-30,1.569677,1.579162,1.560193,1.564935,38400000
1993-10-01,1.564935,1.579162,1.555451,1.555451,46048000
1993-10-04,1.564934,1.593388,1.564934,1.567305,40505600
1993-10-05,1.569677,1.607615,1.564935,1.579162,86931200
1993-10-06,1.579161,1.621841,1.574419,1.609986,77321600
1993-10-07,1.612357,1.626584,1.588646,1.595759,41596800
1993-10-08,1.598130,1.607615,1.560193,1.602872,38086400
1993-10-11,1.602873,1.607615,1.560193,1.593388,36457600
1993-10-12,1.598131,1.617099,1.560193,1.598131,79296000
1993-10-13,1.588646,1.598131,1.541224,1.579162,62409600
1993-10-14,1.588647,1.593389,1.555451,1.557822,63257600
1993-10-15,1.560194,1.574420,1.522256,1.531740,126425600
1993-10-18,1.536482,1.579162,1.531740,1.574420,67750400
1993-10-19,1.555451,1.593389,1.508029,1.522256,91392000
1993-10-20,1.526997,1.550708,1.503286,1.536481,81590400
1993-10-21,1.493802,1.517513,1.479575,1.508029,127142400
1993-10-22,1.503286,1.531740,1.503286,1.524626,47625600
1993-10-25,1.526997,1.541224,1.498544,1.526997,48553600
1993-10-26,1.526998,1.531740,1.503287,1.508029,66944000
1993-10-27,1.508028,1.526997,1.508028,1.515142,45564800
1993-10-28,1.512771,1.526997,1.493802,1.498544,56009600
1993-10-29,1.508029,1.522256,1.503287,1.519884,39843200
1993-11-01,1.522255,1.545966,1.512771,1.534110,30163200
1993-11-02,1.541224,1.545966,1.508029,1.522256,42422400
1993-11-03,1.517513,1.526998,1.474833,1.489060,56796800
1993-11-04,1.493802,1.498544,1.451121,1.451121,63177600
1993-11-05,1.446379,1.498543,1.441637,1.493801,56432000
1993-11-08,1.498544,1.508029,1.474833,1.489060,28819200
1993-11-09,1.498544,1.517512,1.479575,1.484317,36320000
1993-11-10,1.517513,1.548337,1.498544,1.543595,57177600
1993-11-11,1.541224,1.564935,1.536482,1.548337,31158400
1993-11-12,1.550708,1.564934,1.550708,1.553079,34339200
1993-11-15,1.555450,1.555450,1.526997,1.526997,29244800
1993-11-16,1.536482,1.569677,1.526997,1.560193,47664000
1993-11-17,1.569678,1.574420,1.531740,1.531740,72217600
1993-11-18,1.531740,1.545966,1.517513,1.522256,48438400
1993-11-19,1.512771,1.522256,1.508029,1.519884,38403200
1993-11-22,1.512771,1.512771,1.451122,1.460606,80355200
1993-11-23,1.474834,1.489060,1.465349,1.467720,98256000
1993-11-24,1.470090,1.512770,1.470090,1.493801,32467200
1993-11-26,1.498544,1.503286,1.493802,1.498544,6403200
1993-11-29,1.498544,1.517513,1.498544,1.508029,32105600
1993-11-30,1.489059,1.526997,1.484317,1.517513,44153600
1993-12-01,1.526996,1.560192,1.526996,1.545965,58886400
1993-12-02,1.555451,1.574420,1.550709,1.572049,51936000
1993-12-03,1.588646,1.640810,1.583903,1.626584,114502400
1993-12-06,1.612357,1.621841,1.593388,1.609986,59337600
1993-12-07,1.612357,1.631326,1.612357,1.621842,32780800
1993-12-08,1.574419,1.588646,1.560193,1.583904,105900800
1993-12-09,1.583904,1.583904,1.526997,1.538853,61465600
1993-12-10,1.541223,1.560192,1.531739,1.553079,19916800
1993-12-13,1.545966,1.555450,1.531740,1.543595,20112000
1993-12-14,1.536482,1.545966,1.503286,1.517513,47414400
1993-12-15,1.517512,1.536481,1.512771,1.512771,35219200
1993-12-16,1.517513,1.536482,1.512771,1.517513,29113600
1993-12-17,1.526997,1.526997,1.512771,1.526997,26112000
1993-12-20,1.536482,1.555451,1.526997,1.555451,35462400
1993-12-21,1.555450,1.564935,1.545966,1.564935,31008000
1993-12-22,1.560193,1.564935,1.536482,1.538853,24169600
1993-12-23,1.536481,1.560193,1.531739,1.534110,31820800
1993-12-27,1.531740,1.541224,1.512771,1.526997,24537600
1993-12-28,1.526998,1.574420,1.526998,1.569678,27776000
1993-12-29,1.569676,1.583903,1.526996,1.545965,48988800
1993-12-30,1.550708,1.560193,1.531739,1.541224,25328000
1993-12-31,1.536482,1.545966,1.522255,1.529368,22995200
1994-01-03,1.526998,1.531740,1.503287,1.519884,36646400
1994-01-04,1.522255,1.531740,1.503286,1.526997,45302400
1994-01-05,1.522255,1.564935,1.517513,1.560193,53974400
1994-01-06,1.567306,1.607615,1.564935,1.605244,82006400
1994-01-07,1.598131,1.626584,1.579162,1.617100,70832000
1994-01-10,1.612357,1.640810,1.612357,1.626584,74185600
1994-01-11,1.612357,1.631326,1.600502,1.617100,35360000
1994-01-12,1.612357,1.626584,1.588646,1.621842,39488000
1994-01-13,1.607615,1.621841,1.593388,1.619470,40755200
1994-01-14,1.621841,1.631326,1.607615,1.624212,45216000
1994-01-17,1.617100,1.631327,1.602873,1.607616,30755200
1994-01-18,1.617100,1.621842,1.593388,1.605244,43686400
1994-01-19,1.588646,1.598131,1.564935,1.579162,76563200
1994-01-20,1.579162,1.638440,1.579162,1.636069,145004800
1994-01-21,1.636069,1.650295,1.612358,1.636069,99078400
1994-01-24,1.631326,1.650295,1.612357,1.617100,38374400
1994-01-25,1.617100,1.619471,1.593389,1.614729,70361600
1994-01-26,1.612357,1.612357,1.593388,1.598131,50489600
1994-01-27,1.593388,1.607615,1.579162,1.598131,51129600
1994-01-28,1.602872,1.621841,1.598130,1.609986,41875200
1994-01-31,1.617100,1.628956,1.607616,1.614729,62566400
1994-02-01,1.612358,1.626585,1.602873,1.614729,44003200
1994-02-02,1.607615,1.621842,1.593388,1.593388,40924800
1994-02-03,1.598130,1.602872,1.583903,1.602872,31792000
1994-02-04,1.593388,1.602872,1.541224,1.541224,78217600
1994-02-07,1.512771,1.541225,1.508029,1.531740,118851200
1994-02-08,1.526997,1.526997,1.479575,1.493801,149875200
1994-02-09,1.489060,1.522255,1.479575,1.510399,98585600
1994-02-10,1.512771,1.531740,1.498544,1.505657,66620800
1994-02-11,1.503286,1.508028,1.479575,1.493801,53747200
1994-02-14,1.498544,1.508028,1.493802,1.500915,55270400
1994-02-15,1.512771,1.522255,1.503286,1.512771,28876800
1994-02-16,1.522255,1.522255,1.493801,1.493801,43731200
1994-02-17,1.498544,1.508028,1.479575,1.491431,85017600
1994-02-18,1.489059,1.531740,1.489059,1.517513,79465600
1994-02-22,1.517513,1.522256,1.489060,1.508029,63235200
1994-02-23,1.512770,1.555450,1.484317,1.536481,139462400
1994-02-24,1.517513,1.531740,1.503286,1.515142,82553600
1994-02-25,1.522255,1.541224,1.512770,1.536481,52995200
1994-02-28,1.541224,1.574419,1.536481,1.564935,55494400
1994-03-01,1.574419,1.579162,1.560193,1.579162,48070400
1994-03-02,1.550709,1.574420,1.536482,1.569678,68499200
1994-03-03,1.574419,1.579162,1.526997,1.536481,31564800
1994-03-04,1.536481,1.545966,1.526997,1.536481,25705600
1994-03-07,1.541224,1.560193,1.531739,1.541224,30540800
1994-03-08,1.541224,1.541224,1.512770,1.536481,24723200
1994-03-09,1.541224,1.550708,1.517512,1.534110,37024000
1994-03-10,1.545966,1.560193,1.526997,1.534110,46588800
1994-03-11,1.536482,1.560193,1.531740,1.550709,34857600
1994-03-14,1.564935,1.598131,1.560193,1.591018,69203200
1994-03-15,1.593388,1.617099,1.583903,1.609986,62934400
1994-03-16,1.612358,1.617100,1.602873,1.607616,41286400
1994-03-17,1.607615,1.617099,1.602872,1.602872,30992000
1994-03-18,1.602873,1.612358,1.583904,1.607616,36857600
1994-03-21,1.612357,1.619471,1.574419,1.579162,65078400
1994-03-22,1.560193,1.626585,1.560193,1.607616,89024000
1994-03-23,1.617100,1.659780,1.612358,1.636069,116441600
1994-03-24,1.626584,1.655037,1.612357,1.655037,60166400
1994-03-25,1.650295,1.692975,1.650295,1.659779,102051200
1994-03-28,1.659779,1.669264,1.588646,1.638440,118403200
1994-03-29,1.640810,1.640810,1.564935,1.564935,78339200
1994-03-30,1.569677,1.612357,1.564935,1.586275,86860800
1994-03-31,1.583904,1.626585,1.564935,1.607616,72297600
1994-04-04,1.564935,1.626584,1.555450,1.602872,73996800
1994-04-05,1.617099,1.664521,1.612357,1.664521,101878400
1994-04-06,1.659779,1.692975,1.655037,1.688232,80780800
1994-04-07,1.692976,1.709573,1.683491,1.702460,76630400
1994-04-08,1.702459,1.707201,1.645553,1.650295,118710400
1994-04-11,1.650295,1.655037,1.631326,1.650295,40400000
1994-04-12,1.645554,1.645554,1.593389,1.607616,84969600
1994-04-13,1.607615,1.621841,1.574419,1.609986,69644800
1994-04-14,1.602873,1.617100,1.588646,1.595759,53088000
1994-04-15,1.583903,1.617099,1.583903,1.609986,35241600
1994-04-18,1.607616,1.626585,1.560193,1.574420,78006400
1994-04-19,1.650295,1.697717,1.626584,1.671635,291273600
1994-04-20,1.678748,1.700088,1.650295,1.697717,104732800
1994-04-21,1.697717,1.740398,1.692975,1.735655,141980800
1994-04-22,1.745141,1.759368,1.721430,1.740399,66060800
1994-04-25,1.745139,1.787820,1.735655,1.778335,142745600
1994-04-26,1.792561,1.806788,1.783077,1.800861,113193600
1994-04-28,1.806789,1.806789,1.740398,1.747510,141382400
1994-04-29,1.745139,1.773592,1.730913,1.754624,56803200
1994-05-02,1.759366,1.812716,1.745139,1.811530,79260800
1994-05-03,1.806789,1.811531,1.768851,1.773593,41929600
1994-05-04,1.778334,1.806788,1.759365,1.804416,68889600
1994-05-05,1.806789,1.825757,1.783077,1.790191,56374400
1994-05-06,1.768850,1.787819,1.723799,1.754624,96403200
1994-05-09,1.740397,1.775963,1.738026,1.749882,47600000
1994-05-10,1.764108,1.792562,1.759367,1.783077,65305600
1994-05-11,1.783077,1.787820,1.759367,1.773593,57433600
1994-05-12,1.773593,1.807678,1.768851,1.792562,58998400
1994-05-13,1.849469,1.849469,1.792562,1.830500,179920000
1994-05-16,1.825758,1.835242,1.797304,1.802046,56633600
1994-05-17,1.802046,1.806789,1.773593,1.794933,122464000
1994-05-18,1.806789,1.849469,1.797305,1.841170,96953600
1994-05-19,1.844726,1.877922,1.839984,1.866066,89651200
1994-05-20,1.858953,1.882665,1.844727,1.854211,78140800
1994-05-23,1.858953,1.934829,1.839984,1.918231,74947200
1994-05-24,1.944313,1.968024,1.906375,1.939571,85144000
1994-05-25,1.934828,2.001220,1.906375,1.991735,86003200
1994-05-26,2.001220,2.001220,1.944314,1.972767,64296000
1994-05-27,1.963282,2.001219,1.944313,1.986993,47544000
1994-05-31,1.982251,2.039750,1.968024,2.039157,76000000
1994-06-01,2.029673,2.029673,1.986994,2.010705,100764800
1994-06-02,2.020189,2.024931,1.972766,1.982251,60291200
1994-06-03,1.991735,2.029673,1.982250,2.005962,86841600
1994-06-06,1.996478,2.072354,1.963282,2.067611,764504000
1994-06-07,2.048642,2.058127,2.029673,2.034416,166171200
1994-06-08,2.034416,2.034416,1.958541,1.972767,203835200
1994-06-09,1.968024,1.994106,1.963282,1.982251,79356800
1994-06-10,1.982251,2.010704,1.968024,1.994106,53726400
1994-06-13,1.996477,2.024931,1.968024,2.005962,56628800
1994-06-14,2.015447,2.053385,2.010705,2.032045,59249600
1994-06-15,2.034415,2.072353,2.020188,2.058126,58860800
1994-06-16,2.058127,2.058127,2.029674,2.032045,48478400
1994-06-17,2.029673,2.034416,2.005963,2.010705,47622400
1994-06-20,1.991736,2.029674,1.986994,2.029674,45668800
1994-06-21,1.977510,2.024932,1.972767,1.996479,86995200
1994-06-22,2.001219,2.010703,1.944312,1.953797,82924800
1994-06-23,1.953797,1.982251,1.896891,1.901633,85979200
1994-06-24,1.896891,1.911118,1.868437,1.877922,81454400
1994-06-27,1.887407,1.977509,1.873180,1.968025,76161600
1994-06-28,1.972767,2.001221,1.904005,1.946685,99417600
1994-06-29,1.949055,1.968024,1.930086,1.949055,53435200
1994-06-30,1.963282,1.977509,1.934829,1.958540,40827200
1994-07-01,1.958540,1.963282,1.891556,1.906375,66622400
1994-07-05,1.911118,1.934829,1.858953,1.863696,40430400
1994-07-06,1.842355,1.858953,1.811531,1.832871,89254400
1994-07-07,1.839983,1.915859,1.818643,1.911117,89667200
1994-07-08,1.892149,1.930087,1.863695,1.877922,48945600
1994-07-11,1.882664,1.882664,1.811531,1.835242,85406400
1994-07-12,1.830499,1.830499,1.778335,1.821015,83752000
1994-07-13,1.830500,1.877922,1.816273,1.877922,82956800
1994-07-14,1.873180,1.882665,1.835243,1.849469,81446400
1994-07-15,1.849468,1.873179,1.821015,1.844726,45520000
1994-07-18,1.953798,1.963282,1.877922,1.915860,150499200
1994-07-19,1.920602,1.920602,1.882664,1.901633,70126400
1994-07-20,1.896891,1.896891,1.816273,1.835242,112604800
1994-07-21,1.844726,1.854211,1.802046,1.811530,85740800
1994-07-22,1.839984,1.925344,1.792562,1.918231,152916800
1994-07-25,1.920602,1.958540,1.906375,1.941942,51513600
1994-07-26,1.939570,1.944312,1.887405,1.911117,54308800
1994-07-27,1.911118,1.911118,1.877922,1.877922,29291200
1994-07-28,1.877922,1.906375,1.868437,1.877922,39899200
1994-07-29,1.892148,1.958539,1.882663,1.953797,67064000
1994-08-01,1.958541,2.034417,1.953799,2.024933,83934400
1994-08-02,2.039157,2.072353,1.996477,2.003590,95249600
1994-08-03,2.039159,2.048643,2.015448,2.024933,58771200
1994-08-04,2.029673,2.034416,2.001220,2.001220,40192000
1994-08-05,1.996478,2.005962,1.982251,1.991735,31204800
1994-08-08,1.986994,2.010705,1.972767,2.010705,34537600
1994-08-09,2.010705,2.043901,2.001220,2.029674,40198400
1994-08-10,2.029673,2.062869,2.020189,2.053385,48646400
1994-08-11,2.043901,2.124518,2.043901,2.096065,81428800
1994-08-12,2.100807,2.110292,2.081838,2.096065,38088000
1994-08-15,2.105549,2.105549,2.062869,2.065240,36113600
1994-08-16,2.081839,2.091324,2.048643,2.081839,56779200
1994-08-17,2.100807,2.134002,2.091322,2.119776,79790400
1994-08-18,2.119776,2.138745,2.100807,2.105549,61276800
1994-08-19,2.119777,2.124519,2.077097,2.081839,74761600
1994-08-22,2.086578,2.086578,2.067609,2.072352,62835200
1994-08-23,2.072354,2.138745,2.067611,2.105549,58363200
1994-08-24,2.105548,2.124517,2.105548,2.115033,35246400
1994-08-25,2.119775,2.152970,2.115032,2.131630,55174400
1994-08-26,2.138745,2.190910,2.134003,2.157714,60961600
1994-08-29,2.176682,2.205136,2.162455,2.164826,56625600
1994-08-30,2.162456,2.219363,2.148229,2.214621,39851200
1994-08-31,2.214620,2.247815,2.190908,2.205135,60968000
1994-09-01,2.162456,2.162456,2.115033,2.129260,115568000
1994-09-02,2.143486,2.143486,2.115033,2.124517,46964800
1994-09-06,2.119775,2.134002,2.112662,2.124517,28804800
1994-09-07,2.134003,2.193281,2.129261,2.157714,43588800
1994-09-08,2.162455,2.200393,2.162455,2.198022,28377600
1994-09-09,2.129261,2.195652,2.119777,2.157714,60800000
1994-09-12,2.167198,2.167198,2.119776,2.129260,36238400
1994-09-13,2.138744,2.195651,2.138744,2.183795,41134400
1994-09-14,2.190909,2.205136,2.181425,2.186167,29968000
1994-09-15,2.186167,2.209878,2.176682,2.209878,40640000
1994-09-16,2.200394,2.205137,2.152972,2.157714,52921600
1994-09-19,2.167199,2.171941,2.148230,2.157714,48350400
1994-09-20,2.157713,2.167198,2.122146,2.124517,40276800
1994-09-21,2.136373,2.176682,2.086579,2.171939,82948800
1994-09-22,2.171940,2.181425,2.148230,2.162456,44320000
1994-09-23,2.157713,2.181424,2.124517,2.124517,48371200
1994-09-26,2.124518,2.124518,2.096065,2.107920,29921600
1994-09-27,2.105549,2.143487,2.081839,2.143487,50585600
1994-09-28,2.148230,2.181425,2.143487,2.162456,33355200
1994-09-29,2.157714,2.171941,2.138745,2.143487,27105600
1994-09-30,2.143487,2.181425,2.129260,2.129260,34608000
1994-10-03,2.129260,2.138745,2.105549,2.119776,28833600
1994-10-04,2.124517,2.129259,2.081837,2.086579,42622400
1994-10-05,2.081838,2.119776,2.053385,2.105549,50985600
1994-10-06,2.105549,2.119776,2.058127,2.067611,40790400
1994-10-07,2.072353,2.081837,2.043900,2.062869,51518400
1994-10-10,2.062869,2.100806,2.062869,2.077095,39480000
1994-10-11,2.091323,2.148229,2.091323,2.117404,55692800
1994-10-12,2.119776,2.143487,2.115034,2.134002,27912000
1994-10-13,2.148229,2.190908,2.148229,2.171939,63033600
1994-10-14,2.171941,2.176683,2.093694,2.122148,99878400
1994-10-17,2.124517,2.134002,2.086580,2.091322,31160000
1994-10-18,2.096064,2.152970,2.088950,2.148228,52686400
1994-10-19,2.148230,2.200394,2.134003,2.186167,59488000
1994-10-20,2.209878,2.271527,2.195651,2.262043,136558400
1994-10-21,2.247815,2.262042,2.214620,2.252558,67099200
1994-10-24,2.257300,2.257300,2.214621,2.233590,57145600
1994-10-25,2.228846,2.266784,2.214619,2.264413,44780800
1994-10-26,2.271527,2.318949,2.266784,2.314207,97904000
1994-10-27,2.318949,2.337918,2.304722,2.337918,41238400
1994-10-28,2.337918,2.366371,2.328434,2.356887,58414400
1994-10-31,2.361629,2.418536,2.352145,2.390082,59932800
1994-11-01,2.380599,2.385341,2.356888,2.380599,39624000
1994-11-02,2.380598,2.432763,2.371113,2.390082,61408000
1994-11-03,2.390083,2.399567,2.366372,2.375856,63441600
1994-11-04,2.375856,2.394825,2.326062,2.333176,46947200
1994-11-07,2.333176,2.352145,2.309465,2.347403,47094400
1994-11-08,2.347402,2.423278,2.340288,2.413793,43328000
1994-11-09,2.437505,2.451732,2.394825,2.418536,60206400
1994-11-10,2.409051,2.442247,2.409051,2.416165,24689600
1994-11-11,2.361628,2.378226,2.304722,2.361628,132899200
1994-11-14,2.380598,2.446989,2.380598,2.446989,48934400
1994-11-15,2.446989,2.470701,2.437505,2.449360,52544000
1994-11-16,2.456473,2.461216,2.446989,2.451731,30196800
1994-11-17,2.451732,2.456474,2.423278,2.437505,33232000
1994-11-18,2.432762,2.456473,2.428019,2.432762,25694400
1994-11-21,2.446990,2.456474,2.404310,2.409052,35560000
1994-11-22,2.399566,2.423278,2.347402,2.352144,56358400
1994-11-23,2.337918,2.354516,2.316578,2.333176,87507200
1994-11-25,2.342659,2.366371,2.337917,2.361628,12563200
1994-11-28,2.371114,2.409052,2.361630,2.404310,43449600
1994-11-29,2.413793,2.442246,2.409050,2.432762,37673600
1994-11-30,2.437505,2.437505,2.380598,2.385341,40934400
1994-12-01,2.375856,2.405495,2.371114,2.373485,43096000
1994-12-02,2.380598,2.399567,2.352144,2.399567,37715200
1994-12-05,2.404310,2.437505,2.394825,2.401938,38166400
1994-12-06,2.399568,2.432764,2.390083,2.404310,38830400
1994-12-07,2.409051,2.423278,2.390082,2.390082,36744000
1994-12-08,2.394825,2.418536,2.361630,2.371114,41934400
1994-12-09,2.371113,2.399567,2.361629,2.394825,79956800
1994-12-12,2.394825,2.409051,2.337918,2.394825,65313600
1994-12-13,2.404310,2.409052,2.361630,2.380599,30219200
1994-12-14,2.371113,2.413794,2.371113,2.399567,33641600
1994-12-15,2.404310,2.432763,2.390083,2.409052,28854400
1994-12-16,2.413795,2.437506,2.397789,2.404310,54020800
1994-12-19,2.404310,2.413794,2.371114,2.375856,31507200
1994-12-20,2.375856,2.380597,2.228846,2.271527,253456000
1994-12-21,2.285753,2.337918,2.281011,2.333176,69395200
1994-12-22,2.333176,2.352145,2.285754,2.299981,57355200
1994-12-23,2.299981,2.328434,2.290496,2.309465,19486400
1994-12-27,2.314207,2.337918,2.299980,2.304722,20566400
1994-12-28,2.304722,2.314207,2.276269,2.314207,34961600
1994-12-29,2.309465,2.347403,2.299981,2.345031,23446400
1994-12-30,2.347403,2.347403,2.318950,2.318950,20686400
1995-01-03,2.333175,2.333175,2.281011,2.283382,39545600
1995-01-04,2.285754,2.304723,2.257300,2.299981,51611200
1995-01-05,2.309465,2.314207,2.252558,2.262043,39824000
1995-01-06,2.271527,2.323691,2.266785,2.299981,46681600
1995-01-09,2.309464,2.314206,2.266784,2.285753,46000000
1995-01-10,2.299980,2.333176,2.295238,2.314207,42184000
1995-01-11,2.318950,2.342661,2.304723,2.328434,31512000
1995-01-12,2.323691,2.356887,2.314206,2.323691,26996800
1995-01-13,2.352145,2.390083,2.347403,2.380599,41307200
1995-01-16,2.399566,2.446988,2.390082,2.432762,74648000
1995-01-17,2.456473,2.470700,2.442247,2.451731,73932800
1995-01-18,2.461216,2.475443,2.437505,2.468329,50504000
1995-01-19,2.446990,2.465959,2.406681,2.409052,67108800
1995-01-20,2.385340,2.409051,2.323691,2.337918,82388800
1995-01-23,2.314207,2.390083,2.295238,2.382969,53843200
1995-01-24,2.390082,2.394824,2.352144,2.352737,36739200
1995-01-25,2.337918,2.361629,2.314206,2.342660,52459200
1995-01-26,2.309464,2.314206,2.266784,2.271527,80836800
1995-01-27,2.281011,2.285753,2.266784,2.271527,58376000
1995-01-30,2.281012,2.281012,2.233590,2.238332,55164800
1995-01-31,2.243073,2.266784,2.209877,2.252558,59945600
1995-02-01,2.252559,2.304723,2.237739,2.243074,66705600
1995-02-02,2.228847,2.252559,2.214621,2.238332,46312000
1995-02-03,2.257299,2.295237,2.247815,2.281011,60332800
1995-02-06,2.281012,2.318950,2.281012,2.309465,48345600
1995-02-07,2.304722,2.318949,2.299980,2.314207,33152000
1995-02-08,2.323691,2.352145,2.314207,2.347403,49150400
1995-02-09,2.356887,2.371114,2.342660,2.347403,42398400
1995-02-10,2.352144,2.375855,2.333175,2.352144,49862400
1995-02-13,2.352144,2.380597,2.337918,2.352144,38160000
1995-02-14,2.356887,2.361629,2.333176,2.347403,31121600
1995-02-15,2.281011,2.328434,2.262043,2.304722,147001600
1995-02-16,2.309465,2.318950,2.285754,2.309465,56744000
1995-02-17,2.304722,2.309465,2.285753,2.290496,37824000
1995-02-21,2.295238,2.304722,2.257300,2.266784,55392000
1995-02-22,2.266784,2.352145,2.262043,2.333176,60902400
1995-02-23,2.323691,2.356887,2.314206,2.337918,59939200
1995-02-24,2.328433,2.347402,2.323691,2.323691,34177600
1995-02-27,2.328433,2.352144,2.318949,2.342660,28592000
1995-02-28,2.347403,2.399567,2.342660,2.390082,52544000
1995-03-01,2.394825,2.428020,2.380598,2.399567,52032000
1995-03-02,2.399567,2.418536,2.394825,2.418536,26038400
1995-03-03,2.413793,2.423278,2.394824,2.413793,31776000
1995-03-06,2.399566,2.442247,2.385340,2.439875,45156800
1995-03-07,2.442246,2.504488,2.437504,2.478998,91750400
1995-03-08,2.494411,2.603483,2.494411,2.598740,140096000
1995-03-09,2.598740,2.608225,2.537092,2.575029,58238400
1995-03-10,2.575029,2.608225,2.522864,2.601111,44324800
1995-03-13,2.603484,2.643793,2.589257,2.617710,34550400
1995-03-14,2.631936,2.731522,2.627193,2.722038,78643200
1995-03-15,2.722040,2.726782,2.669876,2.674618,57294400
1995-03-16,2.655648,2.674617,2.641421,2.660390,47510400
1995-03-17,2.674615,2.722038,2.650905,2.653276,59868800
1995-03-20,2.660388,2.712552,2.655646,2.698326,37772800
1995-03-21,2.703071,2.712555,2.669876,2.672247,74772800
1995-03-22,2.674615,2.693584,2.650904,2.691213,52464000
1995-03-23,2.707813,2.778946,2.703071,2.759977,105286400
1995-03-24,2.778945,2.812141,2.774203,2.802656,65683200
1995-03-27,2.759977,2.802657,2.755235,2.769461,61008000
1995-03-28,2.764719,2.807398,2.764719,2.793172,47603200
1995-03-29,2.793171,2.807398,2.733893,2.741006,65763200
1995-03-30,2.750492,2.759977,2.669874,2.736266,75011200
1995-03-31,2.722037,2.736264,2.674615,2.698326,63080000
1995-04-03,2.693586,2.707813,2.636679,2.655648,65617600
1995-04-04,2.665132,2.712555,2.646164,2.650906,66689600
1995-04-05,2.650905,2.679358,2.608225,2.679358,65792000
1995-04-06,2.679359,2.688844,2.634308,2.655648,35414400
1995-04-07,2.665132,2.684101,2.636679,2.641421,43148800
1995-04-10,2.636677,2.703068,2.631935,2.691213,43169600
1995-04-11,2.717297,2.736858,2.698328,2.736266,43624000
1995-04-12,2.736266,2.778945,2.684101,2.717297,40430400
1995-04-13,2.722038,2.750491,2.698327,2.750491,32814400
1995-04-17,2.864307,2.963894,2.864307,2.935440,187913600
1995-04-18,2.935440,2.940182,2.883275,2.911729,75609600
1995-04-19,2.906985,2.921212,2.864305,2.888016,59163200
1995-04-20,2.902243,2.916470,2.807399,2.854821,83913600
1995-04-21,2.869047,2.878531,2.840594,2.845335,53555200
1995-04-24,2.859563,2.950258,2.850078,2.949665,68089600
1995-04-25,2.944923,3.039768,2.944923,3.035025,69371200
1995-04-26,3.025542,3.044510,3.001831,3.020800,44305600
1995-04-27,3.020799,3.053994,2.897501,2.982861,128844800
1995-04-28,2.992346,3.115644,2.982861,3.101417,92104000
1995-05-01,3.106159,3.177292,3.101417,3.115644,65550400
1995-05-02,3.115644,3.120386,3.016057,3.018428,78099200
1995-05-03,3.044509,3.072963,3.044509,3.068221,61566400
1995-05-04,3.091930,3.158321,3.072961,3.091930,66524800
1995-05-05,3.087190,3.096675,3.030283,3.035025,43707200
1995-05-08,3.030284,3.049253,3.001830,3.030284,43988800
1995-05-09,3.035026,3.049253,3.001830,3.027912,36748800
1995-05-10,3.039767,3.049252,2.992345,3.006571,38688000
1995-05-11,3.001830,3.091932,2.997088,3.087190,38673600
1995-05-12,3.087192,3.120387,3.049254,3.063480,36192000
1995-05-15,3.058736,3.110900,3.030283,3.084818,35232000
1995-05-16,3.091931,3.225306,3.091931,3.219971,86708800
1995-05-17,3.234200,3.295849,3.229458,3.262653,66515200
1995-05-18,3.248426,3.291106,3.210488,3.210488,58326400
1995-05-19,3.196261,3.243683,3.186776,3.238941,45190400
1995-05-22,3.238941,3.319559,3.186776,3.310074,91382400
1995-05-23,3.319557,3.357495,3.263836,3.357495,55516800
1995-05-24,3.381208,3.395434,3.300590,3.319559,68684800
1995-05-25,3.333784,3.390691,3.305331,3.385948,43440000
1995-05-26,3.383579,3.385950,3.300590,3.319559,52934400
1995-05-30,3.338529,3.352756,3.134613,3.148839,99612800
1995-05-31,3.158323,3.215230,3.072963,3.212859,119756800
1995-06-01,3.224714,3.248426,3.182035,3.191519,61153600
1995-06-02,3.177291,3.191518,3.134612,3.153580,55556800
1995-06-05,3.134613,3.238942,3.101417,3.215231,55852800
1995-06-06,3.219972,3.263244,3.153580,3.153580,49036800
1995-06-07,3.144097,3.215230,3.115644,3.186777,64590400
1995-06-08,3.191519,3.210488,3.172550,3.191519,29320000
1995-06-09,3.177291,3.257909,3.134611,3.219971,81214400
1995-06-12,3.210488,3.215230,3.158324,3.177293,45832000
1995-06-13,3.191520,3.215231,3.163066,3.182035,37691200
1995-06-14,3.163065,3.191519,3.139354,3.179663,43096000
1995-06-15,3.186776,3.224713,3.182034,3.219971,43912000
1995-06-16,3.224713,3.319558,3.219972,3.300589,92278400
1995-06-19,3.310076,3.410256,3.295850,3.407291,78982400
1995-06-20,3.428630,3.466568,3.404918,3.466568,56670400
1995-06-21,3.485536,3.504504,3.414402,3.433371,57224000
1995-06-22,3.438115,3.490279,3.438115,3.485537,46296000
1995-06-23,3.442858,3.497394,3.423889,3.457085,46356800
1995-06-26,3.452342,3.457084,3.395435,3.404919,41048000
1995-06-27,3.395435,3.433373,3.291106,3.295848,66004800
1995-06-28,3.291106,3.376466,3.219973,3.333786,107286400
1995-06-29,3.338528,3.404919,3.338528,3.390692,57643200
1995-06-30,3.400178,3.452342,3.400178,3.428631,53342400
1995-07-03,3.447600,3.457084,3.428631,3.449971,16763200
1995-07-05,3.476053,3.490280,3.428631,3.440487,48547200
1995-07-06,3.438115,3.528217,3.428630,3.518732,47070400
1995-07-07,3.523475,3.627804,3.518733,3.627804,66699200
1995-07-10,3.642028,3.784295,3.632544,3.751100,111982400
1995-07-11,3.755844,3.760587,3.661000,3.661000,78227200
1995-07-12,3.670485,3.793783,3.670485,3.789041,94675200
1995-07-13,3.798524,3.850688,3.722648,3.798524,84811200
1995-07-14,3.727389,3.931305,3.717905,3.931305,89905600
1995-07-17,4.087800,4.144707,4.040378,4.135222,155830400
1995-07-18,4.059345,4.064088,3.841203,3.864914,289624000
1995-07-19,3.679969,3.746360,3.357497,3.585124,305092800
1995-07-20,3.613578,3.694196,3.566155,3.646774,177848000
1995-07-21,3.566155,3.642030,3.480795,3.490279,169257600
1995-07-24,3.513991,3.556671,3.495022,3.551929,94811200
1995-07-25,3.623062,3.703680,3.604093,3.656257,109422400
1995-07-26,3.703679,3.722648,3.599350,3.642030,77470400
1995-07-27,3.661000,3.703680,3.651515,3.661000,52916800
1995-07-28,3.642030,3.642030,3.490279,3.513991,158468800
1995-07-31,3.532958,3.547184,3.414402,3.433371,101435200
1995-08-01,3.442856,3.448191,3.333785,3.395434,166144000
1995-08-02,3.452340,3.513989,3.338527,3.376465,129804800
1995-08-03,3.338529,3.466569,3.319560,3.457085,113536000
1995-08-04,3.466569,3.561413,3.461826,3.561413,77705600
1995-08-07,3.585125,3.623062,3.480796,3.551929,64273600
1995-08-08,3.570897,3.599351,3.542444,3.547186,43913600
1995-08-09,3.708422,3.722649,3.642031,3.661000,144384000
1995-08-10,3.679968,3.684711,3.561413,3.570897,71883200
1995-08-11,3.594608,3.665742,3.495022,3.661000,97195200
1995-08-14,3.675226,3.765328,3.632546,3.746359,88872000
1995-08-15,3.765328,3.770070,3.675226,3.732132,63267200
1995-08-16,3.732133,3.751102,3.684710,3.746359,38118400
1995-08-17,3.751102,3.822235,3.742210,3.760587,74564800
1995-08-18,3.781927,3.784298,3.679969,3.684711,77502400
1995-08-21,3.698938,3.727391,3.580382,3.585124,110491200
1995-08-22,3.608834,3.770070,3.580381,3.767698,94320000
1995-08-23,3.793781,3.812750,3.698937,3.713164,111188800
1995-08-24,3.722649,3.722649,3.623062,3.646774,95275200
1995-08-25,3.656257,3.670483,3.580381,3.580381,73489600
1995-08-28,3.580382,3.580382,3.409662,3.416775,112622400
1995-08-29,3.419146,3.485537,3.300590,3.485537,163929600
1995-08-30,3.523475,3.556671,3.471311,3.537702,79499200
1995-08-31,3.542443,3.566154,3.471309,3.509247,38764800
1995-09-01,3.480795,3.490279,3.390693,3.404919,80262400
1995-09-05,3.447600,3.608835,3.423888,3.604093,92052800
1995-09-06,3.613577,3.660999,3.528217,3.547186,100265600
1995-09-07,3.575640,3.665742,3.537702,3.589867,93932800
1995-09-08,3.556670,3.627803,3.537701,3.623061,64417600
1995-09-11,3.618320,3.713164,3.604093,3.703680,77408000
1995-09-12,3.708422,3.708422,3.627805,3.651515,71155200
1995-09-13,3.646774,3.679969,3.608836,3.646774,61208000
1995-09-14,3.646772,3.660998,3.594607,3.599349,54230400
1995-09-15,3.594608,3.618320,3.509248,3.544815,88316800
1995-09-18,3.537701,3.542444,3.447599,3.490279,76827200
1995-09-19,3.490279,3.585123,3.471310,3.540072,58011200
1995-09-20,3.547185,3.589865,3.513989,3.532958,44652800
1995-09-21,3.461825,3.530587,3.433371,3.438114,83836800
1995-09-22,3.409662,3.442857,3.376466,3.404919,99899200
1995-09-25,3.433373,3.438115,3.357497,3.423295,57878400
1995-09-26,3.428630,3.485537,3.343270,3.348012,76548800
1995-09-27,3.338529,3.366982,3.163067,3.362241,140756800
1995-09-28,3.376466,3.471310,3.371724,3.471310,105510400
1995-09-29,3.476051,3.518731,3.416773,3.433371,95158400
1995-10-02,3.433372,3.447599,3.343270,3.348012,67731200
1995-10-03,3.343269,3.385949,3.310073,3.371723,80736000
1995-10-04,3.343270,3.343270,3.243683,3.267395,73473600
1995-10-05,3.262652,3.319559,3.224714,3.319559,101289600
1995-10-06,3.319560,3.376466,3.243684,3.257911,76616000
1995-10-09,3.219972,3.253167,3.139353,3.153580,108614400
1995-10-10,3.082448,3.191520,3.049253,3.177293,157644800
1995-10-11,3.257911,3.314818,3.224715,3.286364,107009600
1995-10-12,3.300592,3.343272,3.286365,3.324303,78700800
1995-10-13,3.357498,3.366982,3.262653,3.272138,68644800
1995-10-16,3.253169,3.314818,3.243684,3.291107,61067200
1995-10-17,3.310076,3.471311,3.291107,3.457085,123140800
1995-10-18,3.727391,3.741618,3.599351,3.627804,294329600
1995-10-19,3.613577,3.679968,3.594608,3.670484,95840000
1995-10-20,3.660999,3.675226,3.599350,3.623061,79984000
1995-10-23,3.604093,3.684711,3.585124,3.656257,93473600
1995-10-24,3.656258,3.722649,3.656258,3.698938,68681600
1995-10-25,3.703679,3.708421,3.637288,3.637288,60211200
1995-10-26,3.632546,3.722648,3.618319,3.717906,82841600
1995-10-27,3.698936,3.799116,3.694194,3.793781,130683200
1995-10-30,3.765328,3.921821,3.736874,3.898110,125464000
1995-10-31,3.907594,3.921821,3.784296,3.793781,91958400
1995-11-01,3.798524,3.831719,3.727390,3.732132,72819200
1995-11-02,3.741616,3.808008,3.727389,3.793781,63504000
1995-11-03,3.793783,3.798526,3.746361,3.774814,40635200
1995-11-06,3.679968,3.751101,3.675226,3.694195,87729600
1995-11-07,3.660997,3.694193,3.523473,3.528215,115921600
1995-11-08,3.561413,3.623061,3.542444,3.613577,71280000
1995-11-09,3.660999,3.756437,3.642030,3.755844,99814400
1995-11-10,3.736875,3.755844,3.665149,3.675227,60819200
1995-11-13,3.665744,3.689455,3.644403,3.653888,59003200
1995-11-14,3.637288,3.642030,3.561413,3.566155,75657600
1995-11-15,3.580382,3.589866,3.485537,3.566155,108686400
1995-11-16,3.433372,3.484351,3.400177,3.409662,195126400
1995-11-17,3.414404,3.438115,3.314817,3.314817,143803200
1995-11-20,3.352756,3.390694,3.253169,3.262653,115296000
1995-11-21,3.257910,3.366981,3.196261,3.338528,130163200
1995-11-22,3.352755,3.395435,3.310075,3.314817,65428800
1995-11-24,3.324302,3.348012,3.314817,3.338528,15014400
1995-11-27,3.362239,3.395434,3.305925,3.310074,79100800
1995-11-28,3.300590,3.471310,3.281621,3.471310,86537600
1995-11-29,3.485538,3.509248,3.385950,3.404919,91067200
1995-11-30,3.395435,3.404919,3.295848,3.305333,93512000
1995-12-01,3.305334,3.333787,3.257911,3.272138,96124800
1995-12-04,3.267395,3.400178,3.234199,3.333786,130436800
1995-12-05,3.333787,3.343272,3.229458,3.262653,104528000
1995-12-06,3.267394,3.452340,3.262651,3.438114,145272000
1995-12-07,3.457082,3.490278,3.371129,3.433371,132876800
1995-12-08,3.513991,3.589867,3.499171,3.585124,147041600
1995-12-11,3.585122,3.594607,3.528216,3.532958,61924800
1995-12-12,3.528216,3.532959,3.457083,3.466568,44739200
1995-12-13,3.457085,3.495023,3.433374,3.480796,39577600
1995-12-14,3.499764,3.547186,3.362239,3.366981,92822400
1995-12-15,3.381209,3.404920,3.310075,3.352755,115470400
1995-12-18,3.352754,3.376465,3.238940,3.300589,99460800
1995-12-19,3.314818,3.452935,3.314818,3.447600,84340800
1995-12-20,3.457084,3.466569,3.300590,3.305333,84980800
1995-12-21,3.329045,3.414405,3.314818,3.414405,60593600
1995-12-22,3.419144,3.447598,3.381207,3.433371,36057600
1995-12-26,3.423888,3.461826,3.409662,3.423888,34707200
1995-12-27,3.428629,3.438114,3.352754,3.371723,40539200
1995-12-28,3.348012,3.357497,3.310075,3.314817,49777600
1995-12-29,3.310074,3.366980,3.272136,3.329042,52342400
1996-01-02,3.333786,3.404919,3.314817,3.404919,57779200
1996-01-03,3.381208,3.419146,3.291106,3.295848,62857600
1996-01-04,3.310075,3.319559,3.219973,3.314817,102353600
1996-01-05,3.272137,3.324301,3.267395,3.276879,62083200
1996-01-08,3.281622,3.324302,3.267396,3.272138,11377600
1996-01-09,3.262652,3.262652,3.030283,3.042139,177424000
1996-01-10,3.053995,3.158324,3.053402,3.125129,181571200
1996-01-11,3.167808,3.295849,3.153582,3.286364,116617600
1996-01-12,3.281620,3.295847,3.182033,3.253166,80544000
1996-01-15,3.257910,3.257910,3.106159,3.129870,84572800
1996-01-16,3.172550,3.281028,3.158323,3.276879,122006400
1996-01-17,3.215229,3.319558,3.210487,3.219971,143078400
1996-01-18,3.243685,3.371725,3.224716,3.324303,121331200
1996-01-19,3.423888,3.537702,3.400177,3.485537,227440000
1996-01-22,3.476053,3.518733,3.447599,3.490279,82643200
1996-01-23,3.466568,3.480794,3.385949,3.395434,66473600
1996-01-24,3.409662,3.509249,3.395435,3.461826,92217600
1996-01-25,3.466568,3.476053,3.376466,3.390692,59881600
1996-01-26,3.381207,3.447598,3.376464,3.433371,50881600
1996-01-29,3.442858,3.461827,3.390100,3.428631,39587200
1996-01-30,3.447600,3.466569,3.438116,3.445228,45120000
1996-01-31,3.442856,3.513990,3.419145,3.509247,68774400
1996-02-01,3.499764,3.575639,3.490279,3.570897,78587200
1996-02-02,3.566153,3.570895,3.495020,3.528215,44686400
1996-02-05,3.518733,3.689453,3.518733,3.684711,126480000
1996-02-06,3.661000,3.698937,3.627804,3.661000,98158400
1996-02-07,3.642031,3.684711,3.622469,3.675227,65555200
1996-02-08,3.665740,3.774810,3.623059,3.751100,103924800
1996-02-09,3.746359,3.803266,3.736875,3.798524,122832000
1996-02-12,3.784299,3.836463,3.760588,3.774814,87779200
1996-02-13,3.708422,3.803266,3.698937,3.779556,114513600
1996-02-14,3.798524,3.798524,3.732133,3.746359,80212800
1996-02-15,3.736875,3.760586,3.708421,3.736875,52195200
1996-02-16,3.746359,3.765328,3.713164,3.713164,62206400
1996-02-20,3.689453,3.736875,3.675226,3.708421,64182400
1996-02-21,3.708422,3.798525,3.698938,3.789041,80046400
1996-02-22,3.793782,3.893369,3.793782,3.888626,106500800
1996-02-23,3.893369,3.931307,3.864916,3.926565,102640000
1996-02-26,3.907594,3.917079,3.812750,3.817492,63696000
1996-02-27,3.822235,3.824606,3.783704,3.798524,60958400
1996-02-28,3.822235,3.869657,3.789039,3.798524,60051200
1996-02-29,3.755842,3.798522,3.739244,3.743987,61723200
1996-03-01,3.732132,3.741617,3.589866,3.623061,157652800
1996-03-04,3.642031,3.694196,3.623062,3.651515,72564800
1996-03-05,3.642029,3.727982,3.632545,3.722647,57369600
1996-03-06,3.727390,3.751102,3.679968,3.679968,44256000
1996-03-07,3.684711,3.703680,3.665742,3.691823,44291200
1996-03-08,3.623059,3.698935,3.594606,3.608833,108524800
1996-03-11,3.608835,3.665742,3.608835,3.661000,74592000
1996-03-12,3.651515,3.665742,3.594608,3.632546,76888000
1996-03-13,3.726796,3.831718,3.708421,3.826977,156710400
1996-03-14,3.836462,3.864916,3.779556,3.779556,60640000
1996-03-15,3.793781,3.912337,3.779555,3.883883,121721600
1996-03-18,3.883885,4.016668,3.883885,3.992956,119472000
1996-03-19,4.035637,4.061718,3.973987,4.054605,92491200
1996-03-20,4.030895,4.045122,3.935457,3.969246,92944000
1996-03-21,3.955015,3.959758,3.812749,3.822233,66313600
1996-03-22,3.836462,3.848317,3.784297,3.836462,48046400
1996-03-25,3.850689,3.883885,3.748731,3.789041,63379200
1996-03-26,3.770070,3.902852,3.746359,3.898110,79899200
1996-03-27,3.917079,3.945533,3.836462,3.888626,52729600
1996-03-28,3.864916,3.926564,3.836462,3.879142,54955200
1996-03-29,3.883885,3.950276,3.874400,3.912338,53508800
1996-04-01,3.912929,3.926563,3.874399,3.898110,31692800
1996-04-02,3.898112,3.983473,3.893370,3.969246,54396800
1996-04-03,3.950275,3.988213,3.921822,3.964501,46072000
1996-04-04,3.969243,3.978728,3.926563,3.959759,28961600
1996-04-08,3.888627,3.940792,3.864916,3.936049,73753600
1996-04-09,3.945531,3.945531,3.850687,3.855429,66942400
1996-04-10,3.850687,3.907593,3.841202,3.855429,51910400
1996-04-11,3.850688,3.883884,3.779555,3.836462,62465600
1996-04-12,3.836462,3.855431,3.812750,3.836462,33737600
1996-04-15,3.831719,3.931306,3.831719,3.927157,50102400
1996-04-16,3.955018,4.002441,3.945534,3.992956,80116800
1996-04-17,3.992955,4.021408,3.957388,4.019037,62630400
1996-04-18,4.021409,4.144707,4.002440,4.135222,133958400
1996-04-19,4.234811,4.253780,4.154193,4.163677,169492800
1996-04-22,4.192131,4.301203,4.182647,4.277491,92758400
1996-04-23,4.277489,4.296458,4.225325,4.272747,57139200
1996-04-24,4.286973,4.291715,4.220581,4.230066,69251200
1996-04-25,4.230069,4.315429,4.182647,4.277491,63896000
1996-04-26,4.277489,4.320170,4.263263,4.305943,54296000
1996-04-29,4.301200,4.305942,4.249036,4.272747,34267200
1996-04-30,4.272745,4.296456,4.244292,4.296456,28441600
1996-05-01,4.282230,4.372332,4.272746,4.367590,65014400
1996-05-02,4.367592,4.372334,4.215840,4.234809,87340800
1996-05-03,4.268004,4.343879,4.177902,4.206355,75300800
1996-05-06,4.211097,4.263262,4.158933,4.239551,75852800
1996-05-07,4.234808,4.305941,4.234808,4.291715,47366400
1996-05-08,4.282233,4.339139,4.201614,4.334397,77851200
1996-05-09,4.334396,4.367592,4.296458,4.305943,47776000
1996-05-10,4.339139,4.368185,4.329655,4.358108,43913600
1996-05-13,4.362849,4.509858,4.362849,4.500373,95606400
1996-05-14,4.524085,4.552538,4.485554,4.514600,76832000
1996-05-15,4.514601,4.543054,4.452952,4.462437,56323200
1996-05-16,4.400787,4.452952,4.386560,4.443467,67092800
1996-05-17,4.471922,4.476664,4.415015,4.438726,35392000
1996-05-20,4.452953,4.471922,4.424499,4.429241,38457600
1996-05-21,4.429239,4.433982,4.367590,4.367590,42113600
1996-05-22,4.362847,4.448207,4.348620,4.433980,45646400
1996-05-23,4.433983,4.519344,4.433983,4.495632,51976000
1996-05-24,4.495632,4.514601,4.486148,4.495632,26443200
1996-05-28,4.505115,4.519934,4.443466,4.448208,43376000
1996-05-29,4.452952,4.486147,4.424498,4.443467,33569600
1996-05-30,4.448210,4.486148,4.424499,4.486148,33824000
1996-05-31,4.498001,4.528826,4.476661,4.505115,40259200
1996-06-03,4.505117,4.533570,4.481406,4.490891,31684800
1996-06-04,4.500375,4.509860,4.410273,4.471922,65852800
1996-06-05,4.476663,4.599961,4.471921,4.585734,50968000
1996-06-06,4.618928,4.666350,4.543052,4.545423,88136000
1996-06-07,4.462436,4.599960,4.462436,4.599960,70198400
1996-06-10,4.590476,4.599961,4.551946,4.576250,45819200
1996-06-11,4.580992,4.675837,4.576250,4.633157,65259200
1996-06-12,4.661610,4.756455,4.656868,4.742228,88844800
1996-06-13,4.746969,4.775422,4.694804,4.728000,62577600
1996-06-14,4.732742,4.742227,4.661609,4.666351,55944000
1996-06-17,4.671093,4.742226,4.642640,4.728000,57499200
1996-06-18,4.723257,4.723257,4.628412,4.642639,74585600
1996-06-19,4.647383,4.671094,4.604703,4.618929,73409600
1996-06-20,4.628414,4.646790,4.514600,4.618929,102228800
1996-06-21,4.642640,4.709031,4.609444,4.699547,56806400
1996-06-24,4.704289,4.746969,4.666351,4.709032,48102400
1996-06-25,4.713773,4.713773,4.604702,4.628413,41145600
1996-06-26,4.623670,4.628412,4.514599,4.571506,71457600
1996-06-27,4.571506,4.590475,4.514600,4.550167,77582400
1996-06-28,4.571505,4.590474,4.519341,4.557279,52000000
1996-07-01,4.562025,4.647385,4.557283,4.640272,47862400
1996-07-02,4.642642,4.652126,4.599961,4.614188,38548800
1996-07-03,4.614186,4.661608,4.576248,4.595217,44243200
1996-07-05,4.557282,4.557282,4.490891,4.490891,35331200
1996-07-08,4.495629,4.580989,4.481402,4.564391,64432000
1996-07-09,4.585734,4.604703,4.552538,4.552538,35571200
1996-07-10,4.552537,4.552537,4.481404,4.533568,77980800
1996-07-11,4.486146,4.490888,4.315425,4.343879,140915200
1996-07-12,4.369960,4.369960,4.191534,4.263260,139478400
1996-07-15,4.263263,4.315427,4.168418,4.196872,111832000
1996-07-16,4.182644,4.386560,4.078315,4.377075,182100800
1996-07-17,4.467178,4.481405,4.386560,4.443467,126208000
1996-07-18,4.448210,4.552539,4.396046,4.547797,98537600
1996-07-19,4.467178,4.614188,4.467178,4.589883,99208000
1996-07-22,4.591068,4.609443,4.471919,4.543052,144475200
1996-07-23,4.552536,4.552536,4.182643,4.253777,257678400
1996-07-24,4.154191,4.391302,4.154191,4.353364,192225600
1996-07-25,4.400788,4.505117,4.367592,4.495632,100920000
1996-07-26,4.533569,4.533569,4.486147,4.519343,59304000
1996-07-29,4.524082,4.547794,4.429238,4.433980,56748800
1996-07-30,4.471920,4.505115,4.405529,4.500373,66976000
1996-07-31,4.514602,4.538313,4.462437,4.471922,56320000
1996-08-01,4.471921,4.585735,4.452952,4.576250,96025600
1996-08-02,4.633155,4.699547,4.576249,4.680578,109289600
1996-08-05,4.685321,4.694805,4.599960,4.618929,55072000
1996-08-06,4.614186,4.709031,4.585733,4.704288,67388800
1996-08-07,4.718515,4.746969,4.661609,4.732742,76790400
1996-08-08,4.709033,4.775424,4.694806,4.751712,54379200
1996-08-09,4.732741,4.761194,4.699546,4.723257,44313600
1996-08-12,4.713774,4.784908,4.704290,4.751712,66187200
1996-08-13,4.742226,4.775422,4.680577,4.685319,72508800
1996-08-14,4.699548,4.746970,4.694806,4.737486,52032000
1996-08-15,4.732743,4.770681,4.718517,4.746970,35556800
1996-08-16,4.746969,4.751711,4.694804,4.713773,47598400
1996-08-19,4.699546,4.709031,4.637897,4.685319,43131200
1996-08-20,4.694804,4.709031,4.675835,4.680578,25678400
1996-08-21,4.647382,4.685319,4.618928,4.685319,49345600
1996-08-22,4.709033,4.746971,4.685321,4.742228,50236800
1996-08-23,4.737484,4.742226,4.675835,4.675835,44006400
1996-08-26,4.680580,4.694806,4.656869,4.661611,31944000
1996-08-27,4.671093,4.732742,4.666351,4.732742,28038400
1996-08-28,4.742228,4.770681,4.737486,4.765939,32070400
1996-08-29,4.751711,4.751711,4.690063,4.709032,34182400
1996-08-30,4.713772,4.713772,4.647381,4.647381,28088000
1996-09-03,4.628413,4.680578,4.576249,4.680578,48524800
1996-09-04,4.680578,4.690062,4.663980,4.680578,27126400
1996-09-05,4.656867,4.656867,4.609445,4.609445,40372800
1996-09-06,4.628412,4.656866,4.614186,4.647381,41921600
1996-09-09,4.647383,4.742228,4.637899,4.737486,41747200
1996-09-10,4.732742,4.746969,4.690062,4.718515,38904000
1996-09-11,4.701919,4.761197,4.690063,4.746970,36387200
1996-09-12,4.761195,4.912946,4.749339,4.879751,95944000
1996-09-13,4.917689,4.984081,4.889236,4.969853,80137600
1996-09-16,4.974594,5.050470,4.969852,4.988821,62409600
1996-09-17,5.040988,5.107379,5.017276,5.078926,75624000
1996-09-18,5.083666,5.230676,5.055213,5.178511,86049600
1996-09-19,5.178509,5.244901,5.150056,5.225932,75912000
1996-09-20,5.197481,5.259131,5.154802,5.240162,104849600
1996-09-23,5.221190,5.240159,5.169025,5.225932,46385600
1996-09-24,5.216446,5.249642,5.164282,5.192736,72520000
1996-09-25,5.216449,5.230676,5.135832,5.145316,44067200
1996-09-26,5.150058,5.164286,4.998307,5.007792,92604800
1996-09-27,5.026761,5.131090,4.979339,5.097895,98372800
1996-09-30,5.064698,5.116863,4.998307,5.003049,89574400
1996-10-01,4.998305,5.078924,4.965110,5.012533,69124800
1996-10-02,5.040989,5.150059,5.022020,5.112122,68760000
1996-10-03,5.112124,5.126352,5.069445,5.083671,58294400
1996-10-04,5.107379,5.183255,5.093152,5.173770,45166400
1996-10-07,5.173769,5.240160,5.154800,5.216449,42432000
1996-10-08,5.225935,5.225935,5.121606,5.135833,48465600
1996-10-09,5.159542,5.164284,5.055213,5.102635,64955200
1996-10-10,5.074183,5.164286,5.059957,5.074183,51739200
1996-10-11,5.107378,5.206964,5.093151,5.202223,36523200
1996-10-14,5.211709,5.240162,5.173771,5.183256,36091200
1996-10-15,5.263873,5.278101,5.211709,5.268616,61206400
1996-10-16,5.263874,5.270987,5.197483,5.235421,36427200
1996-10-17,5.244903,5.273357,5.140574,5.140574,49097600
1996-10-18,5.083668,5.121606,5.067070,5.112122,69646400
1996-10-21,5.112124,5.159547,5.064702,5.083671,71401600
1996-10-22,5.050472,5.059957,4.979338,5.026761,113806400
1996-10-23,5.031502,5.112119,4.998306,5.102635,67443200
1996-10-24,5.116864,5.211709,5.078927,5.183256,81417600
1996-10-25,5.183253,5.230676,5.164284,5.176139,53084800
1996-10-28,5.185626,5.221193,5.169028,5.183256,51240000
1996-10-29,5.192740,5.211709,5.116864,5.135833,66756800
1996-10-30,5.135830,5.197479,5.116862,5.169025,60526400
1996-10-31,5.173770,5.211708,5.164286,5.206965,37028800
1996-11-01,5.206966,5.263872,5.178512,5.211709,56531200
1996-11-04,5.206967,5.249648,5.187998,5.235421,36006400
1996-11-05,5.254386,5.368199,5.247273,5.368199,86417600
1996-11-06,5.363458,5.482013,5.349230,5.482013,71438400
1996-11-07,5.491497,5.543662,5.429849,5.444075,76742400
1996-11-08,5.439333,5.444075,5.368199,5.444075,67369600
1996-11-11,5.439334,5.491498,5.425107,5.448819,38593600
1996-11-12,5.463046,5.534180,5.368202,5.377686,81156800
1996-11-13,5.448818,5.529436,5.429849,5.500982,90409600
1996-11-14,5.510468,5.676446,5.510468,5.676446,114969600
1996-11-15,5.719128,5.723871,5.591089,5.652737,104041600
1996-11-18,5.666962,5.757064,5.638509,5.704900,98585600
1996-11-19,5.709641,5.913558,5.700157,5.913558,104739200
1996-11-20,5.918299,5.994174,5.813970,5.813970,123857600
1996-11-21,5.861393,5.866136,5.690673,5.704900,130718400
1996-11-22,5.719126,5.785518,5.666962,5.709642,94424000
1996-11-25,5.733356,5.828201,5.709644,5.823458,75129600
1996-11-26,5.842426,5.894591,5.780777,5.832941,108238400
1996-11-27,5.847165,5.908814,5.832938,5.899329,44446400
1996-11-29,5.899330,5.960979,5.899330,5.951495,17152000
1996-12-02,5.975206,5.984691,5.889846,5.984691,64502400
1996-12-03,6.008402,6.051081,5.866135,5.868505,77563200
1996-12-04,5.885104,5.889845,5.771290,5.813970,102542400
1996-12-05,5.818713,5.894589,5.761806,5.804486,74950400
1996-12-06,5.652734,5.861392,5.624873,5.799744,110238400
1996-12-09,5.946753,6.212318,5.918300,6.202833,94718400
1996-12-10,6.402004,6.416231,6.202830,6.212315,125725600
1996-12-11,6.145929,6.345103,6.079538,6.326134,113558400
1996-12-12,6.449428,6.468396,6.145925,6.145925,78272800
1996-12-13,6.155411,6.221802,6.011958,6.070051,74532000
1996-12-16,6.089023,6.126960,5.804489,5.823458,64883200
1996-12-17,5.813971,6.079535,5.795002,6.060566,68944800
1996-12-18,6.174377,6.278706,6.070048,6.269222,61796800
1996-12-19,6.373551,6.458911,6.297675,6.439942,94609600
1996-12-20,6.487366,6.496851,6.326131,6.345099,90414400
1996-12-23,6.383039,6.430461,6.288194,6.354585,36892800
1996-12-24,6.383035,6.458911,6.307160,6.439942,16246400
1996-12-26,6.468398,6.534789,6.458913,6.487367,27905600
1996-12-27,6.487365,6.506334,6.374738,6.392521,19079200
1996-12-30,6.477881,6.496850,6.335614,6.335614,27279200
1996-12-31,6.373551,6.392520,6.259737,6.269222,34367200
1997-01-02,6.307162,6.307162,6.126958,6.193349,54480800
1997-01-03,6.240771,6.430460,6.221802,6.420976,44131200
1997-01-06,6.420976,6.468398,6.307163,6.402007,55948000
1997-01-07,6.411489,6.458912,6.326129,6.449427,36880800
1997-01-08,6.449432,6.467215,6.307165,6.326134,50593600
1997-01-09,6.354585,6.354585,6.240772,6.250256,47763200
1997-01-10,6.221801,6.402005,6.193347,6.392521,66556800
1997-01-13,6.458914,6.487368,6.335616,6.354585,50361600
1997-01-14,6.392521,6.572725,6.392521,6.477881,63728000
1997-01-15,6.496851,6.544274,6.402007,6.420976,53058400
1997-01-16,6.449431,6.610667,6.449431,6.525307,58688000
1997-01-17,6.496851,6.658087,6.487367,6.610665,65368800
1997-01-20,6.601179,7.046948,6.572726,6.885713,146220800
1997-01-21,6.876230,7.212928,6.800354,7.208186,114592000
1997-01-22,7.217668,7.473748,7.179730,7.388388,129236800
1997-01-23,7.445297,7.568595,7.170248,7.189217,105048000
1997-01-24,7.217668,7.416841,7.160761,7.279317,89817600
1997-01-27,7.322000,7.389576,7.246124,7.293546,53263200
1997-01-28,7.464267,7.492720,7.189217,7.255609,64656800
1997-01-29,7.340966,7.388388,7.265090,7.378904,48933600
1997-01-30,7.454781,7.682408,7.435812,7.672924,79937600
1997-01-31,7.729829,7.834158,7.653953,7.739313,86516000
1997-02-03,7.786736,7.844828,7.672922,7.767767,60804800
1997-02-04,7.767770,7.834161,7.625503,7.824677,56464000
1997-02-05,7.824673,7.853126,7.350450,7.464264,110099200
1997-02-06,7.454782,7.464266,7.284061,7.369421,102122400
1997-02-07,7.464267,7.625503,7.397876,7.616018,62448000
1997-02-10,7.644470,7.701377,7.407358,7.416843,66804800
1997-02-11,7.454780,7.483234,7.217669,7.473749,88834400
1997-02-12,7.464267,7.587565,7.397876,7.578080,72001600
1997-02-13,7.625499,7.672921,7.540139,7.587561,58292000
1997-02-14,7.540140,7.625500,7.407358,7.426327,57395200
1997-02-18,7.407357,7.426326,7.303028,7.388388,52545600
1997-02-19,7.388391,7.445298,7.322000,7.397876,56383200
1997-02-20,7.350452,7.397874,7.217669,7.227154,75395200
1997-02-21,7.198701,7.236639,7.132310,7.208186,61131200
1997-02-24,7.151278,7.606531,7.132309,7.597047,68599200
1997-02-25,7.587566,7.664627,7.502206,7.549628,63941600
1997-02-26,7.549624,7.616016,7.464264,7.606531,48849600
1997-02-27,7.606533,7.606533,7.284062,7.293546,56628800
1997-02-28,7.293547,7.464267,7.241383,7.397876,78412000
1997-03-03,7.359939,7.597051,7.331486,7.549628,53874400
1997-03-04,7.530657,7.597048,7.483235,7.521173,63920800
1997-03-05,7.549623,7.663437,7.530654,7.653952,46393600
1997-03-06,7.644470,7.653954,7.415657,7.416843,57018400
1997-03-07,7.464266,7.549626,7.321999,7.340968,46032000
1997-03-10,7.369419,7.597046,7.279317,7.587561,45997600
1997-03-11,7.559108,7.630242,7.464264,7.464264,47577600
1997-03-12,7.416843,7.549625,7.416843,7.492718,43234400
1997-03-13,7.454781,7.597048,7.435812,7.559110,45505600
1997-03-14,7.568594,7.606532,7.502203,7.511687,61327200
1997-03-17,7.473750,7.644471,7.435813,7.625502,83958400
1997-03-18,7.634986,7.649213,7.502203,7.559110,59012000
1997-03-19,7.416843,7.454781,7.203444,7.340968,111560000
1997-03-20,7.331482,7.416842,7.236638,7.284060,81410400
1997-03-21,7.321999,7.369421,7.046949,7.132309,85829600
1997-03-24,7.065917,7.094370,6.648601,6.838290,186269600
1997-03-25,6.876229,6.933135,6.743446,6.852518,89701600
1997-03-26,6.885711,7.179729,6.876227,7.151276,81270400
1997-03-27,7.217669,7.293545,6.904682,7.113340,93919200
1997-03-31,7.065915,7.170244,6.923649,6.956845,93825600
1997-04-01,6.838292,7.113342,6.809839,7.075404,86680800
1997-04-02,7.046950,7.103856,6.904683,6.980558,63331200
1997-04-03,6.904678,7.236634,6.876225,7.217665,92252800
1997-04-04,7.113343,7.340970,7.113343,7.146539,94964000
1997-04-07,7.255607,7.407359,7.208185,7.274576,76511200
1997-04-08,7.331484,7.454782,7.246124,7.454782,53339200
1997-04-09,7.521172,7.530656,7.416843,7.435812,73762400
1997-04-10,7.416843,7.416843,7.246123,7.340968,67913600
1997-04-11,7.246123,7.378906,7.203444,7.208186,60033600
1997-04-14,7.189215,7.388388,7.084886,7.388388,59107200
1997-04-15,7.426328,7.511688,7.274577,7.369421,84440000
1997-04-16,7.331484,7.473751,7.303031,7.454782,42710400
1997-04-17,7.473748,7.587562,7.397873,7.445295,71720800
1997-04-18,7.891065,8.166114,7.815189,8.166114,231764000
1997-04-21,8.118692,8.488585,8.052300,8.166114,155695200
1997-04-22,8.166116,8.407970,8.156631,8.393743,82300000
1997-04-23,8.393740,8.782602,8.374771,8.735180,102814400
1997-04-24,8.848996,8.943840,8.554978,8.659307,118163200
1997-04-25,8.611884,8.754151,8.592915,8.621368,58566400
1997-04-28,8.630856,8.730443,8.469620,8.716216,67224000
1997-04-29,8.905903,9.038685,8.839511,9.029201,73953600
1997-04-30,9.000747,9.304249,8.981778,9.218889,90204000
1997-05-01,9.256825,9.351669,9.048167,9.180949,72325600
1997-05-02,9.256826,9.370640,9.024458,9.161982,96192000
1997-05-05,9.076620,9.161980,8.763633,9.119301,111063200
1997-05-06,9.057654,9.086107,8.830027,8.901161,74770400
1997-05-07,8.830028,9.029201,8.735183,8.763637,70532800
1997-05-08,8.744669,8.962812,8.735185,8.830029,53834400
1997-05-09,8.953327,8.991265,8.782607,8.858482,58392000
1997-05-12,8.915388,8.991264,8.877450,8.962811,42976000
1997-05-13,8.981781,9.048172,8.867967,8.934359,49813600
1997-05-14,8.981777,9.000746,8.773119,8.792088,60744800
1997-05-15,8.801573,8.943840,8.792089,8.886933,41861600
1997-05-16,8.830026,8.877448,8.716212,8.758893,59913600
1997-05-19,8.811056,8.886931,8.735180,8.735180,45632000
1997-05-20,8.792089,9.048169,8.744667,9.038685,64876800
1997-05-21,9.152497,9.327960,9.086105,9.133528,76620000
1997-05-22,9.180953,9.228375,9.086108,9.152499,33655200
1997-05-23,9.209408,9.332706,9.171470,9.323221,28904800
1997-05-27,9.313735,9.664660,9.285281,9.607753,69036000
1997-05-28,9.655176,9.655176,9.474971,9.550847,52241600
1997-05-29,9.655176,9.792701,9.484456,9.550847,51111200
1997-05-30,8.915385,9.531874,8.915385,9.408576,83337600
1997-06-02,9.484452,9.522390,9.342185,9.437030,38939200
1997-06-03,9.361155,9.370640,9.152497,9.161982,41995200
1997-06-04,9.152496,9.275794,8.972292,9.043426,54639200
1997-06-05,9.125226,9.218885,9.067133,9.147752,35892000
1997-06-06,9.209404,9.432289,9.180951,9.413321,35964000
1997-06-09,9.474971,9.569816,9.294767,9.493940,48200000
1997-06-10,9.493938,9.640947,9.389609,9.470227,53135200
1997-06-11,9.470230,9.664661,9.375386,9.636208,49056800
1997-06-12,9.617239,9.721568,9.512910,9.636208,44614400
1997-06-13,9.617232,9.868570,9.603006,9.835375,50116000
1997-06-16,9.835376,9.968159,9.778470,9.968159,40612800
1997-06-17,9.977649,10.238471,9.930226,10.181564,53191200
1997-06-18,10.110429,10.129397,9.868575,9.878059,55657600
1997-06-19,9.740537,9.920742,9.712084,9.811670,65519200
1997-06-20,9.816407,9.968158,9.750015,9.854344,64240000
1997-06-23,9.854348,9.977646,9.712081,9.716824,35724800
1997-06-24,9.825892,10.025065,9.740531,10.020323,39319200
1997-06-25,10.081977,10.110430,9.849608,9.897030,49576000
1997-06-26,9.873314,9.925479,9.702594,9.731048,37312000
1997-06-27,9.797442,9.863833,9.655175,9.674144,38198400
1997-06-30,9.702596,9.768987,9.574556,9.588782,38286400
1997-07-01,9.593525,9.626720,9.351671,9.479712,59377600
1997-07-02,9.531875,9.750017,9.413320,9.740533,53237600
1997-07-03,9.868575,9.868575,9.750019,9.830637,28764000
1997-07-07,9.911257,9.996617,9.816413,9.825897,39320000
1997-07-08,9.816410,9.963420,9.783215,9.958677,36007200
1997-07-09,10.053518,10.063002,9.825891,9.920735,48266400
1997-07-10,9.901767,9.958673,9.778469,9.854344,43780800
1997-07-11,9.882802,9.944451,9.745277,9.844864,38094400
1997-07-14,9.925480,10.319085,9.901769,10.314342,57424000
1997-07-15,10.475585,10.565688,10.366514,10.506410,75503200
1997-07-16,10.802792,11.343406,10.622587,11.262788,111217600
1997-07-17,11.419282,11.438251,11.115780,11.343407,131668000
1997-07-18,11.001967,11.182171,10.622588,10.660526,158927200
1997-07-21,10.688978,10.698463,10.148365,10.314342,127223200
1997-07-22,10.385479,10.987742,10.375995,10.935577,101384000
1997-07-23,11.020937,11.144235,10.698465,10.731661,95556000
1997-07-24,10.499295,10.651046,10.290637,10.470841,141855200
1997-07-25,10.508773,10.793306,10.413928,10.508773,90308800
1997-07-28,10.565682,10.575166,10.300117,10.394961,56404000
1997-07-29,10.375991,10.627329,10.328569,10.617845,79061600
1997-07-30,10.679493,10.774338,10.594133,10.707947,78324000
1997-07-31,10.774338,10.783822,10.688978,10.726915,42240800
1997-08-01,10.726922,10.760118,10.560944,10.670015,58912800
1997-08-04,10.641558,10.774341,10.579909,10.741145,46312800
1997-08-05,10.793305,10.954540,10.774336,10.873922,59333600
1997-08-06,10.873928,10.973515,10.793310,10.883412,43410400
1997-08-07,10.949802,10.954544,10.774340,10.921349,43947200
1997-08-08,10.835991,10.859702,10.622591,10.622591,66815200
1997-08-11,10.622590,10.641559,10.347541,10.489808,72696000
1997-08-12,10.575169,10.603623,10.304862,10.319089,60887200
1997-08-13,10.480316,10.489801,10.224236,10.323823,66731200
1997-08-14,10.319082,10.375989,10.176815,10.338051,45900800
1997-08-15,10.281147,10.319084,10.072489,10.081973,51078400
1997-08-18,10.091459,10.157850,9.939708,10.157850,69969600
1997-08-19,10.224241,10.546713,10.214757,10.532486,91013600
1997-08-20,10.546715,10.674755,10.394964,10.665271,51433600
1997-08-21,10.745888,10.802795,10.432901,10.461354,64412000
1997-08-22,10.262180,10.432900,10.176820,10.413931,72161600
1997-08-25,10.461350,10.546710,10.290630,10.357021,38856800
1997-08-26,10.319084,10.385475,10.224239,10.243208,34327200
1997-08-27,10.262179,10.266921,10.091459,10.210014,49371200
1997-08-28,10.129394,10.148363,10.015581,10.020323,43641600
1997-08-29,10.020324,10.157848,9.996612,10.029808,37857600
1997-09-02,10.100945,10.432901,10.091461,10.409190,50112800
1997-09-03,10.442383,10.537227,10.333312,10.361765,42872800
1997-09-04,10.319081,10.508770,10.300112,10.485059,44476000
1997-09-05,10.551452,10.598874,10.338052,10.418670,48398400
1997-09-08,10.451866,10.608359,10.451866,10.570421,42416000
1997-09-09,10.565680,10.641556,10.499289,10.584649,39465600
1997-09-10,10.537231,10.556200,10.247955,10.252697,53294400
1997-09-11,10.243210,10.423414,10.081974,10.380734,61779200
1997-09-12,10.385478,10.499292,10.290634,10.466096,48576000
1997-09-15,10.290628,10.413925,9.911250,9.915992,129003200
1997-09-16,9.996614,10.394961,9.939707,10.347539,102538400
1997-09-17,10.366508,10.375992,10.063005,10.105685,61609600
1997-09-18,10.186301,10.252692,9.972901,10.034550,61077600
1997-09-19,10.034548,10.262175,10.015579,10.257433,77435200
1997-09-22,10.243214,10.309605,10.105689,10.115173,43251200
1997-09-23,10.134140,10.281149,10.100944,10.281149,39946400
1997-09-24,10.290631,10.323827,10.025066,10.048778,60040000
1997-09-25,10.081976,10.176821,10.020327,10.072492,39272000
1997-09-26,10.138881,10.148366,9.987130,10.119912,36652000
1997-09-29,10.129394,10.224239,10.081972,10.205270,27505600
1997-09-30,10.200529,10.300116,10.034551,10.039293,43892800
1997-10-01,10.053521,10.205273,9.968161,10.157850,61466400
1997-10-02,10.148365,10.214756,10.072490,10.105685,28831200
1997-10-03,10.238470,10.338057,10.119914,10.238470,60284800
1997-10-06,10.309604,10.338057,10.186306,10.252697,41776800
1997-10-07,10.243209,10.447125,10.214756,10.361765,54548800
1997-10-08,10.366510,10.551457,10.338057,10.546715,71196800
1997-10-09,10.508776,10.594136,10.480322,10.541971,34672800
1997-10-10,10.494546,10.527741,10.338052,10.357021,24893600
1997-10-13,10.394966,10.461358,10.361771,10.375998,19051200
1997-10-14,10.404443,10.423412,10.271661,10.371247,33361600
1997-10-15,10.300116,10.319084,10.233724,10.300116,45003200
1997-10-16,10.328569,10.366507,10.034551,10.160220,47327200
1997-10-17,10.100941,10.214754,9.892283,10.034550,87720000
1997-10-20,10.091461,10.262181,9.674145,10.063007,154052800
1997-10-21,10.328568,10.564494,10.266919,10.508773,115682400
1997-10-22,10.499291,10.508775,10.271664,10.295375,55775200
1997-10-23,10.015581,10.413928,10.015581,10.290630,66413600
1997-10-24,10.385478,10.413931,10.110429,10.271665,70030400
1997-10-27,10.233728,10.338057,9.759505,9.778474,96795200
1997-10-28,10.034552,10.243210,9.370640,10.119912,160057600
1997-10-29,10.148368,10.247955,9.873319,9.930225,85532800
1997-10-30,9.825892,9.968158,9.750016,9.759501,72097600
1997-10-31,9.939707,9.977645,9.835378,9.863832,46808800
1997-11-03,9.987128,10.186301,9.963417,10.176817,67714400
1997-11-04,10.167333,10.238467,10.105684,10.186302,49134400
1997-11-05,10.205275,10.214760,10.053524,10.134142,42512800
1997-11-06,10.110425,10.129394,9.996612,10.020323,40266400
1997-11-07,9.868580,10.015589,9.854353,9.982393,63628800
1997-11-10,9.987131,10.053522,9.844864,9.878059,36764800
1997-11-11,9.897029,9.972905,9.816411,9.911256,37013600
1997-11-12,9.873315,9.939706,9.787955,9.802181,45784000
1997-11-13,9.868580,9.987135,9.802189,9.982393,60094400
1997-11-14,9.987133,10.157853,9.968164,10.115173,46663200
1997-11-17,10.205271,10.304858,10.124653,10.233725,60094400
1997-11-18,10.238476,10.281156,10.148373,10.167342,36683200
1997-11-19,10.138881,10.252695,10.119912,10.247952,31720800
1997-11-20,10.262174,10.404440,10.233720,10.385471,53680800
1997-11-21,10.456612,10.470839,10.347541,10.461354,68220800
1997-11-24,10.404447,10.480322,10.281149,10.281149,39084000
1997-11-25,10.309603,10.565684,10.300119,10.546715,56463200
1997-11-26,10.546714,10.764856,10.489807,10.741145,63053600
1997-11-28,10.717430,10.793305,10.707945,10.736399,17392800
1997-12-01,10.769597,10.926091,10.745886,10.911864,49006400
1997-12-02,10.892890,10.992477,10.774335,10.793303,50167200
1997-12-03,10.750628,11.006709,10.698464,10.978255,57712000
1997-12-04,10.982994,11.068355,10.793305,10.817017,62630400
1997-12-05,10.783826,10.982999,10.783826,10.859701,48136000
1997-12-08,10.888155,11.125267,10.859702,11.087329,49952800
1997-12-09,11.001968,11.030421,10.888154,10.949803,51782400
1997-12-10,10.793303,10.869179,10.698459,10.793303,66434400
1997-12-11,10.651045,10.698467,10.537232,10.551458,70189600
1997-12-12,10.451873,10.508780,10.319091,10.375998,54308000
1997-12-15,10.352280,10.394960,10.091457,10.328568,84305600
1997-12-16,10.309605,10.651045,10.243214,10.551458,65401600
1997-12-17,10.613102,10.651040,10.281146,10.290630,51472000
1997-12-18,10.205275,10.224244,9.892288,9.930225,98774400
1997-12-19,9.768987,9.878058,9.579298,9.764245,138065600
1997-12-22,9.797443,9.863835,9.550847,9.636208,59063200
1997-12-23,9.640947,9.731049,9.332702,9.356414,67195200
1997-12-24,9.389610,9.399094,8.953325,9.024459,88411200
1997-12-26,9.019715,9.161982,9.010230,9.161982,32388800
1997-12-29,9.285280,9.617236,9.266311,9.584041,67815200
1997-12-30,9.593525,9.939707,9.579298,9.882800,77864800
1997-12-31,9.939706,9.977644,9.787955,9.806924,46147200
1998-01-02,9.835381,9.977648,9.825897,9.949195,39748000
1998-01-05,9.958676,10.138880,9.702595,9.892284,80377600
1998-01-06,9.844866,10.091462,9.806928,9.949195,67834400
1998-01-07,9.854348,9.953935,9.674143,9.830637,61492800
1998-01-08,9.759501,10.025066,9.674141,9.901768,77619200
1998-01-09,9.868577,9.977648,9.550847,9.636208,87534400
1998-01-12,9.456003,9.863835,9.437034,9.825897,78393600
1998-01-13,9.825892,10.034550,9.721563,10.025065,66945600
1998-01-14,10.025071,10.053524,9.806928,9.949195,54774400
1998-01-15,9.892284,10.091458,9.854346,10.039293,50622400
1998-01-16,10.044034,10.271661,10.039292,10.262177,72943200
1998-01-20,10.176819,10.470837,10.167335,10.456611,64956000
1998-01-21,10.413930,10.504033,10.290632,10.394961,85567200
1998-01-22,10.285888,10.613102,10.266919,10.518257,159139200
1998-01-23,10.527746,10.579910,10.372438,10.489808,63312000
1998-01-26,10.613105,10.764857,10.505220,10.755372,74277600
1998-01-27,10.802788,11.068353,10.741140,11.016189,97540800
1998-01-28,11.096816,11.343412,11.039909,11.305474,79387200
1998-01-29,11.300725,11.390828,11.191654,11.248561,73571200
1998-01-30,11.277016,11.381345,11.201141,11.319696,50071200
1998-02-02,11.514126,11.770206,11.419281,11.751237,98397600
1998-02-03,11.770206,11.846082,11.670620,11.827113,61374400
1998-02-04,11.827114,11.988350,11.765465,11.898248,61940800
1998-02-05,11.997834,12.045257,11.741754,11.793919,67014400
1998-02-06,11.789178,12.007321,11.770209,11.997836,50070400
1998-02-09,12.045260,12.054745,11.808149,11.926704,54681600
1998-02-10,11.931445,12.102166,11.893508,12.083197,48099200
1998-02-11,12.092677,12.144842,11.917215,12.059482,76460000
1998-02-12,11.993091,12.059482,11.869793,12.045256,76658400
1998-02-13,12.035769,12.045253,11.940924,11.950409,42203200
1998-02-17,12.026289,12.026289,11.675364,11.713302,85673600
1998-02-18,11.732268,11.836597,11.665877,11.732268,76608800
1998-02-19,11.798659,11.841339,11.703815,11.751237,73773600
1998-02-20,11.798663,11.817632,11.599489,11.770209,86092000
1998-02-23,12.282369,12.396182,12.045257,12.386698,120803600
1998-02-24,12.652264,12.889375,12.424637,12.462575,118302000
1998-02-25,12.661741,12.898853,12.604835,12.889368,94944400
1998-02-26,12.974733,13.003187,12.813498,12.974733,61388000
1998-02-27,12.984222,13.050613,12.832470,12.860924,47532400
1998-03-02,13.031638,13.031638,12.604838,12.642776,50093600
1998-03-03,12.538445,12.832463,12.528961,12.822979,50753600
1998-03-04,12.509996,12.718654,12.377213,12.491027,71513600
1998-03-05,12.026290,12.358246,12.026290,12.149588,92255600
1998-03-06,12.187532,12.557425,12.178047,12.557425,51404800
1998-03-09,12.519478,12.519478,12.064224,12.078451,52256000
1998-03-10,12.320297,12.367720,12.130608,12.367720,47406400
1998-03-11,12.443604,12.443604,12.102164,12.244431,39838800
1998-03-12,12.519474,12.538443,12.263394,12.424629,47962000
1998-03-13,12.509997,12.595357,12.377214,12.500512,32542400
1998-03-16,12.509997,12.557419,12.348761,12.443605,27979600
1998-03-17,12.396181,12.396181,12.092678,12.197007,53842400
1998-03-18,12.149586,12.415151,12.121133,12.405666,33887600
1998-03-19,12.367730,12.491028,12.329792,12.443605,30299200
1998-03-20,12.462573,12.595355,12.215977,12.415151,56310000
1998-03-23,12.320307,12.841952,12.301338,12.728139,55050000
1998-03-24,12.775555,12.908337,12.661741,12.889368,32281600
1998-03-25,13.733489,13.799880,13.240297,13.477408,124244800
1998-03-26,13.429986,13.591221,13.278234,13.392048,45441200
1998-03-27,13.562772,13.562772,13.287723,13.325661,38924000
1998-03-30,13.363597,13.448957,13.221330,13.344628,27463200
1998-03-31,13.448953,13.619673,13.429984,13.581736,38177200
1998-04-01,13.629163,13.752461,13.429990,13.714523,36835600
1998-04-02,13.761942,13.951631,13.638644,13.856787,41414800
1998-04-03,13.961109,14.122345,13.885234,14.112861,40987600
1998-04-06,14.055955,14.055955,13.515341,13.648124,74232000
1998-04-07,13.553283,13.752457,13.164421,13.240296,62630800
1998-04-08,13.164424,13.505864,13.145455,13.496380,36793200
1998-04-09,13.344623,13.600703,13.278232,13.505858,33619200
1998-04-13,13.477414,13.505867,13.164427,13.448960,33156400
1998-04-14,13.458444,13.591227,13.278240,13.420506,28476800
1998-04-15,13.543798,13.866269,13.486891,13.866269,40498400
1998-04-16,13.714514,13.970594,13.686061,13.913688,39695600
1998-04-17,13.885241,13.999054,13.705036,13.980085,37402800
1998-04-20,14.018024,14.416371,13.989571,14.359465,45535200
1998-04-21,14.368945,14.416367,14.131833,14.397398,51938400
1998-04-22,14.568114,15.042336,14.511207,15.004398,80154000
1998-04-23,14.757813,14.776782,14.285961,14.340497,64215200
1998-04-24,14.188743,14.378432,13.942148,13.980085,51436000
1998-04-27,13.581738,13.738232,13.429987,13.705036,58752000
1998-04-28,13.980085,13.999053,13.508233,13.638644,56668000
1998-04-29,13.667092,13.885235,13.600701,13.733483,50061600
1998-04-30,13.885238,13.904207,13.610189,13.676580,54473600
1998-05-01,13.686066,13.733488,13.373079,13.600706,35996000
1998-05-04,13.534317,13.638646,13.344628,13.363597,37899600
1998-05-05,13.297201,13.591219,13.202356,13.316170,50828000
1998-05-06,13.278235,13.278235,13.050608,13.107514,48110800
1998-05-07,13.079068,13.088553,12.623814,12.652267,78022000
1998-05-08,12.424630,13.069572,12.424630,13.012666,96274800
1998-05-11,13.069575,13.079060,12.756588,12.785042,51474400
1998-05-12,12.633289,13.012667,12.633289,13.003182,64147200
1998-05-13,13.458443,13.467927,13.126487,13.192878,80680400
1998-05-14,13.031642,13.809367,13.022157,13.496380,94774400
1998-05-15,13.676579,13.686064,13.467921,13.572250,48150800
1998-05-18,12.822980,13.126482,12.822980,13.060091,80395600
1998-05-19,13.022156,13.192876,12.984218,13.126485,52234400
1998-05-20,13.069572,13.183386,12.955759,13.012666,35698800
1998-05-21,13.022154,13.259266,12.974732,13.107514,36680000
1998-05-22,13.145448,13.164416,12.965243,12.984212,36129200
1998-05-26,12.946279,13.079061,12.671230,12.690199,44473600
1998-05-27,12.576391,13.069582,12.576391,13.050613,58574400
1998-05-28,13.012672,13.107516,12.908343,13.098032,30746800
1998-05-29,13.107511,13.126480,12.860915,12.870399,34091200
1998-06-01,12.728139,12.839582,12.614326,12.709170,42436800
1998-06-02,12.756591,13.041125,12.728138,12.974733,38570800
1998-06-03,13.031643,13.117003,12.766078,12.794532,36010800
1998-06-04,12.851433,13.069575,12.690197,13.060091,33717600
1998-06-05,13.031644,13.126488,12.860924,13.088551,34431600
1998-06-08,12.993698,13.098027,12.898853,13.003182,18886400
1998-06-09,12.946282,13.287722,12.936797,13.211846,35690400
1998-06-10,13.145458,13.411023,13.031644,13.050613,33290400
1998-06-11,13.116998,13.221327,12.917824,12.946278,41271200
1998-06-12,12.879883,13.069572,12.747101,13.012666,41323600
1998-06-15,12.851436,13.249783,12.832467,13.041125,42846000
1998-06-16,13.098030,13.648129,12.974732,13.638644,61138400
1998-06-17,13.648126,14.018019,13.619672,13.818846,76147600
1998-06-18,13.780910,13.923177,13.714519,13.837817,39228400
1998-06-19,14.093903,14.378436,14.036996,14.368952,91226800
1998-06-22,14.378430,14.558635,14.217195,14.539666,48969600
1998-06-23,14.539661,15.307902,14.454301,15.288933,124675200
1998-06-24,15.431201,15.952846,15.165637,15.924393,105724800
1998-06-25,16.066659,16.218411,15.383779,15.412232,88969600
1998-06-26,15.516557,15.876966,15.478619,15.848513,55680400
1998-06-29,16.009763,16.341719,15.971826,16.303782,65906000
1998-06-30,15.971826,16.474502,15.876981,16.446049,77010000
1998-07-01,16.559856,16.711607,16.265838,16.597794,53470400
1998-07-02,16.512437,16.559859,16.256357,16.275326,27321200
1998-07-06,16.218419,16.398623,15.990792,16.360685,35307600
1998-07-07,16.360687,16.474500,16.161513,16.379656,32422800
1998-07-08,16.408107,16.711610,16.199449,16.673672,41553600
1998-07-09,16.692640,16.996142,16.654702,16.844391,43690000
1998-07-10,16.863353,17.185825,16.673664,17.176340,45396800
1998-07-13,17.318611,17.944585,17.242735,17.840256,69223200
1998-07-14,17.944587,18.020462,17.527271,17.679022,56972400
1998-07-15,17.603146,17.906648,17.546239,17.811804,48690000
1998-07-16,17.916133,18.039431,17.697990,17.811804,65125200
1998-07-17,17.830770,18.153242,17.593659,17.897161,83108400
1998-07-20,17.935108,18.134282,17.726450,17.754904,45794800
1998-07-21,17.735934,18.058405,17.072022,17.119444,74605200
1998-07-22,16.996146,17.792840,16.977177,17.716965,71654400
1998-07-23,17.650574,17.830779,17.147898,17.147898,51029600
1998-07-24,17.261708,17.546242,17.072019,17.271193,60366400
1998-07-27,17.166866,17.716965,16.796972,17.716965,58998000
1998-07-28,17.603150,17.735932,16.996145,17.034082,78378400
1998-07-29,17.185833,17.337584,16.702126,16.796970,59738000
1998-07-30,16.986652,17.242733,16.806448,17.214279,72746400
1998-07-31,17.138409,17.226140,16.683155,16.683155,53705200
1998-08-03,16.559861,16.825426,16.294296,16.455532,73566400
1998-08-04,16.483979,16.635731,15.810583,15.858006,91412000
1998-08-05,15.801097,16.123569,15.402750,15.829551,120208800
1998-08-06,15.744197,16.227904,15.725228,16.218420,68308000
1998-08-07,16.303779,16.313263,15.943370,16.066668,54972400
1998-08-10,16.057171,16.133046,15.848513,15.848513,46763200
1998-08-11,15.611406,15.839033,15.478624,15.696766,60976400
1998-08-12,15.829553,15.962335,15.630379,15.943366,53760000
1998-08-13,15.801107,16.085641,15.744200,15.772654,51193200
1998-08-14,15.886454,15.943360,15.706249,15.820063,29566400
1998-08-17,15.706257,16.294294,15.630382,16.284809,54073200
1998-08-18,16.370164,16.967684,16.294288,16.882324,70591200
1998-08-19,17.034084,17.109960,16.730581,16.778004,55709600
1998-08-20,16.711607,17.109954,16.645216,17.081501,49970400
1998-08-21,16.863361,16.977174,16.502951,16.787485,59523600
1998-08-24,16.740060,16.996140,16.692637,16.749544,26319200
1998-08-25,16.901301,17.252226,16.863364,17.119444,58026800
1998-08-26,16.882327,17.261706,16.825421,17.081501,44804400
1998-08-27,16.777989,17.109945,16.465002,16.578815,74874000
1998-08-28,16.427079,16.635737,15.895949,15.971825,72730000
1998-08-31,15.914909,16.161505,14.530179,14.558633,132690400
1998-09-01,14.454300,15.440683,14.340487,15.364807,140112400
1998-09-02,15.450175,15.820068,15.213063,15.260486,63438400
1998-09-03,14.985433,15.288936,14.928527,15.061309,67506800
1998-09-04,15.127707,15.213067,14.587093,14.662969,50890400
1998-09-08,15.175118,15.488105,15.032851,15.473878,60625600
1998-09-09,15.516568,15.848524,15.421724,15.516568,65480800
1998-09-10,15.175119,15.345839,14.975946,15.288933,60758000
1998-09-11,15.345840,15.876969,15.194089,15.820063,58989200
1998-09-14,15.924400,16.246872,15.914916,16.085636,45086800
1998-09-15,16.066668,16.455530,15.952854,16.436562,49367600
1998-09-16,16.370165,16.465010,16.104600,16.417587,42886800
1998-09-17,15.981299,16.161504,15.905424,15.924393,45178400
1998-09-18,16.047694,16.123570,15.829552,15.990788,47361600
1998-09-21,15.554498,16.398614,15.535529,16.370161,45872000
1998-09-22,16.455526,16.673669,16.199446,16.569340,43082000
1998-09-23,16.635732,17.280675,16.465012,17.242737,65263600
1998-09-24,17.166865,17.394492,16.540891,16.711611,63521600
1998-09-25,16.559853,17.166858,16.483977,17.157373,47878400
1998-09-28,17.147894,17.356552,16.654702,16.891813,41405200
1998-09-29,16.967690,17.299646,16.901298,17.128925,48743200
1998-09-30,17.043566,17.233255,16.697383,16.702126,38875600
1998-10-01,16.398624,16.616767,15.782135,15.791619,65442400
1998-10-02,15.687286,15.962335,15.326877,15.801100,65889600
1998-10-05,15.554501,15.611408,14.643994,15.355328,114937600
1998-10-06,15.554507,15.725227,14.776781,14.814719,76550000
1998-10-07,14.776780,15.137189,14.169775,14.283588,90710400
1998-10-08,13.742973,13.942146,13.316172,13.837817,144719200
1998-10-09,14.141322,14.719874,13.999055,14.700905,72661600
1998-10-12,15.061311,15.326876,14.947498,15.137187,51502800
1998-10-13,15.099253,15.137191,14.530186,14.634515,47995600
1998-10-14,14.549155,15.383787,14.549155,15.203583,62403200
1998-10-15,15.194094,16.028726,15.118219,16.000273,66253600
1998-10-16,16.085633,16.161508,15.782130,15.943366,68620000
1998-10-19,15.801098,15.810583,15.345844,15.620893,60177600
1998-10-20,15.668316,15.687285,15.118218,15.213062,94368400
1998-10-21,15.914910,16.218413,15.639861,16.152021,125377200
1998-10-22,16.085628,16.711602,15.971814,16.692633,81910800
1998-10-23,16.540889,16.692640,16.114089,16.142542,59882000
1998-10-26,16.208928,16.389133,16.038208,16.246866,59678400
1998-10-27,16.351198,16.370166,15.933882,16.000273,65434800
1998-10-28,15.914916,16.180481,15.914916,16.038214,56808400
1998-10-29,16.000273,16.313259,16.000273,16.180477,52402800
1998-10-30,16.275326,16.417592,15.952854,16.066668,59322800
1998-11-02,16.142535,16.218410,15.933877,16.057175,48388400
1998-11-03,16.009764,16.170999,15.895950,15.962341,36546800
1998-11-04,16.057182,16.284809,15.914915,16.009760,67459600
1998-11-05,15.981306,16.332231,15.971822,16.142542,76727200
1998-11-06,16.095115,16.654698,16.076146,16.588306,74461200
1998-11-09,16.569343,16.901299,16.512437,16.796970,68956800
1998-11-10,16.711607,17.214283,16.702122,17.005625,72075600
1998-11-11,17.214281,17.413455,16.825419,16.853872,63899200
1998-11-12,16.730574,16.863356,16.465009,16.502947,38526800
1998-11-13,16.455521,16.768508,16.446037,16.692633,28368800
1998-11-16,16.891808,16.958199,16.313257,16.512430,42620400
1998-11-17,16.540895,17.053056,16.531411,16.977180,58744000
1998-11-18,16.626255,16.853882,16.559864,16.654709,41691200
1998-11-19,16.550371,17.072016,16.550371,16.958202,45220800
1998-11-20,17.109954,17.261706,16.882328,17.242737,48405200
1998-11-23,17.072015,18.238602,17.072015,18.086851,110870400
1998-11-24,18.010971,18.978385,18.001487,18.466225,101114800
1998-11-25,18.617982,18.874062,18.323964,18.855093,41394000
1998-11-27,18.987878,19.443132,18.864580,19.433647,26335600
1998-11-30,19.632818,19.767972,18.504168,18.513653,70900000
1998-12-01,18.248095,19.689732,18.229126,19.651794,86330800
1998-12-02,19.604372,19.689732,19.044789,19.234478,65759600
1998-12-03,19.253444,19.566431,18.513656,18.532625,51426800
1998-12-04,18.959422,19.329315,18.817155,19.329315,44352000
1998-12-07,19.376745,20.296737,19.234478,20.268284,89809200
1998-12-08,20.163955,20.372613,19.689733,19.907875,77585200
1998-12-09,20.050136,20.306217,19.727665,20.277763,44781600
1998-12-10,20.201898,20.429525,19.936333,19.964787,57015600
1998-12-11,19.879430,20.439013,19.841492,20.334684,51728800
1998-12-14,20.144976,20.296727,19.376735,19.414673,64077600
1998-12-15,19.623331,20.031163,19.613847,20.012194,51719600
1998-12-16,20.107043,20.505390,19.594882,20.296732,60024000
1998-12-17,20.363123,20.467452,20.069105,20.391577,46963600
1998-12-18,20.486421,20.979613,20.353639,20.913221,59648000
1998-12-21,21.036524,21.577138,20.903741,21.311573,48112000
1998-12-22,21.321045,21.321045,20.846823,21.008059,41350000
1998-12-23,21.302084,21.823729,21.150333,21.785791,34940000
1998-12-24,21.795278,21.852184,21.472806,21.510744,13832400
1998-12-28,21.700428,21.795272,21.472801,21.605583,23636400
1998-12-29,21.634040,21.634040,21.188270,21.321053,29651600
1998-12-30,21.377963,21.754970,21.074461,21.093430,34942800
1998-12-31,21.121887,21.245185,20.941682,21.046011,23834400
1999-01-04,21.185911,22.041883,21.150344,21.396940,69305200
1999-01-05,21.529706,22.459183,21.463315,22.231556,64281600
1999-01-06,22.686811,22.990313,22.269495,22.952375,69064800
1999-01-07,22.724754,22.857537,22.497127,22.838568,51150400
1999-01-08,23.094636,23.142058,22.307427,22.743711,50244800
1999-01-11,22.895463,22.904947,21.890111,22.383303,46463200
1999-01-12,22.478154,22.478154,21.396927,21.577131,57907200
1999-01-13,20.638172,22.421249,20.638172,21.823729,75346000
1999-01-14,22.041874,22.089296,21.472806,21.510744,59214000
1999-01-15,21.690940,22.762683,21.453828,22.724745,59344000
1999-01-19,22.971344,24.033603,22.895469,23.616287,102741600
1999-01-20,25.332974,25.456272,24.657207,24.678547,125481200
1999-01-21,24.545771,24.782883,23.938766,24.024126,80077200
1999-01-22,23.616286,24.315764,23.559379,23.711130,82160000
1999-01-25,24.536278,24.782874,24.147416,24.564732,103076400
1999-01-26,25.114832,26.063278,24.963081,26.034824,120203200
1999-01-27,26.177100,26.471118,25.570095,25.589064,98048000
1999-01-28,26.063272,26.414197,25.769254,26.404713,78838400
1999-01-29,26.518533,26.575440,25.930497,26.556471,79571600
1999-02-01,26.622853,26.698729,25.921004,26.243475,81729200
1999-02-02,26.177093,26.186577,25.228647,25.437305,91965600
1999-02-03,25.247610,25.778739,25.190703,25.314001,73749200
1999-02-04,25.513190,25.551127,24.109490,24.137943,89151600
1999-02-05,24.318141,24.526799,23.502478,24.280203,127945200
1999-02-08,24.669056,25.124309,24.526789,25.076887,109866800
1999-02-09,25.029472,25.304521,24.242262,24.289684,77293600
1999-02-10,24.261238,24.944119,24.071549,24.375051,73694000
1999-02-11,24.697517,24.868238,24.337108,24.697517,60366000
1999-02-12,24.536283,24.839786,23.843918,23.938763,62930400
1999-02-16,24.242259,24.261228,23.455050,23.711130,73666800
1999-02-17,23.208453,23.388658,22.535057,22.762684,101215600
1999-02-18,22.904960,22.971351,21.849814,22.117750,117035200
1999-02-19,22.373823,22.648872,22.117743,22.421246,73085600
1999-02-22,22.497123,22.610937,21.965994,22.582483,92514400
1999-02-23,23.208459,23.616291,22.838565,23.587837,95106800
1999-02-24,23.739587,24.185356,23.180004,23.198973,67696800
1999-02-25,23.123111,23.331769,22.705794,23.293831,70817200
1999-02-26,23.123097,23.142065,22.686812,22.781656,59273200
1999-03-01,22.696301,23.151555,22.686817,23.028257,58332000
1999-03-02,23.047220,23.388661,22.402277,22.544544,58569600
1999-03-03,22.610939,22.867020,22.316921,22.705784,76798400
1999-03-04,22.933410,23.293819,22.478156,23.104130,61696400
1999-03-05,23.483517,23.578362,23.236921,23.511971,47302800
1999-03-08,23.597330,24.164027,23.521455,24.128460,46726000
1999-03-09,24.261238,25.001025,24.242269,24.555256,90129600
1999-03-10,24.631128,24.659581,24.156905,24.488861,53114800
1999-03-11,24.431949,24.972563,24.175869,24.498341,62948400
1999-03-12,24.678541,24.697510,23.796487,24.308647,73395200
1999-03-15,24.365570,25.190718,23.957739,25.171749,60609600
1999-03-16,25.114837,25.797718,24.925148,25.655451,68554000
1999-03-17,25.655449,25.712356,25.304524,25.361431,44919600
1999-03-18,25.257103,26.186579,25.219165,26.167610,56231200
1999-03-19,26.385744,26.423682,25.778739,25.977913,91980400
1999-03-22,26.243473,26.546976,26.101207,26.224504,55719200
1999-03-23,26.205552,26.423695,25.228653,25.276075,69581200
1999-03-24,25.342455,26.072758,24.754419,25.987398,82634400
1999-03-25,26.262456,27.324715,26.177096,27.305746,109447600
1999-03-26,27.153983,27.372126,26.670276,27.030685,94687600
1999-03-29,27.353157,28.111913,26.670276,28.036037,79777000
1999-03-30,28.339535,28.377473,27.998095,28.225721,67502400
1999-03-31,28.680987,28.718925,27.049661,27.201412,58752600
1999-04-01,27.694607,28.187799,27.395847,28.130892,41106000
1999-04-05,28.624076,28.837476,28.377480,28.813765,39848600
1999-04-06,28.889651,29.022433,28.301614,28.548210,39674800
1999-04-07,28.794798,28.832736,27.694602,28.320576,46910200
1999-04-08,28.301599,28.718914,27.618718,28.699945,38637000
1999-04-09,28.605103,28.832729,28.225725,28.605103,31816800
1999-04-12,27.808406,28.415410,27.732530,28.225721,37858800
1999-04-13,28.263668,28.263668,27.068627,27.353161,46746800
1999-04-14,27.561832,27.656677,26.063288,26.063288,52944000
1999-04-15,26.499559,27.277284,25.456269,26.973782,72594600
1999-04-16,27.030700,27.049669,26.063286,26.290913,44774000
1999-04-19,26.366777,26.746155,24.394011,24.583700,75389000
1999-04-20,24.963079,25.494208,24.280198,25.228643,108459400
1999-04-21,24.925149,25.038962,24.280206,24.887211,92732800
1999-04-22,25.797705,25.873581,25.304514,25.778736,55096400
1999-04-23,25.797724,26.404729,25.190719,26.101227,56592000
1999-04-26,26.461628,26.992757,26.328845,26.708223,48349800
1999-04-27,26.935852,26.935852,25.475246,25.494215,58665800
1999-04-28,25.892564,26.252974,24.801852,24.925150,55963400
1999-04-29,25.001016,25.399363,24.403496,24.906172,60880600
1999-04-30,25.114832,25.418334,24.242262,24.678547,58558600
1999-05-03,24.716488,24.735457,23.843919,24.242266,67180000
1999-05-04,24.431953,24.830300,23.597321,23.692165,66502200
1999-05-05,24.014641,24.242268,23.198978,24.014641,67028200
1999-05-06,24.488858,24.621641,23.521444,23.654226,74021000
1999-05-07,24.166392,24.394019,23.673201,23.995672,48011600
1999-05-10,24.242267,24.431956,23.749075,24.185360,46218000
1999-05-11,24.507830,24.588448,24.109483,24.242266,42786200
1999-05-12,24.507829,24.583705,24.052575,24.431953,60142600
1999-05-13,24.621646,24.811335,24.014641,24.014641,51737200
1999-05-14,23.938769,24.261241,23.255889,23.331764,84401000
1999-05-17,23.483511,24.147423,23.369698,24.014641,66850200
1999-05-18,24.223293,24.356076,23.654226,23.881853,63858400
1999-05-19,24.242265,24.242265,23.445571,24.071545,46510800
1999-05-20,24.147419,24.280201,23.787010,23.805979,42386200
1999-05-21,23.824952,23.976704,23.369698,23.540419,56568800
1999-05-24,23.635259,23.635259,23.085161,23.445570,38990000
1999-05-25,23.293824,24.052580,23.104135,23.142073,50791600
1999-05-26,23.426610,23.824957,22.914449,23.824957,52022800
1999-05-27,23.749069,24.109478,23.521442,23.787006,56702200
1999-05-28,23.900825,24.545768,23.711136,24.488861,41548000
1999-06-01,24.469900,24.507838,23.805988,23.824957,36046400
1999-06-02,23.692165,23.862885,23.142067,23.805979,42812600
1999-06-03,23.787011,23.957731,23.104130,23.180006,32934400
1999-06-04,23.350732,24.185364,23.293826,24.147427,35668200
1999-06-07,24.261240,24.602681,24.033613,24.356085,32392200
1999-06-08,24.242263,24.925143,23.976698,24.090511,41516400
1999-06-09,24.318142,25.076898,24.280204,24.982054,53310800
1999-06-10,24.849271,24.982053,23.995670,24.242266,35277400
1999-06-11,24.280197,24.431948,23.540410,23.711130,34543000
1999-06-14,23.900828,24.185362,23.502481,23.540419,28369800
1999-06-15,23.692171,23.938767,23.274855,23.578358,36981000
1999-06-16,23.995664,24.773389,23.957726,24.583700,48325200
1999-06-17,24.488867,25.190716,24.431960,25.152779,44475200
1999-06-18,24.982046,25.797709,24.925139,25.797709,69116200
1999-06-21,25.759781,27.011729,25.759781,26.992760,56194400
1999-06-22,26.841006,26.841006,26.177094,26.252970,38751000
1999-06-23,26.082258,26.518543,25.816693,26.101227,33942000
1999-06-24,26.025343,26.177094,25.494214,25.683903,33559000
1999-06-25,25.911518,26.233990,25.608016,25.778736,24933000
1999-06-28,25.949475,26.347823,25.778755,26.328854,31701000
1999-06-29,26.309876,26.727192,26.101218,26.708223,38973200
1999-06-30,26.632344,27.391100,26.328842,27.372131,57610200
1999-07-01,27.277287,27.770479,26.822034,27.675634,47737800
1999-07-02,27.580793,27.960171,27.410073,27.922234,32094800
1999-07-06,27.998099,28.206757,27.087591,27.182436,45419400
1999-07-07,27.334192,28.017073,27.277285,28.017073,33834600
1999-07-08,27.865320,28.225729,27.523880,28.092947,37790400
1999-07-09,28.036050,28.320584,27.998112,28.301615,33884200
1999-07-12,28.282652,28.756875,28.036056,28.586155,43847800
1999-07-13,28.263679,28.548212,28.168834,28.415430,30845000
1999-07-14,28.453355,28.832733,28.073977,28.813765,37985200
1999-07-15,28.832734,28.908610,28.453356,28.643045,40926200
1999-07-16,28.984488,30.312312,28.832737,30.179529,115369800
1999-07-19,30.350247,30.577874,29.686336,29.857056,81181600
1999-07-20,29.269021,29.363866,28.017073,28.320576,92287400
1999-07-21,28.415432,28.927593,28.225743,28.737904,54050800
1999-07-22,28.643043,28.680981,27.315220,27.637691,60904200
1999-07-23,27.789453,27.846359,27.220385,27.391106,68833200
1999-07-26,26.973804,27.258337,26.594425,26.594425,50885000
1999-07-27,26.954817,27.239350,26.708221,26.954817,65513000
1999-07-28,27.068641,27.466988,26.822045,27.315237,62215200
1999-07-29,26.916885,26.954823,26.196066,26.385756,57968200
1999-07-30,26.594412,26.897914,25.949469,26.044313,51127400
1999-08-02,26.006364,26.385742,25.608017,25.740799,48050600
1999-08-03,26.063288,26.120195,25.608034,25.721848,55051200
1999-08-04,25.835643,26.461617,25.721829,25.778736,75573400
1999-08-05,25.911518,26.215021,25.721829,26.025331,76634000
1999-08-06,26.120195,26.234008,25.778754,25.835661,67205800
1999-08-09,25.987404,26.044311,25.399368,25.437305,39333600
1999-08-10,25.361438,25.513190,24.773402,25.171749,62743000
1999-08-11,25.494214,25.702872,24.982053,25.551121,66105200
1999-08-12,25.475245,25.551120,24.773395,24.811333,61062000
1999-08-13,25.171740,25.987403,25.114833,25.702869,65099800
1999-08-16,25.816691,26.068029,24.982058,25.589064,57321800
1999-08-17,25.930491,25.949460,25.171735,25.664927,51749000
1999-08-18,25.626988,26.158118,25.513175,25.797709,58361200
1999-08-19,25.664932,25.835653,25.228647,25.437305,71478200
1999-08-20,25.494224,25.731336,25.209690,25.304535,46072800
1999-08-23,25.589045,26.290895,25.456263,26.233988,60447000
1999-08-24,26.423691,28.377488,26.423691,27.979141,120450000
1999-08-25,28.415427,29.136246,28.282645,28.927588,81877600
1999-08-26,28.946556,29.250059,28.434396,28.718929,61246000
1999-08-27,28.851713,28.870682,28.036050,28.301615,41948400
1999-08-30,28.187789,28.358509,27.789442,27.998100,33300800
1999-08-31,27.865320,28.263667,27.353160,28.092947,46882800
1999-09-01,28.017069,28.358509,27.808411,28.036037,36607200
1999-09-02,27.770474,28.092945,27.523878,27.865318,33340800
1999-09-03,28.453362,29.269025,28.377486,29.098305,52098000
1999-09-07,28.794792,29.344890,28.453351,28.605103,47028000
1999-09-08,28.434385,28.737887,27.941194,27.998100,42568200
1999-09-09,28.055018,28.571921,27.860587,28.548210,38475200
1999-09-10,28.851712,28.927587,28.529240,28.832743,34455000
1999-09-13,28.680994,28.775838,28.339553,28.491304,27870800
1999-09-14,28.434395,29.003463,28.415426,28.851711,40207800
1999-09-15,28.984495,29.060371,28.036049,28.111925,48413800
1999-09-16,28.187797,28.548207,27.504917,28.529238,45796000
1999-09-17,28.643056,29.287999,28.472335,29.269030,79773400
1999-09-20,29.136238,29.705305,28.832735,29.610460,48601800
1999-09-21,29.306965,29.306965,28.567178,28.718929,47082800
1999-09-22,28.756869,29.325936,28.434398,29.155216,48531600
1999-09-23,29.401805,29.401805,27.319967,27.675634,71073600
1999-09-24,27.372135,27.732544,26.973788,27.599762,70277000
1999-09-27,27.922219,28.206753,27.580779,27.751499,34132200
1999-09-28,27.694606,28.130891,27.030694,27.960171,46000600
1999-09-29,27.789445,27.960165,27.049658,27.163471,37484400
1999-09-30,27.315236,27.827397,26.954827,27.485956,47455400
1999-10-01,27.372131,27.504913,26.803064,27.310482,44239000
1999-10-04,27.466973,28.111916,27.391098,28.092947,29998000
1999-10-05,28.149852,28.491292,27.163469,27.865318,43397000
1999-10-06,28.017068,28.529228,27.941192,28.434383,35500200
1999-10-07,28.434391,28.851707,28.130888,28.453360,46036400
1999-10-08,28.377480,28.889640,27.960164,28.813765,35697000
1999-10-11,28.718933,28.832746,28.567182,28.624088,19943800
1999-10-12,28.529232,28.624076,28.036040,28.092947,27668600
1999-10-13,27.922225,28.263665,27.410065,27.637691,38098400
1999-10-14,27.580796,27.993370,27.220387,27.523890,42737800
1999-10-15,27.163479,27.258323,26.499567,26.727194,73788000
1999-10-18,26.461634,26.708230,25.816691,26.670292,75312800
1999-10-19,26.784100,27.087603,25.873593,26.196064,69945600
1999-10-20,27.789442,28.036038,27.391095,27.998100,88090600
1999-10-21,27.485951,28.263676,27.466982,28.244707,60801200
1999-10-22,28.396457,28.491301,27.846358,28.130892,43650600
1999-10-25,27.922241,28.396464,27.656676,28.055023,30492200
1999-10-26,28.643042,28.908607,28.002842,28.036037,52467600
1999-10-27,27.770484,27.808422,27.220386,27.580795,54416600
1999-10-28,27.315226,27.580791,27.106568,27.277288,70570400
1999-10-29,27.751507,28.529232,27.694600,28.092947,79452600
1999-11-01,28.301602,28.586136,27.960162,28.036037,53261200
1999-11-02,28.149854,28.680983,27.903258,28.092947,46349000
1999-11-03,28.206767,28.377487,27.770482,27.922234,44517000
1999-11-04,28.017091,28.149873,27.410086,27.846371,54239400
1999-11-05,27.865327,28.187799,27.466980,27.789452,70167400
1999-11-08,25.740798,27.542843,25.608015,27.296247,243819200
1999-11-09,27.239346,27.277284,26.233994,26.973782,109769800
1999-11-10,26.746162,27.049664,26.234001,26.442659,69385400
1999-11-11,26.784096,27.448008,26.784096,27.201412,69274600
1999-11-12,27.239348,27.315224,26.423686,27.068628,49414200
1999-11-15,26.784091,26.859966,26.385744,26.404713,47080400
1999-11-16,26.385763,26.632359,26.063291,26.499577,59165200
1999-11-17,26.233993,26.423682,25.797709,25.797709,66819000
1999-11-18,25.778736,26.044301,25.645954,25.778736,64493200
1999-11-19,25.627004,26.271947,25.608035,26.101227,58226000
1999-11-22,27.201425,27.429052,26.841015,27.258331,90596600
1999-11-23,27.087599,27.732542,26.822034,27.201412,70787400
1999-11-24,27.182433,27.998096,27.163464,27.827375,53771000
1999-11-26,27.808427,28.339556,27.618738,27.656675,28514200
1999-11-29,27.353162,27.941199,27.163473,27.372131,51460200
1999-11-30,27.239345,28.187790,27.182438,27.632950,64145600
1999-12-01,27.637703,28.510273,27.580796,28.282646,48864200
1999-12-02,28.244713,28.908625,28.187806,28.775843,55473800
1999-12-03,29.079340,29.477687,29.055629,29.174185,64100600
1999-12-06,28.908618,29.496654,28.756867,28.965525,49098200
1999-12-07,28.756851,28.794788,28.187784,28.225721,56859200
1999-12-08,28.263687,28.624096,27.827402,27.846371,40955800
1999-12-09,27.922230,28.320577,27.751510,28.149857,46258200
1999-12-10,28.339553,28.567180,27.998113,28.491304,36836000
1999-12-13,28.410687,29.420782,28.149865,29.325937,52691600
1999-12-14,29.193139,30.691682,28.927574,29.951895,144116200
1999-12-15,29.913976,33.005909,29.895007,32.911064,155571600
1999-12-16,33.157641,34.902780,33.062796,34.504433,128660200
1999-12-17,35.395992,35.547743,34.485484,34.978676,105898800
1999-12-20,34.845903,34.902810,33.745706,34.219929,39433800
1999-12-21,34.106092,35.395977,33.574962,35.168350,57446000
1999-12-22,35.296391,35.813294,34.940724,35.680511,38565200
1999-12-23,35.585671,36.192676,35.433920,35.642578,31028400
1999-12-27,35.946081,36.192677,35.244232,36.154739,32202200
1999-12-28,36.040911,36.059880,35.528751,35.661533,24591000
1999-12-29,35.490820,35.927105,35.452883,35.794323,17449200
1999-12-30,35.775365,36.401339,35.547738,35.699490,22360000
1999-12-31,35.661556,35.737432,35.282178,35.433929,12517600
2000-01-03,35.623610,36.002988,33.992284,35.377014,53228400
2000-01-04,34.466506,35.547734,34.068159,34.181973,54119000
2000-01-05,33.726722,35.320110,33.195592,34.542385,64059600
2000-01-06,34.049177,34.561337,32.892074,33.385265,54976600
2000-01-07,32.967967,34.068163,32.569619,33.821568,62013600
2000-01-10,34.428574,34.504450,33.802600,34.068165,44963600
2000-01-11,33.840530,34.675162,32.986929,33.195587,46743600
2000-01-12,32.930012,33.043826,31.697034,32.114349,66532400
2000-01-13,31.678081,32.967967,30.805511,32.721371,83144000
2000-01-14,32.531683,34.580325,32.095398,34.068165,73416400
2000-01-18,33.935365,35.358033,33.916396,34.997623,81483600
2000-01-19,33.537036,33.840539,32.171275,32.474777,97568200
2000-01-20,32.493744,33.290438,32.133334,32.171272,56349800
2000-01-21,32.474779,32.550655,31.336644,31.488396,68416200
2000-01-24,31.502597,32.076406,30.596832,30.729614,63597600
2000-01-25,30.653750,31.526319,30.217465,31.203848,59823200
2000-01-26,31.090051,31.412522,30.084698,30.160574,49365000
2000-01-27,30.317055,30.710660,29.515619,29.970873,63654800
2000-01-28,29.781190,30.426133,29.515625,29.819128,58225400
2000-01-31,29.629431,29.800152,28.794800,29.705307,73194200
2000-02-01,29.894995,31.336631,29.648399,31.241787,70196600
2000-02-02,31.090039,31.545293,30.502003,30.596848,49915600
2000-02-03,30.976217,31.621160,30.388181,31.450439,49186000
2000-02-04,31.678072,32.778269,31.606939,32.341984,55365400
2000-02-07,32.417861,32.436830,31.640136,32.360954,40005800
2000-02-08,32.304051,33.385279,32.304051,33.366310,56229000
2000-02-09,33.214569,33.214569,31.526336,31.564274,55090000
2000-02-10,31.531072,32.341992,31.109013,32.171272,54527800
2000-02-11,31.829829,31.829829,30.084690,30.331285,115559000
2000-02-14,30.724890,30.881384,30.065720,30.236441,81028600
2000-02-15,30.274388,30.350264,29.781196,29.913979,71027600
2000-02-16,30.122630,30.407164,29.477687,29.629438,65202600
2000-02-17,29.895000,30.255410,29.482427,30.236441,80343400
2000-02-18,30.350255,30.369224,28.794805,28.851711,79063000
2000-02-22,28.870685,29.477690,28.168835,28.472338,66296200
2000-02-23,28.377476,29.060356,27.941191,28.605103,75847200
2000-02-24,28.605117,29.098309,27.922236,28.756868,69733200
2000-02-25,28.737894,28.742637,27.466978,27.713573,65301400
2000-02-28,27.391105,27.960172,26.746162,27.789452,76131800
2000-02-29,27.846356,27.846356,26.973787,27.125538,58437400
2000-03-01,27.201419,28.557696,26.992761,27.561829,106889800
2000-03-02,27.865337,28.946565,27.656679,28.339560,106932600
2000-03-03,28.756869,30.008817,28.491304,29.174185,101435200
2000-03-06,29.136235,29.553551,27.353158,27.504910,93609400
2000-03-07,29.174193,29.591509,27.903275,28.187809,135061000
2000-03-08,28.472338,29.193157,27.618737,29.003468,94290000
2000-03-09,28.927577,30.350245,28.832732,30.350245,88198800
2000-03-10,30.217474,31.109013,30.198505,30.653759,85589000
2000-03-13,29.629433,30.426127,29.591495,29.743246,61831800
2000-03-14,29.932919,30.122608,28.870661,28.870661,73489200
2000-03-15,28.699968,29.325942,28.434403,28.946564,53208000
2000-03-16,29.117284,29.344911,28.301621,28.946564,77300800
2000-03-17,28.908626,30.198512,28.680999,30.160574,81161600
2000-03-20,29.970869,30.274371,29.287988,29.553553,47773000
2000-03-21,29.363864,31.298693,29.287989,31.184879,81648800
2000-03-22,31.203861,32.057462,30.691700,31.336643,93975800
2000-03-23,32.417879,34.257864,32.360972,33.954361,148224000
2000-03-24,34.181968,34.902786,33.252491,33.897434,112196800
2000-03-27,32.707147,32.854156,31.545301,31.583239,111434000
2000-03-28,31.450444,32.607547,31.071065,31.659101,81114400
2000-03-29,31.924672,33.062807,31.905703,32.531677,64363800
2000-03-30,32.228176,32.967963,31.109010,31.374575,64178400
2000-03-31,32.171275,32.854156,31.602207,32.247150,64281400
2000-04-03,28.662023,29.287997,27.315231,27.580795,260118200
2000-04-04,27.789446,27.922228,25.778742,26.878939,181244400
2000-04-05,26.784096,26.859972,26.063278,26.215029,82887600
2000-04-06,26.670294,26.708232,25.878342,26.101227,66421400
2000-04-07,26.404712,27.125530,25.797707,27.030685,82613600
2000-04-10,26.897907,26.897907,26.101213,26.120182,60685400
2000-04-11,25.835656,26.120190,25.342464,25.456278,71961800
2000-04-12,24.925143,24.963081,23.900822,24.090511,153003800
2000-04-13,24.545762,24.963078,23.976695,24.052570,94316200
2000-04-14,24.014634,24.128448,22.231557,22.497122,151217800
2000-04-17,22.535066,23.066195,22.155687,23.028257,119772200
2000-04-18,23.217947,24.868242,23.028258,24.450926,91794600
2000-04-19,24.716485,24.735454,23.711133,23.881853,53715400
2000-04-20,23.862889,24.242267,23.521448,23.957733,52387400
2000-04-24,20.410543,20.638170,19.727662,20.220854,313645800
2000-04-25,20.865796,21.093423,20.524355,21.055485,159517400
2000-04-26,21.245183,21.586624,20.448489,20.638178,107091200
2000-04-27,20.467461,21.226218,20.448492,21.188280,77669800
2000-04-28,21.472801,21.548676,20.714044,21.169298,78082600
2000-05-01,22.117743,22.459184,21.757334,22.288464,107811000
2000-05-02,22.098788,22.307446,21.093435,21.207249,97716200
2000-05-03,21.358987,21.491769,20.884764,21.415894,55354800
2000-05-04,21.340034,21.624568,21.036531,21.377972,43317200
2000-05-05,21.321042,21.795265,21.207229,21.586607,36402200
2000-05-08,21.529721,21.662503,21.150342,21.188280,36187600
2000-05-09,21.302079,21.377955,20.486416,20.581261,60778400
2000-05-10,20.562312,20.600250,19.955307,20.088089,67740000
2000-05-11,20.220853,20.676107,19.955288,20.600231,58390800
2000-05-12,20.770960,21.169307,20.714053,20.884773,37886000
2000-05-15,20.941671,21.074454,20.638169,21.055485,33899600
2000-05-16,21.112398,21.434870,20.960647,21.093430,48410600
2000-05-17,20.903739,20.979614,20.410547,20.543329,53242000
2000-05-18,20.657157,20.657157,19.993244,20.088089,53640400
2000-05-19,19.841478,20.012198,19.575913,19.746634,66578000
2000-05-22,19.765599,19.803537,18.949936,19.481066,69955000
2000-05-23,19.386223,19.898383,19.139627,19.177565,57963200
2000-05-24,19.158602,20.201892,19.120664,19.898390,85482400
2000-05-25,19.594882,19.651788,18.551592,18.665405,94348800
2000-05-26,18.836132,19.006852,18.323971,18.646442,55822000
2000-05-30,18.949944,19.462105,18.817162,19.234478,68536400
2000-05-31,19.315094,19.334063,18.836129,18.987881,54968200
2000-06-01,19.537976,20.031168,19.367256,19.594883,94507200
2000-06-02,20.031170,20.258797,19.727668,20.126015,80463200
2000-06-05,20.035909,20.751986,20.031167,20.296732,64400000
2000-06-06,20.695080,21.207240,20.581266,21.131365,99019000
2000-06-07,21.017562,21.472816,20.372619,21.396940,76310600
2000-06-08,21.719405,21.890126,20.714053,20.884773,94765600
2000-06-09,21.131369,21.150338,20.733022,20.884773,35710200
2000-06-12,20.941675,20.941675,20.144981,20.296732,49260600
2000-06-13,20.258791,20.638169,20.069102,20.600231,44289200
2000-06-14,21.188282,21.548692,21.093438,21.396940,79992400
2000-06-15,21.491775,22.060842,21.434868,21.965998,65592600
2000-06-16,22.041876,22.193627,21.700436,22.022907,68710600
2000-06-19,22.022907,22.402285,21.852187,22.364347,46604800
2000-06-20,22.421240,22.838556,22.383302,22.743711,62275000
2000-06-21,23.369695,24.944115,23.350727,24.488861,160399600
2000-06-22,24.697520,24.887209,24.071546,24.242266,87315200
2000-06-23,24.261239,24.299176,23.369700,23.578358,49811600
2000-06-26,23.521455,24.318149,23.521455,24.128460,48287000
2000-06-27,24.052575,24.318139,23.787010,23.919792,31071200
2000-06-28,23.976702,24.299174,23.862889,23.957733,37459200
2000-06-29,23.749075,23.957733,23.388665,23.426603,38449000
2000-06-30,23.388664,24.280203,23.274851,24.280203,52356400
2000-07-03,24.185358,24.299172,24.090514,24.280203,15734800
2000-07-05,24.242273,24.242273,23.749081,23.824957,34824400
2000-07-06,23.938758,24.792358,23.824944,24.564732,47873200
2000-07-07,24.664326,25.152776,24.450926,24.887211,54153200
2000-07-10,24.488860,24.678549,24.090513,24.109482,52689800
2000-07-11,23.919796,24.431957,23.824952,24.014641,37164800
2000-07-12,23.749077,24.583710,23.426606,24.375051,58370200
2000-07-13,23.919796,24.280205,23.483511,24.261236,80843200
2000-07-14,24.128453,24.204329,23.805982,23.957733,51180600
2000-07-17,23.749077,24.147424,23.521450,23.730108,53992800
2000-07-18,23.559392,24.128460,23.502485,23.824957,70617200
2000-07-19,23.085167,23.521452,22.098784,22.193628,139924600
2000-07-20,22.288468,22.838566,22.193623,22.705784,54690600
2000-07-21,22.686817,22.762692,21.814247,21.947029,56100600
2000-07-24,21.871147,21.890116,21.245173,21.415894,56165600
2000-07-25,21.491781,21.548688,20.751994,20.941683,64188600
2000-07-26,20.960639,21.093421,20.410541,20.581261,85404600
2000-07-27,20.600231,21.283112,20.486418,21.055485,74337600
2000-07-28,21.529721,21.795286,21.131374,21.150343,75645600
2000-07-31,21.302094,21.586627,21.017560,21.188280,70283800
2000-08-01,21.226209,21.264146,20.695079,20.846830,47163600
2000-08-02,20.808889,21.377956,20.789920,21.055485,48269200
2000-08-03,20.695079,21.358990,20.676110,21.321053,54543400
2000-08-04,21.074461,21.207243,20.695082,20.979616,38107400
2000-08-07,21.302089,21.586622,21.169306,21.245182,52741800
2000-08-08,21.264143,22.667842,21.245174,22.497122,138038800
2000-08-09,22.383310,22.724750,22.193621,22.535061,63945600
2000-08-10,22.402283,22.478159,21.776309,22.041874,48986000
2000-08-11,21.984966,22.060842,21.738370,21.984966,35629600
2000-08-14,21.947032,22.269503,21.662498,21.909094,53427000
2000-08-15,21.852182,22.155685,21.700431,21.738369,40714200
2000-08-16,21.814244,21.928058,21.415897,21.548679,44976200
2000-08-17,21.586620,21.852185,21.415900,21.719402,36112800
2000-08-18,21.586617,21.681462,21.245177,21.548679,54438800
2000-08-21,21.453833,21.491771,21.264144,21.434864,34119600
2000-08-22,21.491771,21.984963,21.311567,21.624554,54428200
2000-08-23,21.491766,21.586611,21.358984,21.472797,36726800
2000-08-24,21.434856,21.605576,21.226198,21.586607,42405400
2000-08-25,21.453833,21.757335,21.415895,21.434864,52729400
2000-08-28,21.302073,21.890108,21.283104,21.643513,56421600
2000-08-29,21.605577,22.079799,21.510732,21.529701,59400200
2000-08-30,21.453840,21.529716,21.150337,21.245182,53498800
2000-08-31,21.510752,21.852192,21.150342,21.188280,72575400
2000-09-01,21.245173,21.434862,21.150329,21.302080,37629800
2000-09-05,21.245179,21.453837,21.188273,21.283117,50755200
2000-09-06,21.264152,21.453841,21.036525,21.074463,62960800
2000-09-07,21.245176,21.871150,21.074456,21.264145,111711200
2000-09-08,21.358986,21.510737,20.998576,21.036514,56709600
2000-09-11,20.979618,21.150338,20.657146,20.884773,48495200
2000-09-12,20.865791,21.036511,20.524350,20.676102,46781200
2000-09-13,20.505385,20.865794,20.391571,20.714043,40744800
2000-09-14,20.846826,20.865795,19.936319,19.974257,78503000
2000-09-15,19.860444,19.917351,19.215501,19.481066,99915200
2000-09-18,19.500037,19.613850,18.874063,19.120659,69037800
2000-09-19,19.310347,19.955290,19.234471,19.727663,79311200
2000-09-20,19.689727,19.727665,19.177567,19.500038,67791400
2000-09-21,19.424159,19.765599,19.291377,19.481066,48952200
2000-09-22,18.551590,19.272409,18.513653,19.196533,84476600
2000-09-25,19.196530,19.272406,18.342929,18.589525,53484200
2000-09-26,18.494683,19.993226,18.342932,19.025812,155704800
2000-09-27,19.253442,19.291380,18.153245,18.399841,106155600
2000-09-28,18.456746,18.779218,18.399840,18.608498,52360400
2000-09-29,18.513656,18.608501,17.792838,18.304998,74053600
2000-10-02,18.361908,18.456752,17.679027,17.944592,58562400
2000-10-03,18.077366,18.153242,17.147890,17.166859,85374000
2000-10-04,17.109954,17.166861,16.540887,16.825420,136453400
2000-10-05,16.844395,17.375525,16.768520,16.806458,81099400
2000-10-06,16.939237,17.223771,16.616766,16.863361,61794000
2000-10-09,16.882334,16.920272,16.085639,16.446049,58323600
2000-10-10,16.370169,16.863361,16.332231,16.559858,62066200
2000-10-11,16.389134,17.280672,16.389134,16.920263,101205800
2000-10-12,17.090983,17.261703,16.332227,16.502947,90219600
2000-10-13,16.351197,16.654699,15.820068,16.313259,104521200
2000-10-16,16.237378,16.332222,15.042337,15.288933,119759000
2000-10-17,15.744189,15.914909,15.250998,15.307904,81276600
2000-10-18,15.061316,16.161513,14.700906,15.706259,110536400
2000-10-19,17.735931,18.874065,17.603148,18.779221,256993200
2000-10-20,18.608497,20.069102,18.551590,19.784569,160378600
2000-10-23,19.613849,20.107041,18.418808,18.855093,185170400
2000-10-24,19.006846,19.101690,18.267058,18.665405,94427400
2000-10-25,18.798183,19.253437,18.342929,18.589525,167603800
2000-10-26,18.513658,19.746637,18.456751,19.556948,114826600
2000-10-27,19.632822,20.998583,19.613853,20.543329,124292400
2000-10-30,20.486425,21.283119,20.448487,20.960648,110057600
2000-10-31,20.941664,21.093416,20.638162,20.903727,104474000
2000-11-01,20.789924,21.264147,20.770956,21.131365,81309400
2000-11-02,21.359000,21.501266,21.131373,21.340031,77985200
2000-11-03,21.017545,21.131359,20.657136,20.714043,68711000
2000-11-06,20.846834,21.283119,20.714051,21.093430,74851400
2000-11-07,21.169313,21.814256,21.093438,21.396940,104331200
2000-11-08,21.586624,21.966002,20.638178,21.074463,206149400
2000-11-09,20.789926,21.643526,20.770957,21.510744,91058600
2000-11-10,21.226212,21.340025,20.277766,20.448486,93744400
2000-11-13,20.239822,20.676107,19.547457,20.163946,83364800
2000-11-14,20.638177,21.188276,20.429519,20.884773,84218600
2000-11-15,20.960642,21.510741,20.846829,21.264145,60422200
2000-11-16,21.074460,21.700434,20.922709,20.922709,92128600
2000-11-17,21.074461,21.245181,20.576527,20.960648,106525600
2000-11-20,20.676110,20.789924,19.898385,20.391577,80157200
2000-11-21,20.448484,21.017552,20.448484,20.562298,59487600
2000-11-22,20.050131,21.093421,20.031162,20.714043,76343200
2000-11-24,20.941670,21.377955,20.789919,21.226204,34439200
2000-11-27,21.681458,21.928053,21.434862,21.453831,85307600
2000-11-28,21.055503,21.169317,20.277778,20.334684,127446200
2000-11-29,20.277763,20.372608,19.196535,19.746634,98280400
2000-11-30,18.817157,18.836126,17.299644,17.413458,197200800
2000-12-01,17.622108,18.399833,17.015103,17.185823,109809800
2000-12-04,17.375521,17.906651,16.749547,17.128925,80407200
2000-12-05,17.963551,18.361898,17.679017,18.172209,101734400
2000-12-06,18.210154,18.229123,17.015112,17.204802,90560800
2000-12-07,16.218420,16.389140,15.858010,16.123575,145308400
2000-12-08,16.578828,16.958206,16.218419,16.521921,120939800
2000-12-11,16.844389,17.830772,16.692638,17.622114,95576200
2000-12-12,17.546245,18.210156,17.223773,17.716965,63106000
2000-12-13,18.361898,18.361898,17.242733,17.375515,98360400
2000-12-14,17.584178,17.826032,16.806453,16.844391,71201400
2000-12-15,15.492853,15.782129,14.492243,14.928528,116899800
2000-12-18,14.871626,15.175129,14.264621,14.511217,107187400
2000-12-19,14.397400,14.568120,13.505862,13.600706,120271800
2000-12-20,12.993705,13.354114,12.557420,12.595358,149037800
2000-12-21,12.367728,13.695552,12.234946,13.183392,163173000
2000-12-22,13.581744,14.302563,13.581744,14.093904,109551800
2000-12-26,14.226680,14.738840,13.923177,14.226680,66941600
2000-12-27,13.999060,14.207718,13.657619,14.093904,69003800
2000-12-28,13.695548,14.036988,13.316170,13.524828,77619200
2000-12-29,13.335147,13.904214,13.050613,13.164427,99977600
2001-01-02,13.392054,13.657619,13.012675,13.164427,82413200
2001-01-03,13.107515,14.833686,13.088546,14.549152,135962200
2001-01-04,14.511216,15.326879,14.226682,14.700905,112397000
2001-01-05,14.719875,15.137191,14.435341,14.909564,93414600
2001-01-08,14.852654,15.099249,14.169773,14.852654,79817600
2001-01-09,15.175122,15.971815,15.099246,15.725220,114965400
2001-01-10,15.478624,16.332225,15.402749,16.047691,90230200
2001-01-11,16.085628,16.920259,15.876970,16.692633,101854800
2001-01-12,16.654705,16.692642,15.933886,16.237389,73712000
2001-01-16,16.199448,16.237386,15.516567,15.952852,68462400
2001-01-17,16.275326,16.654704,15.952854,16.066668,72844200
2001-01-18,16.294293,17.053049,15.971821,16.844391,109788800
2001-01-19,18.210150,18.646435,17.868710,18.513653,209348800
2001-01-22,18.437774,18.513650,17.906645,18.248085,76673000
2001-01-23,18.134269,18.494679,17.887674,18.380865,70295200
2001-01-24,18.513658,19.253445,18.437782,19.101694,110455000
2001-01-25,19.044784,19.424162,18.684374,18.760250,85657400
2001-01-26,18.513651,19.519003,18.513651,19.424158,93080000
2001-01-29,19.291379,19.613850,19.272410,19.575912,84983800
2001-01-30,19.575918,19.651794,19.082727,19.234478,57276800
2001-01-31,19.120661,19.348288,18.513656,18.532625,81898800
2001-02-01,18.456745,19.006843,18.323962,18.930967,71792800
2001-02-02,18.968913,19.234478,18.437784,18.456753,71100000
2001-02-05,18.437778,18.836125,18.286027,18.798187,51399200
2001-02-06,18.836129,19.367259,18.722316,18.987881,96442000
2001-02-07,18.817159,19.746635,18.760252,19.632822,126061800
2001-02-08,19.348280,19.575907,18.817151,18.893026,88041200
2001-02-09,18.608503,18.684379,17.754902,17.944592,100575200
2001-02-12,17.849736,18.039425,17.356544,17.830767,71289400
2001-02-13,18.096344,18.532629,17.641090,17.660059,76070600
2001-02-14,17.489338,17.906654,17.109960,17.716965,61728400
2001-02-15,17.906652,18.267061,17.565211,17.849745,65627800
2001-02-16,17.299650,17.679029,17.034086,17.394495,66958400
2001-02-20,17.413456,17.679021,16.806451,16.958202,60730800
2001-02-21,16.768517,17.622118,16.749548,17.072020,63947200
2001-02-22,17.090984,17.242736,16.351197,16.749544,100816400
2001-02-23,16.521920,17.451397,16.483983,17.223770,92620600
2001-02-26,17.489334,18.191183,17.413458,18.077370,87936800
2001-02-27,18.020458,18.570556,17.807058,18.020458,99148600
2001-02-28,18.077373,18.233866,17.660057,17.906652,84608400
2001-03-01,17.773872,18.058406,17.072023,18.015726,81781600
2001-03-02,17.451397,17.641086,17.128926,17.204802,79800800
2001-03-05,17.375525,17.792842,17.166867,17.432432,49383600
2001-03-06,17.792835,18.210151,17.716959,18.039431,66781800
2001-03-07,18.172210,18.551588,18.001490,18.418806,59743600
2001-03-08,18.305000,18.390360,17.735933,17.982529,54626000
2001-03-09,17.584180,17.660055,16.654703,17.204802,103794400
2001-03-12,16.597794,16.692638,15.668317,15.763162,114376000
2001-03-13,15.839043,16.616769,15.782137,16.446049,91035600
2001-03-14,15.933878,16.768510,15.839033,16.389132,90686200
2001-03-15,16.787484,17.019853,16.237386,16.294292,71638400
2001-03-16,15.933884,16.730579,15.929142,16.559858,112848800
2001-03-19,16.540881,16.844384,16.123565,16.483974,61036400
2001-03-20,16.559855,17.034077,15.971819,15.990788,91822800
2001-03-21,15.858005,16.161508,15.099249,15.194094,124988600
2001-03-22,15.345842,16.408100,15.326873,16.389132,126363200
2001-03-23,16.673667,17.299641,16.502947,17.166859,99519600
2001-03-26,17.337578,17.451391,16.863355,17.015106,63118600
2001-03-27,17.015110,17.773866,16.958203,17.679022,95135600
2001-03-28,17.413460,17.584180,16.806455,16.863361,78681600
2001-03-29,16.806458,17.356556,16.559862,16.806458,86985000
2001-03-30,16.920265,17.053047,16.351198,16.597794,91201600
2001-04-02,16.635733,17.280676,16.578826,16.939236,75924000
2001-04-03,16.787494,16.787494,16.009768,16.199457,94187600
2001-04-04,16.199447,16.692638,15.497597,15.763162,104046600
2001-04-05,16.313262,17.413459,16.237387,17.223770,113364000
2001-04-06,17.109946,17.356542,16.711599,17.053040,92622000
2001-04-09,17.169133,17.427110,16.892946,17.345165,56295600
2001-04-10,17.587967,18.237462,17.536371,18.113026,109199400
2001-04-11,18.407429,18.665405,18.119101,18.222292,109879600
2001-04-12,18.076612,18.911244,18.012875,18.871788,87520000
2001-04-16,18.635061,18.689692,18.246577,18.449924,65857400
2001-04-17,18.367968,18.850537,18.222287,18.659330,85149200
2001-04-18,19.239022,20.125249,19.120657,19.858168,156696400
2001-04-19,19.973497,20.941671,19.955288,20.650309,159375600
2001-04-20,21.336237,21.579038,20.789931,20.941683,192919600
2001-04-23,20.671553,20.780814,20.304315,20.714043,92171200
2001-04-24,20.698864,21.223924,20.377152,20.501589,89176600
2001-04-25,20.507661,21.181437,20.410540,21.151087,76744000
2001-04-26,21.266422,21.548679,20.714047,20.981129,118737600
2001-04-27,21.102536,21.148062,20.094907,20.371096,121572400
2001-04-30,20.799029,20.959885,20.541053,20.562298,74368200
2001-05-01,20.534979,21.336225,20.516767,21.296768,83702800
2001-05-02,21.548677,21.594203,21.047898,21.172335,92864400
2001-05-03,21.017547,21.299804,20.680659,20.799025,66273400
2001-05-04,20.638166,21.563849,20.626025,21.472797,119538400
2001-05-07,21.497084,21.897707,21.457627,21.664009,109356200
2001-05-08,21.776305,21.882530,21.472802,21.870390,75084000
2001-05-09,21.621520,21.639732,21.202687,21.366579,76676600
2001-05-10,21.588139,21.621525,21.233042,21.245182,64334600
2001-05-11,21.233048,21.245189,20.835460,21.063087,51128800
2001-05-14,20.981130,21.002375,20.729225,20.856695,44968000
2001-05-15,20.862762,21.032725,20.638171,20.720116,61385600
2001-05-16,20.547122,21.208758,20.434828,20.990238,91893800
2001-05-17,20.972025,21.287668,20.501598,20.689768,106984800
2001-05-18,20.544094,21.002381,20.410552,20.665493,90605400
2001-05-21,20.653339,21.242132,20.562287,20.877930,103491600
2001-05-22,21.078248,21.351400,20.996303,21.339260,83455600
2001-05-23,21.363543,21.730780,21.096461,21.154125,93637400
2001-05-24,21.226963,21.785406,21.023614,21.767197,80781600
2001-05-25,21.748991,21.821831,21.354437,21.521364,52747600
2001-05-29,21.487971,21.776298,21.260344,21.348358,71210800
2001-05-30,21.111631,21.421204,20.835445,20.999336,86501800
2001-05-31,21.090385,21.360502,20.759568,20.996300,70682600
2001-06-01,21.123767,21.457619,20.850614,21.348358,57587600
2001-06-04,21.412101,21.554745,21.184474,21.481905,43736600
2001-06-05,21.475834,22.179959,21.396922,22.034277,89454200
2001-06-06,22.122291,22.301359,21.715599,21.961435,80022800
2001-06-07,21.888597,22.377237,21.876457,22.362061,66960000
2001-06-08,22.368139,22.383315,21.867361,22.213354,51867000
2001-06-11,22.110151,22.110151,21.703459,21.888596,47345600
2001-06-12,21.554747,21.976617,21.491012,21.876461,66714600
2001-06-13,21.867361,21.943237,21.439421,21.454597,55302400
2001-06-14,21.311945,21.412101,20.759570,20.911322,71972400
2001-06-15,20.489460,20.729228,20.152572,20.644245,108354400
2001-06-18,20.623000,20.626035,20.034206,20.298252,56846800
2001-06-19,20.701903,20.896144,20.289139,20.431786,63457400
2001-06-20,20.377155,21.120735,20.365015,21.066107,64108400
2001-06-21,20.987192,21.412096,20.917386,21.196608,69603800
2001-06-22,21.245177,21.430314,20.814204,20.890079,51092000
2001-06-25,20.972019,21.187505,20.568360,20.896143,49215600
2001-06-26,20.583542,21.308913,20.547121,21.287668,63077000
2001-06-27,21.202681,21.709529,21.050930,21.591164,69199800
2001-06-28,21.715601,23.111711,21.406027,22.076767,128975600
2001-06-29,22.034290,22.280128,21.670087,22.155691,94283800
2001-07-02,21.867361,22.201213,21.290705,21.427280,72810200
2001-07-03,21.336224,21.487976,21.223928,21.387819,28037400
2001-07-05,21.311944,21.463696,20.771710,20.792955,49242600
2001-07-06,20.729227,20.759577,19.931014,20.049379,67467800
2001-07-09,20.091859,20.307348,19.739798,19.937075,66476600
2001-07-10,20.000812,20.107038,19.530383,19.569839,66562600
2001-07-11,19.487897,20.258794,19.484862,20.182919,73822600
2001-07-12,21.457625,21.867355,21.345331,21.730778,128078000
2001-07-13,21.670079,21.852180,21.530468,21.651867,58934600
2001-07-16,21.685249,21.900737,21.290697,21.603304,55990800
2001-07-17,21.445490,21.855218,21.287668,21.797552,63241000
2001-07-18,21.427283,21.700436,21.205728,21.418179,57590800
2001-07-19,21.615455,22.155689,21.615455,22.025183,76549400
2001-07-20,20.647271,21.063071,20.619957,20.996300,124203600
2001-07-23,21.014517,21.014517,20.137395,20.361986,79999400
2001-07-24,20.334662,20.635129,19.940108,20.128281,67530200
2001-07-25,20.110079,20.492490,19.912802,20.480352,74065400
2001-07-26,20.371092,20.431792,19.879417,20.210234,77974000
2001-07-27,20.046350,20.107049,19.742847,19.870317,65396000
2001-07-30,19.924939,20.298246,19.891553,19.970465,42196400
2001-07-31,20.034204,20.453037,19.985643,20.088835,59031600
2001-08-01,20.273964,20.276997,19.958321,20.173807,55679000
2001-08-02,20.398399,20.498556,20.110073,20.471239,54198400
2001-08-03,20.425716,20.443926,20.031162,20.301279,43260400
2001-08-06,20.192017,20.371085,19.934041,20.070616,27831600
2001-08-07,20.043307,20.349845,20.028131,20.137392,31347800
2001-08-08,20.185949,20.407504,19.572872,19.685169,54996400
2001-08-09,19.721595,19.894591,19.515213,19.730700,45536200
2001-08-10,19.657871,19.988690,19.090322,19.885498,51756400
2001-08-13,19.800501,20.028128,19.651785,19.979568,32675400
2001-08-14,19.955289,20.058479,19.560735,19.633577,36481200
2001-08-15,19.639654,19.742847,19.181366,19.181366,39503000
2001-08-16,19.072096,19.639646,19.029606,19.612331,43905600
2001-08-17,19.357393,19.463618,18.665408,18.780739,52234200
2001-08-20,18.713959,19.044777,18.543997,19.029602,48371200
2001-08-21,19.029606,19.181357,18.425635,18.446880,47111800
2001-08-22,18.553114,18.559184,17.930934,18.410467,78107200
2001-08-23,18.413494,18.674507,17.906646,17.943066,51813200
2001-08-24,18.088746,18.902132,17.976450,18.832327,63399000
2001-08-27,18.786813,19.229927,18.686657,18.911249,44562800
2001-08-28,18.920346,19.105482,18.386182,18.434742,47422800
2001-08-29,18.528824,18.604700,18.070536,18.286022,48170000
2001-08-30,17.918787,18.106958,17.153961,17.281431,97632000
2001-08-31,17.254115,17.621354,17.087189,17.314816,57900800
2001-09-04,17.357303,17.930924,17.017381,17.026485,67189200
2001-09-05,17.050772,17.721513,16.811005,17.524237,89470600
2001-09-06,17.166108,17.721517,16.965796,17.002216,112356800
2001-09-07,17.029524,17.408902,16.786722,16.814037,89863800
2001-09-10,16.668360,17.587973,16.601590,17.475677,84471800
2001-09-17,16.395201,16.722983,16.024928,16.058313,127502000
2001-09-18,16.210070,16.692639,16.137229,16.486258,83182600
2001-09-19,16.528746,16.601588,15.357227,16.349680,126950200
2001-09-20,15.888356,15.967267,15.378471,15.405787,117983200
2001-09-21,14.543838,15.357225,14.416367,15.087108,184976600
2001-09-24,15.372406,15.918711,15.135673,15.785169,85580200
2001-09-25,15.864074,16.085631,15.223684,15.569676,84940600
2001-09-26,15.633417,15.721433,15.038552,15.257074,58524400
2001-09-27,15.205472,15.381504,14.568117,15.162982,81191200
2001-09-28,15.059797,15.657697,14.865556,15.530226,116641200
2001-10-01,15.460416,15.933881,15.299561,15.718394,69999600
2001-10-02,15.669834,16.252558,15.648589,16.100807,80860800
2001-10-03,15.927809,17.278395,15.903529,17.065943,97199200
2001-10-04,17.275369,17.724554,17.059883,17.129688,101778000
2001-10-05,17.044707,17.603152,16.674433,17.518171,80844400
2001-10-08,17.238937,17.800417,17.220727,17.615280,60605800
2001-10-09,17.451398,17.472643,16.446804,16.559101,99477600
2001-10-10,16.267737,16.920268,16.085636,16.847427,86349200
2001-10-11,16.923300,17.251083,16.568203,17.093262,83742600
2001-10-12,16.905082,17.190374,16.556054,17.111464,63307000
2001-10-15,16.965793,17.754900,16.950617,17.621359,68437000
2001-10-16,17.563695,17.879338,17.363383,17.739727,66169000
2001-10-17,17.943068,17.997699,16.990070,17.005245,73710600
2001-10-18,17.099334,17.475678,16.844392,17.223770,78348000
2001-10-19,17.421048,17.606184,16.883849,17.572800,91219600
2001-10-22,17.572794,18.264779,17.442288,18.258709,72323600
2001-10-23,18.352800,18.647197,18.028053,18.340660,80325000
2001-10-24,18.361903,18.701826,18.094820,18.610775,79141400
2001-10-25,18.395288,18.999257,18.079645,18.987118,75318200
2001-10-26,18.914275,19.311864,18.841435,18.877855,64509400
2001-10-29,18.847503,18.877854,18.070538,18.100887,55129400
2001-10-30,17.882373,18.070545,17.660816,17.870234,57395600
2001-10-31,17.997699,18.431708,17.633496,17.648672,64700000
2001-11-01,18.234431,18.893031,18.088749,18.768595,109671200
2001-11-02,18.795913,19.126731,18.364939,18.635057,83360000
2001-11-05,18.774668,19.433268,18.741282,19.202606,66401600
2001-11-06,19.029610,19.709456,18.865718,19.660894,68612000
2001-11-07,19.490933,19.742841,19.433267,19.500038,58899000
2001-11-08,19.563770,20.049374,19.320969,19.551630,74227800
2001-11-09,19.527349,19.924939,19.396844,19.791397,48013600
2001-11-12,19.636607,20.164703,19.317931,19.967426,57752800
2001-11-13,20.273968,20.622994,20.213266,20.607821,60159600
2001-11-14,20.707977,20.741360,19.967430,20.015989,88625600
2001-11-15,20.061521,20.349850,19.864244,20.067593,77922000
2001-11-16,20.140419,20.216294,19.712479,19.955282,59249000
2001-11-19,20.107039,20.325561,19.940112,20.195055,56005000
2001-11-20,20.167742,20.577472,19.736769,19.849066,65921800
2001-11-21,19.533426,19.606266,19.266343,19.439341,50785200
2001-11-23,19.539492,19.669998,19.308831,19.639648,15754600
2001-11-26,19.724625,19.943147,19.545560,19.770151,41983600
2001-11-27,19.663919,19.748899,19.044774,19.345242,90819000
2001-11-28,19.172247,19.460576,19.038707,19.059952,54536600
2001-11-29,19.157080,19.697316,19.105485,19.679104,54034400
2001-11-30,19.624473,19.751944,19.402916,19.487896,48234200
2001-12-03,19.372563,19.797467,19.363457,19.657854,47211800
2001-12-04,19.727664,20.055447,19.454511,20.031166,51005800
2001-12-05,20.179875,20.689759,19.788357,20.668514,74243000
2001-12-06,20.632109,20.941680,20.501603,20.835455,56026200
2001-12-07,20.714045,20.893110,20.198092,20.586575,42334800
2001-12-10,20.492493,20.774751,20.292183,20.352882,38367400
2001-12-11,20.534978,20.677622,20.355910,20.431786,54334000
2001-12-12,20.383230,20.632102,20.107042,20.622995,47884200
2001-12-13,20.374132,20.711020,20.052420,20.113119,53227800
2001-12-14,20.037237,20.622997,20.009923,20.468212,43000600
2001-12-17,20.386274,20.975070,20.383241,20.935616,57079800
2001-12-18,20.917388,21.063070,20.820267,21.023613,47255200
2001-12-19,20.826344,21.211791,20.774746,21.090389,56996200
2001-12-20,20.987194,21.017544,20.219333,20.261824,78585000
2001-12-21,20.641205,20.644238,20.334666,20.498558,84307600
2001-12-24,20.553188,20.647273,20.395366,20.416611,11701600
2001-12-26,20.462146,20.962926,20.453042,20.541058,29328000
2001-12-27,20.632102,20.853658,20.413580,20.592646,32406600
2001-12-28,20.707987,20.896158,20.547129,20.598726,28787200
2001-12-31,20.589610,20.783854,20.107042,20.107042,43006200
2002-01-02,20.228442,20.368053,19.882449,20.346807,48124000
2002-01-03,20.368056,21.017551,20.361985,21.011482,67590800
2002-01-04,21.017547,21.217860,20.841515,20.911322,52731400
2002-01-07,21.169297,21.251242,20.744393,20.808128,58508800
2002-01-08,20.847594,21.202691,20.638176,21.057009,47736400
2002-01-09,21.160187,21.433340,20.805090,20.853649,76304000
2002-01-10,20.783858,21.184482,20.677631,21.026659,50296600
2002-01-11,21.099489,21.342292,20.668516,20.823303,72993200
2002-01-14,20.729224,20.953815,20.559261,20.780819,50997800
2002-01-15,20.838487,21.129850,20.789926,21.108604,60717400
2002-01-16,20.896158,21.196625,20.592655,20.598726,61955400
2002-01-17,20.799022,21.245171,20.759567,21.202681,78958000
2002-01-18,20.365020,20.592647,19.855136,20.061518,107140400
2002-01-22,20.216301,20.222370,19.500035,19.563770,76837200
2002-01-23,19.439328,19.639638,19.193490,19.345242,80403000
2002-01-24,19.454507,19.782290,19.363457,19.606258,83886000
2002-01-25,19.481831,19.682142,19.275448,19.363464,48981200
2002-01-28,19.493971,19.545566,19.093346,19.369534,41622000
2002-01-29,19.393809,19.575910,18.814119,18.914274,58666000
2002-01-30,18.953730,19.090307,18.613808,19.075130,66100000
2002-01-31,19.138875,19.366502,18.853582,19.336151,69566200
2002-02-01,19.469681,19.575906,18.959797,19.017462,63462200
2002-02-04,18.938558,19.026572,18.437778,18.550074,70308400
2002-02-05,18.452962,18.886971,18.361912,18.559189,66772600
2002-02-06,18.698796,18.783776,18.286032,18.331558,66103000
2002-02-07,18.301202,18.698790,18.134275,18.149450,63314000
2002-02-08,18.246570,18.410461,17.855052,18.407427,61283000
2002-02-11,18.213181,18.586490,18.085710,18.553104,50899600
2002-02-12,18.358870,18.468130,18.216224,18.252644,44973800
2002-02-13,18.289069,18.780744,18.194984,18.762533,54168600
2002-02-14,18.817154,19.117622,18.610773,18.720034,57267000
2002-02-15,18.726098,18.835359,18.270844,18.279949,50179800
2002-02-19,18.182833,18.252638,17.785244,17.885401,52262600
2002-02-20,18.028049,18.319411,17.845947,18.179800,50492000
2002-02-21,18.125178,18.292104,17.606188,17.618328,59398400
2002-02-22,17.618320,17.830772,17.345169,17.600111,71347800
2002-02-25,17.584939,18.176769,17.569764,17.930933,51832200
2002-02-26,17.936991,18.210144,17.572789,17.770065,63276200
2002-02-27,17.927892,18.255675,17.600110,17.721510,65750000
2002-02-28,17.839876,18.119099,17.645634,17.706335,68068000
2002-03-01,17.921820,18.641121,17.861120,18.625946,62115600
2002-03-04,18.586499,19.272415,18.474202,19.211714,74464200
2002-03-05,19.120661,19.387743,18.920349,19.144941,55926400
2002-03-06,19.093341,19.333108,18.874819,19.311863,49835400
2002-03-07,19.324003,19.387740,18.774665,19.035677,58079200
2002-03-08,19.311868,19.636615,19.172256,19.408989,57701800
2002-03-11,19.275443,19.727662,19.120657,19.527349,43718200
2002-03-12,18.974976,19.059957,18.716999,18.981047,66407200
2002-03-13,18.841427,19.126719,18.801971,18.847496,44387400
2002-03-14,18.859641,18.889992,18.528824,18.580420,51819600
2002-03-15,18.513660,18.971948,18.504555,18.965879,69086800
2002-03-18,19.041754,19.117629,18.574360,18.859652,52296800
2002-03-19,18.871784,19.120656,18.665402,18.886959,36376400
2002-03-20,18.635060,18.823231,18.240505,18.240505,55235200
2002-03-21,18.273881,18.692715,18.158551,18.622910,46123400
2002-03-22,18.528830,18.556146,18.276924,18.346729,41341400
2002-03-25,18.355834,18.446884,17.952176,17.976456,47752400
2002-03-26,17.937002,18.489377,17.697236,17.930933,69357200
2002-03-27,17.845945,18.173728,17.782209,18.040186,47318400
2002-03-28,18.194986,18.407438,18.106970,18.304247,43901200
2002-04-01,18.158565,18.331561,17.967358,18.325491,47010000
2002-04-02,17.876297,17.933963,17.333028,17.384623,76509400
2002-04-03,17.433177,17.484773,16.844383,17.096291,76931400
2002-04-04,16.990071,17.290539,16.820109,17.132717,61763800
2002-04-05,17.266255,17.390691,16.947578,16.956682,50166000
2002-04-08,16.480183,17.393726,16.468043,17.366411,73389600
2002-04-09,17.399794,17.430144,16.631932,16.653177,63413000
2002-04-10,16.729059,17.333030,16.710850,17.087193,75636400
2002-04-11,16.962755,17.132717,16.540886,16.628902,58165800
2002-04-12,16.738164,17.075051,16.650148,16.974895,52297600
2002-04-15,16.996140,17.223767,16.814039,16.902054,47388800
2002-04-16,17.117539,17.633492,17.105398,17.545477,51921600
2002-04-17,17.587973,17.688128,17.123613,17.187349,55158600
2002-04-18,17.235904,17.393726,15.988509,17.108433,74794800
2002-04-19,17.433180,17.597072,17.257149,17.360340,104268600
2002-04-22,17.153969,17.208600,16.692645,16.871712,51465200
2002-04-23,16.905082,16.941502,16.176676,16.386093,68281400
2002-04-24,16.343598,16.519630,16.085622,16.091692,61220400
2002-04-25,16.055282,16.525710,16.049211,16.307188,57290400
2002-04-26,16.410373,16.525704,15.618232,15.630372,62776600
2002-04-29,15.621270,16.058313,15.612164,15.854967,70246000
2002-04-30,15.812481,16.176684,15.757850,15.861041,77384000
2002-05-01,15.830693,16.143301,15.375440,16.009760,76413000
2002-05-02,15.976377,16.410386,15.524159,15.542368,79009200
2002-05-03,15.557538,15.685010,15.026409,15.041585,71628000
2002-05-06,15.005166,15.339020,14.680419,14.756294,66299400
2002-05-07,14.926252,15.263140,14.674344,15.014268,88385400
2002-05-08,15.560573,16.683533,15.545398,16.683533,101242000
2002-05-09,16.510543,16.692644,15.751786,15.818556,83288200
2002-05-10,15.942987,15.985477,15.172092,15.190301,64408800
2002-05-13,15.311703,16.058319,15.099251,15.991549,64819000
2002-05-14,16.510535,16.722985,16.383063,16.656216,64832400
2002-05-15,16.537850,17.129679,16.346643,16.616760,70412000
2002-05-16,16.604628,17.005251,16.586418,16.917236,53406400
2002-05-17,17.059876,17.117542,16.774584,17.005245,54646200
2002-05-20,16.844399,16.859574,16.237394,16.392179,52115800
2002-05-21,16.373965,16.571241,15.821590,15.839800,63120000
2002-05-22,15.742677,16.304157,15.736607,16.295052,54169400
2002-05-23,16.298076,16.644069,16.088659,16.637999,51412800
2002-05-24,16.431632,16.546963,16.097779,16.164549,35982000
2002-05-28,16.264704,16.295054,15.706259,15.879255,49602000
2002-05-29,15.675906,16.000653,15.645555,15.797306,45393200
2002-05-30,15.672884,16.194909,15.609149,15.976387,63213000
2002-05-31,16.055287,16.213107,15.442211,15.451316,66468000
2002-06-03,15.475595,15.672871,14.923219,14.999095,88439000
2002-06-04,15.023377,15.548436,14.944467,15.169058,88008400
2002-06-05,15.305628,15.706251,15.275278,15.678936,66969400
2002-06-06,15.630387,15.824628,15.175133,15.751788,78703400
2002-06-07,15.141740,15.964231,15.132635,15.776060,97834400
2002-06-10,15.675908,16.176687,15.618242,16.031006,71825400
2002-06-11,16.158480,16.443772,15.909607,15.955132,74368200
2002-06-12,15.958166,16.929373,15.933885,16.856533,136198600
2002-06-13,16.644077,16.838319,16.449836,16.455906,79771600
2002-06-14,16.131163,16.859569,16.085638,16.768518,109433600
2002-06-17,16.892949,17.129681,16.804933,16.899019,94486600
2002-06-18,16.853493,17.084155,16.798862,16.993105,77518400
2002-06-19,16.835290,16.977935,16.486261,16.498402,81247000
2002-06-20,16.501439,16.722995,16.358793,16.419493,86401200
2002-06-21,16.207035,16.556062,15.867111,15.867111,116820000
2002-06-24,15.809450,16.583381,15.736609,16.437700,104523200
2002-06-25,16.601589,16.692639,16.024934,16.070459,84025200
2002-06-26,15.493806,16.507505,15.493806,16.428595,112131400
2002-06-27,16.571235,16.674426,16.043142,16.668356,95812400
2002-06-28,16.556058,16.932401,16.389132,16.601583,89555600
2002-07-01,16.425562,16.507508,15.958169,15.982449,66473800
2002-07-02,15.897462,16.061353,15.578785,15.612169,82814200
2002-07-03,15.551468,15.939951,15.311701,15.733569,80936600
2002-07-05,16.112952,16.662292,16.100811,16.647116,35673600
2002-07-08,16.513571,16.671392,15.958162,16.061352,63199400
2002-07-09,16.179715,16.610688,16.076525,16.149364,85277200
2002-07-10,16.295045,16.449832,15.821582,15.854967,90673400
2002-07-11,15.794267,16.106874,15.554499,16.058313,129550600
2002-07-12,16.197928,16.307189,15.624308,15.739639,95733800
2002-07-15,15.596993,15.739639,14.568120,15.721429,136965600
2002-07-16,15.572715,16.024933,15.369368,15.554504,97154600
2002-07-17,15.939958,16.176690,15.530229,15.782137,98034800
2002-07-18,15.800341,16.006723,15.375437,15.512013,91053600
2002-07-19,15.135670,15.445243,14.813958,15.041585,112543400
2002-07-22,14.856449,15.172092,13.930767,14.419405,180069800
2002-07-23,14.109840,14.203925,13.041511,13.053650,168061600
2002-07-24,12.671235,14.070382,12.568044,14.030927,202307800
2002-07-25,13.794189,13.873099,12.880646,12.999013,163411400
2002-07-26,13.275201,13.782049,13.256990,13.763839,123538000
2002-07-29,14.219094,14.659173,14.128044,14.643998,112148600
2002-07-30,14.431551,14.820035,14.364781,14.598477,122690600
2002-07-31,14.449752,14.568118,14.070374,14.562048,93875600
2002-08-01,14.440652,14.595438,13.809366,13.885242,92002800
2002-08-02,13.812404,13.915595,13.293415,13.478552,85947600
2002-08-05,13.442135,13.709217,13.296454,13.351085,78941600
2002-08-06,13.627268,14.340499,13.609057,13.860964,88715800
2002-08-07,14.264615,14.355665,13.706170,14.291930,86349400
2002-08-08,14.298003,14.871622,14.085551,14.844307,88748000
2002-08-09,14.613648,14.917150,14.464931,14.604542,69049400
2002-08-12,14.449751,14.795743,14.446715,14.710763,56866600
2002-08-13,14.565090,15.084079,14.240341,14.282832,100122800
2002-08-14,14.340492,15.093178,14.328351,15.087108,96706000
2002-08-15,15.162983,15.399716,14.795745,15.105318,98745600
2002-08-16,15.002126,15.244928,14.847339,15.175122,69334000
2002-08-19,15.187272,15.797312,15.129606,15.782137,79848200
2002-08-20,15.593963,15.691084,15.402756,15.490772,70317600
2002-08-21,15.648590,15.897462,15.524154,15.867111,81203400
2002-08-22,16.040112,16.222214,15.964236,16.155443,72517600
2002-08-23,15.982439,16.040104,15.733567,15.848898,57929200
2002-08-26,15.933879,15.979404,15.533255,15.812477,55652400
2002-08-27,15.882291,15.918711,15.372407,15.430072,65470200
2002-08-28,15.320809,15.375439,14.962676,14.986957,68875000
2002-08-29,14.838240,15.478631,14.725944,15.351160,94275600
2002-08-30,15.217613,15.320803,14.871620,14.895901,58138400
2002-09-03,14.725946,14.725946,14.264622,14.270692,74452600
2002-09-04,14.401197,14.750225,14.310147,14.631859,80232000
2002-09-05,14.416371,14.422441,13.924697,13.933802,90438800
2002-09-06,14.492242,14.650063,14.407261,14.513487,69918400
2002-09-09,14.340495,14.856449,14.152324,14.780574,81653200
2002-09-10,14.732007,15.120490,14.674341,15.111385,83950000
2002-09-11,15.244930,15.508976,14.728975,14.744151,77443200
2002-09-12,14.613647,14.659172,14.270689,14.310144,63726800
2002-09-13,14.234267,14.647029,14.219091,14.540804,59549200
2002-09-16,14.446727,14.607584,14.279800,14.501357,50166200
2002-09-17,14.771467,14.841274,14.328354,14.352634,73343400
2002-09-18,14.179637,14.640960,14.161426,14.492244,83951800
2002-09-19,14.167497,14.513490,14.140182,14.325318,77777600
2002-09-20,14.480107,14.568123,14.355671,14.404231,130619200
2002-09-23,14.143217,14.176602,13.599948,13.727419,89783800
2002-09-24,13.606020,14.106798,13.545319,13.851856,104142200
2002-09-25,14.082515,14.252475,13.672786,14.115899,107116600
2002-09-26,14.298004,14.416370,13.945942,14.021817,100852200
2002-09-27,13.973250,14.294962,13.715273,13.733483,81011600
2002-09-30,13.618157,13.669753,13.083993,13.275200,115577000
2002-10-01,13.451237,14.036997,13.108278,14.030927,110636600
2002-10-02,13.991470,14.206958,13.706178,13.842754,103488600
2002-10-03,13.748662,14.140180,13.536210,13.596910,105221400
2002-10-04,13.775977,13.830608,13.260023,13.284304,107120400
2002-10-07,13.296448,13.675827,13.260027,13.369288,89790000
2002-10-08,13.581745,13.955053,13.393573,13.654586,115667600
2002-10-09,13.423925,13.794198,13.296454,13.351085,123142600
2002-10-10,13.354110,14.149286,13.126483,14.076447,118515000
2002-10-11,14.373884,14.841278,14.267657,14.832172,108828800
2002-10-14,14.644001,14.971785,14.519565,14.959644,76216200
2002-10-15,15.557538,15.894426,15.372403,15.870147,133374200
2002-10-16,15.293497,15.557544,15.260112,15.299567,95437400
2002-10-17,15.867105,15.933876,15.190295,15.408817,182602400
2002-10-18,15.964235,16.146338,15.521122,16.131163,152817200
2002-10-21,15.773024,16.082597,15.587887,15.936914,112378600
2002-10-22,15.609141,15.760892,15.487740,15.681981,87159000
2002-10-23,15.609140,16.164549,15.609140,16.146339,110866600
2002-10-24,16.194892,16.197926,15.448276,15.548431,95833400
2002-10-25,15.554503,16.024932,15.527188,15.988512,75425800
2002-10-28,16.207036,16.237386,15.633415,15.766957,79906600
2002-10-29,15.827662,15.930853,15.433107,15.803381,90517200
2002-10-30,15.842831,16.203999,15.669835,16.119019,94451200
2002-10-31,16.143294,16.410376,16.040103,16.228275,105973800
2002-11-01,15.912640,16.158477,15.751784,16.085636,105097800
2002-11-04,17.223762,17.375514,16.850455,17.026485,139964200
2002-11-05,16.929366,17.238938,16.868666,17.202518,76658200
2002-11-06,17.296609,17.329993,16.853494,17.308748,115407000
2002-11-07,17.056846,17.184317,16.844394,16.999180,73699600
2002-11-08,16.996141,17.163067,16.695673,16.722988,64522200
2002-11-11,16.713889,16.722994,16.334511,16.346651,58341200
2002-11-12,16.419492,16.823151,16.358793,16.543928,81398600
2002-11-13,16.461978,16.974897,16.422523,16.801901,107370200
2002-11-14,16.993109,17.299646,16.956688,17.296612,78337000
2002-11-15,17.178244,17.275364,16.895986,17.205559,77533600
2002-11-18,17.284468,17.308748,16.917231,16.950615,58086400
2002-11-19,16.859567,16.935442,16.483224,16.650150,76403400
2002-11-20,16.695675,17.269296,16.671396,17.184315,76435400
2002-11-21,17.293576,17.603149,17.232875,17.554588,82922200
2002-11-22,17.436217,17.694194,17.314816,17.669914,70002000
2002-11-25,17.621356,17.797387,17.472639,17.672951,61583000
2002-11-26,17.493888,17.679025,17.232876,17.269297,68650400
2002-11-27,17.481746,17.788284,17.421046,17.627428,55191800
2002-11-29,17.733656,17.794357,17.506029,17.506029,28393000
2002-12-02,17.800421,17.894506,17.302676,17.509058,63735000
2002-12-03,17.384624,17.405869,17.120577,17.211628,58457400
2002-12-04,17.035591,17.433178,16.941504,17.160027,83892000
2002-12-05,17.284471,17.326961,16.783691,16.795832,68435800
2002-12-06,16.653185,16.917233,16.455909,16.835287,71670200
2002-12-09,16.692638,16.759409,16.240418,16.246489,63862800
2002-12-10,16.255604,16.534826,16.231323,16.392179,63730200
2002-12-11,16.343610,16.695672,16.261665,16.589447,69186200
2002-12-12,16.692645,16.710855,16.295056,16.440737,55242000
2002-12-13,16.292014,16.313259,15.930846,15.933881,65245400
2002-12-16,16.085637,16.556066,15.985480,16.534821,60140400
2002-12-17,16.516611,16.689609,16.322370,16.498402,49549800
2002-12-18,16.340575,16.510537,16.021897,16.246489,62709400
2002-12-19,16.161509,16.616762,16.049213,16.119019,82686600
2002-12-20,16.234353,16.304158,16.070461,16.097776,98294600
2002-12-23,16.100804,16.474112,16.055279,16.389132,48798400
2002-12-24,16.249529,16.458945,16.243458,16.334509,18386000
2002-12-26,16.398242,16.598554,16.137230,16.204000,37228000
2002-12-27,16.170616,16.389138,16.055285,16.076530,40891600
2002-12-30,16.088670,16.158477,15.864079,16.009760,48019600
2002-12-31,16.006726,16.082602,15.557541,15.691083,58208800
2003-01-02,15.873183,16.313262,15.694116,16.304157,67025200
2003-01-03,16.264704,16.328440,16.049218,16.325405,55546800
2003-01-06,16.395212,16.762450,16.328441,16.622839,59456200
2003-01-07,16.668359,16.999177,16.595519,16.935442,80517400
2003-01-08,16.804928,16.859559,16.422516,16.461971,64566000
2003-01-09,16.607657,16.971859,16.549991,16.938475,61808000
2003-01-10,16.722983,17.087186,16.662284,16.971855,67730200
2003-01-13,17.153967,17.223773,16.926340,17.114511,60817800
2003-01-14,17.096292,17.299638,17.053800,17.290533,54206400
2003-01-15,17.299630,17.396751,17.053793,17.078074,59622600
2003-01-16,17.093262,17.193419,16.726024,16.798864,81371000
2003-01-17,16.067422,16.085633,15.572714,15.618238,155876000
2003-01-21,15.742675,15.827657,15.566645,15.578785,86159200
2003-01-22,15.657693,15.903530,15.451311,15.478626,86948000
2003-01-23,15.766956,15.946023,15.618239,15.867111,71374800
2003-01-24,15.791232,15.797302,15.084072,15.129597,103027000
2003-01-27,14.968749,15.357232,14.692562,14.923223,114838600
2003-01-28,15.081038,15.084073,14.738081,14.816991,86151200
2003-01-29,14.789682,15.187270,14.546880,15.147815,106884000
2003-01-30,15.223686,15.226720,14.625786,14.640962,87877400
2003-01-31,14.401197,14.674348,14.273725,14.404231,106858400
2003-02-03,14.546879,14.901976,14.404232,14.738086,80129800
2003-02-04,14.507423,14.549913,14.228201,14.361742,81854800
2003-02-05,14.516529,14.728979,14.182675,14.252481,101072000
2003-02-06,14.222128,14.452790,14.131078,14.392089,83312000
2003-02-07,14.531700,14.552945,14.085551,14.137147,75208000
2003-02-10,14.203916,14.422438,14.125006,14.379948,74081400
2003-02-11,14.355669,14.467965,13.961116,14.094657,84292000
2003-02-12,14.128042,14.294969,14.040026,14.094657,71315200
2003-02-13,14.085549,14.301036,14.000569,14.261581,73558200
2003-02-14,14.340494,14.719872,14.194813,14.659171,90446400
2003-02-18,14.944467,15.169058,14.810925,15.150847,57415500
2003-02-19,15.114307,15.150844,14.718485,14.937710,46902700
2003-02-20,15.083861,15.144757,14.675860,14.700217,50897200
2003-02-21,14.791564,15.102131,14.432280,14.998609,56853200
2003-02-24,14.882904,14.919442,14.517530,14.657590,62403700
2003-02-25,14.334847,14.779386,14.237413,14.730669,68113000
2003-02-26,14.657587,14.901169,14.359198,14.377467,57096000
2003-02-27,14.554068,14.742845,14.188694,14.359202,75434300
2003-02-28,14.456631,14.657586,14.340928,14.432273,56585400
2003-03-03,14.627146,14.688041,14.249592,14.334846,50653500
2003-03-04,14.359202,14.407918,14.042544,14.048634,56605700
2003-03-05,14.048634,14.340933,14.036455,14.273949,55415900
2003-03-06,14.109532,14.310488,14.085174,14.170428,54607600
2003-03-07,13.975562,14.487086,13.945113,14.347025,66167600
2003-03-10,14.194786,14.286129,13.939024,13.975562,48413600
2003-03-11,14.042549,14.164341,13.859862,13.884220,53990700
2003-03-12,13.890310,14.273954,13.731981,14.243505,72379500
2003-03-13,14.444457,15.065593,14.273950,15.022966,80701300
2003-03-14,15.029051,15.199558,14.773289,15.138663,75451400
2003-03-17,14.931617,15.802425,14.815915,15.790246,100983800
2003-03-18,15.765891,15.857235,15.528398,15.857235,78108800
2003-03-19,15.820706,16.094738,15.674557,16.027752,73652100
2003-03-20,15.845058,16.149537,15.631923,15.985118,71798500
2003-03-21,16.289592,16.320039,15.851143,16.179979,85586800
2003-03-24,15.558849,15.790253,15.333536,15.400521,61105200
2003-03-25,15.589287,15.680631,15.242182,15.522302,63595100
2003-03-26,15.504043,15.601477,15.370073,15.376163,51673600
2003-03-27,15.187377,15.382243,14.974242,15.248273,60043300
2003-03-28,15.022966,15.284818,14.980340,15.022966,39584600
2003-03-31,14.767196,15.047315,14.621046,14.742837,71384000
2003-04-01,14.895084,15.041234,14.767203,14.828099,49803200
2003-04-02,15.284813,15.832874,15.284813,15.662366,68282500
2003-04-03,15.826786,15.887682,15.589293,15.668457,57394300
2003-04-04,15.686729,15.711086,15.181295,15.278728,55740600
2003-04-07,15.972932,16.094724,15.327438,15.327438,65627100
2003-04-08,15.412697,15.729355,15.345713,15.577116,54132100
2003-04-09,15.595381,15.631918,14.943798,14.962066,76875800
2003-04-10,15.047324,15.096042,14.785474,14.974250,51608900
2003-04-11,15.156935,15.333533,14.584516,14.736755,71565500
2003-04-14,14.779387,15.150850,14.614968,15.077776,51599600
2003-04-15,15.029052,15.096037,14.675857,14.980335,63399000
2003-04-16,15.589290,15.674544,14.980334,15.175200,86178700
2003-04-17,15.083859,15.552756,15.065590,15.528398,58356600
2003-04-21,15.595384,15.595384,15.272636,15.351800,41557800
2003-04-22,15.260456,15.711084,15.242188,15.686727,58844000
2003-04-23,15.680635,15.826785,15.510127,15.662366,55559300
2003-04-24,15.516212,15.662361,15.418779,15.522302,51703600
2003-04-25,15.424875,15.613651,15.327442,15.357889,53657400
2003-04-28,15.461415,15.796342,15.418788,15.674550,56287600
2003-04-29,15.802428,15.985114,15.638009,15.711083,65877300
2003-04-30,15.668464,15.759807,15.376165,15.571031,55566800
2003-05-01,15.552755,15.802427,15.430963,15.662366,42085800
2003-05-02,15.619747,16.009480,15.564941,15.893778,52695400
2003-05-05,15.985124,16.070378,15.735452,15.747631,50391500
2003-05-06,15.747629,16.137361,15.723270,16.058197,54299500
2003-05-07,15.899862,16.046012,15.735444,15.826787,49120000
2003-05-08,15.680640,15.918133,15.656281,15.674550,46401400
2003-05-09,15.771980,16.137355,15.765891,16.052101,58913600
2003-05-12,15.924217,16.119083,15.869410,15.954665,53900800
2003-05-13,15.857236,15.954669,15.765891,15.826787,44501900
2003-05-14,15.881590,15.942486,15.552754,15.601471,45021000
2003-05-15,15.741533,15.838966,15.571025,15.704996,45450200
2003-05-16,15.759807,15.863330,15.473598,15.571031,60620900
2003-05-19,15.467508,15.552763,15.065597,15.077776,55336300
2003-05-20,15.138670,15.223923,14.919445,14.998609,52677600
2003-05-21,14.998606,15.047323,14.547978,14.633233,108960900
2003-05-22,14.736761,14.779388,14.639328,14.712402,93157100
2003-05-23,14.736755,14.943800,14.633232,14.748933,76968000
2003-05-27,14.767203,15.156935,14.748933,15.096040,68486800
2003-05-28,15.089949,15.144755,14.797649,14.864635,91467000
2003-05-29,14.901178,15.022970,14.755028,14.858551,75451300
2003-05-30,15.059501,15.169114,14.925531,14.986427,85096700
2003-06-02,15.211743,15.242192,14.962071,15.004698,66310800
2003-06-03,15.071676,15.175199,14.962064,15.150840,61058200
2003-06-04,15.217829,15.357888,15.065589,15.144754,83484600
2003-06-05,14.901170,14.931619,14.621051,14.669767,115877900
2003-06-06,14.882906,14.955980,14.401830,14.414009,119629400
2003-06-09,14.444457,14.602785,14.371382,14.462726,73610000
2003-06-10,14.578429,15.071683,14.523622,15.029057,80655300
2003-06-11,15.022959,15.199556,14.870720,15.150840,75768600
2003-06-12,15.205652,15.309175,15.065592,15.217832,66177700
2003-06-13,15.345719,15.376166,14.913359,15.010792,55157500
2003-06-16,15.102127,15.479681,15.022963,15.461411,69658600
2003-06-17,15.613650,15.918128,15.546665,15.808516,122213900
2003-06-18,15.820693,16.094724,15.656274,15.875499,89957700
2003-06-19,15.887678,16.070365,15.838962,15.875499,63626900
2003-06-20,16.039926,16.064284,15.838970,16.033836,86048900
2003-06-23,15.918132,15.979028,15.522311,15.698909,52584500
2003-06-24,15.619733,15.857227,15.540569,15.650182,51820300
2003-06-25,15.613654,15.826789,15.309175,15.382251,60483500
2003-06-26,15.461407,16.143439,15.351795,15.680632,51758100
2003-06-27,15.802422,16.039915,15.546661,15.607555,76040300
2003-06-30,15.796338,15.905950,15.528397,15.613650,48073100
2003-07-01,15.583204,15.954668,15.461412,15.924219,60926000
2003-07-02,16.137358,16.399210,16.106911,16.368761,94069300
2003-07-03,16.253064,16.411393,16.082555,16.137362,39440900
2003-07-07,16.454009,16.776756,16.411383,16.697592,88960800
2003-07-08,16.600164,16.929000,16.594074,16.868105,61896800
2003-07-09,16.782853,16.868107,16.594076,16.728046,62300700
2003-07-10,16.594075,16.697598,16.192164,16.387030,55350800
2003-07-11,16.411393,16.715872,16.374855,16.630617,50377300
2003-07-14,16.825479,16.935091,16.472284,16.685419,60464400
2003-07-15,16.728045,16.764584,16.502732,16.606255,53567600
2003-07-16,16.782853,16.819391,16.563629,16.758495,49838900
2003-07-17,16.527089,16.606254,16.161716,16.253059,72805000
2003-07-18,16.508824,16.581899,16.289600,16.374853,63388400
2003-07-21,16.362669,16.387027,15.832876,15.857235,48480800
2003-07-22,16.003392,16.173900,15.912048,16.064287,51791000
2003-07-23,16.088638,16.228698,15.918129,16.106907,49828200
2003-07-24,16.307866,16.393119,15.820700,15.832879,53556600
2003-07-25,16.003390,16.411391,15.875509,16.374853,54173000
2003-07-28,16.405305,16.441842,16.131274,16.204350,52658300
2003-07-29,16.368763,16.380943,15.979031,16.119091,62391100
2003-07-30,16.112993,16.179978,15.936396,15.972933,41240300
2003-07-31,16.198252,16.435745,16.021654,16.082550,64504800
2003-08-01,16.033832,16.143445,15.905952,15.936399,42649700
2003-08-04,15.924221,16.082550,15.680639,15.942491,51825600
2003-08-05,16.021650,16.161711,15.589292,15.625829,58825800
2003-08-06,15.552752,15.948574,15.485767,15.619737,56294900
2003-08-07,15.662372,15.717178,15.497955,15.656282,44258500
2003-08-08,15.759803,15.820699,15.528400,15.577116,33241400
2003-08-11,15.595377,15.826780,15.552750,15.595377,36433900
2003-08-12,15.656278,15.692816,15.497950,15.668457,38208400
2003-08-13,15.705007,15.765902,15.528409,15.589305,39636900
2003-08-14,15.625825,15.656272,15.540571,15.607555,37338300
2003-08-15,15.595384,15.625831,15.485772,15.552757,27607900
2003-08-18,15.564927,15.729346,15.504031,15.650182,45817400
2003-08-19,15.741533,16.228698,15.692817,16.210430,72952900
2003-08-20,16.015562,16.155623,15.832876,16.106907,56739300
2003-08-21,16.228699,16.277415,15.912041,15.979027,63802700
2003-08-22,16.307861,16.411384,15.960755,15.966845,65846300
2003-08-25,16.021659,16.161720,15.972943,16.137362,36132900
2003-08-26,16.021650,16.240875,15.808515,16.179979,47546000
2003-08-27,16.143439,16.186066,16.015557,16.088633,30633900
2003-08-28,16.137345,16.186061,15.979016,16.143435,46211200
2003-08-29,16.113002,16.167808,16.046017,16.149540,34503000
2003-09-02,16.259145,16.624518,16.119084,16.600161,74168900
2003-09-03,16.697601,17.294378,16.673242,17.233482,109437800
2003-09-04,17.111689,17.337003,17.044704,17.312645,59840800
2003-09-05,17.190851,17.507509,17.154314,17.282194,64024500
2003-09-08,17.288284,17.611031,17.257837,17.562315,46105300
2003-09-09,17.446613,17.483150,17.239568,17.276106,44315200
2003-09-10,17.069056,17.160400,16.734130,16.776756,54763500
2003-09-11,16.843745,17.117776,16.801118,16.953358,37813300
2003-09-12,16.734132,17.294372,16.715864,17.257835,55777200
2003-09-15,17.276107,17.422257,17.251748,17.270018,41432300
2003-09-16,17.300469,17.629306,17.245663,17.598858,52060600
2003-09-17,17.513603,17.629305,17.337005,17.355274,47221600
2003-09-18,17.349185,17.970321,17.306558,17.964231,67268100
2003-09-19,18.122550,18.250431,17.976401,18.244341,92433800
2003-09-22,17.897243,18.268707,17.544048,17.702377,65678700
2003-09-23,17.732823,18.092106,17.586672,18.025122,57827800
2003-09-24,18.031211,18.086017,17.306552,17.330910,66336500
2003-09-25,17.336990,17.635378,17.184751,17.196930,56224500
2003-09-26,17.215203,17.525771,17.136038,17.166487,49864700
2003-09-29,17.300461,17.604939,17.111685,17.556223,47380300
2003-09-30,17.410071,17.422251,16.898548,16.928995,63333700
2003-10-01,17.069056,17.434429,16.935085,17.367445,58375900
2003-10-02,17.324827,17.507513,17.166498,17.355274,38143600
2003-10-03,17.757180,17.939867,17.617120,17.708464,57303000
2003-10-06,17.751095,17.842438,17.604945,17.775454,34047600
2003-10-07,17.665837,17.885062,17.611031,17.745001,52356800
2003-10-08,17.878970,17.878970,17.464879,17.550133,46989100
2003-10-09,17.793722,17.872887,17.537960,17.623215,62653300
2003-10-10,17.604944,17.781542,17.458795,17.604944,37604700
2003-10-13,17.647568,17.720644,17.355269,17.525778,39320300
2003-10-14,17.452701,17.519686,17.343088,17.464880,34851300
2003-10-15,17.881302,17.918044,17.575115,17.801693,57242100
2003-10-16,17.703705,17.948654,17.636343,17.899664,42232500
2003-10-17,17.930287,17.936410,17.636347,17.715956,49960000
2003-10-20,17.728203,17.985400,17.636346,17.973152,38794500
2003-10-21,17.973152,18.022142,17.862925,17.973152,44166800
2003-10-22,17.777200,17.887427,17.636354,17.691467,48798500
2003-10-23,17.587357,17.807812,17.207687,17.703709,67357900
2003-10-24,16.699418,16.779026,16.178901,16.295252,210558300
2003-10-27,16.478960,16.595311,16.423846,16.478960,65619100
2003-10-28,16.589186,16.668794,16.460587,16.656548,71752600
2003-10-29,16.632054,16.687167,16.325867,16.374857,73551500
2003-10-30,16.540202,16.558574,15.866592,15.995191,98729400
2003-10-31,16.148282,16.191148,15.989064,16.007435,69623700
2003-11-03,16.136031,16.380980,16.099289,16.338114,57772300
2003-11-04,16.283001,16.301373,15.927825,15.964567,84026100
2003-11-05,16.013549,16.117653,15.921694,15.982931,61514400
2003-11-06,16.080919,16.105414,15.921702,16.062548,68189800
2003-11-07,16.154395,16.221756,15.940065,15.982931,57822100
2003-11-10,15.995192,16.062552,15.921706,15.921706,54579100
2003-11-11,15.927820,15.970686,15.719613,15.799221,64990700
2003-11-12,15.829841,16.007428,15.676747,15.909449,75877300
2003-11-13,15.835975,15.878841,15.584902,15.731872,78949500
2003-11-14,15.737990,15.933949,15.578773,15.615515,83146400
2003-11-17,15.548153,15.578773,15.211349,15.401184,103900200
2003-11-18,15.511411,15.823722,15.382814,15.401184,106868300
2003-11-19,15.486917,15.640010,15.413431,15.523659,78853300
2003-11-20,15.413434,15.695125,15.358321,15.370568,106845700
2003-11-21,15.511415,15.542034,15.358322,15.376694,70712900
2003-11-24,15.511407,15.805346,15.480789,15.756356,99463800
2003-11-25,15.842092,15.891081,15.542028,15.554276,85663800
2003-11-26,15.682875,15.695121,15.505286,15.584895,69758400
2003-11-28,15.615512,15.768606,15.554275,15.744110,33402600
2003-12-01,15.860460,16.050295,15.615511,15.823718,101914600
2003-12-02,15.891083,15.976815,15.682876,15.713494,85121700
2003-12-03,15.811479,15.964573,15.689005,15.719624,93121600
2003-12-04,15.750234,16.062545,15.713492,16.044174,87202400
2003-12-05,15.897201,16.215635,15.872707,15.909449,96610900
2003-12-08,15.995180,16.129902,15.805344,16.068665,90504000
2003-12-09,16.191147,16.295250,16.074796,16.154404,103547100
2003-12-10,16.197271,16.307497,16.154404,16.283003,82853700
2003-12-11,16.283004,16.393231,16.093169,16.295252,79309000
2003-12-12,16.344245,16.417729,16.227894,16.319750,69154100
2003-12-15,16.564692,16.595312,16.338115,16.374857,88860600
2003-12-16,16.429974,16.632057,16.393232,16.570820,73978000
2003-12-17,16.558571,16.583065,16.442220,16.558571,53712300
2003-12-18,16.595313,16.809643,16.564693,16.779024,61177800
2003-12-19,16.834134,16.870876,16.650423,16.754526,76856400
2003-12-22,16.632057,16.797398,16.515705,16.644304,43894800
2003-12-23,16.638177,16.742280,16.540197,16.625929,39609000
2003-12-24,16.619807,16.632055,16.534075,16.558571,19924200
2003-12-26,16.564704,16.687179,16.534086,16.662683,12076900
2003-12-29,16.662672,16.858632,16.632054,16.815765,40426700
2003-12-30,16.785149,16.870881,16.779025,16.852510,34406600
2003-12-31,16.791275,16.870883,16.674923,16.760656,42198900
2004-01-02,16.889245,17.005596,16.736152,16.809637,44487700
2004-01-05,16.981112,17.256681,16.974989,17.232185,67333700
2004-01-06,17.262801,17.317914,17.189315,17.293419,46950800
2004-01-07,17.250547,17.336279,17.152568,17.275042,54298200
2004-01-08,17.385270,17.440384,17.146445,17.244425,58810800
2004-01-09,17.164824,17.183195,16.895380,16.938246,67079900
2004-01-12,16.944365,16.981107,16.748406,16.883127,55845200
2004-01-13,16.870878,16.925992,16.693290,16.797394,51555900
2004-01-14,16.852513,16.981110,16.821893,16.962740,43907000
2004-01-15,16.870878,16.974982,16.791270,16.864756,58504100
2004-01-16,16.968855,17.072958,16.858629,17.030092,63983400
2004-01-20,17.134198,17.268921,17.103580,17.207684,63068500
2004-01-21,17.226062,17.330166,17.054599,17.330166,53570600
2004-01-22,17.366905,17.415895,17.109709,17.152575,78425200
2004-01-23,17.317914,17.611853,17.281171,17.440388,127259100
2004-01-26,17.446508,17.654715,17.342404,17.636343,58299600
2004-01-27,17.538374,17.587364,17.281177,17.299549,63196200
2004-01-28,17.330163,17.415896,16.821893,16.968863,71336000
2004-01-29,17.030100,17.115833,16.883130,17.091337,63748400
2004-01-30,17.048469,17.085211,16.870880,16.932117,40528700
2004-02-02,16.907623,17.023973,16.681045,16.779024,62891800
2004-02-03,16.779030,16.870886,16.644308,16.711670,47993800
2004-02-04,16.668805,16.797404,16.540207,16.540207,60648000
2004-02-05,16.570824,16.638185,16.429978,16.509586,55527500
2004-02-06,16.552445,16.650425,16.491207,16.583063,47209600
2004-02-09,16.650424,16.674919,16.442217,16.472836,48108500
2004-02-10,16.454459,16.625922,16.423839,16.546314,37790600
2004-02-11,16.515702,16.674919,16.442217,16.625929,51515300
2004-02-12,16.589190,16.625932,16.491210,16.503458,44537000
2004-02-13,16.521828,16.570818,16.227889,16.283003,67541100
2004-02-17,16.362615,16.595317,16.283007,16.527956,43477000
2004-02-18,16.472835,16.601434,16.374855,16.393227,50334700
2004-02-19,16.485086,16.521828,16.185023,16.203394,61840600
2004-02-20,16.325871,16.411603,16.227892,16.270758,57821900
2004-02-23,16.368736,16.387108,16.215643,16.295252,50256800
2004-02-24,16.295249,16.503456,16.258505,16.460588,55426500
2004-02-25,16.472831,16.527945,16.295243,16.350357,64275700
2004-02-26,16.283000,16.319742,16.172773,16.227886,66602700
2004-02-27,16.209513,16.301370,16.136029,16.246256,58266500
2004-03-01,16.307490,16.362604,16.227882,16.350357,51912300
2004-03-02,16.295243,16.344233,16.136026,16.160521,66331000
2004-03-03,16.136024,16.258498,16.056415,16.148272,54998700
2004-03-04,16.123776,16.178890,16.050291,16.148272,44023200
2004-03-05,16.062545,16.289123,16.044174,16.136030,59849800
2004-03-08,16.111539,16.136035,15.805353,15.817600,69367800
2004-03-09,15.799240,15.903343,15.640024,15.750250,81111700
2004-03-10,15.707368,15.799223,15.523656,15.535904,75155800
2004-03-11,15.419548,15.786972,15.352187,15.364434,90536300
2004-03-12,15.542030,15.621639,15.450175,15.542030,64137100
2004-03-15,15.493046,15.572655,15.346077,15.407314,68835300
2004-03-16,15.468547,15.535909,15.370568,15.419558,65453800
2004-03-17,15.462430,15.591028,15.376698,15.388945,56241400
2004-03-18,15.284832,15.327699,15.052131,15.241966,123231000
2004-03-19,15.168480,15.272583,15.039881,15.082747,86281600
2004-03-22,14.990904,15.211359,14.703089,15.003152,127605200
2004-03-23,15.094997,15.101121,14.764316,14.788811,91696300
2004-03-24,14.929657,15.052132,14.807183,14.948029,97584700
2004-03-25,15.064379,15.456297,15.052131,15.425679,85677900
2004-03-26,15.376686,15.621635,15.309324,15.327696,61584900
2004-03-29,15.462423,15.554279,15.309330,15.499166,51881600
2004-03-30,15.437920,15.511405,15.327694,15.431797,59010400
2004-03-31,15.431801,15.431801,15.229718,15.266460,70533200
2004-04-01,15.278710,15.376690,15.217473,15.358318,69051900
2004-04-02,15.603269,15.860466,15.578774,15.829847,98043800
2004-04-05,15.805349,15.909452,15.756359,15.891082,53800300
2004-04-06,15.780851,15.860459,15.713489,15.799221,48992000
2004-04-07,15.762484,15.786980,15.523659,15.670629,63268900
2004-04-08,15.811472,15.829843,15.529781,15.603265,45294600
2004-04-12,15.603270,15.762487,15.572652,15.682879,38786800
2004-04-13,15.725741,15.780854,15.560400,15.584895,56971500
2004-04-14,15.548157,15.725746,15.542033,15.621642,61079600
2004-04-15,15.633888,15.756362,15.370568,15.444052,73756900
2004-04-16,15.511418,15.554284,15.376696,15.407314,51768600
2004-04-19,15.358314,15.676748,15.346066,15.633883,44592100
2004-04-20,15.707371,15.848216,15.480793,15.511412,59902600
2004-04-21,15.529781,15.609389,15.431802,15.584895,49252000
2004-04-22,15.621637,15.915576,15.597142,15.891082,99207700
2004-04-23,16.779023,16.974982,16.742281,16.864756,258269000
2004-04-26,16.809646,16.870883,16.595316,16.681047,89391000
2004-04-27,16.632054,16.760653,16.613683,16.668797,80716800
2004-04-28,16.540204,16.564698,16.209521,16.264635,72842200
2004-04-29,16.234013,16.497333,16.111538,16.215641,77787300
2004-04-30,16.283001,16.380980,15.897205,16.001308,66172200
2004-05-03,16.038051,16.240134,16.038051,16.136030,65916200
2004-05-04,16.136035,16.252386,15.933952,16.123787,55496400
2004-05-05,16.117667,16.289132,16.074801,16.105419,51841700
2004-05-06,16.019685,16.129912,15.940077,15.995191,62693900
2004-05-07,15.940073,16.154403,15.768608,15.786980,68290200
2004-05-10,15.695118,15.952315,15.688996,15.878831,64621400
2004-05-11,15.976821,15.989068,15.793109,15.884965,57917200
2004-05-12,15.842099,15.921707,15.572654,15.884965,64145600
2004-05-13,15.811466,16.038045,15.793096,15.982931,63861500
2004-05-14,15.921701,16.025804,15.701246,15.835969,43775300
2004-05-17,15.597145,15.793105,15.566526,15.640012,55149600
2004-05-18,15.737992,15.903332,15.701249,15.817600,58158600
2004-05-19,15.940079,16.087048,15.689006,15.689006,60052800
2004-05-20,15.768604,15.842089,15.670624,15.756356,52089900
2004-05-21,15.903330,16.044177,15.786980,15.854341,57809300
2004-05-24,15.952322,16.025807,15.762487,15.774734,56250500
2004-05-25,15.744105,16.038045,15.676745,15.982931,66615000
2004-05-26,15.915579,16.013559,15.829847,16.007435,50306900
2004-05-27,16.019688,16.038059,15.872718,16.038059,49071900
2004-05-28,16.007434,16.136033,15.933950,16.062548,37393000
2004-06-01,16.001306,16.087039,15.842090,15.989059,48369500
2004-06-02,15.995186,16.093165,15.927824,16.001308,54020000
2004-06-03,15.952320,16.001310,15.835970,15.854341,45933100
2004-06-04,15.940072,16.068669,15.884958,15.891082,48815300
2004-06-07,15.933938,16.185011,15.903319,16.185011,65218600
2004-06-08,16.093164,16.319742,16.068669,16.289124,58447700
2004-06-09,16.166645,16.319738,16.166645,16.209511,50385500
2004-06-10,16.154400,16.405474,16.154400,16.393227,48109200
2004-06-14,16.258505,16.472836,16.246258,16.472836,67377500
2004-06-15,16.527950,16.901498,16.515702,16.785147,114183400
2004-06-16,16.742291,16.840271,16.625940,16.730043,67431100
2004-06-17,16.723906,17.097454,16.711659,17.005598,105427500
2004-06-18,17.005606,17.452638,16.962740,17.360783,134218700
2004-06-21,17.281173,17.550618,17.219937,17.360783,116881700
2004-06-22,17.238306,17.360782,17.030099,17.324039,98932000
2004-06-23,17.268929,17.379156,17.146454,17.330166,58558400
2004-06-24,17.440385,17.544488,17.366901,17.385271,65503800
2004-06-25,17.440391,17.532246,17.299545,17.495504,71136500
2004-06-28,17.513880,17.605736,17.250559,17.317921,77024100
2004-06-29,17.256670,17.501619,17.256670,17.452629,55371700
2004-06-30,17.495492,17.636338,17.385265,17.489368,83544400
2004-07-01,17.575111,17.660843,17.305666,17.532244,78441400
2004-07-02,17.526124,17.562866,17.391401,17.495504,36690100
2004-07-06,17.342405,17.348529,17.109704,17.158693,69158900
2004-07-07,16.944363,17.342405,16.870878,17.207684,66255700
2004-07-08,17.072960,17.238301,16.870877,16.925991,59125100
2004-07-09,17.011725,17.146447,16.925992,17.060715,50249300
2004-07-12,16.944368,17.146452,16.895379,17.079090,45757300
2004-07-13,17.091338,17.115833,16.901503,16.901503,43274100
2004-07-14,16.779023,17.366902,16.742281,17.226055,87656300
2004-07-15,17.177063,17.268920,17.023970,17.066837,46759700
2004-07-16,17.256676,17.268924,16.687169,16.828014,66406300
2004-07-19,16.913746,17.305665,16.901499,17.115829,60354500
2004-07-20,17.146446,17.440385,17.054590,17.342405,89010700
2004-07-21,18.303836,18.303836,17.642473,17.673092,201518000
2004-07-22,17.801686,17.942531,17.654716,17.758820,124640700
2004-07-23,17.379153,17.391401,17.158700,17.164824,97372700
2004-07-26,17.366902,17.581232,17.268922,17.550613,72387600
2004-07-27,17.575109,17.611851,17.226055,17.415892,72968400
2004-07-28,17.354654,17.630222,17.317912,17.501623,62718800
2004-07-29,17.624100,17.636347,17.299542,17.440388,60148400
2004-07-30,17.422008,17.642462,17.348523,17.446503,59552900
2004-08-02,17.311787,17.483250,17.244425,17.464880,52267000
2004-08-03,17.379155,17.403651,17.146454,17.189320,53990900
2004-08-04,17.152575,17.268926,17.140327,17.183193,46217900
2004-08-05,17.244428,17.275046,16.852509,16.858633,55591700
2004-08-06,16.766768,17.060708,16.570809,16.619799,75628000
2004-08-09,16.693294,16.705542,16.595314,16.644304,51877500
2004-08-10,16.717781,16.993349,16.687163,16.974977,57632700
2004-08-11,16.772899,16.846384,16.656549,16.785147,53097300
2004-08-12,16.674919,16.723909,16.448342,16.460588,50279700
2004-08-13,16.540190,16.687160,16.521819,16.546314,43333200
2004-08-16,16.552444,16.656547,16.509577,16.589186,54347200
2004-08-17,16.668789,16.766769,16.521820,16.564686,56879700
2004-08-18,16.491208,16.840261,16.466713,16.815765,58844000
2004-08-19,16.748416,16.809654,16.540209,16.607571,46293000
2004-08-20,16.613680,16.760651,16.558568,16.656548,46494800
2004-08-23,16.748673,16.785524,16.656547,16.730247,39572200
2004-08-24,16.828516,16.865367,16.638121,16.730247,40835300
2004-08-25,16.711826,16.994349,16.693401,16.920647,53512700
2004-08-26,16.865369,16.951355,16.822377,16.853086,35465500
2004-08-27,16.889934,16.982060,16.859225,16.865366,33248700
2004-08-30,16.767103,16.822379,16.490723,16.767103,36679600
2004-08-31,16.760962,16.779387,16.613558,16.767103,52106700
2004-09-01,16.724115,16.902228,16.668839,16.822384,48507500
2004-09-02,16.828514,17.000485,16.797806,16.963634,42161700
2004-09-03,16.865374,16.963643,16.644270,16.650412,46174400
2004-09-07,16.760959,16.816234,16.681115,16.803951,44893400
2004-09-08,16.767101,16.871512,16.668833,16.742535,53278100
2004-09-09,16.767108,16.871519,16.693407,16.754826,56904700
2004-09-10,16.791668,16.896079,16.693399,16.883795,52664500
2004-09-13,16.908360,16.932926,16.423158,16.736389,48239200
2004-09-14,16.810094,16.896079,16.748676,16.853086,55920000
2004-09-15,16.803952,16.828518,16.668831,16.699541,52605700
2004-09-16,16.717967,16.797811,16.687258,16.742535,35951500
2004-09-17,16.822378,16.908364,16.742535,16.896080,65283000
2004-09-20,16.853088,16.982065,16.785528,16.896080,51513600
2004-09-21,16.859229,16.908363,16.736393,16.742535,73874400
2004-09-22,16.754816,17.037338,16.625838,16.656548,68409000
2004-09-23,16.699543,16.822378,16.687259,16.797812,52155800
2004-09-24,16.822377,16.865369,16.699541,16.760960,49859800
2004-09-27,16.687257,16.779384,16.662689,16.699541,47813600
2004-09-28,16.711832,16.803960,16.607423,16.748684,62055100
2004-09-29,16.742531,17.006628,16.724105,16.939068,61529300
2004-09-30,16.945213,17.068049,16.902220,16.982063,71218000
2004-10-01,17.086475,17.393565,17.061909,17.350573,66302800
2004-10-04,17.467270,17.479553,17.240023,17.270733,62016200
2004-10-05,17.289151,17.473406,17.258443,17.430412,58017700
2004-10-06,17.436557,17.534826,17.338288,17.522543,56999600
2004-10-07,17.528686,17.559395,17.295297,17.301439,38401500
2004-10-08,17.258444,17.399705,17.178600,17.190884,49556600
2004-10-11,17.319869,17.332152,17.154040,17.233883,44691000
2004-10-12,17.092614,17.295293,17.080330,17.215450,56412900
2004-10-13,17.313719,17.362853,17.160174,17.215450,49500700
2004-10-14,17.221602,17.295303,17.074198,17.074198,41548700
2004-10-15,17.178600,17.344429,17.086473,17.190884,49828500
2004-10-18,17.240026,17.473415,17.184749,17.448847,50350700
2004-10-19,17.522548,17.559398,17.301443,17.307585,57026500
2004-10-20,17.332146,17.657662,17.270729,17.626953,69078100
2004-10-21,17.694507,17.743641,17.485686,17.540962,94988500
2004-10-22,17.381280,17.405848,16.939072,17.037340,101912800
2004-10-25,16.994346,17.055764,16.920644,16.969778,61529500
2004-10-26,17.018916,17.135611,16.969782,17.135611,76966600
2004-10-27,17.111043,17.411990,16.939072,17.289154,72392600
2004-10-28,17.264591,17.528688,17.135613,17.203173,63059600
2004-10-29,17.270734,17.289159,17.074195,17.178606,80010100
2004-11-01,17.295297,17.368999,17.172460,17.246162,72930900
2004-11-02,17.356709,17.485686,17.215448,17.344425,89417100
2004-11-03,17.596249,17.596249,17.387428,17.485697,79666700
2004-11-04,17.430415,17.811207,17.430415,17.811207,87867700
2004-11-05,17.940184,18.032312,17.829633,18.001602,95337700
2004-11-08,17.921757,18.106010,17.891047,17.983175,112802100
2004-11-09,18.075303,18.357825,18.026169,18.284124,100401000
2004-11-10,18.376252,18.425386,18.234991,18.259558,84097700
2004-11-11,18.357825,18.474519,18.314833,18.413101,87358900
2004-11-12,18.523660,18.548227,18.302555,18.406965,162269000
2004-11-15,18.714992,18.824516,18.619159,18.749218,104468000
2004-11-16,18.708158,18.715003,18.516489,18.564407,64522600
2004-11-17,18.653395,18.721848,18.523334,18.598633,58830700
2004-11-18,18.571246,18.598627,18.482258,18.530174,63249900
2004-11-19,18.502803,18.530183,18.372742,18.386433,85808600
2004-11-22,18.311127,18.359044,17.866184,18.242674,92410800
2004-11-23,18.153683,18.276898,18.071539,18.160528,70459700
2004-11-24,18.222141,18.297438,18.071544,18.235830,60069200
2004-11-26,18.181070,18.359048,18.174225,18.208452,24398700
2004-11-29,18.235832,18.448037,18.215297,18.324821,67079900
2004-11-30,18.311128,18.489106,18.276902,18.352200,75960400
2004-12-01,18.448037,18.673931,18.352202,18.653395,99889000
2004-12-02,18.667086,18.756074,18.427501,18.543871,96088300
2004-12-03,18.591776,18.783444,18.578085,18.639692,76498400
2004-12-06,18.550712,18.783451,18.530175,18.708153,55297400
2004-12-07,18.660235,18.742378,18.482258,18.530174,111656000
2004-12-08,18.489110,18.728695,18.420657,18.728695,95655000
2004-12-09,18.571239,18.728682,18.441180,18.639692,83006000
2004-12-10,18.537020,18.605473,18.509639,18.537020,70949200
2004-12-13,18.550716,18.673931,18.420655,18.653395,93812500
2004-12-14,18.516477,18.708145,18.509633,18.639692,127843200
2004-12-15,18.632857,18.756072,18.530178,18.557560,106303900
2004-12-16,18.584938,18.673927,18.489105,18.591784,88997500
2004-12-17,18.482258,18.701306,18.345352,18.454876,126184400
2004-12-20,18.489102,18.584935,18.406958,18.448030,85552800
2004-12-21,18.482258,18.598627,18.441186,18.530174,94646100
2004-12-22,18.372733,18.584937,18.331662,18.461721,63651900
2004-12-23,18.393266,18.584933,18.365884,18.489100,65801900
2004-12-27,18.489098,18.550706,18.359038,18.379574,55958500
2004-12-28,18.379577,18.502793,18.345350,18.448030,55075900
2004-12-29,18.379577,18.482256,18.359041,18.413803,47594900
2004-12-30,18.406970,18.441197,18.311136,18.317982,48355400
2004-12-31,18.311130,18.413809,18.263214,18.290594,54959500
2005-01-03,18.345360,18.448041,18.242681,18.304289,65002900
2005-01-04,18.393265,18.550706,18.249513,18.372728,109442100
2005-01-05,18.372734,18.550712,18.317972,18.331663,72463500
2005-01-06,18.379574,18.523324,18.235823,18.311121,76890500
2005-01-07,18.359042,18.406959,18.222137,18.256363,68723300
2005-01-10,18.208444,18.386421,18.167372,18.345348,70376600
2005-01-11,18.270059,18.359047,18.215297,18.297440,64712000
2005-01-12,18.324818,18.379580,18.222139,18.331663,72940600
2005-01-13,18.263208,18.345351,17.907253,17.982552,89861600
2005-01-14,18.071548,18.105775,17.825119,17.879881,92180800
2005-01-18,17.818274,18.037323,17.688213,18.016787,69146400
2005-01-19,17.941485,17.975713,17.742973,17.784044,58114100
2005-01-20,17.688208,17.866185,17.619755,17.701899,58380100
2005-01-21,17.763499,17.886713,17.551294,17.558140,76501000
2005-01-24,17.633448,17.797735,17.551304,17.571840,69010900
2005-01-25,17.633443,17.927790,17.626598,17.811420,67580700
2005-01-26,17.845648,17.914101,17.729278,17.804577,64974500
2005-01-27,17.763502,17.907252,17.695048,17.873026,93204100
2005-01-28,18.167377,18.242674,17.770349,17.920946,110466500
2005-01-31,18.037314,18.153684,17.907253,17.989397,71442100
2005-02-01,17.968864,18.092079,17.948327,18.064697,57981700
2005-02-02,18.085239,18.140001,17.989405,18.112619,79329500
2005-02-03,18.051007,18.071542,17.866184,17.920946,62545400
2005-02-04,17.914108,18.051014,17.893571,18.016787,61246500
2005-02-07,17.982556,18.003091,17.838804,17.907257,57763400
2005-02-08,17.927799,18.030478,17.907262,17.962025,61343700
2005-02-09,17.968859,18.009931,17.825109,17.845644,77874800
2005-02-10,17.866184,17.886719,17.797731,17.838802,71796400
2005-02-11,17.818262,17.879869,17.667665,17.777189,83835900
2005-02-14,17.749815,17.879875,17.736124,17.804577,58694000
2005-02-15,17.852638,17.907569,17.756508,17.804573,76551600
2005-02-16,17.763383,17.804581,17.626055,17.708452,57506600
2005-02-17,17.653516,17.756513,17.577987,17.612318,67024800
2005-02-18,17.605449,17.612315,17.440655,17.495586,77091100
2005-02-22,17.337666,17.502459,17.303334,17.323933,96419200
2005-02-23,17.330792,17.406323,17.282728,17.303328,83689400
2005-02-24,17.289593,17.468120,17.268994,17.420055,85236300
2005-02-25,17.392599,17.426930,17.269003,17.337667,62467700
2005-02-28,17.317066,17.420063,17.255268,17.275867,82728000
2005-03-01,17.296460,17.447520,17.255260,17.358257,56394800
2005-03-02,17.296464,17.495589,17.275864,17.344528,67739000
2005-03-03,17.371987,17.378854,17.262125,17.282724,52183600
2005-03-04,17.310189,17.371987,17.255258,17.282724,63058200
2005-03-07,17.282727,17.708444,17.275860,17.488718,80407400
2005-03-08,17.440657,17.591718,17.399459,17.440657,52871800
2005-03-09,17.433790,17.557385,17.358260,17.378859,62991800
2005-03-10,17.461258,17.495589,17.337663,17.461258,59132900
2005-03-11,17.474983,17.495582,17.207193,17.227793,60617900
2005-03-14,17.220928,17.268992,17.138531,17.241528,65550500
2005-03-15,17.234668,17.330797,17.090473,17.104206,71469400
2005-03-16,17.042403,17.145399,16.863877,16.911942,74841400
2005-03-17,16.918806,16.946273,16.843277,16.850143,60573200
2005-03-18,16.843286,17.104209,16.671626,16.692225,135904000
2005-03-21,16.719682,16.726548,16.582353,16.616686,71446200
2005-03-22,16.609821,16.664752,16.451893,16.472492,102113300
2005-03-23,16.472491,16.747147,16.451891,16.602953,79293300
2005-03-24,16.644155,16.802082,16.616690,16.671621,78820900
2005-03-28,16.754013,16.802078,16.602953,16.616686,49802000
2005-03-29,16.575493,16.644157,16.355768,16.424433,74231700
2005-03-30,16.506833,16.609829,16.479367,16.589230,59585700
2005-03-31,16.651021,16.692220,16.561759,16.596090,62382300
2005-04-01,16.644154,16.719685,16.548025,16.561758,64619600
2005-04-04,16.554891,16.657887,16.438162,16.637287,62196400
2005-04-05,16.630424,16.822684,16.561761,16.802084,73549600
2005-04-06,16.802079,17.124800,16.788347,16.939407,78020200
2005-04-07,16.932547,17.255267,16.911947,17.234669,77451500
2005-04-08,17.214070,17.337665,17.104208,17.124807,47956300
2005-04-11,17.186600,17.241531,17.069871,17.145401,47791800
2005-04-12,17.111062,17.406317,17.028664,17.385717,67517800
2005-04-13,17.323931,17.474992,17.159137,17.193470,60929300
2005-04-14,17.172872,17.262134,17.049276,17.056143,66754400
2005-04-15,16.877615,17.097340,16.760886,16.795218,100251600
2005-04-18,16.788353,17.056142,16.754020,16.925680,75766400
2005-04-19,16.966873,17.028670,16.788347,16.911942,65956200
2005-04-20,16.932545,16.960011,16.685354,16.699087,91923500
2005-04-21,16.808945,17.433787,16.802078,17.358257,93562300
2005-04-22,17.200330,17.337659,17.014938,17.152266,80087500
2005-04-25,17.214067,17.358262,17.069873,17.159136,75457900
2005-04-26,17.131667,17.337659,16.987472,17.001205,60464300
2005-04-27,16.932545,17.268998,16.911945,17.159136,47732800
2005-04-28,17.042397,17.111062,16.781475,16.788342,83623100
2005-04-29,17.083609,17.371998,17.021812,17.371998,98641200
2005-05-02,17.323933,17.413197,17.131674,17.323933,54376700
2005-05-03,17.255266,17.440660,17.227802,17.413195,67867800
2005-05-04,17.399462,17.440660,17.241535,17.310198,86864200
2005-05-05,17.303334,17.392597,17.220937,17.323933,59362300
2005-05-06,17.392597,17.495593,17.296468,17.317066,64322600
2005-05-09,17.323924,17.392588,17.200328,17.241528,61872400
2005-05-10,17.193468,17.220933,17.042407,17.097338,62235100
2005-05-11,17.090473,17.145404,16.918813,17.104206,59463300
2005-05-12,17.056142,17.241535,17.049275,17.166004,74540700
2005-05-13,17.186606,17.426929,17.159140,17.371998,77204300
2005-05-16,17.378881,17.564862,17.351329,17.557974,50577300
2005-05-17,17.433989,17.564865,17.392660,17.537312,39983200
2005-05-18,17.564861,17.799059,17.509756,17.702625,71182400
2005-05-19,17.737071,17.943716,17.702630,17.854170,52120800
2005-05-20,17.826613,17.854166,17.723290,17.730179,64444500
2005-05-23,17.730180,17.957490,17.730180,17.805950,75421100
2005-05-24,17.771512,17.826618,17.716407,17.737072,61287700
2005-05-25,17.688853,17.750847,17.564865,17.709517,35749000
2005-05-26,17.737067,17.909271,17.723290,17.840389,50579200
2005-05-27,17.792171,17.971264,17.778394,17.957487,54978000
2005-05-31,17.902383,17.929936,17.737067,17.771507,46131100
2005-06-01,17.723287,17.909269,17.640630,17.778393,54621000
2005-06-02,17.709519,17.812843,17.661302,17.764626,27212500
2005-06-03,17.702629,17.778398,17.454654,17.516647,79659500
2005-06-06,17.482202,17.564861,17.433985,17.475315,40756900
2005-06-07,17.447761,17.792170,17.433985,17.571749,54511400
2005-06-08,17.599306,17.647524,17.454654,17.495983,45369700
2005-06-09,17.495978,17.640631,17.461538,17.571749,52767900
2005-06-10,17.557976,17.578641,17.454654,17.516647,39459800
2005-06-13,17.468425,17.557970,17.399542,17.433983,49104100
2005-06-14,17.433992,17.523539,17.385775,17.468433,44243300
2005-06-15,17.495976,17.502864,17.296219,17.399542,50764800
2005-06-16,17.371989,17.378877,17.186009,17.248003,65918800
2005-06-17,17.406431,17.420208,17.165344,17.248003,90821300
2005-06-20,17.206676,17.413322,17.172235,17.296223,50538900
2005-06-21,17.275561,17.351332,17.248009,17.323778,81084000
2005-06-22,17.296222,17.399545,17.241117,17.268669,60492700
2005-06-23,17.337549,17.647517,17.323772,17.433983,105159800
2005-06-24,17.371989,17.495977,17.248003,17.248003,57970700
2005-06-27,17.268669,17.392656,17.241117,17.254892,61636200
2005-06-28,17.282446,17.358216,17.241117,17.268669,53058100
2005-06-29,17.371988,17.440870,17.220448,17.282442,55859900
2005-06-30,17.261784,17.316890,17.096468,17.110245,82018200
2005-07-01,17.117134,17.213568,16.993147,17.020699,69718400
2005-07-05,16.986255,17.351329,16.958703,17.206676,61883500
2005-07-06,17.199791,17.275561,17.006923,17.013811,64214600
2005-07-07,16.931145,17.020691,16.876040,16.979362,80082900
2005-07-08,16.972473,17.303107,16.965585,17.282442,56104000
2005-07-11,17.323773,17.482200,17.296221,17.420208,61525400
2005-07-12,17.385771,17.647523,17.358219,17.640635,63384800
2005-07-13,17.585526,17.737065,17.551084,17.675072,44749200
2005-07-14,17.764619,17.978152,17.764619,17.888605,69506800
2005-07-15,17.936830,17.978159,17.737072,17.764626,56472800
2005-07-18,17.709507,17.764614,17.599297,17.599297,39668000
2005-07-19,17.764622,18.081477,17.737068,18.019484,113290100
2005-07-20,17.909268,18.067696,17.826609,18.040144,71424800
2005-07-21,18.115917,18.239905,17.909272,18.212353,112932100
2005-07-22,17.902382,18.143468,17.654407,17.688848,97558900
2005-07-25,17.695742,17.840393,17.668188,17.695742,45174600
2005-07-26,17.716399,17.730176,17.585525,17.592413,51476400
2005-07-27,17.640635,17.771509,17.585529,17.716404,57977300
2005-07-28,17.737072,17.805954,17.675078,17.737072,44738700
2005-07-29,17.757734,17.909273,17.626858,17.640635,59524400
2005-08-01,17.778399,17.943716,17.743959,17.854170,61346800
2005-08-02,17.840390,18.529208,17.819726,18.467215,137510100
2005-08-03,18.432779,18.894287,18.412114,18.770300,139422400
2005-08-04,18.708301,18.942499,18.632531,18.818512,91461400
2005-08-05,18.797846,19.245577,18.770292,19.121590,82212400
2005-08-08,19.149142,19.176695,18.653193,18.687634,77207200
2005-08-09,18.749633,18.949391,18.604982,18.839180,64761800
2005-08-10,18.880500,18.942494,18.494762,18.563644,62818800
2005-08-11,18.584313,18.804735,18.522319,18.784071,48646800
2005-08-12,18.653188,18.694516,18.529200,18.632523,52006500
2005-08-15,18.639440,18.860515,18.439091,18.743069,45976600
2005-08-16,18.673981,18.749975,18.445997,18.473631,46894600
2005-08-17,18.528899,18.756883,18.418361,18.618711,52413100
2005-08-18,18.577262,18.708526,18.515085,18.528902,40861900
2005-08-19,18.549627,18.591078,18.445998,18.459814,36043500
2005-08-22,18.508177,18.770704,18.494360,18.591080,41691700
2005-08-23,18.542716,18.701614,18.473630,18.563442,48296700
2005-08-24,18.542716,18.763792,18.501265,18.521990,63645000
2005-08-25,18.584162,18.715426,18.549620,18.673975,39306300
2005-08-26,18.694704,18.708522,18.563441,18.632526,36774600
2005-08-29,18.521989,18.812151,18.521989,18.756882,52307700
2005-08-30,18.694707,18.812153,18.625620,18.777611,55163200
2005-08-31,18.770705,18.957237,18.680893,18.915785,65210200
2005-09-01,18.915782,18.922690,18.756884,18.791428,75974500
2005-09-02,18.798333,18.839786,18.632527,18.667070,52047500
2005-09-06,18.694701,18.853600,18.639432,18.653250,46089000
2005-09-07,18.611801,18.729248,18.528897,18.549623,44656100
2005-09-08,18.515078,18.570347,18.321638,18.383816,52552300
2005-09-09,18.390731,18.528903,18.328554,18.363096,41515800
2005-09-12,18.390725,18.480536,18.321638,18.383816,40550500
2005-09-13,18.335455,18.487444,18.218009,18.294003,63422900
2005-09-14,18.321639,18.404542,18.169649,18.176558,54969600
2005-09-15,18.218012,18.259463,18.114382,18.148926,60357200
2005-09-16,18.197285,18.238736,17.941665,18.010752,187384300
2005-09-19,18.024569,18.148924,17.865671,17.962391,61832300
2005-09-20,18.010748,18.114377,17.748222,17.851851,61043400
2005-09-21,17.824217,17.893303,17.568599,17.610050,68281800
2005-09-22,17.610059,17.686054,17.375166,17.506430,71314900
2005-09-23,17.485699,17.644598,17.354436,17.458065,66396800
2005-09-26,17.547876,17.610054,17.416612,17.458065,56203700
2005-09-27,17.527156,17.582425,17.478795,17.506430,48797900
2005-09-28,17.540973,17.872588,17.534065,17.734415,71019400
2005-09-29,17.692958,17.962394,17.616963,17.920942,66807100
2005-09-30,17.900223,17.927858,17.692965,17.775867,57644500
2005-10-03,17.762045,17.775862,17.575513,17.616964,55341300
2005-10-04,17.520243,17.540968,17.098817,17.257715,151666300
2005-10-05,17.299168,17.306075,17.043549,17.043549,73684700
2005-10-06,17.036641,17.236991,16.946830,17.085001,81724600
2005-10-07,17.112635,17.160995,16.939919,16.988279,50768700
2005-10-10,17.043557,17.050466,16.822482,16.898476,48880900
2005-10-11,16.933007,16.960640,16.753383,16.863920,76567300
2005-10-12,16.919192,17.064273,16.767203,16.787928,71294400
2005-10-13,16.794838,17.085000,16.767204,16.988279,70192000
2005-10-14,17.071182,17.085000,16.926102,17.043549,53846700
2005-10-17,17.050464,17.057372,16.884657,16.946835,46924400
2005-10-18,16.919188,17.154081,16.891554,16.974457,69328200
2005-10-19,16.967551,17.333708,16.926100,17.333708,66574500
2005-10-20,17.306078,17.361347,17.091911,17.126455,58830600
2005-10-21,17.209364,17.271542,16.974471,17.119553,69431200
2005-10-24,17.195538,17.340620,17.050458,17.340620,51868000
2005-10-25,17.236987,17.361340,17.154083,17.292255,41310500
2005-10-26,17.250803,17.499514,17.223169,17.347525,58178100
2005-10-27,17.423522,17.458066,17.167904,17.167904,61566100
2005-10-28,17.340608,17.686038,17.340608,17.637678,106559300
2005-10-31,17.692961,17.824223,17.616966,17.755138,75122100
2005-11-01,17.692957,18.031479,17.692957,17.934757,71370400
2005-11-02,17.914034,18.307825,17.914034,18.280190,75067100
2005-11-03,18.376907,18.404540,18.135105,18.266369,73421600
2005-11-04,18.328548,18.452902,18.273280,18.418360,57464000
2005-11-07,18.459817,18.708528,18.446001,18.660168,77104800
2005-11-08,18.611800,18.777606,18.494353,18.687794,60091700
2005-11-09,18.639441,18.756888,18.611807,18.625624,59562100
2005-11-10,18.611797,18.756877,18.404537,18.715425,73314800
2005-11-11,18.756884,18.922691,18.743067,18.846697,51945600
2005-11-14,18.901964,18.957233,18.791426,18.908873,67152200
2005-11-15,18.936590,19.082097,18.881159,19.054380,65081000
2005-11-16,19.040530,19.317684,19.012815,19.220680,86277000
2005-11-17,19.296899,19.400832,19.234539,19.380045,91351000
2005-11-18,19.483967,19.574042,19.331531,19.449322,75431200
2005-11-21,19.449330,19.567121,19.289967,19.511690,65794400
2005-11-22,19.442401,19.456259,19.303825,19.338469,104253300
2005-11-23,19.345394,19.463185,19.220674,19.345394,70541300
2005-11-25,19.262235,19.359240,19.033582,19.234520,44082500
2005-11-28,19.255314,19.296887,19.075164,19.227598,57517200
2005-11-29,19.255320,19.255320,19.123671,19.179102,62220400
2005-11-30,19.179102,19.241462,19.144457,19.179102,55904700
2005-12-01,19.213746,19.470115,19.213746,19.324608,61006100
2005-12-02,19.276106,19.470115,19.255320,19.407755,42319600
2005-12-05,19.352331,19.414691,19.199895,19.296900,47517300
2005-12-06,19.331533,19.345391,19.179099,19.186028,65980000
2005-12-07,19.172167,19.227598,19.089020,19.227598,55583200
2005-12-08,19.199884,19.269173,19.123668,19.186028,63931600
2005-12-09,19.199890,19.283037,19.151388,19.199890,48467000
2005-12-12,19.192957,19.227601,18.936588,19.019735,63757200
2005-12-13,18.908867,19.005871,18.707930,18.798004,104285500
2005-12-14,18.707936,18.874229,18.604003,18.770296,65076200
2005-12-15,18.763366,18.784153,18.576286,18.652504,79018100
2005-12-16,18.624789,18.763367,18.576287,18.638647,88542500
2005-12-19,18.583222,18.617867,18.465431,18.590151,68680100
2005-12-20,18.541654,18.624800,18.479294,18.610943,62960600
2005-12-21,18.617864,18.645579,18.507001,18.520859,75800900
2005-12-22,18.507000,18.555504,18.306064,18.423855,91276900
2005-12-23,18.375356,18.479289,18.319925,18.458502,30689200
2005-12-27,18.486214,18.604005,18.326851,18.333778,37819000
2005-12-28,18.368425,18.472358,18.257564,18.285278,35444400
2005-12-29,18.299139,18.361499,18.195206,18.202135,34495500
2005-12-30,18.118986,18.229848,18.084342,18.118986,49044600
2006-01-03,18.188268,18.707932,18.084335,18.597071,79973000
2006-01-04,18.548571,18.763365,18.548571,18.687147,57975600
2006-01-05,18.680215,18.798006,18.645571,18.701002,48245500
2006-01-06,18.631718,18.707936,18.354564,18.645576,100963000
2006-01-09,18.659445,18.756448,18.541654,18.610943,55625000
2006-01-10,18.465423,18.721791,18.423850,18.707933,64921900
2006-01-11,18.714871,18.978168,18.638653,18.908880,70120700
2006-01-12,18.881155,18.888084,18.687147,18.804937,45994800
2006-01-13,18.728719,18.881153,18.714861,18.839581,41418000
2006-01-17,18.638642,18.839580,18.638642,18.701002,58566600
2006-01-18,18.527791,18.694084,18.500076,18.590151,52376200
2006-01-19,18.617861,18.874229,18.604003,18.721794,60367600
2006-01-20,18.714865,18.714865,18.195201,18.299133,79165900
2006-01-23,18.299134,18.382281,18.222916,18.257561,47925600
2006-01-24,18.250632,18.326850,18.167485,18.209059,63040700
2006-01-25,18.299133,18.409995,18.174413,18.292204,59072100
2006-01-26,18.403076,18.513938,18.229855,18.361504,69509300
2006-01-27,18.867298,19.366178,18.839584,19.255316,134520700
2006-01-30,19.276111,19.525551,19.248397,19.400831,103999200
2006-01-31,19.338464,19.664121,19.310750,19.504757,94841300
2006-02-01,19.373111,19.449329,19.234534,19.428543,68448800
2006-02-02,19.380038,19.393896,19.089026,19.179102,55073400
2006-02-03,19.040520,19.192956,18.943516,19.082094,75022700
2006-02-06,19.061307,19.082094,18.770295,18.825726,60170500
2006-02-07,18.673284,18.811861,18.576279,18.666355,72159500
2006-02-08,18.714865,18.763367,18.506999,18.645576,51795200
2006-02-09,18.680220,18.728723,18.465426,18.472355,52861700
2006-02-10,18.444643,18.631722,18.368425,18.493145,52127000
2006-02-13,18.451571,18.500074,18.250635,18.285278,46707000
2006-02-14,18.299129,18.486209,18.257556,18.465422,58432900
2006-02-15,18.493238,18.722665,18.423714,18.687902,62808900
2006-02-16,18.667046,18.701808,18.472380,18.639236,48868500
2006-02-17,18.541911,18.639244,18.465435,18.562769,41513200
2006-02-21,18.576660,18.576660,18.312472,18.451519,50216100
2006-02-22,18.444574,18.674002,18.402859,18.576668,43043100
2006-02-23,18.583620,18.694858,18.451527,18.534954,47359100
2006-02-24,18.486281,18.590566,18.437615,18.514090,44753800
2006-02-27,18.597520,18.952089,18.541901,18.806089,51301500
2006-02-28,18.736565,18.979896,18.680946,18.680946,65036100
2006-03-01,18.757432,18.910385,18.736576,18.868670,53061200
2006-03-02,18.785234,18.840852,18.701805,18.750471,41850300
2006-03-03,18.639237,18.882569,18.590571,18.722666,45218800
2006-03-06,18.715712,18.875615,18.653141,18.708759,53054100
2006-03-07,18.701806,18.840854,18.639235,18.813044,51613900
2006-03-08,18.764382,19.118951,18.750477,18.945143,57547400
2006-03-09,18.959038,19.063323,18.771324,18.771324,45360700
2006-03-10,18.813043,18.924280,18.687900,18.889519,41297200
2006-03-13,18.896471,18.972947,18.729615,18.847805,40342600
2006-03-14,18.799143,19.035521,18.764380,18.931236,39821800
2006-03-15,18.910377,19.084185,18.778282,19.021614,57152000
2006-03-16,19.007708,19.105040,18.924279,18.959042,73793700
2006-03-17,19.014665,19.230187,18.959046,19.118950,120615000
2006-03-20,19.257999,19.459617,19.237142,19.390093,67094100
2006-03-21,19.285803,19.619515,19.244089,19.285803,73199600
2006-03-22,18.826948,19.118946,18.632282,18.875614,145696100
2006-03-23,18.826947,18.840852,18.534949,18.667044,73682900
2006-03-24,18.569713,18.917330,18.507143,18.778284,69157600
2006-03-27,18.778284,18.979901,18.771332,18.778284,59908600
2006-03-28,18.778281,18.917327,18.639234,18.701805,58520500
2006-03-29,18.736572,18.910381,18.715715,18.785238,53150300
2006-03-30,18.792190,19.042474,18.771333,18.931236,54612000
2006-03-31,18.979909,19.146766,18.917337,18.917337,62190500
2006-04-03,19.237136,19.278850,19.077232,19.160660,57605300
2006-04-04,19.188481,19.327527,19.098100,19.216290,45470000
2006-04-05,19.383135,19.424850,19.216279,19.285803,41539300
2006-04-06,19.230183,19.271897,19.028566,19.160660,51885500
2006-04-07,19.195428,19.271903,18.931238,18.945143,47249400
2006-04-10,18.931231,19.077231,18.910375,18.972946,39432000
2006-04-11,18.972946,18.993803,18.771328,18.861708,42953400
2006-04-12,18.840846,18.910370,18.750465,18.910370,32183000
2006-04-13,18.826950,18.910379,18.771332,18.819998,28160000
2006-04-17,18.792184,18.806088,18.583613,18.660089,35796200
2006-04-18,18.729623,19.118954,18.646194,18.924288,56272700
2006-04-19,18.847807,18.903426,18.743521,18.792189,45111100
2006-04-20,18.806092,18.903426,18.562761,18.792189,45648300
2006-04-21,18.806090,19.042470,18.771329,18.875614,58528000
2006-04-24,18.819995,18.945137,18.757424,18.847805,42318400
2006-04-25,18.833900,18.917327,18.785234,18.847805,49222500
2006-04-26,18.826952,18.931236,18.771333,18.840857,39190000
2006-04-27,18.750477,19.209331,18.729620,18.945143,96509600
2006-04-28,16.845536,17.033249,16.685632,16.789917,591052200
2006-05-01,16.908109,17.380869,16.748205,16.887253,174800900
2006-05-02,17.026284,17.380853,16.616095,16.692572,190533500
2006-05-03,16.678676,16.699533,16.094678,16.108583,211527100
2006-05-04,16.233724,16.456199,16.087724,16.296295,171257400
2006-05-05,16.449243,16.650862,16.351911,16.546576,131604300
2006-05-08,16.581336,17.380855,16.344957,16.497908,80693500
2006-05-09,16.511818,16.685627,16.331057,16.421438,75345900
2006-05-10,16.456203,16.539631,16.400584,16.525726,76563300
2006-05-11,16.484004,16.539624,16.094673,16.143339,92916700
2006-05-12,16.087726,16.247631,16.025155,16.108583,83115900
2006-05-15,16.122540,16.213272,16.073684,16.157436,67314800
2006-05-16,16.164407,16.750681,15.989921,16.059715,82095100
2006-05-17,15.975975,16.108585,15.864304,15.864304,98598300
2006-05-18,15.941075,16.150458,15.885239,15.934095,95476400
2006-05-19,15.906183,15.982956,15.717737,15.745654,100071200
2006-05-22,15.689814,16.066706,15.668877,15.968992,87322300
2006-05-23,16.129524,16.317968,15.892222,15.906181,79986300
2006-05-24,16.045771,16.429642,16.038792,16.401724,107356700
2006-05-25,16.450575,16.694856,16.429637,16.569225,83052700
2006-05-26,16.590163,16.666937,16.443594,16.555265,46861600
2006-05-30,16.436614,16.583184,16.150457,16.157436,52497500
2006-05-31,16.234209,16.297024,15.808462,15.808462,120202000
2006-06-01,15.871283,15.941078,15.787530,15.927118,80230800
2006-06-02,15.962019,16.045772,15.822429,15.885244,73935600
2006-06-05,15.857321,15.864301,15.696794,15.703773,63914100
2006-06-06,15.738667,15.745647,15.340838,15.445530,126601300
2006-06-07,15.459486,15.626993,15.361774,15.382713,73827500
2006-06-08,15.375733,15.501362,15.333855,15.431568,104126900
2006-06-09,15.459485,15.487403,15.278019,15.298958,52573800
2006-06-12,15.326885,15.424598,15.145420,15.152398,74309700
2006-06-13,15.166355,15.375740,14.977910,15.012808,113175300
2006-06-14,15.068636,15.312917,15.040717,15.271039,86081500
2006-06-15,15.361780,15.445532,15.215210,15.403656,121577300
2006-06-16,15.333860,15.550224,15.208231,15.424594,147506500
2006-06-19,15.452507,15.773563,15.438549,15.738665,129640900
2006-06-20,15.731696,15.885244,15.703778,15.745654,90598500
2006-06-21,15.780548,16.157438,15.724712,16.108582,91660300
2006-06-22,16.094623,16.171397,15.899199,15.968992,76590600
2006-06-23,15.948055,15.962014,15.703773,15.703773,60532600
2006-06-26,15.808467,15.975974,15.794508,15.927118,53644100
2006-06-27,15.975976,16.164421,15.941079,15.955038,84759100
2006-06-28,16.024830,16.227234,15.989933,16.164419,71906500
2006-06-29,16.276086,16.492449,16.206291,16.380777,121395500
2006-06-30,16.429639,16.506412,16.262131,16.262131,73048800
2006-07-03,16.422657,16.555265,16.366821,16.541307,25711400
2006-07-05,16.387764,16.415682,16.262133,16.297031,53093500
2006-07-06,16.366813,16.478484,16.345874,16.387751,44775200
2006-07-07,16.324946,16.436617,16.262131,16.262131,63168800
2006-07-10,16.352868,16.513395,16.317970,16.401724,50565100
2006-07-11,16.310985,16.310985,15.871279,16.122540,88676300
2006-07-12,15.906176,15.968990,15.787525,15.801483,77379300
2006-07-13,15.613042,15.780548,15.529288,15.536267,73099500
2006-07-14,15.550227,15.738672,15.515329,15.557207,67499400
2006-07-17,15.557210,15.780552,15.536271,15.689818,37053500
2006-07-18,15.766581,15.885231,15.689806,15.871272,65047300
2006-07-19,15.927112,16.373797,15.857318,16.331921,82188200
2006-07-20,16.359840,16.366820,15.899196,15.948052,76605200
2006-07-21,16.806526,16.855382,16.052745,16.659958,175483800
2006-07-24,16.757670,16.827465,16.604123,16.750690,59586700
2006-07-25,16.750690,16.953095,16.680895,16.904238,60075800
2006-07-26,16.834442,17.120599,16.820483,17.008928,54942100
2006-07-27,17.155498,17.169458,16.590163,16.659958,85386800
2006-07-28,16.806524,16.946114,16.792565,16.925175,51705800
2006-07-31,16.799554,17.043835,16.757677,16.792574,40254400
2006-08-01,16.764650,16.890281,16.646000,16.743711,49168700
2006-08-02,16.834458,17.029882,16.771642,16.960087,46462000
2006-08-03,16.883301,17.085704,16.855382,16.897259,43155300
2006-08-04,17.029869,17.092685,16.855383,16.953096,45690400
2006-08-07,16.946115,17.085704,16.883300,16.904238,36862400
2006-08-08,17.022894,17.113627,16.890285,16.987997,58171300
2006-08-09,17.092689,17.197381,16.987998,17.057793,44405700
2006-08-10,17.008933,17.169460,16.987994,17.071747,31753400
2006-08-11,17.050806,17.064765,16.890279,17.050806,30255500
2006-08-14,17.113628,17.169463,16.994977,17.120607,47831900
2006-08-15,17.197665,17.267717,17.120609,17.246702,48994500
2006-08-16,17.239692,17.323753,17.141619,17.302738,52373600
2006-08-17,17.302738,17.337763,17.239692,17.302738,45674800
2006-08-18,17.547915,18.073302,17.498879,18.066298,128414800
2006-08-21,17.975227,18.304468,17.905175,18.297464,88398300
2006-08-22,18.220413,18.388537,17.947212,17.947212,89312400
2006-08-23,17.968230,18.178386,17.877164,17.982241,44648500
2006-08-24,18.087310,18.115332,17.863146,18.031269,35933300
2006-08-25,18.010259,18.213409,17.996249,18.108332,33115900
2006-08-28,18.101324,18.213406,17.996247,18.178381,34190900
2006-08-29,18.157360,18.199390,17.954209,18.101318,42711200
2006-08-30,18.108336,18.136355,17.961227,18.073309,30283100
2006-08-31,18.122340,18.199396,17.989241,18.003252,26380500
2006-09-01,18.136344,18.192385,17.961215,18.101318,31594600
2006-09-05,17.996250,18.185388,17.905182,17.940208,44222400
2006-09-06,17.870157,18.017264,17.870157,17.940208,50160400
2006-09-07,17.849135,18.003249,17.786089,17.814110,51266900
2006-09-08,17.884165,18.066299,17.835128,17.933201,36866800
2006-09-11,17.814117,18.178385,17.807111,18.150364,55608200
2006-09-12,18.143354,18.199395,18.017261,18.164370,52248800
2006-09-13,18.087316,18.283461,18.087316,18.199398,37706700
2006-09-14,18.206414,18.563677,18.199409,18.444590,74324500
2006-09-15,18.619706,18.871892,18.556659,18.808846,126057700
2006-09-18,18.731791,18.941946,18.682755,18.766817,49135000
2006-09-19,18.731789,18.871892,18.717778,18.815851,43039100
2006-09-20,18.920925,19.075038,18.906914,19.040012,71676400
2006-09-21,19.082049,19.089055,18.808849,18.843874,58495100
2006-09-22,18.794829,18.808840,18.549648,18.675741,47712500
2006-09-25,18.780827,19.047024,18.766818,18.878901,67903900
2006-09-26,18.850875,19.138087,18.829860,19.054026,54766500
2006-09-27,19.040013,19.243162,18.997982,19.222147,66233900
2006-09-28,19.243160,19.278187,19.096052,19.194124,44179700
2006-09-29,19.159101,19.208137,19.061028,19.159101,34283500
2006-10-02,19.138088,19.257176,19.019000,19.166109,52908100
2006-10-03,19.173109,19.250165,19.061025,19.173109,39386200
2006-10-04,19.187122,19.586416,19.173113,19.572407,82191200
2006-10-05,19.558388,19.691486,19.460316,19.558388,81967200
2006-10-06,19.446310,19.614433,19.369253,19.523367,36452200
2006-10-09,19.474334,19.565402,19.348243,19.418293,33366300
2006-10-10,19.397272,19.439303,19.222143,19.397272,34598500
2006-10-11,19.236154,19.383263,19.208134,19.292196,37219600
2006-10-12,19.320212,19.817579,19.292192,19.768541,120174900
2006-10-13,19.852613,20.097793,19.831597,19.873629,129751900
2006-10-16,19.950683,20.034745,19.845606,19.929668,49744800
2006-10-17,19.782561,19.971701,19.733525,19.922665,40122600
2006-10-18,19.964688,20.104792,19.796565,19.978699,40630800
2006-10-19,19.859619,19.929671,19.698501,19.817589,44730800
2006-10-20,19.950688,19.957693,19.733529,19.915663,48887800
2006-10-23,19.824590,20.097792,19.740529,19.929668,48525000
2006-10-24,19.915664,19.915664,19.705508,19.810587,61409600
2006-10-25,19.810578,19.936670,19.712505,19.831593,40717100
2006-10-26,19.845607,19.901648,19.642458,19.859617,69964200
2006-10-27,19.957691,20.167846,19.789567,19.852613,89060100
2006-10-30,19.859619,20.202872,19.838603,19.985712,47296800
2006-10-31,20.076772,20.209870,20.006720,20.111797,61861700
2006-11-01,20.160843,20.307951,20.104802,20.181858,75895900
2006-11-02,20.111807,20.216886,20.020741,20.153839,58674400
2006-11-03,20.209869,20.265910,20.041746,20.125807,41124500
2006-11-06,20.153839,20.349983,20.146834,20.202875,60446200
2006-11-07,20.216882,20.363989,20.174850,20.279928,56511200
2006-11-08,20.160837,20.476068,20.076775,20.300940,77403300
2006-11-09,20.392014,20.595163,20.314957,20.497091,89407500
2006-11-10,20.434040,20.518103,20.420030,20.483076,37855100
2006-11-13,20.448052,20.637191,20.427037,20.560135,47271800
2006-11-14,20.581220,20.679627,20.433608,20.546074,63012500
2006-11-15,20.475786,20.637456,20.461728,20.468758,63943200
2006-11-16,20.482809,20.834264,20.475780,20.714769,64328500
2006-11-17,20.602309,20.763980,20.581223,20.665571,49356700
2006-11-20,20.749924,21.087321,20.735865,21.010000,85703800
2006-11-21,21.024053,21.087315,20.939704,21.031082,66446600
2006-11-22,21.066227,21.087315,20.960791,21.031082,43907200
2006-11-24,20.848328,20.974852,20.834269,20.918619,20456700
2006-11-27,20.869412,20.904557,20.616364,20.721800,72722100
2006-11-28,20.623398,20.679630,20.475786,20.658543,52602300
2006-11-29,20.693687,20.932677,20.686658,20.785065,58775100
2006-11-30,20.679627,20.785064,20.616365,20.637453,53297400
2006-12-01,20.546077,20.595280,20.314116,20.468758,72257000
2006-12-04,20.546078,20.749923,20.503904,20.616369,55123400
2006-12-05,20.637464,20.665580,20.405504,20.475794,45606000
2006-12-06,20.454701,20.475787,20.293032,20.377380,48564100
2006-12-07,20.356292,20.433612,20.250856,20.278973,46831100
2006-12-08,20.257883,20.665571,20.243825,20.665571,108854900
2006-12-11,20.517964,20.911593,20.461731,20.763983,107712000
2006-12-12,20.778044,20.827248,20.539055,20.686666,68529400
2006-12-13,20.806156,20.806156,20.609340,20.771009,46002500
2006-12-14,20.763982,21.143553,20.749924,21.136524,85866500
2006-12-15,21.185727,21.248989,21.108407,21.220873,102783700
2006-12-18,21.220874,21.270078,20.932681,21.010000,56986800
2006-12-19,20.883474,21.206814,20.756952,21.080290,53822100
2006-12-20,21.080290,21.256018,21.066231,21.150581,31202100
2006-12-21,21.178705,21.185735,21.010007,21.073269,32270500
2006-12-22,20.967816,20.988904,20.820206,20.834263,37971700
2006-12-26,20.756952,21.087319,20.665572,21.080290,37098300
2006-12-27,21.080299,21.178706,21.024066,21.101387,31248400
2006-12-28,20.988920,21.108415,20.953774,21.073269,26690600
2006-12-29,20.988905,21.192748,20.967817,20.988905,41739800
2007-01-03,21.024050,21.263040,20.665565,20.988905,76935100
2007-01-04,20.876445,21.066230,20.693688,20.953764,45774500
2007-01-05,20.827234,20.911583,20.700711,20.834263,44607200
2007-01-08,20.841303,21.157613,20.756954,21.038118,50220200
2007-01-09,21.087317,21.213841,20.897531,21.059200,44636600
2007-01-10,20.946735,21.009997,20.686659,20.848328,55017400
2007-01-11,20.918613,21.614495,20.841293,21.579350,99464300
2007-01-12,21.544214,22.064367,21.537184,21.937843,103972500
2007-01-16,21.972980,22.106534,21.811311,21.902689,62379600
2007-01-17,21.972975,22.099499,21.797248,21.860510,58519600
2007-01-18,21.895668,22.050309,21.649649,21.790232,56364300
2007-01-19,21.600439,21.867546,21.572324,21.867546,75826900
2007-01-22,21.832404,21.874580,21.445804,21.593414,56143900
2007-01-23,21.530151,21.762111,21.452832,21.607471,49171200
2007-01-24,21.635587,22.001099,21.544208,21.853489,58527800
2007-01-25,21.846464,22.127628,21.403631,21.403631,97378700
2007-01-26,21.944866,21.951895,21.509062,21.509062,96103700
2007-01-29,21.544205,21.635584,21.326303,21.459856,57605900
2007-01-30,21.487977,21.537181,21.185725,21.424715,61900400
2007-01-31,21.375514,21.860522,21.333339,21.691824,73968400
2007-02-01,21.677763,21.748054,21.347395,21.480947,55355800
2007-02-02,21.663706,21.677765,21.178697,21.220873,60401700
2007-02-05,21.066239,21.101386,20.672610,20.813192,99102100
2007-02-06,20.799132,20.911597,20.539054,20.742899,79281100
2007-02-07,20.834268,20.876444,20.560134,20.644484,65145500
2007-02-08,20.553111,20.946740,20.524995,20.567169,48749000
2007-02-09,20.630424,20.665569,20.335201,20.370346,69823100
2007-02-12,20.307091,20.447674,20.264917,20.342237,52774400
2007-02-13,20.483304,20.596159,20.426875,20.462143,50348100
2007-02-14,20.575002,20.941784,20.560895,20.737232,55588600
2007-02-15,20.864187,20.913561,20.610262,20.779545,63858100
2007-02-16,20.391605,20.412766,20.208215,20.271696,109340300
2007-02-20,20.194108,20.356339,20.081253,20.335178,53978200
2007-02-21,20.278751,20.730173,20.271697,20.701960,68604900
2007-02-22,20.673743,20.835974,20.567942,20.730171,57754400
2007-02-23,20.610267,20.652589,20.377502,20.384556,63787100
2007-02-26,20.426871,20.518567,20.328122,20.504459,63481900
2007-02-27,20.250538,20.433928,19.601619,19.658047,87143300
2007-02-28,19.714474,19.926078,19.693313,19.869650,86333300
2007-03-01,19.622777,19.982504,19.559295,19.813221,80175700
2007-03-02,19.763841,19.862589,19.580450,19.580450,63254700
2007-03-05,19.390014,19.686261,19.333587,19.432335,56454300
2007-03-06,19.608667,19.707416,19.502865,19.629827,49361800
2007-03-07,19.580447,19.679196,19.432324,19.474646,52044700
2007-03-08,19.552250,19.643946,18.762261,19.270111,72175200
2007-03-09,19.340638,19.382958,19.065553,19.248943,80125000
2007-03-12,19.171357,19.382961,19.136089,19.354748,36516400
2007-03-13,19.220736,19.326538,18.839847,18.846901,75169500
2007-03-14,18.917427,19.326529,18.853945,19.326529,75730300
2007-03-15,19.270107,19.375909,19.185466,19.241894,51757100
2007-03-16,19.291260,19.382955,19.185458,19.277153,65055300
2007-03-19,19.284207,19.629827,19.185459,19.629827,49412000
2007-03-20,19.700368,19.862598,19.580459,19.636887,47902400
2007-03-21,19.679198,20.116514,19.439380,20.116514,72808200
2007-03-22,20.116521,20.137680,19.756793,19.940184,47934900
2007-03-23,19.904922,19.940190,19.608676,19.763853,50519800
2007-03-26,19.707415,19.904911,19.538131,19.904911,47491500
2007-03-27,19.777957,19.862598,19.502870,19.552244,58979800
2007-03-28,19.453493,19.749739,19.326530,19.495813,46947000
2007-03-29,19.636882,19.643936,19.390010,19.573400,42629900
2007-03-30,19.573404,19.714475,19.397067,19.658047,47061000
2007-04-02,19.672157,19.700371,19.439392,19.566355,41977600
2007-04-03,19.650993,19.792062,19.573404,19.658047,39821300
2007-04-04,19.756791,20.299909,19.679202,20.102411,63244200
2007-04-05,19.975450,20.208215,19.961343,20.137680,30131200
2007-04-09,20.158842,20.257591,20.024826,20.151789,31384600
2007-04-10,20.102416,20.201165,19.904918,20.031881,38643100
2007-04-11,19.961339,20.151783,19.742682,19.827324,44050200
2007-04-12,19.792057,20.187053,19.777951,20.130625,43762100
2007-04-13,20.053034,20.243478,19.820269,20.179996,36002900
2007-04-16,20.172948,20.278750,19.897862,20.264643,30740100
2007-04-17,20.194113,20.377504,20.144739,20.349291,33170200
2007-04-18,20.180004,20.222325,20.003667,20.172951,41778400
2007-04-19,19.989565,20.377506,19.933137,20.236437,43648800
2007-04-20,20.440982,20.525624,20.243485,20.469196,60311500
2007-04-23,20.426873,20.448034,20.222323,20.299911,41739100
2007-04-24,20.306967,20.426875,20.165897,20.306967,34236700
2007-04-25,20.356340,20.455088,20.236430,20.448034,39475000
2007-04-26,20.518564,20.701955,20.391601,20.525618,68760300
2007-04-27,21.280346,21.682394,21.160437,21.245079,128298800
2007-04-30,21.252132,21.421416,21.118116,21.118116,67788800
2007-05-01,21.118116,21.456683,21.089902,21.442575,73539300
2007-05-02,21.435525,21.647130,21.372043,21.590702,80686700
2007-05-03,21.583651,21.865790,21.534277,21.844629,82036800
2007-05-04,21.640074,21.654181,21.364988,21.555431,104385900
2007-05-07,21.527221,21.696504,21.499006,21.661236,59889100
2007-05-08,21.640079,21.823470,21.569544,21.689453,60551700
2007-05-09,21.654180,21.816409,21.562484,21.710608,51735000
2007-05-10,21.640071,21.816408,21.534269,21.569536,55398600
2007-05-11,21.562482,21.851674,21.548374,21.788193,43425300
2007-05-14,21.752935,21.858737,21.731774,21.844629,70188500
2007-05-15,21.865854,22.000305,21.823397,21.865854,75013900
2007-05-16,21.936617,22.000304,21.802166,21.986151,45833600
2007-05-17,21.957851,22.035689,21.908315,21.922468,41045600
2007-05-18,21.915383,21.929536,21.639407,21.816315,58453000
2007-05-21,21.745554,22.049836,21.745554,21.971996,41836400
2007-05-22,21.865851,21.887081,21.696019,21.717249,39999500
2007-05-23,21.823399,21.823399,21.632337,21.639414,46322500
2007-05-24,21.611104,21.795087,21.200676,21.349279,64046400
2007-05-25,21.427125,21.696025,21.356362,21.568651,47726500
2007-05-29,21.575719,21.816314,21.504956,21.788010,42373100
2007-05-30,21.618180,22.028607,21.589876,22.014456,57376800
2007-05-31,22.021531,22.049836,21.660638,21.717249,85290500
2007-06-01,21.788011,21.865850,21.618178,21.646484,39469400
2007-06-04,21.526190,21.766786,21.512037,21.738480,41434500
2007-06-05,21.667720,21.674795,21.462506,21.639414,44265000
2007-06-06,21.490809,21.604030,21.405892,21.434198,38217500
2007-06-07,21.243134,21.434195,20.938852,20.960081,71971400
2007-06-08,20.931775,21.271439,20.811478,21.264362,61346200
2007-06-11,21.186521,21.405887,21.179445,21.243132,48467400
2007-06-12,21.200676,21.398813,21.066227,21.122837,56981800
2007-06-13,21.207751,21.519110,21.122836,21.504957,64435600
2007-06-14,21.476662,21.731409,21.441280,21.596960,59065700
2007-06-15,21.837548,21.851700,21.533266,21.575724,100933000
2007-06-18,21.717250,21.738478,21.526189,21.589876,45412600
2007-06-19,21.568648,21.696022,21.497884,21.554495,46802600
2007-06-20,21.540341,21.589876,21.200677,21.236059,46861600
2007-06-21,21.214833,21.441275,21.165299,21.384665,56564800
2007-06-22,21.228981,21.299744,20.839783,20.868088,86219900
2007-06-25,20.853935,21.066225,20.790248,20.868088,53905800
2007-06-26,20.910543,21.087451,20.875162,20.889315,48340300
2007-06-27,20.776095,21.193598,20.776095,21.136988,53468600
2007-06-28,21.129908,21.207747,21.002534,21.108679,46055200
2007-06-29,21.136995,21.179453,20.549660,20.853941,71193900
2007-07-02,20.995462,21.087454,20.868088,21.044996,47316000
2007-07-03,21.080376,21.384657,21.073300,21.243132,35202600
2007-07-05,21.264364,21.384662,21.108686,21.221907,47838500
2007-07-06,21.165291,21.257284,20.988383,21.207748,57541000
2007-07-09,21.129911,21.193598,21.094529,21.136988,33831400
2007-07-10,21.016694,21.221907,20.648725,20.754869,66013500
2007-07-11,20.691180,20.981309,20.669950,20.868088,48017000
2007-07-12,20.917618,21.306817,20.832703,21.278511,54302400
2007-07-13,21.186523,21.243133,20.988385,21.101606,42173000
2007-07-16,21.059151,21.398814,21.030845,21.250212,48023200
2007-07-17,21.243140,21.851703,21.236063,21.780941,77539600
2007-07-18,21.589877,21.915388,21.582801,21.880007,64414400
2007-07-19,21.971989,22.531019,21.887074,22.297501,121159300
2007-07-20,22.042763,22.078145,21.788016,22.049839,98292600
2007-07-23,22.191365,22.304587,22.021534,22.071068,48910600
2007-07-24,21.943693,22.276280,21.731403,21.795090,59729300
2007-07-25,21.929531,22.148897,21.490800,21.731394,54950100
2007-07-26,21.398811,21.604025,20.882240,21.214827,87025300
2007-07-27,21.179447,21.228982,20.776097,20.797325,69214600
2007-07-30,20.811476,20.868087,20.485966,20.804399,67499600
2007-07-31,21.023764,21.030840,20.507192,20.514269,66554000
2007-08-01,20.485961,20.910539,20.393968,20.733631,80006300
2007-08-02,20.655796,21.080376,20.535498,20.889315,47938300
2007-08-03,20.839785,21.073304,20.450586,20.493044,61535500
2007-08-06,20.556728,20.903469,20.344439,20.903469,59530500
2007-08-07,20.754872,21.080384,20.556735,20.910551,49163000
2007-08-08,21.030855,21.236069,20.669962,21.228992,52898600
2007-08-09,20.974226,21.299738,20.464731,20.733631,72964500
2007-08-10,20.450580,20.556725,19.997696,20.316130,76576200
2007-08-13,20.478894,20.514275,20.125078,20.259527,55492300
2007-08-14,20.429954,20.515167,20.025190,20.074898,42944100
2007-08-15,20.053595,20.586180,19.918673,19.954180,48117700
2007-08-16,19.797951,20.131705,19.535210,19.748243,81447400
2007-08-17,19.947078,20.060696,19.755347,20.060696,76747700
2007-08-20,20.010978,20.231113,19.939967,20.067787,49952000
2007-08-21,19.954182,20.110407,19.790857,19.932878,50786200
2007-08-22,20.074899,20.110404,19.890269,20.039392,44763500
2007-08-23,20.081998,20.117503,19.954177,20.096199,33886600
2007-08-24,20.032294,20.479666,19.932879,20.458363,45158900
2007-08-27,20.316335,20.429953,20.167211,20.231121,32789500
2007-08-28,20.096197,20.231119,19.819253,19.833456,43924400
2007-08-29,19.975481,20.316336,19.755346,20.302134,45753700
2007-08-30,20.181422,20.543580,20.110411,20.202726,33690700
2007-08-31,20.380244,20.536468,20.138805,20.401546,42511900
2007-09-04,20.238228,20.664296,20.224025,20.458363,45689600
2007-09-05,20.344732,20.401541,20.181406,20.224012,47669800
2007-09-06,20.280826,20.600377,20.273724,20.529366,45430800
2007-09-07,20.323438,20.472561,20.110404,20.195618,52160900
2007-09-10,20.358934,20.415743,20.174305,20.224012,37247600
2007-09-11,20.330542,20.557780,20.295037,20.543577,34380800
2007-09-12,20.458363,20.714004,20.451262,20.543577,42364700
2007-09-13,20.678490,20.777905,20.564871,20.706894,35288600
2007-09-14,20.579070,20.671385,20.508058,20.621677,33496600
2007-09-17,20.444154,20.508063,20.323435,20.401546,39536500
2007-09-18,20.380251,20.571981,20.074903,20.543577,77462400
2007-09-19,20.500961,20.529365,20.096196,20.358938,94242200
2007-09-20,20.224014,20.295026,20.124599,20.181408,67168900
2007-09-21,20.373145,20.458358,20.195617,20.344740,135636100
2007-09-24,20.458351,21.026442,20.451250,20.650082,104459800
2007-09-25,20.692696,20.990944,20.671394,20.990944,75621000
2007-09-26,21.076160,21.196879,20.934137,20.948339,60337000
2007-09-27,21.090357,21.104558,20.905728,20.941233,43407100
2007-09-28,20.941233,21.083257,20.756604,20.919930,45819100
2007-10-01,20.919930,21.154269,20.884425,21.140066,43875100
2007-10-02,21.090357,21.196874,20.998041,21.090357,33700900
2007-10-03,21.097460,21.196877,20.799214,20.912832,37633900
2007-10-04,20.990941,21.140066,20.905728,21.097458,37868000
2007-10-05,21.225277,21.296288,21.111659,21.189772,45012300
2007-10-08,21.061951,21.196873,21.019345,21.189772,30265400
2007-10-09,21.324693,21.580333,21.303390,21.374401,63603100
2007-10-10,21.331796,21.566134,21.324695,21.466717,32251500
2007-10-11,21.516423,21.750760,21.154266,21.239479,50788400
2007-10-12,21.324699,21.587440,21.267890,21.424114,31121100
2007-10-15,21.374405,21.537731,21.303393,21.331799,47150500
2007-10-16,21.473821,21.715260,21.466720,21.530630,56286200
2007-10-17,21.835975,22.176829,21.764964,22.070312,86092400
2007-10-18,22.169729,22.176831,21.750762,22.127123,49208600
2007-10-19,22.077418,22.077418,21.381508,21.424114,75200200
2007-10-22,21.388603,21.800468,21.388603,21.665546,58785100
2007-10-23,21.807572,22.098719,21.807572,21.942493,49956200
2007-10-24,21.906987,22.226538,21.658448,22.191032,77979200
2007-10-25,22.418267,22.879842,22.361458,22.716515,169588700
2007-10-26,25.571174,25.585376,24.541512,24.875263,288121200
2007-10-29,24.747440,25.059891,24.463396,24.548609,114655600
2007-10-30,24.406573,25.272912,24.392371,25.258709,107297300
2007-10-31,25.223217,26.274184,25.216114,26.139263,185635800
2007-11-01,25.940443,26.622154,25.819725,26.316805,152078800
2007-11-02,26.430423,26.629254,25.862330,26.316805,96389800
2007-11-05,26.103744,26.345182,26.011431,26.082441,75485400
2007-11-06,25.983045,26.032753,25.471763,25.855225,100966700
2007-11-07,25.592472,25.677685,25.173506,25.223213,74897800
2007-11-08,25.280028,25.493064,24.427894,24.669333,133742400
2007-11-09,24.271669,24.527311,23.895310,23.952118,125136900
2007-11-12,23.660965,23.937909,23.447932,23.703573,84865200
2007-11-13,23.895935,24.701013,23.781941,24.551397,104311500
2007-11-14,24.665399,24.758019,24.045558,24.173801,84063100
2007-11-15,24.052685,24.294922,23.903069,24.052685,64014100
2007-11-16,24.123921,24.408904,24.017051,24.287786,71113800
2007-11-19,24.195169,24.394660,24.131048,24.195169,63026200
2007-11-20,24.387528,24.914750,24.294907,24.636890,100009400
2007-11-21,24.508655,24.743766,24.351913,24.387535,89518700
2007-11-23,24.480146,24.537141,24.017045,24.302031,33467200
2007-11-26,24.287783,24.487271,23.461329,23.489828,80335000
2007-11-27,23.703575,23.938686,23.283223,23.553959,84178400
2007-11-28,23.781944,24.145298,23.439963,24.009932,88585000
2007-11-29,23.924439,24.173799,23.732074,23.931562,53633600
2007-11-30,24.166670,24.309163,23.646574,23.938683,71027800
2007-12-03,23.867437,23.967181,23.283219,23.454208,61770600
2007-12-04,23.325974,23.682205,23.247603,23.347347,54801500
2007-12-05,23.610955,24.594151,23.532583,24.330542,84894700
2007-12-06,24.408912,24.658275,24.131053,24.615526,49209700
2007-12-07,24.658271,24.722392,24.380411,24.601273,40771000
2007-12-10,24.679644,24.900508,24.558527,24.765139,36083500
2007-12-11,24.743761,24.929003,24.173793,24.294910,55070700
2007-12-12,24.658267,25.000248,24.173794,24.558523,63345400
2007-12-13,24.565643,25.256731,24.423150,25.092865,73913200
2007-12-14,24.971749,25.534593,24.943250,25.156990,71126200
2007-12-17,24.957500,25.028748,24.480153,24.501526,58121200
2007-12-18,24.679649,24.936135,24.373290,24.750896,52791800
2007-12-19,24.715265,25.035873,24.494404,24.786512,58469100
2007-12-20,25.142744,25.498975,24.993128,25.306610,59345000
2007-12-21,25.577334,25.691328,25.470464,25.691328,83240500
2007-12-24,25.741204,26.161556,25.684205,26.061811,29622600
2007-12-26,25.940694,26.104560,25.833824,26.083187,30252400
2007-12-27,25.897949,26.040442,25.605841,25.627216,33311100
2007-12-28,25.719847,25.812468,25.413488,25.734097,33447200
2007-12-31,25.577352,25.641473,25.306616,25.363611,35229700
2008-01-02,25.498967,25.620084,24.936123,25.092865,63004200
2008-01-03,25.092874,25.399232,24.836387,25.199741,49599600
2008-01-04,25.071490,25.078616,24.287784,24.494398,72090800
2008-01-07,24.615527,24.793642,24.401789,24.658276,80164300
2008-01-08,24.729519,24.729519,23.796197,23.831820,79148300
2008-01-09,23.767691,24.608395,23.760565,24.537148,74305500
2008-01-10,24.473029,24.579899,24.066927,24.458782,72446000
2008-01-11,24.323410,24.394657,24.024177,24.159544,55187900
2008-01-14,24.551398,24.629769,24.280665,24.501526,52792200
2008-01-15,24.245046,24.494409,24.223673,24.223673,61606200
2008-01-16,23.810444,23.974312,23.162105,23.675077,120778500
2008-01-17,23.895931,24.081170,23.489829,23.589573,94247800
2008-01-18,23.625202,24.223669,23.489835,23.518332,117062000
2008-01-22,22.471012,23.176347,22.442513,22.770245,108521400
2008-01-23,22.428267,22.834369,22.114785,22.748875,137597400
2008-01-24,23.048106,23.767693,22.884240,23.689322,155640400
2008-01-25,24.864889,24.936135,23.418592,23.468464,196992300
2008-01-28,23.525456,23.582451,23.097978,23.311718,81019000
2008-01-29,23.404336,23.432835,23.048106,23.226221,68023000
2008-01-30,23.197729,23.368718,22.834372,22.941242,106432600
2008-01-31,22.734624,23.325968,22.599256,23.226221,103642200
2008-02-01,22.129041,23.689331,21.551948,21.694441,291138900
2008-02-04,21.722931,21.886797,21.452197,21.509193,119998600
2008-02-05,21.309704,21.331078,20.582994,20.711237,137534100
2008-02-06,20.860850,20.910722,20.155514,20.319380,138315600
2008-02-07,20.191140,20.504623,19.877657,20.034399,164964900
2008-02-08,20.155522,20.718365,20.119898,20.347885,124872000
2008-02-11,20.319388,20.383510,19.884786,20.098524,156814100
2008-02-12,20.255261,20.390629,20.027274,20.191139,84365900
2008-02-13,20.390636,20.696993,20.326515,20.632872,88986200
2008-02-14,20.575866,20.689861,20.276633,20.305132,69113500
2008-02-15,20.169765,20.404877,20.127018,20.248137,68166100
2008-02-19,20.598598,20.627208,20.076481,20.148005,68261200
2008-02-20,20.133705,20.212381,19.969203,20.183771,93056200
2008-02-21,20.469852,20.713029,19.997800,20.097933,98776500
2008-02-22,20.198069,20.305353,19.454231,19.797541,125705400
2008-02-25,19.776084,20.198069,19.654495,19.911978,109974300
2008-02-26,19.840456,20.641514,19.790390,20.298203,108923500
2008-02-27,20.162314,20.512776,20.097943,20.212379,75199500
2008-02-28,20.040720,20.219527,19.883368,19.976349,83002900
2008-02-29,19.804686,19.904817,19.325482,19.454224,117411400
2008-03-03,19.482837,19.590121,19.218203,19.304029,76544300
2008-03-04,19.325493,19.761782,19.282578,19.733173,86925600
2008-03-05,19.847612,20.319663,19.811851,20.112247,106489800
2008-03-06,20.069332,20.148008,19.668804,19.718870,91127700
2008-03-07,19.554371,20.076488,19.540066,19.933443,77597600
2008-03-10,19.904820,20.212369,19.847602,20.062170,72175100
2008-03-11,20.312500,20.984816,20.298195,20.941902,98740700
2008-03-12,21.049187,21.092100,20.412634,20.477003,75993800
2008-03-13,20.412642,20.734494,20.140854,20.469860,84552200
2008-03-14,20.541383,20.748800,19.768935,19.997808,105214900
2008-03-17,19.525749,20.548527,19.511446,20.240978,84490100
2008-03-18,20.505625,21.084961,20.505625,21.042048,83695300
2008-03-19,21.013433,21.163632,20.469860,20.469860,61442100
2008-03-20,20.555687,20.898996,20.448403,20.870388,60170200
2008-03-24,20.977668,21.027734,20.784556,20.863232,48294700
2008-03-25,20.977670,21.006280,20.698731,20.841776,49149000
2008-03-26,20.763101,20.791710,20.298201,20.426943,45868100
2008-03-27,20.369719,20.376871,20.026409,20.062170,47894400
2008-03-28,20.190915,20.333961,19.904824,19.962042,49244000
2008-03-31,19.940588,20.448401,19.911979,20.298203,46780600
2008-04-01,20.620059,21.127872,20.477012,21.099262,65796200
2008-04-02,21.149329,21.156481,20.741648,20.856085,49499400
2008-04-03,20.741648,20.970521,20.598601,20.741648,38961400
2008-04-04,20.834627,20.927608,20.555688,20.856085,43860800
2008-04-07,21.135024,21.163634,20.763106,20.856085,44428600
2008-04-08,20.698735,20.741649,20.412644,20.562841,44733500
2008-04-09,20.541381,20.770255,20.412640,20.662970,45839300
2008-04-10,20.620057,21.027738,20.598600,20.820322,65591600
2008-04-11,20.648660,20.748792,20.176608,20.226675,54373700
2008-04-14,20.198068,20.248134,19.976347,20.069326,43418100
2008-04-15,20.112240,20.369722,20.047869,20.205219,34310000
2008-04-16,20.434097,20.777407,20.298203,20.705885,54107400
2008-04-17,20.827471,20.984821,20.670119,20.898993,48743300
2008-04-18,21.464033,21.528404,21.177942,21.456881,73658900
2008-04-21,21.592765,21.886008,21.542699,21.757267,54411700
2008-04-22,21.914622,21.957537,21.435418,21.635683,67387500
2008-04-23,21.778725,22.501105,21.671439,22.493954,98351500
2008-04-24,22.622693,22.958850,22.286536,22.744282,115416700
2008-04-25,21.492635,21.735813,21.170783,21.335285,145194900
2008-04-28,21.313821,21.342430,20.612897,20.734486,97473000
2008-04-29,20.598598,20.670121,20.348269,20.484161,84428900
2008-04-30,20.555684,20.891842,20.391182,20.398335,74733600
2008-05-01,20.384027,21.092104,20.369722,21.027733,71699400
2008-05-02,21.163628,21.185085,20.641511,20.913298,66024200
2008-05-05,21.406807,21.621376,20.734492,20.798862,119687700
2008-05-06,20.741639,21.356737,20.691573,21.242300,93582000
2008-05-07,21.235151,21.557003,20.798861,20.891840,88775000
2008-05-08,20.941904,21.020578,20.741639,20.934752,69589900
2008-05-09,20.891848,21.135026,20.705890,21.020590,51621200
2008-05-12,21.027741,21.499792,20.991980,21.449726,64278800
2008-05-13,21.535861,21.629182,21.198466,21.377932,70934700
2008-05-14,21.456892,21.722502,21.342034,21.485607,66730400
2008-05-15,21.521504,21.916329,21.492790,21.858900,53355800
2008-05-16,21.873262,21.880441,21.478438,21.528688,81538200
2008-05-19,21.442553,21.456909,21.040549,21.148228,59615000
2008-05-20,21.033355,21.040534,20.552387,20.645710,75767600
2008-05-21,20.681606,20.853893,20.236533,20.279604,60125100
2008-05-22,20.301142,20.602644,20.229355,20.437534,52203100
2008-05-23,20.286780,20.337030,20.064243,20.136028,48890700
2008-05-27,20.179104,20.459070,20.136031,20.415998,47334500
2008-05-28,20.502140,20.509319,20.128853,20.229353,52318500
2008-05-29,20.250893,20.588289,20.200643,20.322680,47699200
2008-05-30,20.372926,20.602643,20.243712,20.329855,63399200
2008-06-02,20.272429,20.358574,19.777104,19.956570,77028400
2008-06-03,20.035530,20.322675,19.576099,19.604813,86616700
2008-06-04,19.583284,19.841713,19.525855,19.769928,79567400
2008-06-05,19.899138,20.315498,19.812996,20.315498,76063400
2008-06-06,20.092957,20.222172,19.734026,19.734026,78500800
2008-06-09,19.848885,20.035529,19.597633,19.891956,66787100
2008-06-10,19.640711,20.308323,19.611996,20.021177,77433900
2008-06-11,19.992463,20.057071,19.461245,19.468424,59330800
2008-06-12,19.669428,20.494969,19.518677,20.272432,113996300
2008-06-13,20.552401,21.227193,20.459080,20.868261,131969100
2008-06-16,20.832361,20.896969,20.559573,20.767754,74718900
2008-06-17,20.846721,20.904150,20.667255,20.674433,44256700
2008-06-18,20.494965,20.717503,20.430357,20.430357,49677800
2008-06-19,20.494965,20.954398,20.337036,20.767754,62037800
2008-06-20,20.746215,20.760573,20.171926,20.265247,97480400
2008-06-23,20.315492,20.394458,19.949384,20.078598,57145300
2008-06-24,20.042711,20.107319,19.748388,19.906317,65218300
2008-06-25,19.963748,20.581110,19.927856,20.351395,64280200
2008-06-26,20.121675,20.243712,19.920673,19.920673,67049100
2008-06-27,19.870426,20.035534,19.712495,19.834532,73450200
2008-06-30,19.906319,20.085785,19.734033,19.748390,57830500
2008-07-01,19.576106,19.655070,18.980280,19.288961,100327800
2008-07-02,19.310494,19.382280,18.578274,18.578274,84669000
2008-07-03,18.642880,18.736203,18.377272,18.650059,37074500
2008-07-07,18.743384,18.944385,18.269595,18.685955,71527600
2008-07-08,18.614173,18.807996,18.312670,18.556744,65553200
2008-07-09,18.513664,18.556735,18.075767,18.111660,54255800
2008-07-10,18.090129,18.427523,17.932198,18.269594,57830600
2008-07-11,18.061418,18.405992,17.853239,18.126026,69532600
2008-07-14,18.291132,18.528026,17.996808,18.054237,51216200
2008-07-15,17.896302,19.123845,17.896302,18.772093,92719300
2008-07-16,18.757748,19.590470,18.606998,19.568933,82060400
2008-07-17,19.798633,20.035528,19.461239,19.755562,96526100
2008-07-18,18.922844,19.001808,18.025517,18.563913,150277000
2008-07-21,18.420337,18.786446,18.327015,18.405979,77575600
2008-07-22,18.334201,18.621345,18.291128,18.520844,88657200
2008-07-23,18.563921,19.267426,18.556742,18.973103,79408800
2008-07-24,18.729027,18.786456,18.262417,18.262417,81092600
2008-07-25,18.405982,18.822342,18.305481,18.779270,58682300
2008-07-28,18.707489,18.743383,18.190629,18.305487,59707800
2008-07-29,18.319846,18.800814,18.233702,18.743385,66368200
2008-07-30,18.807980,19.016160,18.592621,18.829515,51977700
2008-07-31,18.556738,18.865419,18.456236,18.463415,60461000
2008-08-01,18.606990,18.628527,17.996807,18.262417,82720200
2008-08-04,18.226516,18.341374,18.025516,18.147552,60588300
2008-08-05,18.405983,18.865416,18.305483,18.815165,84297600
2008-08-06,19.188458,19.497139,18.937206,19.396639,95550000
2008-08-07,19.310491,19.920674,19.188454,19.662243,82565800
2008-08-08,19.633525,20.265243,19.518667,20.193457,80814100
2008-08-11,19.999641,20.387286,19.856068,20.028355,68743800
2008-08-12,19.942217,20.358578,19.798644,20.186291,62813000
2008-08-13,20.150386,20.459067,19.927849,20.035528,51165200
2008-08-14,19.970920,20.301138,19.784276,20.035528,49732300
2008-08-15,20.085780,20.207816,19.798635,19.963743,47267400
2008-08-18,19.942213,20.136035,19.777104,19.877605,38078200
2008-08-19,19.848780,20.000132,19.654184,19.690220,40332900
2008-08-20,19.848770,19.877598,19.582101,19.668589,41497200
2008-08-21,19.531663,19.625357,19.358689,19.589321,43614200
2008-08-22,19.625348,20.093819,19.618141,20.064991,47930400
2008-08-25,19.899225,20.064992,19.791115,19.935261,51381300
2008-08-26,19.877601,19.978502,19.582104,19.654177,44774400
2008-08-27,19.704631,20.028958,19.553278,19.863190,33975300
2008-08-28,19.899227,20.187516,19.892019,20.137066,48372600
2008-08-29,19.949671,20.021744,19.668589,19.668589,50735500
2008-09-02,19.942475,20.007341,19.502832,19.531662,66079200
2008-09-03,19.459587,19.589318,19.344271,19.387514,57127700
2008-09-04,19.272186,19.380295,18.991104,18.991104,66141900
2008-09-05,18.760481,18.897418,18.472190,18.486605,82305200
2008-09-08,18.890210,18.976698,18.501019,18.825346,62110800
2008-09-09,18.883007,19.171297,18.774897,18.810934,85735700
2008-09-10,19.113635,19.358682,18.919039,19.055977,75064900
2008-09-11,18.810929,19.791114,18.760478,19.704628,72913300
2008-09-12,19.560482,19.992917,19.416338,19.906431,75628500
2008-09-15,19.401934,19.812747,19.264995,19.329861,82349400
2008-09-16,18.803730,19.092020,18.392917,18.731657,111729700
2008-09-17,18.544253,18.645155,17.657761,17.708212,106972100
2008-09-18,17.873984,18.270384,17.304612,18.205519,132291300
2008-09-19,19.005522,19.027143,16.937040,18.133444,134926100
2008-09-22,18.897412,18.969485,18.248760,18.306417,105207700
2008-09-23,18.493810,18.861380,18.263178,18.335251,92181300
2008-09-24,18.436161,18.803731,18.349673,18.537062,80250300
2008-09-25,18.609126,19.373094,18.551468,19.178499,96203500
2008-09-26,18.861391,19.863199,18.839768,19.747883,100744300
2008-09-29,19.416333,19.935254,18.025333,18.025333,134383100
2008-09-30,18.573093,19.236160,18.407326,19.236160,107192700
2008-10-01,19.012736,19.452378,18.940664,19.084808,88957000
2008-10-02,18.868592,19.120846,18.522644,18.919043,93819800
2008-10-03,19.005527,19.798324,18.911832,18.969490,114289400
2008-10-06,18.472194,18.731655,17.398313,17.953272,146374600
2008-10-07,18.003720,18.169487,16.677585,16.742451,145941200
2008-10-08,16.504607,17.513622,16.216317,16.583887,171598600
2008-10-09,17.131639,17.232540,15.906406,16.072172,131948700
2008-10-10,15.704603,16.108209,14.882975,15.495592,228467500
2008-10-13,16.475780,18.378494,16.310012,18.378494,144935400
2008-10-14,18.479400,18.544266,17.009121,17.369484,165674900
2008-10-15,17.138847,17.477588,16.201904,16.331635,113280200
2008-10-16,16.533437,17.434343,15.358654,17.434343,161147800
2008-10-17,16.987504,18.097422,16.800115,17.246965,133673100
2008-10-20,17.441548,17.837946,16.583885,17.816324,93484300
2008-10-21,17.513620,18.025336,16.771274,16.836140,100385600
2008-10-22,16.605509,16.619922,15.063156,15.517214,150054800
2008-10-23,15.531629,16.281184,15.055951,16.086588,154774100
2008-10-24,15.178472,16.475778,15.099193,15.827125,153919700
2008-10-27,15.618122,15.827132,15.149651,15.264967,117683900
2008-10-28,15.596489,16.728027,15.380272,16.648748,134088800
2008-10-29,16.670382,17.275792,16.360472,16.576689,111701800
2008-10-30,17.073981,17.210917,16.137037,16.310011,95323000
2008-10-31,16.237939,16.511814,15.942442,16.093794,93055200
2008-11-03,16.201902,16.511815,16.007306,16.302805,61923500
2008-11-04,16.670369,17.052354,16.482982,16.958660,72123000
2008-11-05,16.814529,16.821736,15.892000,15.913622,81179700
2008-11-06,15.762266,15.913618,15.034334,15.048747,95509700
2008-11-07,15.365861,15.524422,15.135230,15.495592,71256300
2008-11-10,15.747850,15.834336,15.272171,15.351450,67106800
2008-11-11,15.344243,15.351449,14.983881,15.279378,78014500
2008-11-12,15.055950,15.135230,14.616309,14.630722,90162300
2008-11-13,14.522610,15.315408,13.506388,15.315408,148413700
2008-11-14,14.818105,15.380271,14.162246,14.457743,96624500
2008-11-17,14.227116,14.587479,13.801888,13.924412,97289000
2008-11-18,14.149352,14.265449,13.605146,14.236425,108966500
2008-11-19,14.243682,14.475878,13.242344,13.271369,103010500
2008-11-20,13.148014,13.670451,12.698136,12.719905,139532800
2008-11-21,13.075451,14.294472,13.046426,14.279960,157231900
2008-11-24,14.432342,15.194231,14.417831,15.012829,125289900
2008-11-25,15.136178,15.186971,14.185631,14.504899,92948100
2008-11-26,14.316242,15.005570,14.316242,14.867704,79678300
2008-11-28,14.679040,14.737088,14.526663,14.671783,28650800
2008-12-01,14.425084,14.475878,13.496307,13.503563,79639900
2008-12-02,13.779294,14.011489,13.467283,13.895391,79689800
2008-12-03,13.532583,14.439593,13.496304,14.417826,80961500
2008-12-04,14.076790,14.454106,13.634170,13.866364,78719200
2008-12-05,13.721242,14.497642,13.401974,14.417826,91996200
2008-12-08,14.766118,15.419165,14.613740,15.245019,107225000
2008-12-09,14.962029,15.419161,14.845930,14.947516,80484900
2008-12-10,15.107154,15.208738,14.729837,14.954777,61499000
2008-12-11,14.591974,14.599231,14.011487,14.113073,83564300
2008-12-12,13.895388,14.403314,13.568866,14.047767,78112600
2008-12-15,14.033253,14.105814,13.706729,13.815571,59925900
2008-12-16,13.938923,14.642764,13.786546,14.591971,97688700
2008-12-17,14.374289,14.548435,14.149351,14.265449,78922700
2008-12-18,14.410572,14.526669,13.779292,14.004230,80759200
2008-12-19,14.091297,14.367027,13.866359,13.873615,113530400
2008-12-22,13.960692,13.996974,13.706729,13.917156,58575400
2008-12-23,13.989716,14.200141,13.793801,13.989716,47511400
2008-12-24,13.975205,14.113070,13.859107,13.909900,16880400
2008-12-26,13.931675,14.026003,13.851858,13.880881,23101000
2008-12-29,13.895396,13.938932,13.525336,13.757530,58512800
2008-12-30,13.793799,14.142091,13.786543,14.033250,43224100
2008-12-31,14.011488,14.279964,13.982464,14.105818,46419000
2009-01-02,14.171118,14.802396,14.055021,14.751604,50084000
2009-01-05,14.657280,14.998315,14.555694,14.889474,61475200
2009-01-06,15.056363,15.237765,14.954779,15.063620,58083400
2009-01-07,14.650022,14.722583,14.134840,14.156609,72709900
2009-01-08,14.243684,14.650025,14.185635,14.599233,70255400
2009-01-09,14.635509,14.729837,14.084047,14.163864,49815300
2009-01-12,14.301728,14.359778,14.004229,14.127583,52163500
2009-01-13,14.163867,14.504902,14.163867,14.381549,65843500
2009-01-14,14.171122,14.279963,13.793806,13.851854,80257500
2009-01-15,13.837342,14.004231,13.438258,13.960695,96169800
2009-01-16,14.243677,14.446847,13.895386,14.301725,79634100
2009-01-20,14.120326,14.236425,13.329415,13.409231,89873000
2009-01-21,13.692215,14.113068,13.394715,14.062274,68340900
2009-01-22,13.097220,13.191550,12.386125,12.415150,222436600
2009-01-23,12.313565,12.690881,12.153931,12.480455,117020600
2009-01-26,12.545760,12.923075,12.502222,12.792465,92476500
2009-01-27,12.901307,13.039172,12.647344,12.814234,61695000
2009-01-28,12.915819,13.285879,12.886795,13.089966,64145500
2009-01-29,12.901300,13.031908,12.741666,12.763434,49192800
2009-01-30,12.872283,12.908564,12.407894,12.407894,62370900
2009-02-02,12.357099,13.155267,12.335331,12.937585,88871700
2009-02-03,12.952102,13.503564,12.770700,13.423747,86865100
2009-02-04,13.452765,13.786544,13.423740,13.518068,75618000
2009-02-05,13.430998,13.888130,13.242340,13.815571,75195200
2009-02-06,13.902645,14.461363,13.830084,14.265449,86746000
2009-02-09,14.250939,14.345268,13.975208,14.105818,52196400
2009-02-10,13.967946,14.367030,13.568863,13.641422,83953200
2009-02-11,13.743003,14.142087,13.728491,13.938916,58599000
2009-02-12,13.764781,14.018744,13.452771,13.975208,75323200
2009-02-13,13.982464,14.127585,13.815574,13.851854,47416000
2009-02-17,13.508479,13.515785,13.070129,13.216246,75853300
2009-02-18,13.311222,13.479257,13.150494,13.238165,54946900
2009-02-19,13.369661,13.428107,13.011675,13.084734,49195600
2009-02-20,12.982458,13.289303,12.902093,13.150492,69413800
2009-02-23,13.165105,13.260080,12.536803,12.573332,70803400
2009-02-24,12.441824,12.675611,11.952334,12.544106,122674500
2009-02-25,12.427212,12.595246,12.025391,12.390682,105894600
2009-02-26,12.456438,12.478356,11.996171,11.996171,83219500
2009-02-27,11.901197,12.069231,11.762386,11.798915,93428000
2009-03-02,11.660098,11.871967,11.484759,11.535899,80602100
2009-03-03,11.711244,11.864666,11.426316,11.601656,80476600
2009-03-04,11.776998,11.981560,11.608963,11.776998,69285100
2009-03-05,11.587041,11.601653,11.155998,11.155998,89708500
2009-03-06,11.214451,11.411708,10.863771,11.163310,92821400
2009-03-09,11.104862,11.499377,11.031804,11.068333,66479100
2009-03-10,11.229057,12.142286,11.141387,12.040004,95184200
2009-03-11,12.149594,12.566027,12.003478,12.500275,84522200
2009-03-12,12.427217,12.449135,12.040007,12.427217,93694100
2009-03-13,12.405300,12.456440,11.820834,12.164207,82965800
2009-03-16,12.288404,12.390685,11.864666,11.871972,67028900
2009-03-17,11.923114,12.346852,11.879280,12.346852,62481000
2009-03-18,12.441824,12.580634,12.127673,12.390682,70710700
2009-03-19,12.690220,12.748667,12.361458,12.522185,58994600
2009-03-20,12.653694,12.894786,12.332237,12.463742,81725500
2009-03-23,12.690224,13.581534,12.646388,13.391582,71600000
2009-03-24,13.179715,13.303912,13.033597,13.099350,50044100
2009-03-25,13.135879,13.376971,12.799812,13.062820,73927100
2009-03-26,13.274691,13.793405,13.238163,13.756876,63775100
2009-03-27,13.545005,13.603451,13.187018,13.245464,47670400
2009-03-30,12.960540,12.975152,12.617166,12.770588,49633000
2009-03-31,13.026296,13.727657,12.989768,13.420812,92423300
2009-04-01,13.318524,14.144083,13.281996,14.107553,96438900
2009-04-02,14.246363,14.531290,13.881072,14.092941,99082300
2009-04-03,13.976052,13.990664,13.464645,13.698431,81858400
2009-04-06,13.545007,13.705734,13.347749,13.705734,47476100
2009-04-07,13.705734,13.983355,13.610758,13.705734,65815200
2009-04-08,13.859156,14.334036,13.851850,14.019885,56408900
2009-04-09,14.209838,14.392483,14.041803,14.370565,55759600
2009-04-13,14.385178,14.502071,14.151392,14.312119,44444700
2009-04-14,14.202535,14.282898,13.881078,14.136783,63796300
2009-04-15,14.034497,14.063721,13.523090,13.756876,72725500
2009-04-16,13.997969,14.450931,13.873770,14.436319,67688700
2009-04-17,14.385172,14.385172,13.881069,14.027186,61398500
2009-04-20,13.800712,13.844548,13.566925,13.596149,62937200
2009-04-21,13.581536,13.939521,13.566924,13.859157,60928300
2009-04-22,13.705734,14.019884,13.661899,13.720345,59401000
2009-04-23,13.822628,13.837240,13.493865,13.822628,86116300
2009-04-24,14.480156,15.488362,14.246370,15.276492,168478500
2009-04-27,15.013480,15.210737,14.816223,14.903893,68219600
2009-04-28,14.794295,14.808907,14.458228,14.560509,76685200
2009-04-29,14.692026,15.261879,14.655496,14.794307,79301600
2009-04-30,15.050006,15.415298,14.618962,14.801608,87439900
2009-05-01,14.750465,14.867359,14.509373,14.786994,63224500
2009-05-04,14.881972,14.903889,14.597044,14.750467,54313400
2009-05-05,14.713937,14.786995,14.348645,14.458234,66835500
2009-05-06,14.655490,14.662796,14.326729,14.458234,59639100
2009-05-07,14.582432,14.604350,13.983354,14.114860,68727200
2009-05-08,14.217141,14.348646,13.983355,14.187919,67597600
2009-05-11,14.027190,14.414398,13.888379,14.114860,63762600
2009-05-12,14.253671,14.655491,14.224447,14.531292,71966800
2009-05-13,14.553208,14.611654,14.370562,14.429008,49281700
2009-05-14,14.487459,14.779692,14.465541,14.655493,54539500
2009-05-15,14.706628,14.976944,14.597041,14.772381,61289900
2009-05-18,14.874664,15.050004,14.786994,15.050004,46073800
2009-05-19,15.079414,15.248515,14.888256,14.932369,51368300
2009-05-20,15.005896,15.211759,14.866204,14.983839,47450700
2009-05-21,14.807390,14.873560,14.344200,14.572119,58232800
2009-05-22,14.652983,14.829436,14.314780,14.520642,37318700
2009-05-26,14.366252,15.035305,14.300082,14.954430,44991700
2009-05-27,14.888264,15.145592,14.755923,14.800036,42892900
2009-05-28,14.939721,15.167640,14.741211,15.035301,45480800
2009-05-29,15.116177,15.395562,14.925018,15.358800,46134900
2009-06-01,15.439662,15.807273,15.336731,15.733750,57317100
2009-06-02,15.704342,16.160179,15.586707,15.733750,48935700
2009-06-03,15.667593,15.998444,15.652890,15.976387,56039600
2009-06-04,16.005800,16.101379,15.866108,16.049913,42330000
2009-06-05,16.145484,16.402812,16.035201,16.277824,59579200
2009-06-08,16.160195,16.410171,15.902867,16.211660,49000600
2009-06-09,16.219016,16.410174,16.086676,16.233721,50887700
2009-06-10,16.299880,16.630730,16.263119,16.579264,61297200
2009-06-11,16.608680,17.101279,16.593975,16.785133,65124600
2009-06-12,16.836598,17.189505,16.718963,17.152744,50963500
2009-06-15,17.079218,17.307138,16.924822,17.218910,69089600
2009-06-16,17.255684,17.726227,17.233628,17.240980,105295600
2009-06-17,17.277730,17.513001,17.035107,17.410070,86483100
2009-06-18,17.365954,17.417420,17.130682,17.277727,58852200
2009-06-19,17.674756,17.895322,17.461541,17.696812,115459000
2009-06-22,17.608581,17.608581,17.093925,17.115982,71291600
2009-06-23,17.189498,17.395360,17.064510,17.160089,56752700
2009-06-24,17.240975,17.461541,17.174805,17.255678,54287700
2009-06-25,17.226267,17.586526,17.057166,17.490948,57724300
2009-06-26,17.329200,17.417428,17.145395,17.167452,65126400
2009-06-29,17.351252,17.667398,17.314490,17.542410,62854900
2009-06-30,17.623282,17.821792,17.373306,17.476238,66452400
2009-07-01,17.682110,17.865916,17.615940,17.674759,54908400
2009-07-02,17.468892,17.674755,17.064519,17.182156,65422200
2009-07-06,17.064516,17.115983,16.814542,17.057165,49207700
2009-07-07,16.968939,17.013052,16.513101,16.564568,52842500
2009-07-08,16.402815,16.682200,16.174896,16.586620,73023400
2009-07-09,16.652792,16.770428,16.446931,16.498396,46981200
2009-07-10,16.314590,16.571918,16.285180,16.461634,43229200
2009-07-13,16.483694,17.123338,16.277831,17.079224,67584000
2009-07-14,17.057173,17.071877,16.807197,16.991003,45448700
2009-07-15,17.461541,17.733574,17.321848,17.733574,67238700
2009-07-16,17.593876,17.968840,17.542411,17.968840,64555100
2009-07-17,17.939434,17.976196,17.718868,17.858561,52860100
2009-07-20,17.968839,18.035009,17.755624,18.035009,47798000
2009-07-21,18.152643,18.255573,17.917372,18.255573,52028400
2009-07-22,18.159999,18.307043,18.020307,18.233521,66192500
2009-07-23,18.329102,18.909927,18.262932,18.792292,106060500
2009-07-24,17.358616,17.564477,16.770436,17.240980,215135700
2009-07-27,17.233627,17.240979,16.836605,16.991003,80950000
2009-07-28,16.902772,17.314496,16.836601,17.255678,70288400
2009-07-29,17.446831,17.579172,17.160095,17.498297,73626900
2009-07-30,17.792387,17.961488,17.432127,17.505650,67820000
2009-07-31,17.476240,17.696807,17.277730,17.292435,54258200
2009-08-03,17.513007,17.542416,17.277736,17.520359,46902900
2009-08-04,17.410068,17.490943,17.299785,17.476238,49218300
2009-08-05,17.527707,17.829148,17.490946,17.505650,53310300
2009-08-06,17.593873,17.630634,17.108626,17.248318,59686000
2009-08-07,17.461539,17.513004,17.277733,17.321846,46169700
2009-08-10,17.248318,17.314489,17.130683,17.218910,35261900
2009-08-11,17.145396,17.204213,16.946885,17.005703,33615800
2009-08-12,17.005694,17.571815,16.932173,17.299784,61972300
2009-08-13,17.373312,17.535062,17.204211,17.365961,38954500
2009-08-14,17.365962,17.498301,17.285087,17.417427,46330200
2009-08-17,17.145395,17.351258,17.079224,17.093929,42474400
2009-08-18,17.219614,17.485781,17.204827,17.434027,38878900
2009-08-19,17.190040,17.537537,17.190040,17.485783,41821300
2009-08-20,17.448816,17.648442,17.404455,17.500570,39505900
2009-08-21,17.692808,18.055093,17.574511,18.047699,69011400
2009-08-24,18.047697,18.284291,17.951581,18.217749,54180900
2009-08-25,18.188175,18.350833,18.084664,18.217749,43980300
2009-08-26,18.180780,18.299077,18.055089,18.151205,41079000
2009-08-27,18.047695,18.321257,17.966365,18.254715,45495600
2009-08-28,18.535669,18.846199,18.195565,18.247320,55808000
2009-08-31,18.165993,18.373013,17.958974,18.225142,49592800
2009-09-01,18.003339,18.291688,17.670628,17.744564,62608500
2009-09-02,17.611477,17.848071,17.581904,17.641052,40771300
2009-09-03,17.678023,17.848075,17.567120,17.825895,34120000
2009-09-04,17.811105,18.336048,17.803711,18.202965,44999700
2009-09-08,18.202956,18.365614,18.047690,18.350826,53737100
2009-09-09,18.291693,18.446959,18.239938,18.321268,49900300
2009-09-10,18.336043,18.520883,18.225140,18.483915,46256000
2009-09-11,18.432166,18.609611,18.343442,18.380411,54303500
2009-09-14,18.225140,18.550458,18.217746,18.483915,42806800
2009-09-15,18.461741,18.683549,18.380413,18.631794,44716600
2009-09-16,18.668761,18.742697,18.446955,18.631794,50055800
2009-09-17,18.528285,18.764879,18.528285,18.705730,42428800
2009-09-18,18.824026,18.838813,18.557858,18.676155,68016500
2009-09-21,18.565254,18.757487,18.557860,18.705730,28878700
2009-09-22,18.779662,19.090192,18.698334,19.053225,61376700
2009-09-23,19.164127,19.408115,18.957107,19.008862,60599900
2009-09-24,19.164126,19.304604,18.971893,19.178913,56302900
2009-09-25,18.994075,19.090191,18.868384,18.890564,50158900
2009-09-28,18.927534,19.341573,18.927534,19.097586,44358000
2009-09-29,19.156730,19.193697,18.994072,19.038433,39050300
2009-09-30,19.045826,19.215877,18.764869,19.016251,63533400
2009-10-01,18.787055,18.831416,18.336047,18.395195,75958100
2009-10-02,18.084664,18.550459,18.062484,18.454342,51219700
2009-10-05,18.469130,18.528279,18.129027,18.217749,60804900
2009-10-06,18.247329,18.639187,18.232541,18.565252,48795300
2009-10-07,18.476516,18.616995,18.395187,18.557846,38472700
2009-10-08,18.809240,19.149344,18.646581,18.979292,60521300
2009-10-09,18.905351,19.068011,18.824022,18.890564,39520000
2009-10-12,18.971890,19.141941,18.890560,19.016251,29145800
2009-10-13,18.920140,19.178915,18.868385,19.082798,37749000
2009-10-14,19.326779,19.371142,19.090186,19.193695,45365500
2009-10-15,19.149333,19.748211,19.149333,19.748211,65620100
2009-10-16,19.555982,19.689065,19.297207,19.592949,56500900
2009-10-19,19.585553,19.652095,19.408107,19.489437,48143200
2009-10-20,19.533799,19.600341,19.178908,19.496832,54604700
2009-10-21,19.563374,19.777788,19.511620,19.652098,61672700
2009-10-22,19.637311,19.755608,19.319388,19.659492,61600000
2009-10-23,21.589215,21.700118,20.613263,20.716774,281761000
2009-10-26,20.798103,21.456131,20.783317,21.204750,124149700
2009-10-27,21.241714,21.352617,21.027301,21.138205,69685800
2009-10-28,20.879432,21.271291,20.665019,20.716774,73542400
2009-10-29,20.753742,21.005123,20.591084,20.864645,65225500
2009-10-30,20.724163,20.997724,20.450601,20.502356,73371800
2009-11-02,20.480183,20.738957,20.265769,20.613266,62428900
2009-11-03,20.435811,20.509747,20.280547,20.354483,50294800
2009-11-04,20.472788,20.990337,20.421033,20.746349,63898400
2009-11-05,21.086449,21.249107,20.909004,21.049480,52681700
2009-11-06,20.982943,21.167783,20.849860,21.086454,38908500
2009-11-09,21.160385,21.441340,21.093843,21.433947,57518000
2009-11-10,21.367399,21.648355,21.300857,21.448729,65881100
2009-11-11,21.500498,21.663156,21.456137,21.530073,49693400
2009-11-12,21.448729,21.803620,21.441336,21.707504,55352400
2009-11-13,21.788838,22.025433,21.714904,21.907135,53037600
2009-11-16,21.892358,22.032834,21.714912,21.840603,54129500
2009-11-17,21.907431,22.278744,21.885152,22.278744,75648900
2009-11-18,22.278744,22.382711,22.137645,22.360434,59431200
2009-11-19,22.271317,22.278743,22.055956,22.115366,51967700
2009-11-20,22.026254,22.107943,21.855450,21.996550,42647100
2009-11-23,22.159927,22.286174,22.055960,22.234190,41832700
2009-11-24,22.241616,22.271320,22.093090,22.211910,37341400
2009-11-25,22.137650,22.174782,21.966847,22.122799,32033500
2009-11-27,21.617806,21.825740,21.350460,21.699493,29357900
2009-11-30,21.647509,21.870297,21.536115,21.840591,44172000
2009-12-01,21.922281,22.315871,21.840592,22.286167,49904200
2009-12-02,22.204480,22.271317,22.018824,22.115366,36308600
2009-12-03,22.159927,22.427272,22.100517,22.152500,43095200
2009-12-04,22.315879,22.553520,22.152502,22.263895,58810700
2009-12-07,22.115372,22.338159,22.041110,22.122799,38082700
2009-12-08,21.922281,22.085658,21.818313,21.959412,37402200
2009-12-09,21.885159,22.137652,21.721782,22.063389,44713300
2009-12-10,22.063388,22.249044,22.026257,22.182209,45940200
2009-12-11,22.256463,22.278742,22.122792,22.167349,43744200
2009-12-14,22.211908,22.397564,22.204482,22.360434,34651200
2009-12-15,22.197060,22.434700,22.189634,22.293602,49473200
2009-12-16,22.330729,22.583222,22.308451,22.353008,55737800
2009-12-17,22.241616,22.249041,21.959418,21.981697,43691200
2009-12-18,22.159924,22.612926,22.130218,22.546089,94118000
2009-12-21,22.575792,22.902547,22.553514,22.664907,40129100
2009-12-22,22.724322,22.969388,22.679765,22.887699,36321000
2009-12-23,22.806002,22.984233,22.791151,22.961954,28362700
2009-12-24,22.932252,23.021368,22.843138,23.021368,11083900
2009-12-28,23.021367,23.155040,22.939678,23.147614,25384000
2009-12-29,23.281297,23.392690,23.192181,23.311001,29716200
2009-12-30,23.132758,23.236727,22.872839,22.991659,42006200
2009-12-31,23.006515,23.013941,22.635202,22.635202,31929700
2010-01-04,22.739164,23.095623,22.716885,22.984230,38409100
2010-01-05,22.909971,23.095628,22.754019,22.991659,49749600
2010-01-06,22.932257,23.080782,22.664913,22.850569,58182400
2010-01-07,22.746596,22.798581,22.419842,22.612925,50559700
2010-01-08,22.486684,22.932258,22.456978,22.768881,51197400
2010-01-11,22.806008,22.843140,22.367860,22.479254,68754700
2010-01-12,22.390138,22.575795,22.211909,22.330729,65912100
2010-01-13,22.471826,22.664908,22.286169,22.538662,51863500
2010-01-14,22.508953,23.095628,22.471823,22.991659,63228100
2010-01-15,23.080779,23.199599,22.806007,22.917402,79913200
2010-01-19,22.835714,23.199600,22.783730,23.095633,46575700
2010-01-20,22.880269,22.976811,22.508957,22.716892,54849500
2010-01-21,22.731742,22.813430,22.278741,22.286167,73086700
2010-01-22,22.278743,22.427268,21.417298,21.506413,102004600
2010-01-25,21.714348,22.026250,21.610381,21.773758,63373000
2010-01-26,21.684642,22.167348,21.602953,21.907429,66639900
2010-01-27,21.796038,22.145071,21.550972,22.033678,63949500
2010-01-28,22.159923,22.182202,21.454429,21.654938,117513700
2010-01-29,22.204476,22.219329,20.540997,20.927162,193888500
2010-02-01,21.083124,21.149960,20.734091,21.097977,85931100
2010-02-02,21.068270,21.164811,20.897465,21.135105,54413700
2010-02-03,20.986573,21.380164,20.882606,21.261343,61397900
2010-02-04,21.075692,21.164807,20.652396,20.674675,77850000
2010-02-05,20.793495,21.001430,20.474166,20.808348,80960100
2010-02-08,20.800928,20.852911,20.474172,20.585566,52820600
2010-02-09,20.771217,21.045989,20.607840,20.800922,59195800
2010-02-10,20.815774,20.971724,20.674675,20.786068,48591300
2010-02-11,20.741511,21.090544,20.570708,20.882610,65993700
2010-02-12,20.652387,20.838043,20.481584,20.741503,81117200
2010-02-16,20.987723,21.166787,20.905653,21.151865,51935600
2010-02-17,21.286156,21.375687,21.159319,21.330921,45882900
2010-02-18,21.330919,21.659202,21.271231,21.614435,42856500
2010-02-19,21.480155,21.577147,21.405545,21.465233,44451800
2010-02-22,21.517454,21.592064,21.375695,21.435383,36707100
2010-02-23,21.398078,21.509993,20.957881,21.136944,52266200
2010-02-24,21.278698,21.480144,21.174243,21.360767,43165900
2010-02-25,21.092180,21.375697,20.905656,21.338392,48735300
2010-02-26,21.375695,21.524915,21.271242,21.390617,40370600
2010-03-01,21.465228,21.674134,21.286165,21.651752,43805400
2010-03-02,21.696517,21.860658,21.069795,21.233936,93123900
2010-03-03,21.271242,21.345852,21.151867,21.233936,48442100
2010-03-04,21.233931,21.375690,21.092173,21.360767,42890600
2010-03-05,21.383148,21.398070,21.204085,21.330921,56001800
2010-03-08,21.278698,21.584597,21.263775,21.360767,39414500
2010-03-09,21.308549,21.718903,21.301087,21.487612,50271600
2010-03-10,21.532365,21.718890,21.487599,21.614435,44891400
2010-03-11,21.554755,21.778585,21.524912,21.771124,35349700
2010-03-12,21.875576,21.920342,21.666670,21.838272,31700200
2010-03-15,21.771128,21.912887,21.644291,21.853199,37512000
2010-03-16,21.950190,22.002417,21.786049,21.912886,36723500
2010-03-17,22.009877,22.285933,21.935267,22.106869,50385700
2010-03-18,22.106868,22.174017,22.009876,22.091948,43845200
2010-03-19,22.203859,22.308312,21.897959,22.077023,81332100
2010-03-22,22.009880,22.159100,21.927809,22.084490,37718200
2010-03-23,22.077023,22.308313,21.942725,22.293390,42026600
2010-03-24,22.174015,22.271008,22.084484,22.121788,33987700
2010-03-25,22.256085,22.808197,22.233702,22.390383,73168700
2010-03-26,22.450072,22.532143,22.077023,22.129250,55595500
2010-03-29,22.166553,22.248625,22.047178,22.077023,33336000
2010-03-30,22.106870,22.278474,22.009878,22.211325,34954800
2010-03-31,22.114332,22.174020,21.763667,21.853199,63760000
2010-04-01,21.897964,22.039722,21.353313,21.756205,74768100
2010-04-05,21.733817,21.957648,21.659209,21.838272,34331200
2010-04-06,21.748741,22.069563,21.621905,21.875578,47366800
2010-04-07,21.756206,22.054644,21.741283,21.897964,58318800
2010-04-08,21.875578,22.368002,21.860655,22.323236,63713800
2010-04-09,22.345625,22.688829,22.308319,22.636602,54752500
2010-04-12,22.569449,22.748512,22.539604,22.621675,37068800
2010-04-13,22.494838,22.755972,22.479916,22.718668,41374600
2010-04-14,22.972344,23.129024,22.875351,22.994726,68941200
2010-04-15,22.994719,23.091712,22.912648,23.032024,52745400
2010-04-16,22.972345,23.114102,22.830586,22.882812,88703100
2010-04-19,22.957415,23.315541,22.949953,23.158861,64970300
2010-04-20,23.293168,23.457311,23.226020,23.397623,52199500
2010-04-21,23.375229,23.502065,23.300619,23.375229,55343100
2010-04-22,23.158873,23.524460,23.054418,23.420006,84847600
2010-04-23,23.218551,23.561756,22.867885,23.099174,126766600
2010-04-26,23.129015,23.337923,23.024562,23.211086,63649300
2010-04-27,23.091723,23.315552,22.942503,23.017113,68730900
2010-04-28,23.069341,23.129029,22.845513,23.061880,64557900
2010-04-29,23.076794,23.449843,22.882809,23.129021,52665200
2010-04-30,23.181241,23.188702,22.770888,22.785810,63214800
2010-05-03,22.882812,23.173789,22.815663,23.024570,43989500
2010-05-04,22.770895,22.793277,22.196399,22.479916,82085600
2010-05-05,22.211322,22.450073,22.151634,22.271009,66833800
2010-05-06,22.077032,22.293400,20.823588,21.621912,128613000
2010-05-07,21.584602,21.599524,20.383385,21.047411,173718100
2010-05-10,21.644287,21.994952,21.420457,21.592060,86653300
2010-05-11,21.398070,22.121784,21.315999,21.547289,63789400
2010-05-12,21.621907,22.069566,21.577142,21.965113,47146800
2010-05-13,21.830815,22.181481,21.771128,21.815893,45188800
2010-05-14,21.786053,21.793513,21.368237,21.584606,63334000
2010-05-17,21.726358,21.808428,21.226473,21.592060,46053300
2010-05-18,21.637033,21.734463,21.284784,21.434677,52690600
2010-05-19,21.374712,21.502121,20.827604,21.164862,61746700
2010-05-20,20.722680,20.865079,20.265508,20.317970,87991100
2010-05-21,19.958230,20.317973,19.815832,20.115618,117596300
2010-05-24,20.123116,20.130611,19.680932,19.688427,73711700
2010-05-25,19.223753,19.733389,19.021398,19.538528,98373600
2010-05-26,19.658442,19.943240,18.406837,18.744097,176684100
2010-05-27,19.283707,19.755870,19.283707,19.486063,136433600
2010-05-28,19.366155,19.576006,19.231251,19.336176,67496900
2010-06-01,19.133821,19.718402,19.126326,19.403627,76152400
2010-06-02,19.531037,19.845812,19.283713,19.830822,65718800
2010-06-03,19.898278,20.183076,19.793354,20.130613,67837000
2010-06-04,19.561012,19.913259,19.201269,19.328678,89832200
2010-06-07,19.351170,19.358665,18.916481,18.953955,80456200
2010-06-08,18.923972,18.931467,18.474294,18.819048,87355000
2010-06-09,18.901479,19.126319,18.549231,18.579210,87794000
2010-06-10,18.834042,18.849032,18.571731,18.736612,78930900
2010-06-11,18.766584,19.276218,18.564228,19.231251,68057700
2010-06-14,19.381136,19.456081,19.088844,19.111328,50972400
2010-06-15,19.298698,19.973216,19.291204,19.920753,81641500
2010-06-16,19.838314,19.920756,19.658443,19.725895,48698000
2010-06-17,19.905766,19.988207,19.516046,19.763369,47995500
2010-06-18,19.763368,19.883282,19.613475,19.815830,52075600
2010-06-21,20.070652,20.153092,19.403628,19.448597,54625300
2010-06-22,19.605985,19.823330,19.306199,19.313694,55985400
2010-06-23,19.321182,19.321182,18.901481,18.968933,61466200
2010-06-24,19.081365,19.276226,18.684150,18.736612,85243400
2010-06-25,18.774074,18.819043,18.219471,18.384354,156256700
2010-06-28,18.369372,18.444319,18.077081,18.219479,73784800
2010-06-29,18.084569,18.137033,17.320117,17.470009,119882100
2010-06-30,17.462509,17.747306,17.200197,17.245165,81050500
2010-07-01,17.305127,17.477504,17.035320,17.357590,92239400
2010-07-02,17.507487,17.597422,17.275152,17.440035,62485100
2010-07-06,17.762305,18.054595,17.672368,17.852240,73592000
2010-07-07,17.852231,18.226963,17.694844,18.211973,79965300
2010-07-08,18.436817,18.451807,17.964654,18.294418,50758100
2010-07-09,18.234461,18.294418,18.099557,18.189493,53806100
2010-07-12,18.309403,18.654156,18.301908,18.609188,49854200
2010-07-13,18.841529,18.961443,18.661658,18.834034,61928700
2010-07-14,19.111334,19.193775,18.826538,19.066366,72808100
2010-07-15,19.111343,19.178794,18.721621,19.118837,56934700
2010-07-16,19.118826,19.216256,18.646663,18.654158,65064800
2010-07-19,18.706629,18.961447,18.669157,18.908985,38181800
2010-07-20,18.631679,19.096346,18.511765,19.096346,45530700
2010-07-21,19.186282,19.223755,18.721614,18.826540,73297300
2010-07-22,19.118831,19.478573,19.088851,19.366154,73016400
2010-07-23,19.366160,19.501064,18.923976,19.343676,108520100
2010-07-26,19.381139,19.635957,19.336170,19.561010,67249900
2010-07-27,19.590988,19.665935,19.456085,19.605978,60672100
2010-07-28,19.538532,19.628468,19.358661,19.448597,69704800
2010-07-29,19.583494,19.793344,19.186279,19.508549,69446200
2010-07-30,19.298708,19.366160,18.998923,19.343676,83534800
2010-08-02,19.478571,19.770862,19.298700,19.733389,55044600
2010-08-03,19.635957,19.748377,19.463579,19.605978,56877700
2010-08-04,19.598482,19.665933,19.066363,19.283707,78531900
2010-08-05,19.103839,19.171291,18.893989,19.013905,64922100
2010-08-06,18.871514,19.156310,18.751600,19.148815,55982100
2010-08-09,19.148812,19.283716,19.013910,19.193781,57096500
2010-08-10,18.983925,18.991420,18.646666,18.789064,87257700
2010-08-11,18.496783,18.661665,18.406847,18.631687,76746900
2010-08-12,18.301915,18.496776,18.256948,18.354378,70240500
2010-08-13,18.249457,18.489286,18.167016,18.286930,45263500
2010-08-16,18.256940,18.444306,18.211971,18.361864,40909700
2010-08-17,18.618048,18.806413,18.535168,18.618048,52912600
2010-08-18,18.595436,18.798871,18.392001,18.700920,46818900
2010-08-19,18.550241,18.640656,18.241320,18.414618,54064600
2010-08-20,18.316661,18.384472,18.233781,18.256384,49560100
2010-08-23,18.414612,18.565303,18.263919,18.294058,51643000
2010-08-24,18.150906,18.346806,18.083094,18.113234,66522500
2010-08-25,18.083089,18.248850,17.985140,18.158436,47404800
2010-08-26,18.150903,18.226249,17.924865,17.947468,49105300
2010-08-27,17.992678,18.098163,17.713897,18.030352,60939400
2010-08-30,17.887188,17.947465,17.781704,17.811842,45453100
2010-08-31,17.781705,17.879654,17.570735,17.683754,66074600
2010-09-01,17.834450,18.045420,17.736500,18.007746,65235900
2010-09-02,17.992673,18.045417,17.864584,18.037882,48837100
2010-09-03,18.263924,18.422151,18.233786,18.301598,64189100
2010-09-07,18.158437,18.309129,18.022814,18.052952,51928700
2010-09-08,18.135836,18.233787,17.887193,18.030352,65512400
2010-09-09,18.226247,18.241315,18.075554,18.090624,46028900
2010-09-10,18.068015,18.105689,17.924859,17.970066,58284300
2010-09-13,18.233785,19.055059,18.150904,18.919436,114680400
2010-09-14,18.866696,19.100269,18.753676,18.859161,87160400
2010-09-15,18.911896,19.002311,18.776273,18.926966,56201900
2010-09-16,18.881757,19.115331,18.874222,19.085192,44548300
2010-09-17,19.137937,19.235888,18.896829,19.002314,70341600
2010-09-20,19.047521,19.228351,18.919432,19.160540,49838700
2010-09-21,19.153013,19.153013,18.896835,18.949577,52675700
2010-09-22,18.753670,18.813947,18.354336,18.542702,94299400
2010-09-23,18.467359,18.527635,18.354339,18.407082,46201800
2010-09-24,18.565312,18.685866,18.520104,18.670797,51948800
2010-09-27,18.723532,18.829016,18.527632,18.633116,43603300
2010-09-28,18.685862,18.761209,18.346805,18.595448,56041200
2010-09-29,18.557763,18.580368,18.384468,18.459814,44318900
2010-09-30,18.542702,18.708463,18.354336,18.452286,61262700
2010-10-01,18.663257,18.700929,18.309129,18.369406,62672300
2010-10-04,18.052950,18.075555,17.917328,18.015278,98143400
2010-10-05,18.128303,18.422154,18.015284,18.346807,78152900
2010-10-06,18.324200,18.489963,18.181042,18.407082,50489700
2010-10-07,18.550232,18.648181,18.294055,18.482420,50096100
2010-10-08,18.550238,18.572841,18.361872,18.512564,41327800
2010-10-11,18.640651,18.640651,18.459820,18.527632,27587800
2010-10-12,18.572836,18.783806,18.407075,18.708460,50141500
2010-10-13,18.851620,19.243421,18.753669,19.092728,75336500
2010-10-14,19.055051,19.092723,18.836546,19.009842,51949100
2010-10-15,19.107798,19.250955,19.009847,19.243422,68954800
2010-10-18,19.281088,19.552335,19.175604,19.454384,48330500
2010-10-19,19.039986,19.115333,18.798879,18.911898,66150900
2010-10-20,19.032449,19.137933,18.911895,19.070122,56283600
2010-10-21,19.137936,19.243422,18.874224,19.153006,50032400
2010-10-22,19.228355,19.243425,19.039990,19.122869,25837900
2010-10-25,19.017384,19.100265,18.964642,18.979712,50912400
2010-10-26,18.926966,19.567408,18.881757,19.514666,69304200
2010-10-27,19.431787,19.672894,19.303698,19.627686,64805500
2010-10-28,19.748244,19.876332,19.529740,19.800987,80730300
2010-10-29,20.456493,20.494167,19.951673,20.094831,114193200
2010-11-01,20.253058,20.509235,20.117436,20.305801,61912100
2010-11-02,20.388685,20.659932,20.358547,20.637327,54402100
2010-11-03,20.690067,20.712671,20.313336,20.366079,110255300
2010-11-04,20.652396,20.667466,20.351012,20.448961,93599300
2010-11-05,20.471559,20.486629,19.989344,20.230452,110953700
2010-11-08,20.102372,21.752454,20.027025,20.200321,71670800
2010-11-09,20.200316,20.426355,20.124969,20.305801,58538600
2010-11-10,20.351002,20.403744,20.200309,20.298260,52277300
2010-11-11,20.102369,20.132507,19.800985,20.102369,62073100
2010-11-12,19.944141,19.981815,19.665361,19.793449,64962200
2010-11-15,19.838651,19.966740,19.718097,19.740702,51794600
2010-11-16,19.740707,19.740707,19.445051,19.566345,65339200
2010-11-17,19.634579,19.642160,19.369247,19.384409,58299700
2010-11-18,19.490540,19.771034,19.414731,19.589092,59514000
2010-11-19,19.558769,19.581512,19.407152,19.475380,52423200
2010-11-22,19.445044,19.513273,19.285846,19.505692,53350500
2010-11-23,19.384403,19.407146,19.020519,19.043262,69742500
2010-11-24,19.103912,19.301015,19.073588,19.232788,56825900
2010-11-26,19.111493,19.263112,19.081170,19.141817,21356500
2010-11-29,19.096328,19.270688,18.899224,19.187298,56603600
2010-11-30,18.990195,19.308594,18.952291,19.149395,75282100
2010-12-01,19.384400,19.899902,19.376819,19.740704,74123500
2010-12-02,19.892329,20.453316,19.862006,20.385088,91759200
2010-12-03,20.324439,20.513962,20.301697,20.483639,52622000
2010-12-06,20.415410,20.453314,20.286534,20.347181,36264200
2010-12-07,20.529113,20.567017,20.354753,20.369915,57860500
2010-12-08,20.339601,20.650419,20.316858,20.642838,41666800
2010-12-09,20.680738,20.726223,20.476053,20.529119,47148300
2010-12-10,20.612510,20.771708,20.551862,20.726223,37625800
2010-12-13,20.673167,20.809624,20.597357,20.658005,47943900
2010-12-14,20.703482,21.037043,20.665578,20.938492,64070500
2010-12-15,20.870259,21.218981,20.870259,21.112848,69634200
2010-12-16,21.044624,21.218985,20.968814,21.218985,57680200
2010-12-17,21.165917,21.294793,21.037041,21.150755,87456500
2010-12-20,21.188659,21.218982,20.983974,21.082525,52811000
2010-12-21,21.112859,21.332704,21.044630,21.279638,38153000
2010-12-22,21.234149,21.529804,21.211405,21.370605,42252300
2010-12-23,21.203819,21.469151,21.196238,21.453989,24902500
2010-12-27,21.317544,21.378191,21.135600,21.279638,21652800
2010-12-28,21.203818,21.355437,21.196237,21.234142,23042200
2010-12-29,21.181083,21.317540,21.135597,21.203825,19502500
2010-12-30,21.165914,21.226562,21.059782,21.112848,20786100
2010-12-31,21.074950,21.165922,20.946074,21.158340,24752000
2011-01-03,21.264471,21.363024,21.165920,21.211405,53443800
2011-01-04,21.181081,21.355441,21.112852,21.294794,54405600
2011-01-05,21.150753,21.234144,21.052202,21.226562,58998700
2011-01-06,21.256900,21.870955,21.120444,21.848211,88026300
2011-01-07,21.711740,21.787550,21.416085,21.681417,73762000
2011-01-10,21.423673,21.529805,21.256893,21.393349,57573600
2011-01-11,21.378190,21.416094,21.264475,21.309961,50298900
2011-01-12,21.317538,21.673841,21.279633,21.643517,52631100
2011-01-13,21.476738,21.522223,21.234149,21.370605,67077600
2011-01-14,21.287209,21.514636,21.158334,21.453989,62688400
2011-01-18,21.347853,21.787545,21.332690,21.726898,53322700
2011-01-19,21.575280,21.742061,21.431244,21.582861,50005900
2011-01-20,21.605617,21.643521,21.325122,21.491903,58613600
2011-01-21,21.529802,21.552545,21.241728,21.241728,58080300
2011-01-24,21.241731,21.651099,21.218987,21.514643,52047800
2011-01-25,21.332703,21.567713,21.317543,21.567713,42436600
2011-01-26,21.613199,21.977083,21.605618,21.817884,74628800
2011-01-27,21.795131,22.333375,21.598027,21.886103,146938600
2011-01-28,21.908852,21.931595,20.809619,21.037046,141249400
2011-01-31,21.052213,21.150764,20.786881,21.021889,65029000
2011-02-01,21.074947,21.272051,20.930910,21.218985,62810700
2011-02-02,21.173497,21.309954,21.135591,21.181078,45824000
2011-02-03,21.203828,21.203828,20.877850,20.961239,60340100
2011-02-04,20.999140,21.105272,20.855102,21.052206,40412200
2011-02-07,21.074951,21.484321,21.067372,21.378189,68980900
2011-02-08,21.302369,21.484311,21.264463,21.438826,34904200
2011-02-09,21.370606,21.423672,21.158340,21.203825,52905100
2011-02-10,21.173506,21.181087,20.688328,20.847527,76672400
2011-02-11,21.044632,21.082536,20.521548,20.658005,83939700
2011-02-14,20.627675,20.673162,20.430573,20.642838,56766200
2011-02-15,20.619958,20.841103,20.551326,20.558950,44116500
2011-02-16,20.627580,20.642832,20.284423,20.604704,70817900
2011-02-17,20.566571,20.871601,20.520817,20.749588,57207300
2011-02-18,20.688594,20.749599,20.581834,20.635214,68667800
2011-02-22,20.421691,20.665714,20.223422,20.276802,60889000
2011-02-23,20.231048,20.482697,20.154791,20.276802,60234100
2011-02-24,20.314931,20.635212,20.208171,20.414066,64494200
2011-02-25,20.520824,20.551328,20.208170,20.246298,53006300
2011-02-28,20.353052,20.482690,20.215789,20.269169,51379900
2011-03-01,20.284425,20.421688,19.941267,19.948893,60055000
2011-03-02,19.910771,20.109040,19.857392,19.887894,48658200
2011-03-03,20.025151,20.131910,19.964145,19.979397,68271500
2011-03-04,19.994643,20.009895,19.674363,19.788750,70437200
2011-03-07,19.926014,20.032775,19.483722,19.613359,64980400
2011-03-08,19.651495,19.842138,19.559986,19.758255,50549800
2011-03-09,19.682000,19.811637,19.567614,19.743006,39789100
2011-03-10,19.537106,19.605736,19.331211,19.376965,66549500
2011-03-11,19.376970,19.712502,19.338842,19.582865,49905800
2011-03-14,19.437973,19.643868,19.331214,19.590488,54473400
2011-03-15,19.125314,19.422717,19.064309,19.361712,76067300
2011-03-16,19.232074,19.277829,18.820286,18.904169,100725400
2011-03-17,19.110074,19.232086,18.873677,18.896555,62497000
2011-03-18,19.110066,19.201575,18.911797,18.911797,85486700
2011-03-21,19.201569,19.506597,19.178691,19.315954,46878100
2011-03-22,19.293085,19.415097,19.239705,19.293085,30895600
2011-03-23,19.239702,19.529481,19.201574,19.476101,43969000
2011-03-24,19.521852,19.727747,19.445595,19.681992,38696700
2011-03-25,19.773505,19.788756,19.514230,19.537107,57029800
2011-03-28,19.567608,19.613362,19.354087,19.376965,48973200
2011-03-29,19.323580,19.460843,19.293076,19.437965,40763500
2011-03-30,19.521856,19.613364,19.445598,19.529482,41999300
2011-03-31,19.521852,19.582858,19.323583,19.361712,63233700
2011-04-01,19.468473,19.468473,19.300706,19.430344,63114200
2011-04-04,19.407470,19.567610,19.376967,19.483727,35433700
2011-04-05,19.689619,19.964145,19.628613,19.659117,73651100
2011-04-06,19.811633,20.063282,19.720126,19.941271,65581400
2011-04-07,19.971771,20.025151,19.804004,19.979397,46134700
2011-04-08,19.956516,20.040399,19.796375,19.880259,39887600
2011-04-11,19.971773,20.017527,19.674369,19.811632,34286300
2011-04-12,19.697242,19.712494,19.483721,19.552353,36920400
2011-04-13,19.559981,19.727748,19.491349,19.544729,38144700
2011-04-14,19.384592,19.399844,19.132943,19.384592,55239900
2011-04-15,19.415096,19.491354,19.201577,19.346466,65080400
2011-04-18,19.140565,19.277828,18.850786,19.125313,58045100
2011-04-19,19.064316,19.193953,18.965182,19.178701,38892400
2011-04-20,19.476102,19.826885,19.453224,19.643867,61608600
2011-04-21,19.666747,19.743003,19.338840,19.460852,46892300
2011-04-25,19.491352,19.537108,19.323587,19.529482,33525100
2011-04-26,19.628611,20.162412,19.575231,19.971769,69200000
2011-04-27,20.055655,20.124287,19.926018,20.116661,52689000
2011-04-28,20.177664,20.490320,20.131910,20.368307,80200000
2011-04-29,20.246299,20.314930,19.338838,19.765879,319317900
2011-05-02,19.781134,19.826888,19.430350,19.567614,89825600
2011-05-03,19.521852,19.712495,19.437969,19.681992,71892900
2011-05-04,19.712495,20.017524,19.666741,19.872635,73292300
2011-05-05,19.865016,19.887893,19.582865,19.666748,55600000
2011-05-06,19.880264,19.994650,19.636241,19.727751,55993000
2011-05-09,19.674373,19.796384,19.575239,19.697250,38696400
2011-05-10,19.354092,19.712502,19.254959,19.575239,120798700
2011-05-11,19.559982,19.567608,19.224450,19.338837,78600000
2011-05-12,19.331212,19.361714,19.140569,19.308334,77400000
2011-05-13,19.277826,19.308328,19.026177,19.087183,66812300
2011-05-16,19.033807,19.117691,18.683025,18.736404,91350900
2011-05-17,18.728720,18.958992,18.628937,18.820829,82882100
2011-05-18,18.828515,18.989704,18.613595,18.951326,53931100
2011-05-19,19.074137,19.097163,18.805487,18.974352,37783600
2011-05-20,18.974345,19.089482,18.759426,18.797804,45451500
2011-05-23,18.582887,18.613591,18.444726,18.552185,52692500
2011-05-24,18.575216,18.644298,18.452405,18.536837,47691800
2011-05-25,18.552187,18.659647,18.544512,18.567539,34904200
2011-05-26,18.690350,19.212298,18.667322,18.935972,78016600
2011-05-27,18.943647,19.112512,18.920619,19.005053,50251000
2011-05-31,19.158564,19.235321,18.958997,19.196943,60196300
2011-06-01,19.181604,19.266037,18.705710,18.751764,74033500
2011-06-02,18.797813,18.920624,18.559866,18.590569,51487800
2011-06-03,18.460075,18.529156,18.298886,18.352615,60697700
2011-06-06,18.337269,18.613595,18.245162,18.429379,54778700
2011-06-07,18.490782,18.552188,18.344943,18.467754,41112600
2011-06-08,18.344945,18.437054,18.314243,18.375648,42205000
2011-06-09,18.429378,18.452406,18.283539,18.390999,42878700
2011-06-10,18.437056,18.437056,18.183758,18.199108,49327200
2011-06-13,18.260513,18.567541,18.191432,18.452406,47572500
2011-06-14,18.651974,18.767111,18.567542,18.590569,42894500
2011-06-15,18.421696,18.429372,18.168398,18.222128,49410200
2011-06-16,18.229814,18.498465,18.153057,18.421707,57184100
2011-06-17,18.590566,18.651971,18.406349,18.621269,83320400
2011-06-20,18.552187,18.928296,18.544511,18.782457,54338400
2011-06-21,18.820836,19.081810,18.728727,19.005053,49708700
2011-06-22,18.882242,19.043431,18.874566,18.920620,44287300
2011-06-23,18.759428,18.920618,18.575212,18.905266,59470400
2011-06-24,18.813162,18.836190,18.567540,18.651972,101387200
2011-06-27,18.598246,19.542358,18.598246,19.342791,92044200
2011-06-28,19.419540,19.895435,19.312081,19.803326,81032100
2011-06-29,19.734247,19.734247,19.465598,19.665167,66051000
2011-06-30,19.757266,19.956835,19.695861,19.956835,52535400
2011-07-01,19.903113,20.087330,19.834032,19.972195,52906200
2011-07-05,20.033596,20.071974,19.880081,19.979866,37805300
2011-07-06,19.933814,20.240844,19.926138,20.210140,48744200
2011-07-07,20.332952,20.632304,20.233169,20.547873,51946500
2011-07-08,20.371331,20.709062,20.348304,20.663008,58320700
2011-07-11,20.432736,20.570898,20.332951,20.440411,43999800
2011-07-12,20.379005,20.563223,20.217816,20.371330,47319300
2011-07-13,20.417384,20.693709,20.348303,20.440411,40861800
2011-07-14,20.432729,20.732081,20.233161,20.317593,46382300
2011-07-15,20.317600,20.670683,20.317600,20.555548,49132400
2011-07-18,20.440416,20.647660,20.156415,20.409714,44501900
2011-07-19,20.578573,21.215657,20.555547,21.138901,86730600
2011-07-20,20.939336,20.993066,20.709064,20.770470,49795400
2011-07-21,20.755117,20.962360,20.455763,20.801170,81737400
2011-07-22,20.616955,21.146578,20.478792,21.131227,76380600
2011-07-25,20.923986,21.561070,20.870256,21.422907,108482400
2011-07-26,21.353818,21.607116,21.323116,21.553387,74636500
2011-07-27,21.399878,21.484311,20.877931,20.977715,71488700
2011-07-28,20.947009,21.545713,20.885602,21.277063,83761400
2011-07-29,21.123552,21.269389,20.923983,21.031443,104394800
2011-08-01,21.115878,21.254041,20.532524,20.931662,61838400
2011-08-02,20.709061,21.069820,20.540196,20.570898,63883100
2011-08-03,20.593926,20.724413,20.325276,20.663008,64581200
2011-08-04,20.363660,20.624635,19.903117,19.910793,92949500
2011-08-05,19.933818,20.033603,19.365816,19.711224,112071700
2011-08-08,19.204621,19.649812,18.721051,18.790133,134257200
2011-08-09,18.966673,19.665164,18.444726,19.634460,126268900
2011-08-10,19.150896,19.258356,18.498461,18.575218,127819900
2011-08-11,18.805491,19.480953,18.728734,19.335115,90690100
2011-08-12,19.289061,19.450252,18.920627,19.266035,64787100
2011-08-15,19.373488,19.634462,19.304406,19.580732,56529400
2011-08-16,19.480319,19.766114,19.349009,19.580734,54251500
2011-08-17,19.503490,19.851078,19.256318,19.503490,50923700
2011-08-18,18.978245,19.379901,18.561141,19.055487,105714200
2011-08-19,18.854660,19.016868,18.468452,18.576590,77397900
2011-08-22,18.862389,18.916458,18.375768,18.522526,54721000
2011-08-23,18.561147,19.117285,18.561147,19.094112,59670600
2011-08-24,19.040041,19.256318,18.862386,19.233145,45329700
2011-08-25,19.372181,19.433974,18.924180,18.978249,48192000
2011-08-26,18.931903,19.573008,18.862386,19.503490,71957000
2011-08-29,19.719772,19.974670,19.596186,19.959221,38863200
2011-08-30,19.874254,20.414946,19.851082,20.260462,57341400
2011-08-31,20.306807,20.631220,20.283634,20.546255,59300800
2011-09-01,20.438118,20.747086,20.245014,20.245014,60510800
2011-09-02,19.912873,20.082804,19.820182,19.928320,43894400
2011-09-06,19.464865,19.766106,19.395347,19.704313,54929300
2011-09-07,19.843350,20.082798,19.750659,20.082798,41961000
2011-09-08,20.082808,20.592602,20.044188,20.252739,65811900
2011-09-09,20.082805,20.221840,19.696598,19.881977,64529200
2011-09-12,19.650249,20.028732,19.518938,19.997835,55046100
2011-09-13,20.021008,20.229561,19.936042,20.113699,48792300
2011-09-14,20.214112,20.700733,19.997836,20.469009,66739200
2011-09-15,20.646666,20.878391,20.322251,20.847494,67808300
2011-09-16,20.893838,21.063770,20.723907,20.947908,89681500
2011-09-19,20.700726,21.094658,20.546244,21.017416,52324900
2011-09-20,21.094666,21.241426,20.801149,20.839769,49211900
2011-09-21,20.893835,20.901559,20.059626,20.075075,72750700
2011-09-22,19.542111,19.812457,19.001421,19.356731,96278300
2011-09-23,19.233145,19.426249,19.070939,19.356731,64768100
2011-09-26,19.457144,19.712041,19.101832,19.650248,51057600
2011-09-27,19.820187,20.021015,19.657980,19.827911,55620700
2011-09-28,20.028734,20.368597,19.704320,19.758389,60736200
2011-09-29,20.067359,20.214119,19.379910,19.657980,63407300
2011-09-30,19.464870,19.696594,19.217696,19.225420,54060500
2011-10-03,19.094111,19.573010,18.939629,18.947353,64592500
2011-10-04,18.769691,19.611624,18.738795,19.573004,83485400
2011-10-05,19.634800,20.206388,19.433972,19.997835,94061300
2011-10-06,20.005558,20.391765,19.851075,20.345421,55111400
2011-10-07,20.345429,20.476740,20.237291,20.275911,52741600
2011-10-10,20.530802,20.832044,20.445836,20.808872,41815300
2011-10-11,20.747085,20.909292,20.638946,20.855223,38826200
2011-10-12,20.994250,21.094664,20.777973,20.824318,52489800
2011-10-13,20.669839,21.009702,20.561701,20.994253,43823500
2011-10-14,21.094664,21.241424,20.870665,21.063768,50947700
2011-10-17,20.940184,21.179633,20.739356,20.839769,39453300
2011-10-18,20.808876,21.164187,20.700737,21.094669,52487900
2011-10-19,21.141018,21.218258,20.862948,20.955637,42880000
2011-10-20,21.056043,21.117836,20.391765,20.886112,76300200
2011-10-21,20.971070,21.001967,20.700724,20.978794,76620600
2011-10-24,20.901565,21.164186,20.886118,21.001980,56897800
2011-10-25,20.917014,21.032876,20.638944,20.708462,53554600
2011-10-26,20.878392,20.901563,20.160045,20.538528,63029900
2011-10-27,20.955634,21.164187,20.584875,21.048325,74512400
2011-10-28,20.963356,21.001977,20.693011,20.839769,57712100
2011-10-31,20.669840,20.855220,20.561703,20.569426,46799000
2011-11-01,20.229559,20.329972,19.974662,20.075075,61182600
2011-11-02,20.160042,20.237284,19.851076,20.090525,53533100
2011-11-03,20.268188,20.538534,20.067360,20.492189,65836100
2011-11-04,20.376325,20.391773,20.082807,20.275911,36549200
2011-11-07,20.245012,20.716186,20.183219,20.700737,42589700
2011-11-08,20.862932,21.009691,20.615760,20.978794,47822500
2011-11-09,20.538531,20.662117,20.129150,20.237289,62950900
2011-11-10,20.445836,20.469009,20.175492,20.299078,32514400
2011-11-11,20.530799,20.917007,20.523075,20.785696,37903000
2011-11-14,20.762533,20.855223,20.584877,20.669844,34199200
2011-11-15,20.669837,20.965566,20.545320,20.809919,43874200
2011-11-16,20.599798,20.630928,20.265160,20.288506,53262800
2011-11-17,20.241810,20.265157,19.798218,19.876041,70977500
2011-11-18,19.829350,19.844915,19.572534,19.689268,47626200
2011-11-21,19.642577,19.650359,19.377978,19.455801,61882500
2011-11-22,19.370184,19.424660,19.183409,19.292362,49204500
2011-11-23,19.152283,19.292365,19.043329,19.043329,49099700
2011-11-25,18.973292,19.198980,18.911034,18.911034,26164600
2011-11-28,19.409102,19.432448,19.214544,19.354626,46766700
2011-11-29,19.315715,19.486927,19.261239,19.331280,40917100
2011-11-30,19.743753,19.914963,19.564758,19.907181,81350900
2011-12-01,19.891606,19.946082,19.611444,19.673702,48545400
2011-12-02,19.914957,19.938304,19.580317,19.627010,52293800
2011-12-05,20.062821,20.078385,19.844916,20.000563,56818400
2011-12-06,20.086165,20.132860,19.930520,19.969431,46175300
2011-12-07,19.977207,20.047248,19.720391,19.922731,62667000
2011-12-08,19.829345,20.016120,19.743740,19.767086,60522200
2011-12-09,19.860481,20.132862,19.844916,20.000563,53788500
2011-12-12,19.774870,19.899387,19.681483,19.852694,38945900
2011-12-13,20.039466,20.311848,19.961643,20.047249,54581100
2011-12-14,20.016130,20.125084,19.899396,19.914961,47926400
2011-12-15,20.016126,20.140643,19.876046,19.891609,46213900
2011-12-16,19.977217,20.366333,19.946087,20.234034,101408100
2011-12-19,20.249597,20.327420,19.813786,19.868263,52258300
2011-12-20,20.125072,20.311848,20.086160,20.257372,60767600
2011-12-21,20.241807,20.381889,19.798215,20.047249,64132500
2011-12-22,20.093949,20.125079,19.829350,20.086166,35794100
2011-12-23,20.163983,20.265154,20.023901,20.257372,23205800
2011-12-27,20.202902,20.342984,20.179556,20.265162,21287200
2011-12-28,20.319632,20.350761,20.047251,20.093945,29822500
2011-12-29,20.195110,20.272932,20.125069,20.249586,22616900
2011-12-30,20.234030,20.327418,20.163989,20.202900,27395700
2012-01-03,20.662057,20.981132,20.537540,20.833269,64731500
2012-01-04,20.872186,21.378037,20.841058,21.323561,80516100
2012-01-05,21.307993,21.580375,21.237954,21.541464,56081400
2012-01-06,21.424728,21.938361,21.424728,21.876102,99455500
2012-01-09,21.829403,21.868316,21.572587,21.588152,59706800
2012-01-10,21.736015,21.907225,21.595933,21.665974,60014400
2012-01-11,21.346898,21.774925,21.300204,21.572584,65582400
2012-01-12,21.689327,21.806062,21.518115,21.790497,49370800
2012-01-13,21.736012,21.985046,21.627061,21.985046,60196100
2012-01-17,22.101782,22.296340,21.922789,21.992830,72395300
2012-01-18,22.031743,22.101784,21.767144,21.969484,64860600
2012-01-19,21.915011,22.132917,21.813842,21.883883,74053500
2012-01-20,22.428643,23.144617,22.374167,23.121269,165902900
2012-01-23,22.996742,23.308036,22.841096,23.136824,76078100
2012-01-24,22.934496,23.012319,22.708809,22.833326,51703300
2012-01-25,22.623200,23.074575,22.623200,23.004534,59231700
2012-01-26,23.043448,23.113489,22.880018,22.957842,49102800
2012-01-27,22.918933,22.981191,22.701027,22.747721,44187700
2012-01-30,22.545376,23.051228,22.436424,23.043446,51114800
2012-01-31,23.082355,23.113485,22.747715,22.981186,50572400
2012-02-01,23.183525,23.385864,23.160177,23.261347,67409900
2012-02-02,23.269136,23.479259,23.121271,23.308048,52223300
2012-02-03,23.455904,23.658245,23.416993,23.533728,41838500
2012-02-06,23.378094,23.518175,23.323617,23.502611,28039700
2012-02-07,23.463690,23.728289,23.385867,23.619337,39242400
2012-02-08,23.549294,23.868369,23.518164,23.860586,49659100
2012-02-09,23.876153,23.969540,23.720506,23.946194,50481600
2012-02-10,23.845023,23.969540,23.627119,23.736071,44605300
2012-02-13,23.837237,23.946191,23.681592,23.798326,33319800
2012-02-14,23.759163,23.860999,23.383153,23.696495,59644000
2012-02-15,23.759171,23.806172,23.524165,23.539831,43311300
2012-02-16,23.743497,24.714858,23.735664,24.511187,94705100
2012-02-17,24.440678,24.534680,24.244839,24.479845,70036500
2012-02-21,24.425012,24.761855,24.401511,24.628685,50829900
2012-02-22,24.636524,24.816695,24.425018,24.495520,49253200
2012-02-23,24.440680,24.746188,24.284009,24.573851,35034700
2012-02-24,24.660028,24.675696,24.472023,24.660028,35575400
2012-02-27,24.472022,24.675694,24.362352,24.558191,34568400
2012-02-28,24.605184,25.012529,24.581683,24.965528,45230600
2012-02-29,24.981192,25.067362,24.761854,24.863689,59323600
2012-03-01,25.012526,25.372869,24.949858,25.294535,77344100
2012-03-02,25.310209,25.412043,25.067367,25.130037,47314200
2012-03-05,25.075202,25.106537,24.769695,24.910698,45240000
2012-03-06,24.707027,25.051702,24.667858,24.722692,51932900
2012-03-07,24.808860,25.004698,24.699190,24.942030,34340400
2012-03-08,25.098700,25.231869,24.989029,25.075197,36747400
2012-03-09,25.145702,25.192705,25.004699,25.059534,34628400
2012-03-12,25.043860,25.224032,24.926357,25.098696,34073600
2012-03-13,25.255375,25.607882,25.184872,25.592215,48951700
2012-03-14,25.482547,25.756723,25.451215,25.670553,41986900
2012-03-15,25.686216,25.803717,25.521712,25.733215,49068300
2012-03-16,25.780221,25.811556,25.459046,25.537380,65626400
2012-03-19,25.490386,25.545220,25.184878,25.224045,44789200
2012-03-20,25.145702,25.184872,24.863695,25.059534,41566800
2012-03-21,25.036035,25.184875,24.926366,24.996868,37928600
2012-03-22,24.918526,25.137866,24.902860,25.067364,31749500
2012-03-23,25.145699,25.153535,24.848025,25.075197,35912200
2012-03-26,25.216209,25.545220,25.184877,25.529552,36758300
2012-03-27,25.576555,25.615722,25.380716,25.474718,36274900
2012-03-28,25.474718,25.615722,25.098708,25.216209,41344800
2012-03-29,25.114368,25.216202,24.918528,25.161367,37038500
2012-03-30,25.380703,25.388535,25.098694,25.271030,31749400
2012-04-02,25.239700,25.427704,25.028194,25.294535,35853600
2012-04-03,25.192700,25.216200,24.801023,25.020363,42752100
2012-04-04,24.801025,24.824527,24.323178,24.448515,49455900
2012-04-05,24.401515,24.777525,24.323179,24.691357,50368600
2012-04-09,24.456347,24.597351,24.260508,24.362345,31056400
2012-04-10,24.331015,24.432852,23.735665,23.868835,54131300
2012-04-11,23.837494,23.915830,23.680823,23.774826,43014000
2012-04-12,23.876667,24.315347,23.829666,24.268345,38304000
2012-04-13,24.197840,24.409346,24.064670,24.135172,39749200
2012-04-16,24.276185,24.432857,24.103848,24.346687,38124800
2012-04-17,24.495515,24.761855,24.440680,24.628685,34361500
2012-04-18,24.503351,24.526851,24.315346,24.393681,40552900
2012-04-19,24.385849,24.816695,24.237013,24.291847,54781200
2012-04-20,25.184865,25.764546,25.106528,25.396368,106045000
2012-04-23,25.310207,25.459043,25.090865,25.161367,61398200
2012-04-24,25.231866,25.474707,24.934192,25.004694,40871100
2012-04-25,25.004705,25.318047,24.965538,25.224045,62495500
2012-04-26,25.161374,25.247543,25.004704,25.153542,40308100
2012-04-27,25.161372,25.239709,24.973367,25.051702,41419100
2012-04-30,25.051696,25.153533,25.004695,25.083031,35697200
2012-05-01,25.106532,25.333706,25.028198,25.075197,43832300
2012-05-02,24.949867,25.012535,24.785361,24.910698,37385300
2012-05-03,24.973362,24.989029,24.761857,24.879360,31501300
2012-05-04,24.636523,24.730525,24.221344,24.268345,57927200
2012-05-07,24.049012,24.174349,23.947175,24.009844,48641400
2012-05-08,23.876672,24.111680,23.633832,23.892340,46328300
2012-05-09,23.649496,24.150843,23.578994,24.096008,50309300
2012-05-10,24.174339,24.299676,23.853163,24.080336,43839200
2012-05-11,24.041175,24.707027,24.041175,24.409351,43459300
2012-05-14,24.143010,24.315349,24.002006,24.033340,40528900
2012-05-15,24.159497,24.285656,23.773135,23.820444,61822800
2012-05-16,23.899295,23.907180,23.449853,23.576012,60083700
2012-05-17,23.646976,23.820445,23.426197,23.434082,48484000
2012-05-18,23.489270,23.505039,23.000402,23.079252,56205300
2012-05-21,22.945213,23.489276,22.913673,23.457735,38787900
2012-05-22,23.410429,23.560242,23.260615,23.465624,39504900
2012-05-23,23.142339,23.181763,22.582506,22.953100,65171000
2012-05-24,22.992521,23.102910,22.677123,22.921556,52575000
2012-05-25,23.024068,23.150227,22.874253,22.913677,29507200
2012-05-29,23.165989,23.434078,23.039830,23.307919,37758800
2012-05-30,23.142338,23.244842,22.960984,23.134453,41585500
2012-05-31,23.102912,23.197532,22.819054,23.016178,39134000
2012-06-01,22.677129,22.834827,22.424810,22.432695,56634300
2012-06-04,22.566733,22.692893,22.330184,22.511538,47926300
2012-06-05,22.480000,22.669238,22.385379,22.480000,45715400
2012-06-06,22.771746,23.158110,22.716551,23.142340,46860500
2012-06-07,23.371007,23.418318,23.000414,23.047724,37792800
2012-06-08,23.031945,23.402539,22.905786,23.378883,42551100
2012-06-11,23.441969,23.505048,22.724438,22.787518,46361900
2012-06-12,22.945212,23.102910,22.740203,23.095026,35337900
2012-06-13,23.039833,23.213303,22.905789,22.968868,32984600
2012-06-14,23.126568,23.229071,22.771744,23.134453,39458900
2012-06-15,23.331569,23.717931,23.252719,23.670622,62314400
2012-06-18,23.646978,23.678518,23.426198,23.528704,58679900
2012-06-19,23.804675,24.530091,23.694285,24.206808,75725800
2012-06-20,24.388157,24.482775,24.159493,24.388157,36257100
2012-06-21,24.411811,24.553741,23.702166,23.765245,48456600
2012-06-22,23.891409,24.230462,23.678516,24.206808,45098100
2012-06-25,23.891410,23.907181,23.355235,23.552359,42217200
2012-06-26,23.654852,23.867746,23.607542,23.670622,38421300
2012-06-27,23.804680,24.049113,23.678521,23.788910,33781700
2012-06-28,23.639091,23.694286,23.197534,23.583897,45328400
2012-06-29,24.009679,24.198917,23.765244,24.120068,55227200
2012-07-02,24.143723,24.143723,23.820439,24.096413,30589100
2012-07-03,23.836217,24.254120,23.788907,24.254120,20938100
2012-07-05,24.120073,24.269888,23.954488,24.206808,28801900
2012-07-06,24.135844,24.206809,23.615437,23.804676,38294800
2012-07-09,23.749480,23.836213,23.481391,23.654860,30680800
2012-07-10,23.717944,23.828333,23.268502,23.449856,37534100
2012-07-11,23.426198,23.449853,22.953102,23.102915,39184900
2012-07-12,22.984641,23.008296,22.503660,22.574623,63523600
2012-07-13,22.677130,23.244846,22.645590,23.173882,39085000
2012-07-16,23.244844,23.284269,22.897907,23.213305,27900600
2012-07-17,23.370996,23.544466,23.024059,23.386766,33771300
2012-07-18,23.339460,24.009682,23.229070,24.009682,41090400
2012-07-19,24.056992,24.285655,23.954487,24.183151,46663200
2012-07-20,24.443362,24.482787,23.694291,23.749487,64021700
2012-07-23,23.315804,23.323689,22.874247,23.087141,55151900
2012-07-24,23.055607,23.150227,22.787518,22.984642,47723300
2012-07-25,23.055604,23.126568,22.692897,22.732321,45579500
2012-07-26,23.047718,23.260612,22.937329,22.992523,45301400
2012-07-27,23.244845,23.536589,23.008297,23.465624,44242600
2012-07-30,23.457737,23.512932,23.229073,23.371002,28905000
2012-07-31,23.244843,23.426196,23.126569,23.236958,37620900
2012-08-01,23.331575,23.378884,23.031946,23.189646,31721800
2012-08-02,23.031947,23.284267,22.842708,23.016178,39520500
2012-08-03,23.284267,23.607550,23.244841,23.457735,35859400
2012-08-06,23.654863,23.741598,23.505048,23.615438,27471800
2012-08-07,23.710053,23.930832,23.552354,23.859867,28002900
2012-08-08,23.820442,24.025451,23.741594,23.915062,26257600
2012-08-09,23.962381,24.167390,23.891416,24.049116,24920800
2012-08-10,24.049103,24.143723,23.851979,23.986023,27810300
2012-08-13,23.930831,24.017564,23.781016,23.962370,23049100
2012-08-14,24.049678,24.121112,23.819500,23.914745,34551400
2012-08-15,23.898883,24.033815,23.827448,23.970318,24351000
2012-08-16,24.097313,24.557670,24.017941,24.430676,35787200
2012-08-17,24.541790,24.541790,24.279863,24.525915,32589900
2012-08-20,24.462408,24.486220,24.271916,24.398911,23737700
2012-08-21,24.414791,24.573534,24.295733,24.446539,28822700
2012-08-22,24.279862,24.414795,24.184616,24.240177,33437400
2012-08-23,24.121118,24.129055,23.875065,24.017935,28355600
2012-08-24,24.009994,24.311606,23.954434,24.256046,22943300
2012-08-27,24.549724,24.573535,24.279860,24.359232,34691100
2012-08-28,24.367173,24.446543,24.224303,24.311611,23947900
2012-08-29,24.327486,24.406858,24.160806,24.327486,23346800
2012-08-30,24.232239,24.295737,23.986185,24.065557,23982100
2012-08-31,24.287798,24.573536,24.113179,24.462416,36590100
2012-09-04,24.168739,24.335419,23.930622,24.121115,48556700
2012-09-05,23.986182,24.232236,23.978245,24.121115,33650000
2012-09-06,24.208430,24.891028,24.176680,24.883091,48371700
2012-09-07,24.637036,24.660847,24.390982,24.565601,42649100
2012-09-10,24.470351,24.525911,24.216361,24.383041,40524000
2012-09-11,24.359230,24.533848,24.295733,24.438602,25191800
2012-09-12,24.557670,24.748163,24.390989,24.430676,32775800
2012-09-13,24.517980,24.748159,24.129058,24.557667,45047300
2012-09-14,24.613220,24.803713,24.454476,24.771963,51422800
2012-09-17,24.756090,24.811650,24.637032,24.771963,36488500
2012-09-18,24.684660,24.771968,24.629100,24.748158,34542700
2012-09-19,24.676721,24.756094,24.637036,24.644972,48871900
2012-09-20,24.565602,24.986272,24.533853,24.962461,45543000
2012-09-21,24.946584,25.089454,24.676720,24.756092,102348900
2012-09-24,24.605293,24.660853,24.319554,24.430676,46825900
2012-09-25,24.565598,24.605284,24.097304,24.121115,54266400
2012-09-26,24.033808,24.287798,23.843316,23.946499,54672000
2012-09-27,23.946498,24.129053,23.724256,23.938560,47129900
2012-09-28,23.954442,24.017940,23.605206,23.621080,54229300
2012-10-01,23.660761,23.795693,23.351211,23.406771,54042700
2012-10-02,23.557573,23.724253,23.414704,23.541698,43338900
2012-10-03,23.613143,23.803636,23.549646,23.700453,46655900
2012-10-04,23.787753,23.835377,23.470265,23.835377,43634900
2012-10-05,23.994117,24.009992,23.605195,23.692505,41133900
2012-10-08,23.525824,23.748066,23.454389,23.636946,29752000
2012-10-09,23.557577,23.605199,23.160717,23.240089,45121100
2012-10-10,23.136904,23.263899,22.978162,23.001972,47227100
2012-10-11,23.192464,23.216276,22.914663,22.978161,41488500
2012-10-12,22.994033,23.271835,22.859101,23.176590,46464700
2012-10-15,23.311531,23.589332,23.216284,23.422651,42440200
2012-10-16,23.375023,23.605200,23.271838,23.406771,47739400
2012-10-17,23.255962,23.525827,23.089282,23.486141,44206100
2012-10-18,23.533767,23.597264,23.224217,23.414709,59238500
2012-10-19,23.057530,23.081342,22.620985,22.732105,90470800
2012-10-22,22.803549,22.882921,22.089202,22.224134,83374000
2012-10-23,22.041575,22.382874,22.033637,22.263815,64414800
2012-10-24,22.351125,22.382875,22.120948,22.144758,53320400
2012-10-25,22.374941,22.382879,22.113014,22.128887,54084300
2012-10-26,22.113011,22.493996,22.097137,22.390812,57790000
2012-10-31,22.660674,22.922602,22.620989,22.652739,69464100
2012-11-01,22.890853,23.462330,22.874978,23.430582,72047900
2012-11-02,23.486144,23.629014,23.279777,23.414709,57131600
2012-11-05,23.509959,23.605204,23.279780,23.517895,38070800
2012-11-06,23.668703,23.970317,23.502023,23.700453,43401500
2012-11-07,23.438521,23.676636,23.057534,23.081347,57871800
2012-11-08,23.113097,23.311526,22.859105,22.867043,49841800
2012-11-09,22.922599,23.168653,22.867039,22.882914,43291200
2012-11-12,22.970223,23.025783,22.390807,22.398745,61112300
2012-11-13,21.622509,21.846576,21.406444,21.678526,131689200
2012-11-14,21.798564,21.838577,21.446458,21.478468,76086100
2012-11-15,21.510477,21.582499,21.310417,21.334425,50955600
2012-11-16,21.342435,21.366442,21.078355,21.222399,64083300
2012-11-19,21.446460,21.446460,21.182381,21.390444,57179300
2012-11-20,21.414439,21.446448,21.174366,21.374426,47070400
2012-11-21,21.374437,21.742548,21.342428,21.566496,66360300
2012-11-23,21.790567,22.222698,21.766561,22.166681,57845700
2012-11-26,22.038639,22.070648,21.742550,21.918602,85198700
2012-11-27,21.894595,21.910598,21.638518,21.670527,45018600
2012-11-28,21.614517,21.918608,21.422459,21.894602,53018400
2012-11-29,21.694534,21.894595,21.494474,21.566496,69551400
2012-11-30,21.646520,21.710539,21.198386,21.302418,83690200
2012-12-03,21.430456,21.462465,21.126364,21.150372,53173800
2012-12-04,21.206387,21.310417,21.078348,21.102356,49777500
2012-12-05,21.110358,21.550491,21.014330,21.342428,68283800
2012-12-06,21.454463,21.590504,21.294416,21.390444,39182300
2012-12-07,21.462472,21.462472,21.102365,21.174385,46162100
2012-12-10,21.254396,21.582495,21.222388,21.558489,47031100
2012-12-11,21.646520,21.998626,21.646520,21.862585,52282800
2012-12-12,22.030639,22.102661,21.670530,21.798569,43966300
2012-12-13,21.862590,22.022639,21.566502,21.694540,45080100
2012-12-14,21.694539,21.710543,21.366440,21.454466,42077500
2012-12-17,21.438462,21.782565,21.350435,21.686537,42046100
2012-12-18,21.806569,22.110660,21.718542,22.054644,50486900
2012-12-19,22.158672,22.190681,21.806566,21.854580,53519900
2012-12-20,21.894598,22.150675,21.726546,22.150675,52607300
2012-12-21,21.966616,21.998625,21.606507,21.966616,98776500
2012-12-24,21.766553,21.806564,21.606504,21.654518,20842400
2012-12-26,21.630510,21.766551,21.366430,21.494469,31631100
2012-12-27,21.518481,21.678529,21.262404,21.574497,39394000
2012-12-28,21.374435,21.526482,21.246397,21.246397,28239900
2012-12-31,21.278398,21.422441,21.102345,21.374426,42749500
2013-01-02,21.806566,22.190681,21.726541,22.102655,52899300
2013-01-03,22.110657,22.126662,21.734544,21.806566,48294400
2013-01-04,21.822577,21.878594,21.390446,21.398449,52521100
2013-01-07,21.422454,21.510479,21.318422,21.358435,37110400
2013-01-08,21.406446,21.438456,21.174375,21.246397,44703100
2013-01-09,21.382440,21.406447,21.254401,21.366436,49047900
2013-01-10,21.326431,21.590511,21.038346,21.174385,71431300
2013-01-11,21.198385,21.550491,21.030335,21.470467,55512100
2013-01-14,21.526483,21.670527,21.414450,21.518480,48324400
2013-01-15,21.470462,21.838574,21.470462,21.774553,48244500
2013-01-16,21.726547,21.790566,21.614513,21.638521,41077400
2013-01-17,21.758552,21.982619,21.654520,21.806566,51685900
2013-01-18,21.686530,21.838577,21.638516,21.806566,52167700
2013-01-22,21.846577,21.966615,21.606506,21.726542,58650600
2013-01-23,21.766555,22.118660,21.766555,22.094654,50387700
2013-01-24,22.166671,22.462759,21.982615,22.110653,101739300
2013-01-25,22.070654,22.590811,21.918608,22.310726,81847700
2013-01-28,22.414755,22.590807,22.214694,22.334730,56056500
2013-01-29,22.262699,22.510773,22.086647,22.414745,49242600
2013-01-30,22.414747,22.558791,22.214687,22.286709,43580500
2013-01-31,22.238698,22.382740,21.926603,21.966616,50530000
2013-02-01,22.142674,22.446765,22.046644,22.350737,55565900
2013-02-04,22.302712,22.422748,21.942603,21.958609,50540000
2013-02-05,22.102654,22.134663,21.894591,22.006624,35410400
2013-02-06,21.910600,22.038640,21.806570,21.878592,41889600
2013-02-07,21.886593,21.918601,21.686532,21.830576,38028300
2013-02-08,21.886595,22.174681,21.854585,22.046642,33318500
2013-02-11,22.126666,22.342732,22.006631,22.294718,32247700
2013-02-12,22.310726,22.406756,22.206695,22.310726,35990900
2013-02-13,22.350731,22.494775,22.310718,22.430756,41715600
2013-02-14,22.342735,22.454768,22.302724,22.438765,32663200
2013-02-15,22.438753,22.534781,22.310713,22.414745,49650900
2013-02-19,22.495439,22.664882,22.430890,22.632607,38781400
2013-02-20,22.697155,22.753637,22.455096,22.487371,44110200
2013-02-21,22.382474,22.382474,21.970972,22.180758,49078500
2013-02-22,22.334062,22.398611,22.172688,22.398611,31425900
2013-02-25,22.568057,22.632607,22.083939,22.083939,48011800
2013-02-26,22.092006,22.269518,22.059732,22.083939,49923300
2013-02-27,22.124276,22.592258,22.051658,22.438953,36394700
2013-02-28,22.495438,22.568057,22.382478,22.430889,35840200
2013-03-01,22.366334,22.576119,22.204961,22.551914,34849700
2013-03-04,22.471232,22.713291,22.350202,22.713291,38157500
2013-03-05,22.826255,23.027971,22.721361,22.874666,41432200
2013-03-06,22.761702,22.777840,22.414751,22.664879,51448500
2013-03-07,22.681012,22.818180,22.600325,22.705217,29196700
2013-03-08,22.793981,22.858530,22.559989,22.592264,37667800
2013-03-11,22.543852,22.568057,22.325998,22.487371,36627500
2013-03-12,22.463167,22.551923,22.301793,22.519648,39255200
2013-03-13,22.487375,22.608405,22.390550,22.527718,29093400
2013-03-14,22.592257,22.721355,22.535776,22.705217,55914800
2013-03-15,22.616473,22.721365,22.576129,22.624542,92710300
2013-03-18,22.495437,22.818185,22.438957,22.672949,44809400
2013-03-19,22.689086,22.769771,22.616468,22.737497,51901600
2013-03-20,22.866594,22.987624,22.737495,22.850456,35447800
2013-03-21,22.681013,22.882730,22.632600,22.681013,34233200
2013-03-22,22.745560,22.866590,22.672942,22.793972,28720900
2013-03-25,22.834324,22.874668,22.559989,22.721363,44154000
2013-03-26,22.785912,22.866599,22.681020,22.721363,27824300
2013-03-27,22.705218,22.955348,22.656807,22.890799,36047400
2013-03-28,22.850456,23.124791,22.802044,23.084448,55453800
2013-04-01,23.108653,23.124791,22.882731,23.084448,29201100
2013-04-02,23.068314,23.278099,23.011833,23.237755,28456500
2013-04-03,23.197416,23.358790,23.027975,23.044111,35062800
2013-04-04,22.906937,23.084449,22.810114,23.076380,45263200
2013-04-05,22.769767,23.221614,22.681013,23.157064,50927300
2013-04-08,23.181269,23.181269,22.971483,23.068308,34759500
2013-04-09,23.181276,24.060761,23.140933,23.891319,77733800
2013-04-10,23.859049,24.464199,23.818706,24.431925,71116700
2013-04-11,23.479814,23.560501,23.181273,23.350716,130923200
2013-04-12,23.278098,23.415266,23.124793,23.229687,62886300
2013-04-15,23.116725,23.382991,23.003764,23.149000,56332900
2013-04-16,23.318441,23.512089,23.157069,23.374922,52797300
2013-04-17,23.278097,23.431402,23.076380,23.261959,52840700
2013-04-18,23.358785,23.382990,22.995695,23.229687,56906600
2013-04-19,23.899388,24.399645,23.891320,24.020418,99790700
2013-04-22,24.448056,25.158100,24.423851,24.875696,137904000
2013-04-23,24.770808,24.932180,24.512609,24.690121,59126900
2013-04-24,24.706252,25.755178,24.690115,25.626080,90946600
2013-04-25,25.585730,26.497490,25.448565,25.771311,110700200
2013-04-26,25.739042,25.803591,25.375953,25.650288,47799300
2013-04-29,25.658352,26.368395,25.634147,26.311914,59116400
2013-04-30,26.271574,26.715350,26.045649,26.707279,75165200
2013-05-01,26.570114,26.691145,26.303847,26.400673,54330900
2013-05-02,26.328051,26.763757,26.134402,26.755690,46059500
2013-05-03,26.812172,27.046164,26.691144,27.021959,46784600
2013-05-06,26.965483,27.360849,26.828317,27.231750,40978300
2013-05-07,27.151059,27.264020,26.820244,26.876724,43078300
2013-05-08,26.683076,26.820245,26.344194,26.618528,51595700
2013-05-09,26.505570,26.626601,26.295786,26.352266,46417800
2013-05-10,26.360321,26.400667,26.077919,26.376459,36394900
2013-05-13,26.311918,26.683076,26.263505,26.650801,36027600
2013-05-14,26.699554,27.243944,26.650802,27.243944,56870100
2013-05-15,27.178954,27.544590,27.162703,27.503962,46303900
2013-05-16,27.333318,27.747707,27.260190,27.690830,59382900
2013-05-17,27.731448,28.332714,27.707070,28.332714,60666700
2013-05-20,28.218973,28.519607,28.178348,28.503359,54020800
2013-05-21,28.519608,28.657739,28.210851,28.316477,48702400
2013-05-22,28.267722,28.308348,27.918337,28.121468,66047500
2013-05-23,27.812708,28.072715,27.544576,27.747707,51102700
2013-05-24,27.560822,27.853331,27.544574,27.845207,33174400
2013-05-28,27.967089,28.584609,27.958965,28.454605,48212100
2013-05-29,28.227098,28.454604,28.088967,28.340851,38412200
2013-05-30,28.316485,28.641496,28.283987,28.462740,51131000
2013-05-31,28.292087,28.665847,28.267712,28.357090,56165700
2013-06-03,28.373356,28.950251,28.300232,28.917749,51252600
2013-06-04,28.942123,29.039628,28.251479,28.430235,65529500
2013-06-05,28.113341,28.348974,27.975214,28.259596,46025100
2013-06-06,28.308359,28.527741,28.023976,28.405861,37618500
2013-06-07,28.641491,29.072128,28.487113,28.982750,40757300
2013-06-10,28.852737,28.966493,28.552104,28.820238,35994500
2013-06-11,28.478975,28.584604,28.178342,28.308346,39435900
2013-06-12,28.552104,28.657733,28.316471,28.438351,37372700
2013-06-13,28.430226,28.454601,28.105215,28.210844,45654900
2013-06-14,28.072713,28.186466,27.828956,27.950836,53192600
2013-06-17,28.186467,28.568354,28.137718,28.438351,49670100
2013-06-18,28.413982,28.576484,28.357105,28.422106,28616500
2013-06-19,28.405856,28.511485,28.105223,28.105223,30816200
2013-06-20,27.837082,27.893962,27.113936,27.211441,54493700
2013-06-21,27.349568,27.406445,26.853928,27.032684,85338500
2013-06-24,26.764559,27.788342,26.463926,27.398331,56109000
2013-06-25,27.690835,27.934591,27.187067,27.357697,44073400
2013-06-26,27.723339,28.015848,27.536459,27.910219,48665900
2013-06-27,28.048340,28.259595,28.032089,28.129591,28993100
2013-06-28,27.934583,28.267718,27.902081,28.064587,65545500
2013-07-01,28.235234,28.430242,27.893975,27.918350,31055400
2013-07-02,27.958975,27.983350,27.325207,27.577087,37630000
2013-07-03,27.349575,27.926466,27.300822,27.633957,15994400
2013-07-05,27.698953,27.820833,27.284567,27.796455,26085900
2013-07-08,27.910216,28.105224,27.609583,27.893969,32396900
2013-07-09,28.097103,28.113350,27.739590,27.910219,25318500
2013-07-10,27.902086,28.283974,27.885835,28.194595,29658800
2013-07-11,28.438356,29.064000,28.357105,28.998997,53638300
2013-07-12,28.909626,29.031503,28.665866,28.982750,35501200
2013-07-15,28.974612,29.429627,28.909612,29.388998,34142600
2013-07-16,29.259006,29.600268,29.218381,29.470264,36378500
2013-07-17,29.527137,29.567762,28.836492,29.039623,37285100
2013-07-18,29.023373,29.161501,28.617111,28.795864,49547100
2013-07-19,26.325795,26.545174,25.204511,25.513269,248428500
2013-07-22,25.757019,26.008900,25.675766,26.008900,79040700
2013-07-23,25.927660,26.033289,25.765154,25.854532,65810400
2013-07-24,26.033284,26.155161,25.911404,25.968281,52803100
2013-07-25,25.692022,25.716397,25.391387,25.505140,63213000
2013-07-26,25.399517,25.692026,25.358890,25.692026,38633600
2013-07-29,25.570144,25.675773,25.513267,25.627022,28870700
2013-07-30,25.822028,26.098285,25.635146,25.878904,45799500
2013-07-31,25.976407,26.041408,25.765150,25.870779,43898400
2013-08-01,26.049540,26.073915,25.675778,25.732655,42557900
2013-08-02,25.748903,25.919533,25.651400,25.911407,29199900
2013-08-05,25.919533,26.000785,25.708276,25.757029,30984000
2013-08-06,25.635141,25.732645,25.497012,25.659517,36331500
2013-08-07,25.627021,26.082032,25.391388,26.049534,38078600
2013-08-08,26.195791,26.870185,26.041410,26.723930,59034400
2013-08-09,26.626415,26.732044,26.382658,26.569538,26800700
2013-08-12,26.374545,26.788934,26.374545,26.707680,25493700
2013-08-13,26.601309,26.634040,26.355835,26.372200,39464100
2013-08-14,26.298551,27.296817,25.938522,26.470383,48519600
2013-08-15,26.183997,26.331282,25.234827,26.012165,33338000
2013-08-16,26.012166,26.175816,25.905793,26.020348,32866300
2013-08-19,25.987621,26.159453,25.676685,25.684868,27902500
2013-08-20,25.725786,26.102181,25.668509,25.873072,22979600
2013-08-21,25.864885,26.192183,25.807608,25.864885,37409100
2013-08-22,26.339470,26.584947,26.265827,26.503120,31169900
2013-08-23,28.777856,28.802406,27.820505,28.434193,225493800
2013-08-26,28.147804,28.368728,27.845049,27.943241,72786800
2013-08-27,27.427741,27.902325,27.124990,27.214994,58522300
2013-08-28,27.321367,27.493199,27.002250,27.018616,44257400
2013-08-29,26.944970,27.493196,26.838596,27.452284,45284700
2013-08-30,27.305002,27.395010,27.075893,27.329552,42790200
2013-09-03,25.979434,26.241274,25.603040,26.085806,154507000
2013-09-04,25.684862,25.750322,25.455753,25.529396,142320600
2013-09-05,25.447574,25.725779,25.324837,25.553946,71644900
2013-09-06,25.619407,25.684867,25.472122,25.488487,75434900
2013-09-09,25.545760,26.012164,25.529396,25.905790,49628500
2013-09-10,26.102178,26.511305,26.012172,26.503120,56881200
2013-09-11,26.650408,26.944979,26.617678,26.789513,39087500
2013-09-12,26.773136,26.822229,26.666763,26.748587,32860200
2013-09-13,26.814047,27.059521,26.601300,27.026791,40899000
2013-09-16,27.313183,27.411372,26.781319,26.838596,52839700
2013-09-17,27.345912,27.386827,26.920425,26.944971,84716500
2013-09-18,26.994059,27.329542,26.863139,27.264080,64099900
2013-09-19,27.395005,27.558655,27.264085,27.525925,42026600
2013-09-20,27.337738,27.395015,26.748596,26.830423,102904900
2013-09-23,26.625862,26.977710,26.593131,26.789513,39826100
2013-09-24,26.895869,26.895869,26.306732,26.552206,40685000
2013-09-25,26.584935,26.838591,26.511293,26.601297,28907500
2013-09-26,26.707683,27.002254,26.666771,26.814056,28504000
2013-09-27,26.904058,27.615935,26.895874,27.223175,55348000
2013-09-30,27.002250,27.255909,26.756776,27.231359,39839500
2013-10-01,27.288643,27.501389,27.247731,27.476843,36718700
2013-10-02,27.296816,27.845041,27.239538,27.755033,46946800
2013-10-03,27.722309,27.820499,27.345912,27.705944,38703800
2013-10-04,27.566840,27.812317,27.509562,27.722309,33008100
2013-10-07,27.493201,27.583209,27.165903,27.247726,35069300
2013-10-08,27.255913,27.272278,26.838603,27.010435,41017600
2013-10-09,27.059528,27.288637,26.969520,27.059528,35878600
2013-10-10,27.255909,27.730492,27.214994,27.624119,42875100
2013-10-11,27.558655,27.935050,27.558655,27.926868,30033300
2013-10-14,27.738674,28.229623,27.640482,28.188711,27757900
2013-10-15,28.368721,28.630564,28.205074,28.221439,47097800
2013-10-16,28.311450,28.556928,28.278723,28.344181,35111600
2013-10-17,28.188716,28.630572,28.123255,28.573292,31359200
2013-10-18,28.491467,28.630572,28.090527,28.606022,41811700
2013-10-21,28.622387,28.802403,28.565110,28.630571,27433500
2013-10-22,28.655109,28.720567,28.245984,28.295080,40438500
2013-10-23,28.106886,28.221444,27.550476,27.624119,58600500
2013-10-24,27.673224,27.902333,27.468661,27.591400,53209700
2013-10-25,29.358804,29.694286,29.023321,29.236065,113494000
2013-10-28,29.137887,29.236076,28.859682,29.105156,38383600
2013-10-29,29.154240,29.227882,28.851485,29.064232,31702200
2013-10-30,29.072418,29.285165,28.990595,29.080603,36997700
2013-10-31,29.178800,29.203346,28.916960,28.974237,41682300
2013-11-01,29.186973,29.203338,28.957864,29.072418,40264600
2013-11-04,29.121514,29.440631,29.088783,29.407900,28060700
2013-11-05,29.285158,30.037946,29.268793,29.980669,51681900
2013-11-06,30.471641,31.273526,30.324356,31.240795,88948800
2013-11-07,31.060768,31.101680,30.627097,30.684374,60437400
2013-11-08,30.823475,30.913483,30.553454,30.913483,36737800
2013-11-11,30.839840,30.913483,30.561635,30.758017,26872500
2013-11-12,30.586193,30.766206,30.438908,30.569828,31651600
2013-11-13,30.258870,31.224405,30.193412,31.224405,44957600
2013-11-14,30.987128,31.199875,30.864393,31.109867,46183700
2013-11-15,31.052584,31.109861,30.864387,30.962576,50601300
2013-11-18,30.561624,30.749824,30.332515,30.438889,53277500
2013-11-19,30.381194,30.694488,30.232792,30.290506,44275000
2013-11-20,30.438898,30.842883,30.389433,30.570814,32229900
2013-11-21,30.727458,30.941816,30.719212,30.834639,23064700
2013-11-22,30.941802,31.065472,30.776914,30.974781,27982000
2013-11-25,31.271592,31.288082,30.974788,31.032499,30646800
2013-11-26,30.974787,31.040745,30.793406,30.793406,34465300
2013-11-27,30.974791,31.131436,30.908836,30.999523,26002100
2013-11-29,31.180901,31.568396,31.180901,31.436483,22090400
2013-12-02,31.403515,31.972388,31.378782,31.700319,42950400
2013-12-03,31.444731,31.733293,31.395266,31.584890,52109800
2013-12-04,31.502453,32.137284,31.428252,32.104305,51983600
2013-12-05,32.030090,32.054825,30.653251,31.329304,116305000
2013-12-06,31.675581,31.782761,31.321068,31.626116,36457300
2013-12-09,31.790999,32.046578,31.634350,31.914665,30286000
2013-12-10,31.832226,32.071319,31.345797,31.419998,37828600
2013-12-11,31.378780,31.576648,30.826393,31.007774,39853400
2013-12-12,31.032503,31.032503,30.653255,30.686234,36012800
2013-12-13,30.851133,30.875869,30.191569,30.249281,40066100
2013-12-16,30.282253,30.504856,30.125607,30.414165,31734200
2013-12-17,30.455378,30.595537,29.952463,30.109108,45687700
2013-12-18,29.977213,30.175080,29.292913,30.158594,63192100
2013-12-19,30.100868,30.133847,29.746355,29.886511,34160100
2013-12-20,29.845296,30.447148,29.837049,30.339968,62649100
2013-12-23,30.348205,30.414160,30.133845,30.191557,25128700
2013-12-24,30.274010,30.645012,30.208052,30.570814,14243000
2013-12-26,30.669738,30.908830,30.645002,30.867605,17612800
2013-12-27,30.983039,31.016015,30.645009,30.743946,14563000
2013-12-30,30.686234,30.818147,30.422409,30.743946,16290500
2013-12-31,30.834635,30.983037,30.686233,30.842878,17503500
2014-01-02,30.793412,30.834637,30.587298,30.636766,30632200
2014-01-03,30.669747,30.686237,30.175072,30.430655,31134800
2014-01-06,30.381181,30.414159,29.771085,29.787575,43603700
2014-01-07,29.952476,30.084389,29.853539,30.018431,35802800
2014-01-08,29.680399,29.795823,29.334130,29.482529,59971700
2014-01-09,29.581463,29.606196,29.185725,29.292902,36516300
2014-01-10,29.597952,29.804066,29.474282,29.713375,40548800
2014-01-13,29.672155,29.696887,28.715786,28.839453,45901900
2014-01-14,28.633325,29.581450,28.550881,29.499002,41623300
2014-01-15,29.597949,30.331714,29.556724,30.306978,44812600
2014-01-16,30.249274,30.504856,29.935983,30.414165,38018700
2014-01-17,30.364698,30.364698,29.804068,29.993692,46267500
2014-01-21,30.356454,30.356454,29.729869,29.820557,31567300
2014-01-22,29.894767,29.944235,29.474296,29.622698,21904300
2014-01-23,29.754589,29.787568,29.284650,29.729856,43954000
2014-01-24,30.875855,30.958299,30.117354,30.348204,76395500
2014-01-27,30.397680,30.414170,29.663915,29.705137,44420800
2014-01-28,29.779338,30.001941,29.474290,29.903008,36205500
2014-01-29,29.663916,30.405928,29.597961,30.224546,52745900
2014-01-30,30.331719,30.405920,29.870023,30.389431,35036300
2014-01-31,30.463625,31.238612,30.142088,31.197390,93162300
2014-02-03,31.114955,31.321069,30.034917,30.076139,64063100
2014-02-04,30.480119,30.661497,29.886510,29.968954,54697900
2014-02-05,29.919491,30.067893,29.515506,29.531996,55814400
2014-02-06,29.515504,29.886510,29.424814,29.828798,35351800
2014-02-07,29.944231,30.166834,29.688648,30.142101,33260500
2014-02-10,30.199812,30.339968,29.919497,30.339968,26767000
2014-02-11,30.405934,30.719225,30.389444,30.645023,32141400
2014-02-12,30.793401,30.999515,30.752179,30.892338,27051800
2014-02-13,30.776928,31.213888,30.776928,31.007774,37635500
2014-02-14,30.826390,31.147927,30.776924,31.016014,31407500
2014-02-18,31.256901,31.381494,31.074159,31.082464,32834000
2014-02-19,30.916336,31.356573,30.908028,31.157219,29750400
2014-02-20,31.207056,31.456247,31.065849,31.356571,27526100
2014-02-21,31.514381,31.854942,31.447932,31.547607,38021300
2014-02-24,31.306725,31.547610,31.182131,31.306725,32085100
2014-02-25,31.240287,31.439638,31.024319,31.182142,30736500
2014-02-26,31.215362,31.348264,30.891410,31.123991,41041800
2014-02-27,31.107380,31.472859,30.924638,31.447941,33903400
2014-02-28,31.547629,31.946335,31.414727,31.821741,41215000
2014-03-03,31.497785,31.672222,31.140614,31.381496,29717500
2014-03-04,31.730373,31.962951,31.622389,31.904806,26802400
2014-03-05,31.771894,31.788507,31.506090,31.655605,20520100
2014-03-06,31.680533,31.763598,31.472873,31.688841,23582200
2014-03-07,31.796807,31.863259,31.306731,31.481167,26591600
2014-03-10,31.555933,31.572542,31.331660,31.414722,19006600
2014-03-11,31.456263,31.755293,31.331669,31.580860,25216400
2014-03-12,31.398114,31.921417,31.389809,31.788515,30494100
2014-03-13,31.913103,31.938024,31.265207,31.472866,32169700
2014-03-14,31.273513,31.680524,31.157221,31.315044,27195600
2014-03-17,31.481180,31.904804,31.389809,31.605774,20479600
2014-03-18,31.780188,33.142436,31.746965,32.851711,64063900
2014-03-19,32.785273,32.851722,32.320114,32.619144,35597200
2014-03-20,32.602532,33.765426,32.594227,33.499622,59269800
2014-03-21,33.823557,34.006295,33.233802,33.358398,80721800
2014-03-24,33.507918,33.757108,33.109212,33.640820,46098400
2014-03-25,33.773742,34.047854,33.192295,33.507938,43193100
2014-03-26,33.624229,33.815276,32.893267,33.051090,41977500
2014-03-27,33.009552,33.200598,32.677296,32.693909,35369200
2014-03-28,33.051085,33.757126,32.959714,33.474709,43472700
2014-03-31,33.582689,34.471472,33.557771,34.047848,46886300
2014-04-01,34.180745,34.546224,34.114292,34.405014,32605000
2014-04-02,34.421636,34.604377,34.197363,34.346878,28666700
2014-04-03,34.297030,34.297030,33.815259,34.064449,30139600
2014-04-04,34.263800,34.380089,32.926473,33.117519,51409600
2014-04-07,33.192297,33.449796,33.009559,33.059395,37559600
2014-04-08,33.017856,33.167371,32.561006,33.076000,35918600
2014-04-09,33.167361,33.682355,33.125829,33.615906,27398700
2014-04-10,33.590996,33.798655,32.469636,32.693909,45960800
2014-04-11,32.394884,33.051088,32.394884,32.569317,34330200
2014-04-14,32.486251,32.735442,32.311818,32.544395,32006600
2014-04-15,32.677307,33.192301,32.436421,33.017868,33968700
2014-04-16,33.275360,33.574387,33.150763,33.557777,30615800
2014-04-17,33.233822,33.391645,32.818503,33.233822,36688400
2014-04-21,33.333494,33.350107,33.051077,33.175671,22221200
2014-04-22,33.192291,33.341806,33.084311,33.217213,27056700
2014-04-23,33.217204,33.217204,32.785272,32.968010,24602800
2014-04-24,33.009551,33.200597,32.644068,33.109226,42381600
2014-04-25,33.466389,33.790337,33.017844,33.150745,56876800
2014-04-28,33.341804,34.297039,33.300273,33.948170,50610200
2014-04-29,34.139204,34.213962,33.549452,33.649128,29636200
2014-04-30,33.557777,33.640840,33.366728,33.557777,35458700
2014-05-01,33.424872,33.524547,33.183986,33.225517,28787400
2014-05-02,33.483008,33.507926,32.943092,32.968010,43416600
2014-05-05,32.826795,32.926470,32.644053,32.752037,22460900
2014-05-06,32.635768,32.685604,32.353351,32.444721,27112400
2014-05-07,32.577623,32.818505,31.987867,32.743748,41744500
2014-05-08,32.677292,33.142451,32.369957,32.926483,32120400
2014-05-09,32.843430,33.100925,32.702219,32.843430,29647600
2014-05-12,33.009546,33.242123,32.934788,33.200592,22782600
2014-05-13,33.393000,33.878170,33.334445,33.811249,27004800
2014-05-14,33.710859,33.836335,33.501735,33.660671,18818700
2014-05-15,33.535198,33.794514,33.050028,33.125313,37793200
2014-05-16,33.183861,33.326067,32.849263,33.317703,29867100
2014-05-19,33.133684,33.309348,33.008208,33.250793,24537400
2014-05-20,33.192226,33.409714,33.008196,33.192226,21320900
2014-05-21,33.292601,33.752674,33.242413,33.752674,22398700
2014-05-22,33.702477,33.752665,33.334417,33.543541,20201800
2014-05-23,33.769404,33.769404,33.459901,33.560280,18020000
2014-05-27,33.677390,33.677390,33.300969,33.618835,26160600
2014-05-28,33.577023,33.618847,33.309344,33.468277,25711500
2014-05-29,33.585390,33.752687,33.384629,33.744324,19888200
2014-05-30,33.836326,34.271305,33.669026,34.246208,34567600
2014-06-02,34.254598,34.371707,34.028743,34.120758,18504300
2014-06-03,33.961800,34.028721,33.669027,33.702488,18068900
2014-06-04,33.635577,33.769417,33.342804,33.727592,23209000
2014-06-05,33.953441,34.505529,33.794508,34.472069,31865200
2014-06-06,34.697926,34.848495,34.497168,34.697926,24060500
2014-06-09,34.622641,34.697926,34.313138,34.522263,15019200
2014-06-10,34.321503,34.430248,34.179299,34.388424,15117700
2014-06-11,34.237857,34.354966,34.104017,34.179302,18040000
2014-06-12,34.137478,34.196032,33.702498,33.945084,29818900
2014-06-13,34.380066,34.773221,34.179308,34.488811,26310000
2014-06-16,34.329857,34.806661,34.329857,34.714645,24205300
2014-06-17,34.538997,35.057625,33.744323,34.865231,22518600
2014-06-18,34.806665,34.915411,34.446971,34.840126,27097000
2014-06-19,34.773217,34.940518,34.572460,34.723026,19828200
2014-06-20,34.672836,34.990707,34.614282,34.865231,47764900
2014-06-23,34.907043,35.132898,34.873583,35.124535,18743900
2014-06-24,34.990704,35.082716,34.764849,34.923782,26509100
2014-06-25,34.881943,35.174716,34.681182,35.157986,20049100
2014-06-26,35.074353,35.082717,34.656104,34.898689,23604400
2014-06-27,34.806668,35.375486,34.723016,35.342026,74640000
2014-06-30,35.275102,35.308563,34.881950,34.881950,30793100
2014-07-01,35.015803,35.258388,34.873596,35.024166,26917000
2014-07-02,34.907049,35.049255,34.739749,35.049255,20208100
2014-07-03,35.057618,35.124539,34.764845,34.965603,15969300
2014-07-07,34.923774,35.233277,34.890313,35.124535,21952400
2014-07-08,35.024145,35.132891,34.806657,34.948860,31218200
2014-07-09,35.116169,35.124536,34.739744,34.856853,18445900
2014-07-10,34.605913,35.132908,34.338234,34.873592,21854700
2014-07-11,34.881954,35.208187,34.697923,35.208187,24083000
2014-07-14,35.316940,35.509335,35.166371,35.250019,21881100
2014-07-15,35.408952,35.526061,35.158000,35.509331,28748700
2014-07-16,35.559510,37.065208,35.534416,36.872814,63318000
2014-07-17,38.018820,38.236308,37.015023,37.249241,82180300
2014-07-18,37.349630,37.508563,37.015029,37.383087,43407500
2014-07-21,37.274330,37.776228,36.989921,37.508549,37604400
2014-07-22,37.642405,37.767881,37.299441,37.500202,43095800
2014-07-23,38.018823,38.018823,37.324529,37.533653,52362900
2014-07-24,37.583834,37.642389,37.073570,37.140491,30725300
2014-07-25,37.056848,37.357987,37.056848,37.224148,26737700
2014-07-28,37.107041,37.232514,36.747347,36.780807,29684200
2014-07-29,36.730613,36.881183,36.504758,36.713882,27763100
2014-07-30,36.864445,36.889539,36.211978,36.454563,31921400
2014-07-31,36.287279,36.546591,36.036330,36.103249,31537500
2014-08-01,36.145068,36.178529,35.634804,35.852295,31170300
2014-08-04,35.944314,36.362563,35.810475,36.278912,34277400
2014-08-05,36.228714,36.354187,35.827195,36.036320,26266400
2014-08-06,35.751919,36.111610,35.308573,35.751919,24634000
2014-08-07,35.835548,36.345812,35.676614,36.161781,30314900
2014-08-08,36.161794,36.237079,35.894115,36.136700,28942700
2014-08-11,36.186887,36.345824,35.986130,36.136700,20351600
2014-08-12,36.002866,36.462939,35.969405,36.404385,21431100
2014-08-13,36.538214,36.956463,36.404374,36.872814,22889500
2014-08-14,36.872805,37.157211,36.814247,37.031738,19313200
2014-08-15,37.291072,37.558751,37.140502,37.466736,41611300
2014-08-18,37.592218,37.734425,37.374730,37.734425,26891100
2014-08-19,37.852253,38.163689,37.734412,38.155273,28139500
2014-08-20,38.163686,38.214191,37.793329,37.835415,24770500
2014-08-21,37.742828,38.087934,37.734412,38.062683,22285500
2014-08-22,38.172099,38.273108,37.936418,38.003757,18294500
2014-08-25,38.214195,38.247861,37.911174,38.020596,16910000
2014-08-26,38.138433,38.214188,37.826994,37.885914,14873100
2014-08-27,37.793339,37.877510,37.675495,37.768085,21287900
2014-08-28,37.667076,37.860672,37.549235,37.776501,17657600
2014-08-29,37.953270,38.247872,37.759675,38.239456,21607600
2014-09-02,38.239440,38.264691,37.751240,37.953255,22976800
2014-09-03,37.481897,37.970097,37.481897,37.843838,33684500
2014-09-04,37.658659,38.104771,37.641824,38.096352,26475500
2014-09-05,37.970101,38.660313,37.970101,38.643478,36939400
2014-09-08,38.736058,39.392601,38.710808,39.114834,45736700
2014-09-09,39.114843,39.535704,39.072754,39.358940,40302400
2014-09-10,39.409442,39.510448,38.954911,39.426277,27302400
2014-09-11,39.342105,39.560951,39.114839,39.560951,29216400
2014-09-12,39.485194,39.577784,39.224259,39.308434,38244700
2014-09-15,39.173762,39.316853,38.803402,38.921246,37667600
2014-09-16,39.047504,39.434695,38.963333,39.358940,27910600
2014-09-17,38.938072,39.300013,38.912821,39.156921,38311900
2014-09-18,39.215848,39.417863,39.106423,39.291603,35556600
2014-09-19,39.401027,40.040735,39.224263,39.998650,202522400
2014-09-22,39.813458,39.880797,39.544107,39.611446,38686100
2014-09-23,39.434679,39.544104,39.114827,39.190582,33430300
2014-09-24,39.249501,39.653527,39.005401,39.628277,26582700
2014-09-25,39.459946,39.636707,38.744480,38.752899,33077400
2014-09-26,38.660297,39.241084,38.517203,39.064323,27078800
2014-09-29,38.702400,39.190601,38.517220,39.089592,26091000
2014-09-30,39.030663,39.123253,38.727643,39.022247,33033100
2014-10-01,38.946500,39.165346,38.592974,38.635063,38088400
2014-10-02,38.576143,38.803405,38.416214,38.517220,25119400
2014-10-03,38.702389,38.971740,38.390953,38.794979,32453200
2014-10-06,38.820230,38.971740,38.651885,38.794979,20604000
2014-10-07,38.601378,38.660299,38.231018,38.323608,25723700
2014-10-08,38.281532,39.468361,38.163692,39.375771,33031000
2014-10-09,39.140097,39.392613,38.500389,38.592976,34422800
2014-10-10,38.382531,38.820227,36.993691,37.061028,51978100
2014-10-13,36.884276,37.507151,36.606509,36.741184,37100200
2014-10-14,36.926362,37.355642,36.665430,36.808521,38115700
2014-10-15,36.194058,36.522329,35.436507,36.379238,60218700
2014-10-16,35.798448,36.261398,35.537516,35.975212,49040400
2014-10-17,36.362413,36.985286,36.017307,36.724354,40683300
2014-10-20,36.244566,37.153624,36.034135,37.103123,34527900
2014-10-21,37.338805,37.860672,37.195710,37.776501,36433800
2014-10-22,37.877500,37.936420,37.229373,37.355633,33570900
2014-10-23,37.557650,38.256281,37.481895,37.894341,45451900
2014-10-24,39.417858,39.476778,38.029015,38.828651,61076700
2014-10-27,38.475133,38.803405,38.475133,38.643478,30371300
2014-10-28,38.601386,39.140088,38.525631,39.131672,29049800
2014-10-29,39.089579,39.308428,39.005408,39.241089,30276100
2014-10-30,38.988568,38.988568,38.525622,38.761303,30073900
2014-10-31,39.510448,39.535702,39.123257,39.518867,35849700
2014-11-03,39.468355,39.948136,39.333679,39.931301,23130400
2014-11-04,39.813457,40.175397,39.771371,40.040722,21530800
2014-11-05,40.234328,40.318502,39.779797,40.284832,22449600
2014-11-06,40.284828,41.126550,40.225908,40.991875,33037800
2014-11-07,41.177052,41.177052,40.646769,40.975040,28000600
2014-11-10,40.949794,41.370655,40.865620,41.151806,36370100
2014-11-11,41.118129,41.202303,40.949787,41.134964,23445200
2014-11-12,40.874054,41.177071,40.840384,41.059231,22722100
2014-11-13,41.084470,41.791516,41.000295,41.757847,26210400
2014-11-14,41.867269,42.128201,41.572664,41.732594,29081700
2014-11-17,41.589495,41.842011,41.362229,41.631580,30318600
2014-11-18,41.614647,41.784054,41.250424,41.284306,23995500
2014-11-19,41.216534,41.292767,40.598202,40.843842,26177500
2014-11-20,40.657493,41.250416,40.547378,41.250416,21510600
2014-11-21,41.521470,41.546879,40.293274,40.640556,42884800
2014-11-24,40.649040,40.657509,40.140820,40.310226,35434200
2014-11-25,40.369511,40.632092,40.191635,40.208576,28008000
2014-11-26,40.225509,40.649025,40.047630,40.445736,27163600
2014-11-28,40.615151,40.826908,40.327160,40.496567,21534400
2014-12-01,40.555865,41.318192,40.411868,41.182667,31191600
2014-12-02,41.369015,41.546891,40.826915,41.047142,25773500
2014-12-03,41.030194,41.081017,40.496567,40.725266,23534800
2014-12-04,40.987842,41.555355,40.826908,41.369007,30320400
2014-12-05,41.352062,41.479118,40.979370,41.013248,27313400
2014-12-08,40.877721,40.953953,40.191627,40.403385,26663100
2014-12-09,39.903652,40.589745,39.852829,40.310226,24330500
2014-12-10,40.301751,40.369511,39.556362,39.725769,30431800
2014-12-11,39.878227,40.437267,39.539413,39.954456,29060400
2014-12-12,39.624115,40.428795,39.530941,39.768112,34248400
2014-12-15,39.979866,40.377968,39.429294,39.530937,29247800
2014-12-16,38.878739,39.251431,38.226524,38.251934,47801400
2014-12-17,38.158764,38.921093,38.031711,38.743217,34970900
2014-12-18,39.454722,40.250931,39.251434,40.250931,40105600
2014-12-19,40.344105,40.742207,39.954468,40.369514,64551200
2014-12-22,40.471149,40.759140,40.411858,40.640556,26566000
2014-12-23,40.970902,41.335125,40.767616,41.038666,23648100
2014-12-24,41.199612,41.199612,40.725277,40.776096,11437800
2014-12-26,41.004780,41.004780,40.505032,40.555855,13197800
2014-12-29,40.403397,40.471158,40.030701,40.191639,14439500
2014-12-30,40.183167,40.335633,39.674950,39.827415,16384700
2014-12-31,39.581780,40.183171,39.344612,39.344612,21552500
2015-01-02,39.522484,40.166226,39.420841,39.607185,27913900
2015-01-05,39.276825,39.581757,39.175183,39.242947,39673900
2015-01-06,39.285317,39.598718,38.573811,38.666985,36447900
2015-01-07,38.946499,39.353073,38.531455,39.158257,29114100
2015-01-08,39.598720,40.445751,39.573310,40.310226,29645200
2015-01-09,40.327156,40.505032,39.725765,39.971401,23944200
2015-01-12,40.166207,40.267853,39.268356,39.471642,23651900
2015-01-13,39.785053,40.581262,39.014255,39.268364,35270600
2015-01-14,38.929550,39.166721,38.641559,38.929550,29719600
2015-01-15,39.149792,39.285317,38.463695,38.522987,32750800
2015-01-16,38.378993,39.200612,38.260406,39.166733,35695300
2015-01-20,39.217552,39.514015,38.599220,39.293785,36161900
2015-01-21,38.912620,39.082027,38.522987,38.895679,39081100
2015-01-22,39.285308,39.929051,39.031200,39.920582,35898000
2015-01-23,40.115398,40.140808,39.641060,39.962933,26211600
2015-01-26,39.810478,39.920593,39.166735,39.818947,42525500
2015-01-27,36.379993,36.591751,35.668487,36.134354,169164000
2015-01-28,36.202118,36.244469,34.863807,34.889217,84507100
2015-01-29,34.668990,35.676956,34.550406,35.583782,63585300
2015-01-30,35.194142,35.219555,34.177704,34.220058,78004900
2015-02-02,34.380989,35.041672,34.076057,34.965439,50352500
2015-02-03,35.261913,35.516022,34.770633,35.236500,52082400
2015-02-04,35.524491,35.753189,35.033214,35.439789,41614800
2015-02-05,35.761654,36.117405,35.456722,35.956470,36548200
2015-02-06,36.151295,36.244469,35.702369,35.922596,34616600
2015-02-09,35.778602,36.202118,35.753189,35.880245,31381100
2015-02-10,36.202118,36.227527,35.727779,36.083530,29670700
2015-02-11,36.125889,36.125889,35.753193,35.897190,38262500
2015-02-12,36.134346,36.498569,36.007290,36.498569,33268800
2015-02-13,36.744216,37.159260,36.549399,37.159260,40264900
2015-02-17,37.509016,37.534606,36.843627,37.176323,33695700
2015-02-18,37.218967,37.278681,37.014232,37.133659,27111700
2015-02-19,36.835099,37.133669,36.724201,37.108078,27603400
2015-02-20,37.116604,37.432238,36.928933,37.415176,29721100
2015-02-23,37.278690,37.696687,37.236038,37.662567,32518800
2015-02-24,37.662566,37.790523,37.466360,37.611382,25271700
2015-02-25,37.491946,37.611374,37.363986,37.526070,29759800
2015-02-26,37.526060,37.730792,37.440752,37.585773,28957300
2015-02-27,37.645494,37.705208,37.244555,37.406635,33807700
2015-03-02,37.253095,37.696686,37.150728,37.432240,31924000
2015-03-03,37.159265,37.389592,36.758326,36.920406,31748600
2015-03-04,36.690068,36.860680,36.579172,36.732723,25748700
2015-03-05,36.741260,36.886282,36.527995,36.775383,23193500
2015-03-06,36.681555,36.775392,35.956456,36.135597,36248800
2015-03-09,35.990570,36.792448,35.990570,36.553589,32108000
2015-03-10,36.127051,36.434153,35.854073,35.854073,39159700
2015-03-11,36.092932,36.144113,35.691993,35.811420,32215300
2015-03-12,35.256942,35.529921,34.856003,34.992493,59992500
2015-03-13,34.719526,35.376382,34.642750,35.299606,58007700
2015-03-16,35.376369,35.521387,35.214285,35.453144,35273500
2015-03-17,35.291063,35.683473,35.103393,35.572575,31673400
2015-03-18,35.342251,36.536535,35.256946,36.255024,44194800
2015-03-19,36.050273,36.331784,36.016153,36.075867,33879100
2015-03-20,36.306199,36.664482,36.246485,36.579178,71904500
2015-03-23,36.579172,36.792437,36.493865,36.562111,26246100
2015-03-24,36.493872,36.826564,36.468281,36.596241,25513300
2015-03-25,36.613310,36.621842,35.350782,35.367844,43469900
2015-03-26,35.163085,35.495777,34.907165,35.154552,37495600
2015-03-27,35.077790,35.342239,34.830405,34.949833,34401400
2015-03-30,35.060731,35.436079,34.898651,34.941303,35049700
2015-03-31,34.787749,35.001014,34.583017,34.685383,34887200
2015-04-01,34.634195,34.770685,34.386811,34.736565,36865300
2015-04-02,34.685390,34.753636,34.224737,34.369759,37487500
2015-04-06,34.412410,35.640814,34.275920,35.444611,39223700
2015-04-07,35.495794,35.751711,35.239877,35.427547,28809400
2015-04-08,35.367833,35.564036,35.009550,35.333710,24753400
2015-04-09,35.188692,35.504323,35.188692,35.384895,25723900
2015-04-10,35.512858,35.785837,35.325184,35.589634,28022000
2015-04-13,35.316650,35.879669,35.308118,35.623749,30276700
2015-04-14,35.657864,35.854067,35.308110,35.529907,24244400
2015-04-15,35.623752,36.220894,35.555509,36.050282,27343600
2015-04-16,35.785832,36.118524,35.674933,35.964973,22509700
2015-04-17,35.546978,35.606695,35.111919,35.504326,42387600
2015-04-20,35.598172,36.826576,35.555519,36.604782,46057700
2015-04-21,36.681541,36.809501,36.280602,36.374439,26013800
2015-04-22,36.400041,36.792451,36.297675,36.673023,25064300
2015-04-23,36.587711,37.201915,36.510935,36.971588,46309500
2015-04-24,38.950689,41.066275,38.942159,40.835949,130933700
2015-04-27,40.289996,41.057751,40.281467,40.972443,59248200
2015-04-28,40.759156,41.979031,40.690913,41.936378,60730800
2015-04-29,41.561042,42.064347,41.373368,41.851082,47804600
2015-04-30,41.543998,42.260568,41.458690,41.492813,64725500
2015-05-01,41.441622,41.697539,41.288071,41.509865,38937300
2015-05-04,41.262469,41.688998,41.100388,41.151573,34039500
2015-05-05,40.793295,41.083336,40.358237,40.605621,50369200
2015-05-06,40.580011,40.750624,39.257771,39.479565,52433000
2015-05-07,39.471052,40.170560,39.377215,39.837868,32971700
2015-05-08,40.562961,40.929777,40.537371,40.733574,35364900
2015-05-11,40.562959,40.870061,40.409409,40.409409,24609400
2015-05-12,39.965820,40.673860,39.599004,40.392349,29928300
2015-05-13,41.108910,41.219808,40.580014,40.631199,34184600
2015-05-14,40.972437,41.646355,40.972437,41.561050,32980900
2015-05-15,41.689002,41.723125,40.989494,41.202759,28642700
2015-05-18,40.929785,41.134521,40.614154,40.955376,24136500
2015-05-19,40.835172,41.049823,40.508902,40.852345,28574800
2015-05-20,40.689208,41.152854,40.586176,40.852345,25047900
2015-05-21,40.594750,40.869503,40.362927,40.714954,22410700
2015-05-22,40.611929,40.654859,40.199800,40.268490,25720600
2015-05-26,40.208389,40.251319,39.658881,40.002323,29581900
2015-05-27,40.199808,41.015482,40.028086,40.878105,27335600
2015-05-28,40.783652,41.230126,40.689205,40.740723,19283700
2015-05-29,40.723538,40.843742,40.002311,40.234135,36519600
2015-06-01,40.405869,41.015477,40.028082,40.551830,28837300
2015-06-02,40.294244,40.654856,40.028076,40.285656,21498300
2015-06-03,40.672033,40.989719,40.199802,40.225559,28002200
2015-06-04,40.174051,40.491734,39.667475,39.804852,27745500
2015-06-05,39.761912,39.942218,39.358367,39.615948,25438100
2015-06-08,39.753316,39.864935,39.212395,39.263912,22121600
2015-06-09,39.289687,39.444236,39.032107,39.195244,24406100
2015-06-10,39.315446,40.208395,39.229584,40.019501,28417400
2015-06-11,40.062433,40.285668,39.607374,39.873539,27347800
2015-06-12,39.684633,39.899284,39.409880,39.469982,23931000
2015-06-15,39.023529,39.195250,38.654329,39.049286,33254500
2015-06-16,38.937656,39.701816,38.894727,39.349789,27070300
2015-06-17,39.263916,39.555841,38.946234,39.469982,28704100
2015-06-18,39.684632,40.182620,39.641699,40.113934,32658300
2015-06-19,40.174054,40.208399,39.487172,39.581615,63837000
2015-06-22,39.779092,40.113947,39.633128,39.693230,20318100
2015-06-23,39.607358,39.736147,39.169469,39.418465,25896500
2015-06-24,39.212406,39.710398,39.109375,39.186649,34890900
2015-06-25,39.521511,39.547271,39.066452,39.195244,20616000
2015-06-26,39.195225,39.736142,38.662889,38.860367,49835300
2015-06-29,38.671480,38.834613,38.087630,38.096214,34081700
2015-06-30,38.388149,38.396737,37.727024,37.907333,35945400
2015-07-01,38.173509,38.834634,37.864411,38.164925,28343900
2015-07-02,38.190669,38.422492,37.830057,38.121983,21752000
2015-07-06,37.744192,38.190666,37.735608,38.113392,23034000
2015-07-07,38.070470,38.199262,37.194694,38.036125,36435800
2015-07-08,38.156337,38.551297,37.804310,37.984619,39785900
2015-07-09,38.422492,38.826037,38.207841,38.225014,32424700
2015-07-10,38.645724,38.757343,38.267939,38.302284,25465800
2015-07-13,38.619969,39.169475,38.594212,39.100788,28178300
2015-07-14,39.023522,39.461408,38.903318,39.169483,22880300
2015-07-15,39.221009,39.401315,39.006358,39.289696,26629600
2015-07-16,39.504334,40.088185,39.469992,40.062428,26271700
2015-07-17,39.967974,40.165453,39.718979,40.028076,29467100
2015-07-20,40.053836,40.465965,39.873527,40.285656,30631900
2015-07-21,40.165463,40.637697,39.907883,40.594765,42781900
2015-07-22,39.014926,40.294246,38.808863,39.100788,59152400
2015-07-23,38.868949,39.693207,38.722985,39.590176,33934000
2015-07-24,39.418476,39.770503,39.324029,39.444233,32333200
2015-07-27,39.444232,39.504334,38.851797,38.937656,39701400
2015-07-28,39.135124,39.186638,38.456827,38.929058,34328900
2015-07-29,38.980576,40.165446,38.860369,39.744732,40945900
2015-07-30,39.718976,40.697786,39.435639,40.251312,39777900
2015-07-31,40.603347,40.672034,39.925050,40.096771,31201500
2015-08-03,40.337184,40.354357,39.882125,40.191223,24125900
2015-08-04,40.139696,40.963954,40.079594,40.817993,33403900
2015-08-05,41.195784,41.564984,40.818000,40.852345,26959700
2015-08-06,40.963954,41.015471,39.779084,40.028076,27368000
2015-08-07,39.830606,40.165460,39.718986,40.131119,19163000
2015-08-10,40.311421,40.775068,40.216974,40.637691,23079900
2015-08-11,40.199794,40.302825,39.409881,39.847767,29237400
2015-08-12,39.658884,40.268495,39.246755,40.131119,30181400
2015-08-13,40.405869,40.440210,39.916465,40.122528,22627200
2015-08-14,39.950810,40.440214,39.942226,40.354355,21473400
2015-08-17,40.191226,40.740732,39.985160,40.629112,21099700
2015-08-18,40.482179,40.992095,40.361182,40.853813,23574100
2015-08-19,40.430317,40.689599,40.015471,40.283394,31485500
2015-08-20,39.816690,40.162397,39.462341,39.462341,36238200
2015-08-21,39.151219,39.306787,37.223907,37.223907,70053100
2015-08-24,34.959522,36.895474,34.328609,36.022568,88753700
2015-08-25,36.791762,37.370821,34.907664,34.976807,70616600
2015-08-26,36.307772,37.025113,35.486723,36.912758,63408000
2015-08-27,37.362179,37.984451,37.102900,37.941238,50943200
2015-08-28,37.509111,38.157310,37.500467,37.967171,28246700
2015-08-31,37.647399,37.967176,37.249834,37.612827,34441700
2015-09-01,36.446061,36.809055,36.005288,36.143570,49688900
2015-09-02,36.610268,37.491819,36.195421,37.474533,37671500
2015-09-03,37.517755,38.010386,37.405400,37.595539,28285200
2015-09-04,36.999197,37.197978,36.471995,36.826344,37138800
2015-09-08,37.422682,38.027668,37.336256,37.932598,32469800
2015-09-09,38.209169,38.373382,37.085625,37.223907,33469500
2015-09-10,37.267117,37.846176,36.947339,37.414043,31366600
2015-09-11,37.284412,37.673332,37.111558,37.578262,27132500
2015-09-14,37.535030,37.543672,37.042400,37.197968,23656000
2015-09-15,37.327602,38.278295,37.232536,38.010372,28882200
2015-09-16,38.001751,38.356100,37.889395,38.286957,23372200
2015-09-17,38.278304,38.891931,38.096809,38.243732,32768200
2015-09-18,37.595548,38.019040,37.448624,37.578262,63143700
2015-09-21,37.699231,38.433858,37.681946,38.122723,26177200
2015-09-22,37.491820,38.070876,37.431322,37.941238,28085900
2015-09-23,37.967167,38.174589,37.604174,37.915310,17145200
2015-09-24,37.552333,38.140033,37.396765,37.949894,27905600
2015-09-25,38.442507,38.658574,37.820235,37.975803,29384600
2015-09-28,37.880747,38.105455,37.344901,37.414043,27613800
2015-09-29,37.483176,37.656030,37.206612,37.543674,32763600
2015-09-30,37.923969,38.286959,37.733830,38.252388,34958900
2015-10-01,38.675863,38.675863,37.811598,38.554867,28657900
2015-10-02,38.261012,39.384556,37.958517,39.384556,41839000
2015-10-05,39.540132,40.525393,39.496919,40.300686,34369300
2015-10-06,40.041391,40.776015,39.946321,40.404381,27017200
2015-10-07,40.706888,40.922954,39.712985,40.447609,27711500
2015-10-08,40.240181,41.069875,40.188324,41.009377,33772700
2015-10-09,41.009373,41.087157,40.551310,40.715523,28600600
2015-10-12,40.603171,40.680955,40.188324,40.620457,19769100
2015-10-13,40.240196,40.732827,40.240196,40.525402,19987800
2015-10-14,40.317968,40.706885,40.214254,40.343895,24697800
2015-10-15,40.629108,40.646394,40.214261,40.629108,27189400
2015-10-16,40.637742,41.087160,40.534031,41.061230,26450300
2015-10-19,40.983446,41.381010,40.637742,41.156300,29387600
2015-10-20,41.000741,41.320521,40.637751,41.285950,30802200
2015-10-21,41.415592,41.476094,40.715540,40.793324,25144300
2015-10-22,41.078514,42.305772,40.698239,41.510647,56637100
2015-10-23,45.201068,46.730818,45.157855,45.693699,135227100
2015-10-26,45.399846,46.946881,45.373919,46.886383,64633300
2015-10-27,46.661672,46.990090,46.307323,46.402390,50999900
2015-10-28,46.272747,46.653023,45.685047,46.653023,47000800
2015-10-29,46.272752,46.523389,45.996187,46.117184,30202100
2015-10-30,46.082623,46.661683,45.477637,45.494923,46619800
2015-11-02,45.676415,46.117192,45.477634,46.013481,30285000
2015-11-03,45.745560,47.007387,45.719633,46.799965,36596900
2015-11-04,46.825890,47.430876,46.722179,47.016029,37087800
2015-11-05,47.093830,47.275325,46.670338,46.998760,31468500
2015-11-06,46.748097,47.517292,46.635741,47.465435,32851200
2015-11-09,47.145660,47.422225,46.290040,46.808598,32513100
2015-11-10,46.730816,46.782673,46.039404,46.246826,55283700
2015-11-11,46.411037,46.843170,46.203612,46.367825,36516300
2015-11-12,46.220897,46.653030,45.970260,46.082615,35361100
2015-11-13,45.866536,46.056675,45.399832,45.667755,36848200
2015-11-16,45.875193,46.575246,45.676409,46.471535,32165200
2015-11-17,46.262707,46.575940,45.984278,46.088692,31551300
2015-11-18,46.114802,46.967490,46.097400,46.854378,29710000
2015-11-19,46.976178,47.559137,46.793456,46.932671,28149200
2015-11-20,47.202410,47.245914,46.349722,47.150204,37147600
2015-11-23,47.202410,47.385129,46.767365,47.150204,28235900
2015-11-24,46.915288,47.367735,46.619460,47.202419,24600000
2015-11-25,47.063198,47.185010,46.715160,46.715160,21005100
2015-11-27,46.810872,47.054499,46.802172,46.923985,9009100
2015-11-30,47.454737,47.820173,46.984887,47.289417,56241400
2015-12-01,47.341627,48.055101,47.245917,48.046402,39952800
2015-12-02,48.133400,48.690257,47.907178,48.037689,47274900
2015-12-03,48.281326,48.524951,46.923984,47.158909,38627800
2015-12-04,47.089296,48.925188,47.071894,48.646759,43963700
2015-12-07,48.542351,48.698968,48.107306,48.559753,30709800
2015-12-08,48.263933,48.812088,47.846290,48.542362,32878000
2015-12-09,48.176913,48.611958,47.428634,47.837578,36373200
2015-12-10,48.194311,48.429236,47.863676,48.089901,31775800
2015-12-11,47.602663,47.941997,46.993598,47.037106,39549500
2015-12-14,47.272024,48.037701,46.706464,47.976795,46768900
2015-12-15,48.429244,48.638067,47.933293,48.029003,39843000
2015-12-16,48.324819,48.942583,47.646147,48.838173,37503300
2015-12-17,49.038306,49.412445,48.316129,48.464046,41280900
2015-12-18,48.524963,48.725084,47.011004,47.098015,84684200
2015-12-21,47.750581,48.159521,47.185021,47.707077,37246300
2015-12-22,47.846282,48.272624,47.419936,48.159512,28322200
2015-12-23,48.464064,48.620680,48.237838,48.568474,27279800
2015-12-24,48.603273,48.690281,48.229134,48.437954,9558500
2015-12-28,48.159504,48.681561,47.837572,48.681561,22458300
2015-12-29,48.977399,49.464647,48.777278,49.203621,27731400
2015-12-30,49.134015,49.403741,48.977398,48.994801,21704500
2015-12-31,48.759873,48.890385,48.220415,48.272621,27334100
2016-01-04,47.263322,47.680965,46.454138,47.680965,53778000
2016-01-05,47.794081,48.194322,47.454746,47.898491,34079700
2016-01-06,47.263325,47.332934,46.671663,47.028400,39518900
2016-01-07,45.853770,46.541143,45.305612,45.392620,56564900
2016-01-08,45.566635,46.358417,45.375217,45.531834,48754000
2016-01-11,45.688456,45.984286,44.774861,45.505737,36943800
2016-01-12,45.905980,46.201811,45.296919,45.923382,36095500
2016-01-13,46.810880,47.045805,44.635653,44.931484,66883600
2016-01-14,45.244705,46.480232,44.870566,46.210506,52381900
2016-01-15,44.644350,45.218609,43.800361,44.365921,71820700
2016-01-19,44.792265,44.966284,43.556738,43.991783,43564500
2016-01-20,43.487120,44.705248,42.721440,44.191895,63273000
2016-01-21,44.374612,44.879266,43.765548,43.922165,40191200
2016-01-22,44.731352,45.531837,44.600837,45.497032,37555800
2016-01-25,45.192508,45.810275,44.940184,45.061996,34707700
2016-01-26,45.061988,45.627545,44.853165,45.392620,28900800
2016-01-27,45.253417,45.418736,44.392029,44.566048,36775200
2016-01-28,45.122902,45.427432,44.592146,45.296921,62513800
2016-01-29,47.620059,47.933292,46.984893,47.933292,83611700
2016-02-01,47.750574,47.933293,47.419939,47.602657,44208500
2016-02-02,47.132808,47.211116,45.810273,46.114803,56313800
2016-02-03,46.332321,46.454134,44.600840,45.383923,57559800
2016-02-04,45.331709,45.949476,44.696543,45.244701,46987100
2016-02-05,45.192506,45.244712,43.121692,43.643745,62009000
2016-02-08,43.112993,43.130395,41.929669,42.991180,59290500
2016-02-09,42.651830,43.713341,42.347296,42.878052,46740500
2016-02-10,43.408829,43.843875,43.086896,43.252213,38237000
2016-02-11,42.356016,43.600246,42.208099,43.234806,48878600
2016-02-12,43.722056,44.096196,43.287011,43.939579,34243300
2016-02-16,44.605592,44.772095,43.930811,44.772095,37291200
2016-02-17,45.122624,46.244335,45.087569,45.937614,40789000
2016-02-18,45.858744,46.402072,45.657183,45.736053,27176000
2016-02-19,45.543268,45.814930,45.157677,45.411816,33559100
2016-02-22,45.814939,46.445904,45.814939,46.139187,25008300
2016-02-23,45.867507,45.893796,44.675688,44.850956,28895300
2016-02-24,44.421553,45.131388,43.992150,45.008701,33014500
2016-02-25,45.332933,45.657177,44.351436,45.657177,26939500
2016-02-26,46.095373,46.165482,44.780867,44.956135,35975900
2016-02-29,44.999939,45.262843,44.395267,44.588062,31654000
2016-03-01,44.666935,46.086601,44.623115,46.077839,33024500
2016-03-02,45.928854,46.410839,45.709769,46.402077,29289900
2016-03-03,46.419606,46.419606,45.376762,45.876274,24427800
2016-03-04,45.920092,45.963908,45.315417,45.595844,33034200
2016-03-07,45.183970,45.394290,44.325160,44.719509,38407800
2016-03-08,44.517951,45.683482,44.342683,45.262840,33835100
2016-03-09,45.473154,46.314437,45.446865,46.305676,28251600
2016-03-10,46.384547,46.393309,44.833429,45.613369,38387800
2016-03-11,46.445920,46.507263,45.902591,46.507263,32275700
2016-03-14,46.191757,46.962935,46.121652,46.594872,24083600
2016-03-15,46.226824,46.962948,46.218062,46.962948,21104800
2016-03-16,46.840254,47.848040,46.796438,47.628956,31691700
2016-03-17,47.506263,48.198571,47.322233,47.900616,28223900
2016-03-18,48.128477,48.172296,46.840262,46.875317,67625500
2016-03-21,46.664977,47.260886,46.384549,47.199543,23925700
2016-03-22,46.980468,47.541324,46.849016,47.383583,23124100
2016-03-23,47.418639,47.532563,47.094395,47.295952,20129000
2016-03-24,47.182031,47.611438,47.085633,47.506275,19950000
2016-03-28,47.506273,47.576382,46.735098,46.919128,17025100
2016-03-29,47.024281,48.075887,46.840251,47.944435,23924300
2016-03-30,48.137238,48.759437,48.110949,48.242397,23008300
2016-03-31,48.154758,48.715613,48.075887,48.400131,26360500
2016-04-01,48.242394,48.733144,47.821752,48.698090,24399200
2016-04-04,48.575397,48.776955,48.198572,48.575397,18928800
2016-04-05,48.365079,48.461476,47.725353,47.812988,19272300
2016-04-06,47.637707,48.373831,47.506255,48.303722,21188700
2016-04-07,48.084655,48.119710,47.523800,47.725357,19225100
2016-04-08,47.909369,48.443936,47.602652,47.690285,22167200
2016-04-11,47.751659,48.330042,47.585153,47.593918,21414200
2016-04-12,47.646484,48.005782,47.111918,47.891861,24944300
2016-04-13,48.303741,48.584169,48.102184,48.505299,20818000
2016-04-14,48.391378,48.706860,48.259926,48.514065,20877100
2016-04-15,48.461476,49.004804,48.294973,48.768196,28793800
2016-04-18,48.627978,49.591948,48.382601,49.478024,23786000
2016-04-19,49.627006,49.749692,48.794484,49.416683,29596800
2016-04-20,49.329048,49.513078,48.627978,48.715611,36195700
2016-04-21,48.899649,49.276475,48.566640,48.882122,38909100
2016-04-22,45.490691,45.946387,44.491667,45.376766,126834100
2016-04-25,45.376773,45.683493,45.245324,45.665966,33226900
2016-04-26,45.797412,45.876283,44.772099,45.078815,33532600
2016-04-27,45.113867,45.131394,44.298873,44.640644,43369300
2016-04-28,44.360217,44.491669,43.431301,43.729256,43134800
2016-04-29,43.247276,44.035982,43.247276,43.702972,48411700
2016-05-02,43.816878,44.474131,43.624082,44.351444,33114500
2016-05-03,44.114835,44.176178,43.466343,43.624084,26460200
2016-05-04,43.676683,43.869479,43.343674,43.702972,24257600
2016-05-05,43.702969,44.079795,43.580283,43.764313,25390700
2016-05-06,43.746789,44.158669,43.518942,44.158669,24787300
2016-05-09,44.246298,44.333931,43.816891,43.878235,17951600
2016-05-10,44.106075,44.780852,43.983385,44.710747,22891000
2016-05-11,44.807158,45.376775,44.693233,44.737049,24039100
2016-05-12,44.868497,45.403064,44.623120,45.140160,24102800
2016-05-13,45.078803,45.481921,44.728270,44.763325,22592300
2016-05-16,44.517956,45.534507,44.474139,45.420586,20032000
2016-05-17,45.641206,45.650029,44.441050,44.573418,27803500
2016-05-18,44.546938,45.129366,44.388094,44.838154,24907500
2016-05-19,44.538118,44.670486,43.964513,44.405746,23842400
2016-05-20,44.546934,45.199961,44.476338,44.670479,23905800
2016-05-23,44.652840,44.723439,44.105711,44.149834,26118700
2016-05-24,44.741083,45.632373,44.476343,45.526478,34757900
2016-05-25,45.817689,46.320698,45.702970,45.994183,24040200
2016-05-26,45.826525,45.870648,45.323519,45.791225,24335200
2016-05-27,45.817697,46.170685,45.685329,46.170685,17721400
2016-05-31,46.117736,46.770763,45.958895,46.770763,37653100
2016-06-01,46.276571,46.726631,46.276571,46.638382,25324800
2016-06-02,46.453073,46.541322,45.747100,46.311878,22840800
2016-06-03,46.223644,46.258940,45.535317,45.702988,23368300
2016-06-06,45.879469,46.197154,45.791220,46.003014,18243300
2016-06-07,46.100073,46.532479,45.976524,45.976524,20866800
2016-06-08,45.905961,46.276596,45.773589,45.923611,21149400
2016-06-09,45.888290,45.888290,45.438234,45.552952,20305700
2016-06-10,45.049955,45.932423,45.041132,45.429417,25833200
2016-06-13,43.752723,44.758735,43.293840,44.246902,83217800
2016-06-14,44.035108,44.211598,43.743892,43.973335,42577100
2016-06-15,43.929226,44.229265,43.849804,43.849804,33757600
2016-06-16,43.699784,44.538128,43.690957,44.467529,31188600
2016-06-17,44.485165,44.502815,43.964509,44.238075,45710500
2016-06-20,44.688145,44.855816,44.149839,44.185139,35607900
2016-06-21,44.299856,45.385290,44.264556,45.173496,34097800
2016-06-22,45.076424,45.411759,44.961702,44.997002,28816800
2016-06-23,45.252913,45.941240,45.138195,45.808868,29028800
2016-06-24,43.955686,44.952871,43.699769,43.973335,133503000
2016-06-27,43.329124,43.373250,42.393712,42.737873,50216300
2016-06-28,43.170286,43.655646,42.949669,43.629169,38140700
2016-06-29,44.043936,44.758736,43.946864,44.599892,31304000
2016-06-30,44.758734,45.270563,44.564590,45.155842,28527800
2016-07-01,45.120542,45.641197,45.067592,45.147015,21400400
2016-07-05,44.855806,45.252914,44.776384,45.155842,24806400
2016-07-06,44.811685,45.482362,44.467523,45.341167,28167500
2016-07-07,45.376464,45.544135,45.067601,45.341167,19585200
2016-07-08,45.650028,46.205983,45.491184,46.153034,28391000
2016-07-11,46.329532,46.620748,46.303059,46.408955,22269200
2016-07-12,46.717815,47.123752,46.585447,46.956081,27317600
2016-07-13,47.264947,47.529687,46.929609,47.220821,25356800
2016-07-14,47.512039,47.644411,47.282599,47.423794,24545500
2016-07-15,47.609102,47.653224,46.956075,47.388485,32024400
2016-07-18,47.388480,47.953258,47.256109,47.617920,31433900
2016-07-19,47.397306,47.564977,46.708983,46.850178,53336500
2016-07-20,49.550516,50.159417,49.003384,49.338722,89893300
2016-07-21,49.400513,49.621130,49.206369,49.241669,32776700
2016-07-22,49.488758,49.974115,49.224016,49.921165,32157200
2016-07-25,49.832930,50.071197,49.647610,50.062370,25610600
2016-07-26,49.877031,50.556531,49.868205,50.088821,28079000
2016-07-27,49.956461,50.124129,49.515227,49.585823,32327500
2016-07-28,49.418153,49.744664,49.171063,49.603470,37550400
2016-07-29,49.647589,50.088822,49.462272,50.018227,30558700
2016-08-01,49.947643,50.080014,49.541709,49.929996,26003400
2016-08-02,50.168260,50.212386,49.691730,49.929996,35122000
2016-08-03,50.018242,50.397703,49.850575,50.274158,22075600
2016-08-04,50.124131,50.759509,50.009409,50.644787,26587700
2016-08-05,50.874230,51.368410,50.697736,51.147793,29335200
2016-08-08,51.236038,51.262511,50.988945,51.236038,19473500
2016-08-09,51.333120,51.624336,51.200752,51.359596,16920700
2016-08-10,51.324282,51.465476,51.024243,51.200737,15756900
2016-08-11,51.209564,51.580202,51.209564,51.447830,18162300
2016-08-12,51.209564,51.350759,50.847753,51.130142,21655200
2016-08-15,51.191926,51.624336,51.147803,51.288998,19283900
2016-08-16,51.155809,51.164687,50.853899,51.004852,20523500
2016-08-17,51.093656,51.217971,50.818385,51.111416,18856400
2016-08-18,50.987081,51.235714,50.853888,51.146915,14214300
2016-08-19,50.995975,51.262365,50.791743,51.164688,17271000
2016-08-22,51.146907,51.280103,50.844998,51.209064,15221900
2016-08-23,51.413301,51.661930,51.368899,51.404419,18732400
2016-08-24,51.324518,51.537631,51.253482,51.457714,18151500
2016-08-25,51.395545,51.759612,51.306747,51.653053,18552600
2016-08-26,51.750743,52.123691,51.226842,51.528751,20971200
2016-08-29,51.661936,52.034880,51.590897,51.590897,16417200
2016-08-30,51.484336,51.670808,51.155789,51.404419,16930200
2016-08-31,51.191330,51.324523,50.880539,51.022614,20860300
2016-09-01,50.623005,51.342259,50.623005,51.138027,26075400
2016-09-02,51.209064,51.670808,50.987073,51.209064,18900500
2016-09-06,51.306753,51.324512,50.800612,51.155800,16278400
2016-09-07,51.031471,51.360018,50.978192,51.200184,17493400
2016-09-08,51.173543,51.315617,50.773957,50.995949,20146100
2016-09-09,50.427655,51.075870,49.912632,49.912632,35113900
2016-09-12,49.726159,50.800598,49.379852,50.658524,29303000
2016-09-13,50.170155,50.303351,49.770569,50.196793,30130200
2016-09-14,50.072479,50.285593,49.752811,49.957043,24062500
2016-09-15,49.859365,50.924923,49.708409,50.782848,26847000
2016-09-16,51.173549,51.173549,50.392137,50.836121,44607000
2016-09-19,50.853880,51.280104,50.480932,50.551971,20937100
2016-09-20,50.924931,50.924931,50.392151,50.445431,17384000
2016-09-21,51.067006,51.368915,50.685183,51.288998,33707300
2016-09-22,51.431065,51.502104,51.173557,51.342270,19822200
2016-09-23,51.386653,51.422173,50.951551,50.995949,19955300
2016-09-26,50.685183,50.738459,50.463191,50.525349,21688700
2016-09-27,50.551987,51.555391,50.329995,51.457714,28065100
2016-09-28,51.395558,51.555393,51.209083,51.528751,20536400
2016-09-29,51.333400,51.653066,50.800618,50.969334,25463500
2016-09-30,51.120278,51.297872,50.916045,51.146915,29910800
2016-10-03,50.978190,51.102505,50.667403,50.987068,19189500
2016-10-04,50.853901,51.146928,50.587511,50.827263,20085900
2016-10-05,50.871651,51.466587,50.845009,51.182438,16726400
2016-10-06,51.271233,51.377788,50.862765,51.271233,16212600
2016-10-07,51.368903,51.484339,50.987076,51.324505,20089000
2016-10-10,51.422188,51.848412,51.386668,51.537624,18196500
2016-10-11,51.404426,51.519863,50.516459,50.782848,26497400
2016-10-12,50.711807,50.853882,50.081351,50.711807,22177500
2016-10-13,50.347733,50.880512,50.010304,50.543083,25313700
2016-10-14,50.720679,51.271221,50.720679,50.987068,27402500
2016-10-17,50.933805,51.022600,50.498700,50.809490,23830000
2016-10-18,51.084747,51.457695,50.978192,51.200184,19149500
2016-10-19,51.031483,51.360030,50.969325,51.084759,22878400
2016-10-20,51.058112,51.075872,50.312220,50.836121,49455600
2016-10-21,53.526666,53.677623,52.825175,52.976128,80032200
2016-10-24,53.224754,54.166000,53.215876,54.166000,54067000
2016-10-25,54.032805,54.494549,53.988408,54.157124,35137200
2016-10-26,53.997298,54.343605,53.695389,53.837463,29911600
2016-10-27,53.819694,54.015048,53.357951,53.366829,28479900
2016-10-28,53.286913,53.739778,52.905090,53.162598,33574700
2016-10-31,53.420099,53.650969,53.206985,53.206985,26434700
2016-11-01,53.251397,53.295795,52.612060,53.100441,24533000
2016-11-02,53.118195,53.215872,52.656452,52.771889,22147000
2016-11-03,52.860683,52.958360,52.487739,52.576534,21600400
2016-11-04,52.079289,52.638706,51.963852,52.132565,28697000
2016-11-07,53.082687,53.739784,53.082687,53.650986,31664800
2016-11-08,53.766417,53.970649,53.411232,53.695381,22935400
2016-11-09,53.278048,53.801949,52.567675,53.429001,49632500
2016-11-10,53.704261,53.713142,51.173555,52.123680,57822400
2016-11-11,51.706334,52.496625,51.510980,52.407829,38767800
2016-11-14,52.407837,52.461117,50.862773,51.608665,41328400
2016-11-15,52.145046,53.182046,52.136104,52.627785,35904100
2016-11-16,52.690359,53.334015,52.574145,53.325077,27332500
2016-11-17,54.004486,54.487229,53.611143,54.210098,32132700
2016-11-18,54.335246,54.657074,53.906142,53.950840,27686300
2016-11-21,54.084941,54.505106,54.013422,54.406769,19652600
2016-11-22,54.514055,54.764364,54.362082,54.639210,23206700
2016-11-23,54.540857,54.621314,53.861444,53.995541,21848900
2016-11-25,53.906144,54.111755,53.754171,54.111755,8409600
2016-11-28,53.941910,54.549807,53.825693,54.183281,20732600
2016-11-29,54.219033,54.898446,54.102817,54.612377,22366700
2016-11-30,54.406774,54.692842,53.834636,53.870392,34655400
2016-12-01,53.736296,53.772055,52.690354,52.922787,34542100
2016-12-02,52.815503,53.164149,52.565191,52.967476,25515700
2016-12-05,53.369766,54.165395,53.244612,53.834629,23552700
2016-12-06,54.022373,54.049191,53.459173,53.593269,19907000
2016-12-07,53.646896,54.871632,53.459164,54.862690,30809000
2016-12-08,54.800110,55.050423,54.388887,54.540859,21220800
2016-12-09,54.692833,55.416947,54.648135,55.399067,27349400
2016-12-12,55.264964,55.694067,55.175568,55.577850,20198100
2016-12-13,55.872868,56.695315,55.640439,56.301971,35718900
2016-12-14,56.319856,56.722141,55.899691,56.033787,30352700
2016-12-15,56.051668,56.453953,55.694080,55.944393,27669900
2016-12-16,56.275163,56.275163,55.533170,55.694084,42453100
2016-12-19,55.926517,57.008215,55.801359,56.874119,34338200
2016-12-20,56.936694,57.035031,56.346676,56.802601,26028400
2016-12-21,56.704264,56.945635,56.427133,56.802601,17096300
2016-12-22,57.070797,57.303227,56.686392,56.811546,22176600
2016-12-23,56.722141,56.802598,56.141061,56.534409,12403800
2016-12-27,56.507594,57.276405,56.507594,56.570171,11763200
2016-12-28,56.677454,56.677454,56.167894,56.310928,14653300
2016-12-29,56.194694,56.498643,56.078478,56.230453,10250600
2016-12-30,56.284100,56.310921,55.452711,55.551048,25579900
2017-01-03,56.132125,56.176823,55.542108,55.944393,20694100
2017-01-04,55.854998,56.096370,55.533170,55.694084,21340000
2017-01-05,55.595747,56.015912,55.452713,55.694084,24876000
2017-01-06,55.694073,56.453946,55.461643,56.176815,19922900
2017-01-09,56.105299,56.391371,55.908629,55.998024,20382700
2017-01-10,56.078485,56.382434,55.676200,55.980148,18593000
2017-01-11,55.971209,56.525467,55.810295,56.489708,21517300
2017-01-12,56.373496,56.677444,55.381193,55.971210,20968200
2017-01-13,55.980151,56.203643,55.738780,56.051670,19422300
2017-01-17,56.033781,56.051661,55.452702,55.899685,20664000
2017-01-18,56.024855,56.051677,55.533175,55.872883,19670100
2017-01-19,55.640448,56.301981,55.604689,55.694084,18451700
2017-01-20,56.024841,56.158937,55.756652,56.087421,30213500
2017-01-23,56.051659,56.427123,55.935442,56.284088,23097600
2017-01-24,56.498649,56.981391,56.266216,56.784718,24672900
2017-01-25,57.169132,57.303225,56.722149,56.927761,23672700
2017-01-26,57.321099,57.696563,56.811536,57.455189,43554600
2017-01-27,58.456438,58.921304,58.009455,58.805084,44818000
2017-01-30,58.724636,58.814031,57.929007,58.224010,31651400
2017-01-31,57.982635,58.241886,57.446257,57.794903,25270500
2017-02-01,57.535652,57.768085,56.740023,56.838360,39671500
2017-02-02,56.543355,56.686389,56.096372,56.471836,45827000
2017-02-03,56.766847,56.945641,56.382441,56.927761,30301800
2017-02-06,56.766836,56.900932,56.445008,56.891991,19796400
2017-02-07,56.981396,57.017152,56.525472,56.704266,20277200
2017-02-08,56.829410,57.043963,56.516523,56.623798,18096400
2017-02-09,56.784728,57.607179,56.605934,57.267467,22644400
2017-02-10,57.437309,57.482010,57.195938,57.213818,18170700
2017-02-13,57.428380,57.982641,57.330043,57.857487,22920100
2017-02-14,57.929443,58.208251,57.578676,58.073341,23108400
2017-02-15,58.010377,58.073334,57.704589,58.037357,17005200
2017-02-16,58.226224,58.675917,57.956413,58.028358,20546300
2017-02-17,57.983407,58.181273,57.830513,58.118317,21248800
2017-02-21,58.109317,58.415105,57.965412,58.001389,20655900
2017-02-22,57.857476,57.911437,57.605649,57.884457,19292700
2017-02-23,57.938435,58.217250,57.731580,58.118317,20273100
2017-02-24,58.037368,58.280206,57.686608,58.118317,21796800
2017-02-27,58.046355,58.046355,57.605658,57.767548,15871500
2017-02-28,57.632631,57.740553,57.344824,57.542690,23239800
2017-03-01,57.677594,58.451066,57.578661,58.406101,26937500
2017-03-02,58.181266,58.235227,57.452762,57.569683,24539600
2017-03-03,57.551680,57.812499,57.218905,57.785519,18135900
2017-03-06,57.533705,58.064339,57.389803,57.803516,18750300
2017-03-07,57.731559,58.262193,57.731559,57.920429,18521000
2017-03-08,57.794525,58.532021,57.785529,58.451073,21510900
2017-03-09,58.630952,58.639941,57.992389,58.217236,19846800
2017-03-10,58.559000,58.693909,58.235220,58.397110,19538200
2017-03-13,58.469068,58.630957,58.073336,58.199249,20100000
2017-03-14,58.037354,58.055345,57.695590,57.929432,14280200
2017-03-15,58.055355,58.388123,57.785537,58.235229,24833800
2017-03-16,58.235217,58.244213,57.830496,58.136284,20674300
2017-03-17,58.379131,58.675923,58.172269,58.343155,49219700
2017-03-20,58.379125,58.621956,58.208240,58.397110,14598100
2017-03-21,58.630955,58.909762,57.677601,57.749554,26640500
2017-03-22,57.668615,58.585986,57.668615,58.487053,20680000
2017-03-23,58.406112,58.675923,58.253211,58.343155,19269200
2017-03-24,58.783849,58.864791,58.244219,58.442085,22617100
2017-03-27,58.127283,58.657924,57.875456,58.549995,18614700
2017-03-28,58.424080,58.882768,58.145272,58.720879,20080400
2017-03-29,58.568002,58.909766,58.415101,58.882786,13618400
2017-03-30,58.837799,59.341459,58.783838,59.098621,15122800
2017-03-31,59.044658,59.530327,58.864777,59.233528,21040300
2017-04-03,59.188574,59.305499,58.630959,58.954739,20400900
2017-04-04,58.810840,59.188580,58.711907,59.116634,12997400
2017-04-05,59.629269,59.674234,58.855797,58.963718,21448600
2017-04-06,58.999710,59.413426,58.891788,59.116634,18103500
2017-04-07,59.224542,59.323475,58.855797,59.071648,14108500
2017-04-10,59.008690,59.197560,58.783843,58.936737,17952700
2017-04-11,58.999695,59.008691,58.325156,58.891773,18791500
2017-04-12,58.837817,58.918766,58.559010,58.666939,17108500
2017-04-13,58.720887,59.233537,58.415092,58.415092,17896500
2017-04-17,58.496041,58.900762,58.469061,58.891773,16689300
2017-04-18,58.756868,59.098632,58.603974,58.810829,15155600
2017-04-19,59.044662,59.134599,58.361127,58.496037,26992800
2017-04-20,58.873779,59.134602,58.585976,58.909756,22299500
2017-04-21,59.062661,59.989027,58.864795,59.719215,32522600
2017-04-24,60.690554,60.852444,60.348783,60.735519,29770000
2017-04-25,61.068277,61.194190,60.798459,61.086262,30242700
2017-04-26,61.230172,61.437027,60.816455,61.005325,26190800
2017-04-27,61.293136,61.499991,60.780487,61.401058,34971000
2017-04-28,61.976658,62.183512,60.879406,61.571930,39548800
2017-05-01,61.769814,62.552282,61.607924,62.426369,31954400
2017-05-02,62.696164,62.696164,62.174519,62.327419,23906100
2017-05-03,62.399362,62.399362,61.796776,62.129551,28928000
2017-05-04,62.084569,62.129541,61.733810,61.886703,21749400
2017-05-05,61.967672,62.084590,61.598921,62.057610,19128800
2017-05-08,62.030620,62.102572,61.535955,62.003639,18566100
2017-05-09,61.931700,62.309440,61.769810,62.093590,22858400
2017-05-10,62.048623,62.561272,61.985666,62.336426,17977800
2017-05-11,61.481993,61.814768,61.266142,61.571930,28789400
2017-05-12,61.706866,61.706866,61.194216,61.500004,18714100
2017-05-15,61.284149,61.589944,60.771499,61.544971,31530300
2017-05-16,61.716836,62.811330,61.653519,62.784195,34956000
2017-05-17,62.313828,62.503781,60.993199,61.038429,30548800
2017-05-18,60.966055,61.626365,60.730872,61.246460,25201300
2017-05-19,61.056506,61.599229,60.993188,61.228371,26961100
2017-05-22,61.409292,61.961062,61.056521,61.915833,16237600
2017-05-23,62.160042,62.187177,61.852494,62.123859,15425800
2017-05-24,62.295740,62.304780,61.915827,62.205280,14593900
2017-05-25,62.386210,63.209339,62.331940,62.974163,21854100
2017-05-26,63.136962,63.516867,62.883685,63.281685,19827900
2017-05-30,63.127910,63.688728,63.109816,63.688728,17072800
2017-05-31,63.797273,63.987226,63.146003,63.173138,30436400
2017-06-01,63.534937,63.869620,62.820349,63.408302,21603600
2017-06-02,63.715880,65.000327,63.534968,64.909874,34770300
2017-06-05,65.099805,65.931981,64.955076,65.380211,33316800
2017-06-06,65.398312,65.687765,65.371170,65.597305,31511100
2017-06-07,65.705856,65.823444,65.081721,65.479721,22301800
2017-06-08,65.588266,65.597307,64.674678,65.081718,24588300
2017-06-09,65.163115,65.199297,62.042445,63.607304,49187400
2017-06-12,62.639476,63.263611,61.626387,63.118881,47761700
2017-06-13,63.335939,64.059574,63.281668,63.905804,25258600
2017-06-14,64.141020,64.312878,62.802296,63.562107,25510700
2017-06-15,62.657548,63.507819,62.232420,63.227413,26068700
2017-06-16,63.073644,63.345002,62.612326,63.317867,48345100
2017-06-19,63.770130,64.168130,63.634448,64.104813,23798300
2017-06-20,64.059575,64.104805,63.200264,63.236446,21512200
2017-06-21,63.507837,63.878702,63.263614,63.562107,19891100
2017-06-22,63.806329,63.851552,63.055558,63.553059,22965700
2017-06-23,63.399235,64.448505,63.245465,64.412323,27617300
2017-06-26,64.584217,64.864623,63.715859,63.797264,19607000
2017-06-27,63.417371,63.480689,62.576148,62.603283,25215100
2017-06-28,62.603254,63.173112,62.223348,63.136936,25806200
2017-06-29,62.757040,62.856540,61.590182,61.952000,28918700
2017-06-30,62.214312,62.757035,62.178130,62.349995,24161100
2017-07-03,62.711830,62.956053,61.526877,61.662560,16165500
2017-07-05,61.743949,62.811307,61.707766,62.485672,21176300
2017-07-06,61.753003,62.214321,61.617328,62.024368,21117600
2017-07-07,62.141965,63.173141,62.141965,62.829418,16878300
2017-07-10,62.829432,63.544020,62.594249,63.299797,15014500
2017-07-11,63.317859,63.932947,63.091723,63.308811,17460000
2017-07-12,63.941998,64.475673,63.815362,64.358086,17750900
2017-07-13,64.674661,65.163114,64.502796,64.918884,20269800
2017-07-14,65.344036,66.275712,65.090766,65.832489,25868100
2017-07-17,65.850582,66.438529,65.778218,66.348076,21803900
2017-07-18,66.112904,66.384269,65.723958,66.302864,26435300
2017-07-19,66.483767,66.972220,66.438537,66.809402,22416200
2017-07-20,67.098850,67.207398,66.284762,67.135033,42361000
2017-07-21,66.438516,67.198334,66.185245,66.746063,46717100
2017-07-24,66.510878,66.709878,66.149061,66.574196,21394800
2017-07-25,66.755117,67.216428,66.483752,67.107887,22018700
2017-07-26,67.243558,67.279740,66.764152,66.981247,16252200
2017-07-27,66.718955,67.315948,65.416413,66.176231,36844200
2017-07-28,65.732975,66.311880,65.615387,66.067657,18306700
2017-07-31,66.302847,66.429482,65.497806,65.760117,23600100
2017-08-01,66.121947,66.411400,65.570176,65.651588,22132300
2017-08-02,65.624439,65.633480,64.620398,65.362122,26499200
2017-08-03,65.298794,65.524929,64.991246,65.262611,18214400
2017-08-04,65.488765,66.067670,65.344035,65.742035,22579000
2017-08-07,65.850572,65.941025,65.362119,65.488754,18705700
2017-08-08,65.208355,66.149078,64.900814,65.841537,22044600
2017-08-09,65.353093,65.588276,65.172188,65.552094,22213400
2017-08-10,65.036477,65.298795,64.538977,64.593254,24734500
2017-08-11,64.774168,65.760114,64.475667,65.579208,21443700
2017-08-14,66.085772,66.682773,65.986272,66.565178,20096600
2017-08-15,66.919810,66.919810,66.419666,66.583351,19181400
2017-08-16,66.692451,67.383567,66.537862,66.974358,18150400
2017-08-17,66.910722,67.174438,65.837677,65.837677,22977500
2017-08-18,65.719450,66.237785,65.410270,65.919510,18761500
2017-08-21,65.901339,65.910434,65.201128,65.610344,17734800
2017-08-22,65.792214,66.601545,65.792214,66.528801,14343700
2017-08-23,66.346922,66.519703,65.955897,66.128677,13766500
2017-08-24,66.146866,66.255992,65.537596,66.101402,17098300
2017-08-25,66.256010,66.701595,65.910456,66.219635,12794300
2017-08-28,66.437863,66.465143,65.974094,66.228714,14569700
2017-08-29,65.701273,66.528795,65.519404,66.428764,11478400
2017-08-30,66.392398,67.483627,66.228712,67.301758,16897800
2017-08-31,67.319942,68.165647,67.110793,67.992867,27652800
2017-09-01,67.938287,67.965567,66.965272,67.238083,21736200
2017-09-05,66.692472,67.192623,66.365109,66.938004,21556000
2017-09-06,67.056227,67.329037,66.701577,66.747047,16535800
2017-09-07,67.001640,67.838250,66.928890,67.601814,17471200
2017-09-08,67.592765,67.692795,67.147174,67.274490,14703800
2017-09-11,67.574533,68.147434,67.574533,67.983749,17910400
2017-09-12,67.983754,68.420242,67.629104,67.911003,14394900
2017-09-13,68.138363,68.411174,67.792808,68.392982,13380800
2017-09-14,68.202022,68.647607,67.765526,67.992867,15733900
2017-09-15,68.047421,68.556660,67.356305,68.483910,38578400
2017-09-18,68.411151,69.084075,68.238370,68.347496,23307000
2017-09-19,68.392986,68.847667,68.211117,68.602142,16093300
2017-09-20,68.520264,68.702140,67.574529,68.147430,21587900
2017-09-21,68.302038,68.420252,67.392677,67.483612,19186100
2017-09-22,67.283530,67.756401,67.156220,67.665466,14111400
2017-09-25,67.374492,67.519993,66.310542,66.619728,24149200
2017-09-26,66.992562,67.119872,66.374197,66.619728,18019600
2017-09-27,66.883454,67.447253,66.537892,67.156258,19565100
2017-09-28,66.874340,67.265365,66.665184,67.174431,10883800
2017-09-29,67.238092,67.783706,67.183525,67.738235,17079100
2017-10-02,67.938301,68.211112,67.565467,67.847366,15304800
2017-10-03,67.901940,68.092905,67.465451,67.529106,12190400
2017-10-04,67.374483,67.947385,67.028929,67.920105,13317700
2017-10-05,68.402071,69.220497,68.165635,69.084091,21195300
2017-10-06,68.811261,69.138631,68.693046,69.111351,13959800
2017-10-09,69.084074,69.611504,68.984044,69.375069,11386500
2017-10-10,69.411444,69.684248,69.238663,69.375069,13944500
2017-10-11,69.438757,69.529692,69.065916,69.493317,15388900
2017-10-12,69.556951,70.284442,69.447832,70.129852,16876500
2017-10-13,70.557266,70.811893,70.284462,70.466331,15335700
2017-10-16,70.402691,70.757341,70.339036,70.611847,12380100
2017-10-17,70.448132,70.584538,70.248072,70.557251,16824000
2017-10-18,70.630014,70.793699,70.357210,70.575455,13300700
2017-10-19,70.539065,70.866435,70.339005,70.848251,15092800
2017-10-20,71.221102,71.812188,71.130168,71.666687,22866400
2017-10-23,71.830362,72.148637,71.621213,71.684868,20627200
2017-10-24,71.748518,72.021322,71.348397,71.712143,17517200
2017-10-25,71.457519,71.930383,70.939184,71.502983,20410800
2017-10-26,72.021337,72.221398,71.612128,71.621223,32120700
2017-10-27,76.722732,78.386856,76.031616,76.213486,71066700
2017-10-30,76.113451,76.686353,75.576932,76.286232,31756700
2017-10-31,76.713617,76.713617,75.576917,75.640572,27086600
2017-11-01,76.095252,76.168002,75.367761,75.640572,22307400
2017-11-02,75.795176,76.804566,75.586027,76.431732,23992900
2017-11-03,76.459006,76.877311,75.840640,76.513565,17633500
2017-11-06,76.568098,77.022778,76.458979,76.813629,19860900
2017-11-07,77.086463,77.204684,76.322603,76.631783,17939700
2017-11-08,76.513571,76.940971,76.231671,76.895500,18034200
2017-11-09,76.486262,76.631756,75.385937,76.468071,21178400
2017-11-10,76.195293,76.477192,75.686054,76.268044,19397800
2017-11-13,76.077062,76.331682,75.895186,76.322586,14196900
2017-11-14,75.931581,76.477196,75.458717,76.431732,18801300
2017-11-15,76.285484,76.486549,75.572622,75.837662,19383100
2017-11-16,75.947335,76.239792,75.801111,76.038727,20962800
2017-11-17,75.965631,75.965631,75.161370,75.307602,22079000
2017-11-20,75.307599,75.481240,75.170508,75.426407,16315000
2017-11-21,75.618310,76.623629,75.618310,76.513962,21237500
2017-11-22,76.614495,76.678470,75.892492,75.956467,20553100
2017-11-24,75.865078,76.248925,75.654871,76.093559,7425600
2017-11-27,76.139273,76.751610,76.130139,76.651077,18265200
2017-11-28,76.833841,77.738627,76.788142,77.574120,21926000
2017-11-29,77.418762,77.610686,76.020455,76.166679,27381100
2017-11-30,76.322036,77.245097,76.166663,76.925224,33054600
2017-12-01,76.404304,77.510155,76.057015,77.007500,29532100
2017-12-04,77.153709,77.162850,73.753900,74.101196,39094900
2017-12-05,74.338832,75.563498,74.009825,74.567314,26152300
2017-12-06,74.530758,75.983899,74.421084,75.654884,26162100
2017-12-07,75.435554,75.673177,74.942032,75.389854,23184500
2017-12-08,76.431705,77.299940,76.157531,76.916092,24489100
2017-12-11,77.034904,78.021946,76.879538,77.893997,22857900
2017-12-12,77.967111,78.643422,77.756911,78.213875,23924100
2017-12-13,78.360108,78.597731,77.839170,78.003677,22062700
2017-12-14,78.076794,78.478924,77.254258,77.400490,19306000
2017-12-15,77.921409,79.593890,77.574113,79.374550,53936700
2017-12-18,79.621341,79.968631,78.807947,78.945030,22283800
2017-12-19,78.917599,78.917599,77.930556,78.442360,23524800
2017-12-20,78.780536,78.871934,77.418786,78.159065,23674900
2017-12-21,78.643410,78.689102,78.049356,78.140747,17990700
2017-12-22,78.049393,78.259592,77.610705,78.149925,14145800
2017-12-26,77.967128,78.168193,77.711229,78.049385,9891200
2017-12-27,78.277846,78.579444,77.884857,78.332680,14678000
2017-12-28,78.506350,78.533767,78.186477,78.341843,10594300
2017-12-29,78.259580,78.643435,78.140772,78.177330,18717400
2018-01-02,78.716547,78.881054,78.140776,78.552040,22483800
2018-01-03,78.652540,79.063811,78.570290,78.917580,26061400
2018-01-04,79.136944,80.114853,79.118669,79.612190,21912000
2018-01-05,80.114817,80.800262,79.904611,80.599197,23407100
2018-01-08,80.608365,80.955661,80.060010,80.681480,22113000
2018-01-09,81.019629,81.092745,80.297626,80.626640,19484300
2018-01-10,80.297621,80.599218,79.886356,80.261063,18652200
2018-01-11,80.544403,80.544403,79.731008,80.498711,17808900
2018-01-12,81.037896,82.052355,80.836831,81.887848,24271500
2018-01-16,82.344817,82.975429,80.434713,80.745445,36599700
2018-01-17,81.412625,82.509335,81.111028,82.381386,25621200
2018-01-18,82.070659,82.865772,81.942710,82.344833,24159700
2018-01-19,82.381390,82.810937,81.942709,82.253441,36875000
2018-01-22,82.253438,83.734002,82.015815,83.724861,23601600
2018-01-23,83.989899,84.355471,83.660884,83.989899,23412800
2018-01-24,84.583964,85.388217,83.697453,83.916794,33277500
2018-01-25,84.510838,85.214559,84.017317,84.382889,26383200
2018-01-26,85.104925,85.964012,84.611403,85.964012,29172200
2018-01-29,86.951021,87.234336,85.653246,85.836029,31569900
2018-01-30,85.269395,85.598409,84.172679,84.757591,38635100
2018-01-31,85.680672,87.188653,85.461331,86.832222,48756300
2018-02-01,86.631147,87.800972,85.525296,86.146767,47227900
2018-02-02,85.580123,85.881721,83.624320,83.880219,47867800
2018-02-05,82.765218,85.214543,80.425568,80.425568,51031500
2018-02-06,79.411132,83.606062,77.912292,83.468971,67998600
2018-02-07,82.701241,83.871066,81.522275,81.896988,41107600
2018-02-08,81.988394,82.143760,77.464458,77.692940,55628700
2018-02-09,78.871915,81.275541,76.614514,80.590096,63499100
2018-02-12,81.101890,82.052375,80.361611,81.458321,35720300
2018-02-13,81.275525,82.253427,80.242790,82.098061,26407700
2018-02-14,81.271681,83.548863,81.179860,83.383583,34960900
2018-02-15,83.750852,85.137366,83.209106,85.082275,27823900
2018-02-16,84.889461,85.853595,84.292624,84.476265,30596900
2018-02-20,83.998776,85.449559,83.567212,85.137367,30911700
2018-02-21,85.376134,85.725055,84.007980,84.007980,26922500
2018-02-22,84.522155,85.146545,83.888581,84.228325,24392800
2018-02-23,85.945425,86.376990,84.806834,86.367805,26329200
2018-02-26,86.679988,87.644115,86.542254,87.616570,30199800
2018-02-27,87.910413,88.002234,86.496353,86.496353,25869100
2018-02-28,87.083981,87.882835,85.972936,86.101486,31167300
2018-03-01,86.303507,86.836076,84.329332,85.256737,37135600
2018-03-02,84.090607,85.532212,83.429487,85.440392,32830400
2018-03-05,84.788451,86.560616,84.714998,85.982140,23901600
2018-03-06,86.624921,86.762656,85.339418,85.688339,22175800
2018-03-07,85.541369,86.257579,84.871065,86.184120,26716100
2018-03-08,86.560631,87.322756,86.101521,86.707550,25887800
2018-03-09,87.497229,88.645004,87.230944,88.645004,36937300
2018-03-12,88.608277,89.260213,88.185897,88.856194,26073700
2018-03-13,89.067342,89.287713,86.285137,86.689156,35387800
2018-03-14,87.341124,87.607409,85.853604,86.174980,32132000
2018-03-15,85.881152,86.845286,85.238401,86.477997,27611000
2018-03-16,86.937084,87.579835,86.239235,86.863625,49081300
2018-03-19,86.073950,86.220869,84.577254,85.293465,33344100
2018-03-20,85.440387,86.101500,85.394474,85.513840,23075200
2018-03-21,85.330196,86.358605,84.669076,84.917000,24457100
2018-03-22,83.805953,84.246702,82.327625,82.446991,38604700
2018-03-23,82.180709,83.062199,79.958617,80.050438,44068900
2018-03-26,83.199924,86.312689,83.007098,86.110680,56396800
2018-03-27,87.175826,87.359467,81.271670,82.153160,56569000
2018-03-28,82.474539,83.769233,81.602233,82.079704,52501100
2018-03-29,82.805097,84.742542,81.170667,83.805954,45867500
2018-04-02,83.071387,83.447854,80.353456,81.280853,48515400
2018-04-03,82.254169,82.685734,80.702375,82.373535,37213800
2018-04-04,80.665652,85.174117,80.555470,84.779282,35560000
2018-04-05,84.880286,85.458762,83.925336,84.825188,29771900
2018-04-06,84.007950,84.898625,82.162333,82.850998,38026000
2018-04-09,83.594771,85.550577,83.209120,83.346848,31533900
2018-04-10,84.834361,85.651576,84.145695,85.284286,26812000
2018-04-11,84.485436,85.660757,83.998781,84.347702,24872100
2018-04-12,84.871086,86.459609,84.871086,85.927040,26758900
2018-04-13,86.358631,86.477998,84.880296,85.467957,23346100
2018-04-16,86.376990,86.918744,85.780146,86.468811,20288100
2018-04-17,87.230922,88.644982,87.120733,88.213417,26771000
2018-04-18,88.351144,88.810255,87.708386,88.553154,21043300
2018-04-19,88.553159,89.131636,87.543111,88.250145,23552500
2018-04-20,88.066526,88.250167,86.358635,87.230942,31154400
2018-04-23,87.910405,88.415429,86.891180,87.552299,22331800
2018-04-24,88.369512,88.580706,84.852734,85.504669,34524800
2018-04-25,85.669930,85.669930,82.896902,84.760887,33729300
2018-04-26,85.899494,87.368645,85.486291,86.551430,42529000
2018-04-27,89.618303,89.893771,86.230074,87.983871,48272800
2018-04-30,88.452160,88.516435,85.532219,85.871956,41523600
2018-05-01,85.587326,87.497227,85.201675,87.230942,31408900
2018-05-02,87.221748,87.387027,85.568955,85.862785,27471000
2018-05-03,85.357766,87.166661,84.889472,86.376991,31142500
2018-05-04,85.688332,87.570686,85.321042,87.377861,22531300
2018-05-07,87.387032,88.801092,87.322756,88.351166,24242000
2018-05-08,88.011408,88.296061,87.286013,87.974678,23484600
2018-05-09,88.158331,89.039821,87.276840,89.012276,27327400
2018-05-10,89.489736,89.939661,89.113269,89.902939,22388100
2018-05-11,89.801964,89.866239,89.104115,89.710136,16778300
2018-05-14,89.912118,90.619151,89.352003,90.013123,19454100
2018-05-15,89.287716,89.847831,88.461317,89.361176,24594000
2018-05-16,89.785405,89.822294,89.102979,89.591743,17384700
2018-05-17,89.232098,89.951413,88.374451,88.697220,17246700
2018-05-18,88.540436,89.388859,88.540436,88.863205,17865800
2018-05-21,89.453418,90.384842,89.268981,90.006737,19422500
2018-05-22,90.080509,90.532385,89.637850,89.914513,15441200
2018-05-23,89.185989,91.048837,88.826331,90.984283,21251200
2018-05-24,91.048813,91.242474,89.278184,90.661484,26649300
2018-05-25,90.652258,91.279355,90.246488,90.707588,18363900
2018-05-29,90.228055,91.187144,89.665519,90.384834,28671000
2018-05-30,90.661486,91.528357,90.292612,91.251694,22158500
2018-05-31,91.565263,92.210800,90.938166,91.150269,34140900
2018-06-01,91.556038,93.013116,91.454596,92.948563,28655600
2018-06-04,93.381965,93.935283,93.003860,93.760063,27281600
2018-06-05,94.064404,94.368731,93.630969,94.239624,23514400
2018-06-06,94.507057,94.617716,93.972179,94.516273,21122900
2018-06-07,94.663830,94.700719,92.570432,93.031532,28232200
2018-06-08,93.225224,94.018317,92.718018,93.723213,22165100
2018-06-11,93.151435,93.686306,92.837883,93.188324,23490900
2018-06-12,93.234432,93.557200,92.911663,93.428093,18325200
2018-06-13,93.806208,94.073647,92.736452,93.003891,29492900
2018-06-14,93.741650,94.092084,93.142219,93.529541,25691800
2018-06-15,93.612538,93.630979,92.284567,92.339897,65738600
2018-06-18,92.229261,93.243680,91.685159,93.013130,23586000
2018-06-19,91.897269,93.142238,91.758937,93.013130,28653100
2018-06-20,93.483427,94.543951,93.252877,93.944527,26180800
2018-06-21,94.138195,94.488628,93.031550,93.271324,23198200
2018-06-22,92.598122,92.930107,91.878800,92.598122,38923100
2018-06-25,92.220010,92.321453,89.730073,90.735268,35433300
2018-06-26,91.131800,92.293774,91.067247,91.371574,26897200
2018-06-27,91.832698,92.238461,89.822301,89.951408,31298400
2018-06-28,89.803846,91.399256,89.693187,90.956596,26650700
2018-06-29,91.233237,92.136996,90.679918,90.938133,28053200
2018-07-02,90.467820,92.275331,90.375601,92.229225,19564500
2018-07-03,92.662672,92.800996,91.242483,91.343925,14670300
2018-07-05,91.758899,92.146221,91.325463,91.998672,18977400
2018-07-06,92.118574,93.538763,91.915689,93.289772,19234600
2018-07-09,93.741642,94.294960,93.372760,93.926079,18212000
2018-07-10,94.064413,94.534737,93.935305,94.175079,19293100
2018-07-11,93.280539,94.377953,93.234427,94.045967,19644600
2018-07-12,94.774501,96.286915,94.737619,96.084030,24335900
2018-07-13,96.250024,97.384327,95.991803,97.227554,24635200
2018-07-16,97.199892,97.587215,96.388352,96.748016,21786900
2018-07-17,96.471348,98.214305,96.203909,97.707092,25901700
2018-07-18,97.697877,97.799320,96.572792,96.941673,29493900
2018-07-19,96.766444,97.116878,95.807355,96.277679,40171600
2018-07-20,99.671392,99.782051,97.826992,98.002205,56004000
2018-07-23,98.029881,99.726726,97.873102,99.569954,29707000
2018-07-24,100.123271,100.353821,98.915191,99.284073,26316600
2018-07-25,99.560719,102.502539,99.228726,102.207436,30702100
2018-07-26,102.124451,102.364225,100.980924,101.091591,31372100
2018-07-27,101.608014,101.608014,97.882324,99.302513,37005300
2018-07-30,98.850630,99.164174,96.609683,97.172226,34668300
2018-07-31,98.205087,98.417196,97.181444,97.826988,27655200
2018-08-01,97.780871,98.168194,97.218329,98.011421,23628700
2018-08-02,97.199907,99.680621,96.683471,99.201080,26104300
2018-08-03,99.413203,99.643753,98.509444,99.634529,18659600
2018-08-06,99.708297,99.984953,99.191860,99.717514,20265900
2018-08-07,100.114061,100.612050,99.754403,100.409164,16080200
2018-08-08,100.824131,101.211454,100.298478,100.971680,15487500
2018-08-09,101.174569,101.589563,101.073126,101.137680,13677200
2018-08-10,100.907151,101.156149,99.948062,100.519829,18183700
2018-08-13,100.741155,101.054707,99.689848,99.791290,18472500
2018-08-14,100.114040,101.211460,99.634499,101.036240,16788300
2018-08-15,100.434512,100.897386,98.888512,99.666145,29982800
2018-08-16,100.258619,100.777036,99.332870,99.647621,21384300
2018-08-17,99.388406,99.888311,98.768156,99.592072,18061500
2018-08-20,99.527286,99.888327,98.573765,98.934807,17914200
2018-08-21,98.981070,99.379142,97.990518,98.110870,22881900
2018-08-22,97.990532,99.369896,97.925730,99.110687,18000600
2018-08-23,99.194017,100.147537,98.934808,99.573570,18167700
2018-08-24,99.675427,100.499343,99.573594,100.351227,17234000
2018-08-27,101.156598,101.499128,100.453034,101.462097,19662300
2018-08-28,101.776835,102.295252,101.637971,102.073074,19151500
2018-08-29,102.248975,103.711660,102.082339,103.702400,20818000
2018-08-30,103.378403,104.248609,103.165484,103.637611,22798700
2018-08-31,103.396886,104.405949,103.239503,103.989365,23222700
2018-09-04,102.619276,103.646858,102.036056,103.415421,22634600
2018-09-05,102.767401,103.146954,100.073468,100.434509,32872400
2018-09-06,100.212332,100.897384,99.527280,100.665947,23477600
2018-09-07,100.193820,100.647435,99.268071,100.175301,22498600
2018-09-10,100.758525,101.499127,100.314170,101.258430,20727900
2018-09-11,100.814074,103.304335,100.804815,102.980324,24301800
2018-09-12,103.156212,103.545025,102.304525,103.415421,18891100
2018-09-13,103.795002,105.285458,103.795002,104.526344,26055600
2018-09-14,104.942912,105.285442,104.091224,104.952171,19122300
2018-09-17,105.248406,105.257658,103.554283,103.813492,20736500
2018-09-18,103.859786,105.257662,103.424683,104.804047,22170900
2018-09-19,104.655887,104.905836,102.795130,103.406120,21728400
2018-09-20,103.943127,105.350270,103.619116,105.137344,23714500
2018-09-21,105.535381,106.729598,105.081766,105.776077,71229700
2018-09-24,104.637412,106.368565,103.887557,106.155640,27334500
2018-09-25,106.275983,106.553704,105.303944,105.951965,22668000
2018-09-26,105.970491,106.516680,105.294691,105.516876,19352000
2018-09-27,106.257462,106.377814,105.720526,105.914940,19091300
2018-09-28,105.711295,106.063077,105.239161,105.877930,21647800
2018-10-01,106.229688,107.090635,106.211177,107.025833,18883100
2018-10-02,106.738885,107.238784,105.942740,106.600021,20787200
2018-10-03,106.849945,107.553516,106.396330,106.618507,16648000
2018-10-04,106.100093,106.238956,103.341358,104.415230,34821700
2018-10-05,104.267112,104.767017,102.424873,103.804237,29068900
2018-10-08,103.369132,103.711654,101.221387,102.619270,29640600
2018-10-09,102.887742,104.683697,102.572991,103.924583,26198600
2018-10-10,102.980327,103.221024,97.934997,98.277527,61376300
2018-10-11,97.527650,100.841833,96.463037,98.046074,63904300
2018-10-12,100.915894,102.980310,99.166229,101.434311,47742100
2018-10-15,100.823332,101.351008,99.008857,99.610596,32068100
2018-10-16,101.406555,103.137709,100.860360,102.758148,31610200
2018-10-17,103.387647,103.507992,101.415805,102.489670,26548200
2018-10-18,101.924976,102.323049,99.823529,100.443779,32506200
2018-10-19,100.841838,102.628533,100.175297,100.591888,32785500
2018-10-22,101.202896,102.332311,100.203085,101.489876,26545600
2018-10-23,99.767972,100.878875,97.305483,100.073471,43770400
2018-10-24,100.360448,100.434503,94.046834,94.722633,63897800
2018-10-25,98.638568,101.156600,98.268267,100.258629,61646800
2018-10-26,97.842399,100.675188,96.981452,99.018097,55523100
2018-10-29,100.082715,100.628904,94.083859,96.139023,55162000
2018-10-30,95.963152,96.629685,92.676740,96.027954,65350900
2018-10-31,97.610978,100.110497,97.564688,98.879250,51062400
2018-11-01,99.101445,99.351394,97.694302,98.055344,33384200
2018-11-02,98.573766,99.351392,97.185143,98.277527,37680200
2018-11-05,98.471922,99.740193,98.036819,99.527275,27922100
2018-11-06,99.406937,100.758529,98.388614,99.721695,24340200
2018-11-07,101.313951,103.906044,101.276921,103.646835,37901700
2018-11-08,103.498752,103.878305,102.674835,103.452461,25644100
2018-11-09,102.619268,103.174716,100.684457,101.434311,32039200
2018-11-12,101.295463,101.795368,98.221976,98.934807,33621800
2018-11-13,99.564311,100.665947,98.721876,98.999603,35374600
2018-11-14,100.505806,100.654569,97.130821,97.595695,39495100
2018-11-15,97.614276,100.226874,96.610153,99.743401,38505200
2018-11-16,99.557455,101.230997,99.297126,100.682449,33502100
2018-11-19,100.663855,100.933483,96.275448,97.270279,44773900
2018-11-20,94.648386,95.736190,92.370498,94.564705,64052500
2018-11-21,96.321938,97.093631,95.057480,95.866364,28130600
2018-11-23,94.992380,96.517167,94.834325,95.829155,13823100
2018-11-26,97.428333,99.139067,97.233087,98.990311,32336200
2018-11-27,98.804337,99.789875,97.958270,99.613220,29124500
2018-11-28,100.310539,103.508875,100.282648,103.313629,46788500
2018-11-29,102.579131,103.313633,101.370456,102.448967,28123200
2018-11-30,102.923146,103.174182,101.677286,103.099800,33665600
2018-12-03,105.061544,105.452036,102.951018,104.215469,34732800
2018-12-04,104.076039,104.726860,100.608074,100.896294,45197000
2018-12-06,98.385986,101.565725,97.623593,101.519241,49107400
2018-12-07,100.766093,101.760923,96.972726,97.456192,45044900
2018-12-10,97.437617,100.394217,96.591543,100.031609,40801500
2018-12-11,102.086359,103.155564,99.892152,100.961357,42381900
2018-12-12,103.099796,103.453098,101.379763,101.416954,36183000
2018-12-13,101.881820,103.081196,100.998555,101.760948,31333400
2018-12-14,100.645242,101.584289,98.088434,98.581200,47043100
2018-12-17,98.004766,98.367367,94.564693,95.661797,56957300
2018-12-18,96.461401,97.168012,95.317807,96.665947,49319200
2018-12-19,96.368411,99.371494,94.229987,96.405602,68198200
2018-12-20,95.810582,96.982060,91.840552,94.378769,70334200
2018-12-21,94.490308,95.764066,90.613260,91.329170,111242100
2018-12-24,90.817837,91.087465,87.377771,87.517227,43935200
2018-12-26,88.456264,93.616370,87.359161,93.495499,51634800
2018-12-27,92.323998,94.081222,89.627727,94.071922,49498500
2018-12-28,94.918010,95.215536,92.528557,93.337440,38196300
2018-12-31,94.174234,95.206256,93.383949,94.434563,33173800
2019-01-02,92.556462,94.601906,91.989315,94.016167,35329300
2019-01-03,93.067821,93.151502,90.371549,90.557503,42579100
2019-01-04,92.714491,95.308489,91.979989,94.769234,44060600
2019-01-07,94.499591,96.015078,93.885961,94.890083,35656100
2019-01-08,95.801255,96.665921,94.564688,95.578117,31514400
2019-01-09,96.563654,97.511994,95.987208,96.944847,32280800
2019-01-10,95.968636,96.461401,95.187643,96.321938,30067600
2019-01-11,95.940719,96.173156,94.499606,95.578117,28314200
2019-01-14,94.741342,95.643199,94.146304,94.880806,28437100
2019-01-15,95.308525,97.670087,94.722779,97.632896,31587600
2019-01-16,97.865302,98.795051,97.586375,97.976868,29853900
2019-01-17,97.623581,99.139068,97.400443,98.664902,28393000
2019-01-18,99.910759,100.319851,98.469653,100.143196,37427600
2019-01-22,99.250613,99.576024,97.493390,98.255783,32371300
2019-01-23,98.664892,99.520259,97.939682,99.213440,25874300
2019-01-24,99.352910,99.483075,97.939689,98.739273,23164800
2019-01-25,99.706195,100.301234,98.739256,99.641113,31225600
2019-01-28,98.795040,98.999586,97.307444,97.697937,29476700
2019-01-29,97.511997,97.595678,94.992380,95.708290,31490500
2019-01-30,97.270279,98.906631,97.000652,98.906631,49471900
2019-01-31,96.507866,97.828107,95.931420,97.093605,55636400
2019-02-01,96.489288,96.786807,95.159748,95.559540,35535700
2019-02-04,95.643234,98.367397,95.550253,98.311607,31315100
2019-02-05,98.609095,99.734090,98.516122,99.687607,27325400
2019-02-06,99.483057,99.483057,98.116326,98.581200,20609800
2019-02-07,97.800229,98.172122,96.963454,97.874603,29760700
2019-02-08,97.056437,98.348786,96.935572,98.246513,21461100
2019-02-11,98.739276,99.092585,97.595690,97.856018,18914100
2019-02-12,98.683464,99.613212,98.069834,99.380775,25056600
2019-02-13,99.947948,100.208276,99.213446,99.306419,18394900
2019-02-14,98.841551,99.752708,98.237220,99.390106,21784700
2019-02-15,100.329158,100.691760,99.817794,100.617378,26606900
2019-02-19,100.217560,101.026444,100.208261,100.570862,18038500
2019-02-20,100.710921,100.785620,99.244982,100.047981,21607700
2019-02-21,99.814566,102.223563,99.786556,102.158203,29063200
2019-02-22,102.755749,103.829520,102.540991,103.614769,27763200
2019-02-25,104.352448,104.744608,103.885588,104.193710,23750600
2019-02-26,103.885554,105.734313,103.801516,104.912643,21536700
2019-02-27,104.287079,104.912669,103.530762,104.735260,21487100
2019-02-28,104.613862,105.398182,104.324411,104.604523,29083900
2019-03-01,105.407543,105.528924,104.268405,105.071404,23501200
2019-03-04,105.528919,105.743678,103.456069,104.819298,26608000
2019-03-05,104.809943,104.940663,103.857552,104.296394,19538300
2019-03-06,104.455143,105.192782,104.044304,104.343094,17687000
2019-03-07,104.016300,104.156360,102.587711,103.073242,25339000
2019-03-08,101.924768,103.372028,101.588629,103.185287,22818400
2019-03-11,103.633478,105.463566,103.624145,105.351524,26491600
2019-03-12,105.342194,106.434644,105.183464,106.089172,26132700
2019-03-13,106.565349,107.377687,106.238549,106.910828,35513800
2019-03-14,106.948184,107.564435,106.752104,106.994865,30763400
2019-03-15,107.695137,109.478544,106.994848,108.227364,54681100
2019-03-18,108.470143,109.814701,108.358102,109.777351,31207600
2019-03-19,110.262882,110.589690,109.235793,109.852051,37588700
2019-03-20,109.609286,110.879145,108.974357,109.730667,28113300
2019-03-21,109.375853,112.811939,109.329164,112.251709,29854400
2019-03-22,111.579402,111.663433,109.282455,109.291794,33624500
2019-03-25,108.834300,110.188197,108.610209,109.861397,27067100
2019-03-26,110.757742,110.841774,109.105056,110.094803,26097700
2019-03-27,110.066786,110.374915,107.863209,109.030357,22733400
2019-03-28,109.655939,109.786660,108.432763,109.179741,18334800
2019-03-29,110.244191,110.477621,109.207763,110.122810,25399800
2019-04-01,111.065881,111.215279,110.272221,111.131241,22789100
2019-04-02,111.168575,111.560742,110.664366,111.289963,18142300
2019-04-03,111.915547,112.447767,111.252608,112.018257,22860700
2019-04-04,112.139665,112.261053,110.533667,111.448715,20112800
2019-04-05,111.476713,112.261041,111.458042,111.943573,15826200
2019-04-08,111.868870,112.064950,110.776421,111.980919,15116200
2019-04-09,110.767082,111.616769,110.720400,111.374001,17612000
2019-04-10,111.822194,112.373085,111.616775,112.223694,16477200
2019-04-11,112.550481,112.839931,111.971572,112.354401,14209100
2019-04-12,112.643868,112.961337,112.391767,112.933319,19745100
2019-04-15,112.923986,113.521565,112.578507,113.026695,15792600
2019-04-16,113.577574,113.586913,112.139646,112.765236,14071800
2019-04-17,113.204105,113.773674,112.550504,113.698975,19300900
2019-04-18,114.091128,115.332969,113.260119,115.192917,27991000
2019-04-22,114.492629,115.781158,114.445940,115.557068,15648700
2019-04-23,115.874545,117.256453,115.622444,117.125732,24025500
2019-04-24,117.452505,117.508525,116.266678,116.724205,31257000
2019-04-25,121.439486,122.662655,120.291015,120.589798,38033900
2019-04-26,121.103338,121.868994,120.468416,121.280746,23654900
2019-04-29,121.290075,121.551515,120.776541,121.168701,16324200
2019-04-30,121.206072,122.037081,120.813912,121.943718,24166500
2019-05-01,121.878349,121.990390,119.235922,119.403992,26821700
2019-05-02,119.497344,119.516016,117.200390,117.844658,27350200
2019-05-03,118.918463,120.851254,118.815753,120.356384,24911100
2019-05-06,118.012734,120.038903,117.751294,119.656075,24239800
2019-05-07,118.078107,118.750386,115.986578,117.200409,36017700
2019-05-08,117.125718,117.994077,116.481450,117.191078,28419000
2019-05-09,116.051918,117.452496,115.379639,117.181717,27235800
2019-05-10,116.630854,119.450683,115.613097,118.703705,30915100
2019-05-13,115.883876,117.228434,114.884797,115.174248,33944900
2019-05-14,115.659777,117.536547,115.501040,116.462776,25266300
2019-05-15,116.453406,118.749482,115.928583,118.102829,24722700
2019-05-16,118.786967,121.251742,118.515185,120.830002,30112200
2019-05-17,120.248961,122.263896,119.883463,120.024048,25770500
2019-05-20,118.571424,119.574201,117.859176,118.290276,23706900
2019-05-21,119.424261,119.517977,118.627663,118.927559,15293300
2019-05-22,118.665148,120.183374,118.571424,119.649178,15396500
2019-05-23,118.271525,118.355875,116.903250,118.252785,23603800
2019-05-24,118.936926,119.414881,118.055979,118.309013,14123400
2019-05-28,119.002530,119.958446,118.130957,118.234047,23128400
2019-05-29,117.503020,117.512394,116.247209,117.090668,22763100
2019-05-30,117.390574,117.859161,116.940726,117.831047,16829600
2019-05-31,116.425293,116.790791,115.572460,115.909843,26646800
2019-06-03,116.069140,116.556475,111.533216,112.311066,37983600
2019-06-04,113.660644,115.534995,113.070226,115.422539,29382600
2019-06-05,117.100063,117.962270,116.406555,117.924782,24926100
2019-06-06,118.496457,119.930335,117.709226,119.789757,21459000
2019-06-07,121.073702,123.941457,120.202121,123.144852,33885600
2019-06-10,124.082008,125.656470,123.707144,124.269455,26477100
2019-06-11,125.469044,125.806428,123.032382,123.800873,23913700
2019-06-12,123.144838,123.679035,122.498199,123.229195,17092500
2019-06-13,123.688384,124.644307,123.294772,124.007034,17200800
2019-06-14,123.950803,125.384680,123.369758,124.128868,17821700
2019-06-17,124.297543,125.328428,124.203820,124.503723,14517800
2019-06-18,125.759556,126.743593,125.178512,126.668617,25934500
2019-06-19,126.518638,127.390204,125.403397,127.165291,23744400
2019-06-20,128.814764,129.011577,127.193454,128.346176,33042600
2019-06-21,127.999386,129.077131,127.886929,128.364883,36727900
2019-06-24,128.392997,129.705037,128.392997,129.123993,20628800
2019-06-25,128.627311,128.945947,124.391275,125.047295,33327400
2019-06-26,125.909457,127.212130,125.206576,125.515831,23657700
2019-06-27,125.712656,126.246853,125.122232,125.722023,16557500
2019-06-28,126.115692,126.143806,124.794271,125.544014,30043000
2019-07-01,128.046250,128.111845,126.490536,127.155922,22613500
2019-07-02,127.568313,128.008787,126.837318,127.999420,15237800
2019-07-03,128.205588,129.086535,127.727619,128.824127,13629300
2019-07-05,127.399602,128.702275,127.193423,128.449234,18141100
2019-07-08,127.830700,128.486734,126.865410,128.355530,16779700
2019-07-09,127.455886,128.364948,127.268454,127.886993,19953100
2019-07-10,128.514808,129.873709,128.411718,129.189575,24204400
2019-07-11,129.517646,130.473569,129.208376,129.705078,22327900
2019-07-12,130.126828,130.389236,129.339590,130.173676,18936800
2019-07-15,130.679758,130.773467,129.761330,130.173676,16651500
2019-07-16,130.229912,130.314254,127.943202,128.468018,22726100
2019-07-17,129.049054,129.264601,127.662039,127.708900,20211000
2019-07-18,127.034081,128.036851,126.209362,127.849419,30381800
2019-07-19,131.410717,131.832443,127.877562,128.036880,48992400
2019-07-22,128.777216,130.445386,128.702240,129.733124,25074900
2019-07-23,130.979612,131.195173,129.358303,130.539139,18034600
2019-07-24,130.173622,131.898035,130.126775,131.879288,20738300
2019-07-25,131.607512,131.776211,130.567261,131.382599,18356900
2019-07-26,131.551312,132.779009,131.485717,132.460373,19037600
2019-07-29,132.610304,132.619670,130.614116,132.169830,16605900
2019-07-30,131.335780,132.347931,131.017143,131.532593,16846500
2019-07-31,131.513830,131.663782,126.593659,127.708900,38598800
2019-08-01,128.393071,132.085545,128.327461,129.386475,40557500
2019-08-02,129.414527,129.630087,126.762319,128.299286,30791600
2019-08-05,124.925487,125.515897,122.563801,123.903969,42749600
2019-08-06,125.394094,127.155975,124.841164,126.228180,32696700
2019-08-07,125.384678,127.127825,123.547823,126.781075,33414500
2019-08-08,128.018136,130.257984,127.390216,130.164261,27496500
2019-08-09,129.901893,130.623522,127.886972,129.058441,23466700
2019-08-12,128.458646,129.199009,126.743613,127.259048,20484300
2019-08-13,127.502657,130.079888,126.518620,129.892456,25154600
2019-08-14,128.218759,128.745323,125.689361,125.980850,32527300
2019-08-15,126.366393,126.545051,124.354160,125.698776,28074400
2019-08-16,126.827163,128.312832,126.676712,128.002533,24449100
2019-08-19,129.619799,130.278003,128.717108,130.146362,24355700
2019-08-20,129.958295,130.428443,129.046207,129.065002,21170800
2019-08-21,130.278031,131.161911,129.760865,130.503693,14970300
2019-08-22,130.381435,130.889189,128.152924,129.553970,18697000
2019-08-23,128.999238,130.089985,124.871338,125.426109,38508600
2019-08-26,126.930547,127.466508,125.905614,127.363075,20312600
2019-08-27,128.246975,128.557274,126.620267,127.635788,23102100
2019-08-28,126.827143,127.654594,125.576547,127.466537,17393300
2019-08-29,129.055665,130.174620,128.735968,129.873718,20168700
2019-08-30,130.842187,130.870395,128.134144,129.629211,23940100
2019-09-03,128.453838,129.008609,127.598165,127.917862,18869300
2019-09-04,129.102680,129.469395,128.331630,129.412979,17995900
2019-09-05,130.804596,131.998776,130.475487,131.688477,26101800
2019-09-06,131.669634,131.810673,129.948891,130.795166,20824500
2019-09-09,131.255930,131.406381,128.312813,129.309525,25773900
2019-09-10,128.632466,128.717089,126.479181,127.955452,28903400
2019-09-11,127.795649,128.134156,127.024599,127.993103,24726100
2019-09-12,129.619824,130.155785,128.698323,129.309525,27010000
2019-09-13,129.553957,129.817239,128.416208,129.121429,23363100
2019-09-16,127.720449,128.538503,127.560601,128.190598,16731400
2019-09-17,128.782951,129.309514,128.284581,129.187271,17814200
2019-09-18,129.159070,130.390856,128.378623,130.249817,23982100
2019-09-19,131.923505,133.869910,131.707241,132.647537,35772100
2019-09-20,132.591141,133.192930,129.995929,131.114883,39167300
2019-09-23,130.917372,131.293498,130.174544,130.832748,17139300
2019-09-24,131.979950,132.290249,128.707724,129.177872,29773200
2019-09-25,129.290721,131.603856,127.908485,131.039673,21382000
2019-09-26,131.114857,131.810666,130.174561,131.208878,17456600
2019-09-27,131.782488,131.979957,128.491452,129.506973,22477700
2019-09-30,129.807884,130.908029,129.554000,130.729370,17280900
2019-10-01,131.321731,131.876502,128.820540,128.886368,21466600
2019-10-02,128.115334,128.228165,125.604746,126.610855,30521700
2019-10-03,126.892989,128.585526,125.266281,128.143585,24132900
2019-10-04,128.585517,129.995961,128.275217,129.873718,22897700
2019-10-07,128.952190,129.930092,128.839359,128.933380,15303700
2019-10-08,128.895775,129.535169,127.522936,127.569954,25550500
2019-10-09,129.253082,130.419039,128.792331,129.986511,19749900
2019-10-10,130.221585,131.331127,129.995909,130.795166,17654600
2019-10-11,131.754294,132.609966,131.171314,131.340561,25446000
2019-10-14,131.349979,131.914148,131.190130,131.218338,13304300
2019-10-15,131.697865,133.324573,131.462791,133.117722,19695700
2019-10-16,132.384311,132.572382,131.199543,132.027008,20751600
2019-10-17,132.534728,132.976669,130.719964,131.349960,21460600
2019-10-18,131.415757,131.641433,128.406813,129.206070,32273500
2019-10-21,130.183986,130.231004,128.829958,130.165176,20078200
2019-10-22,130.672956,131.650857,128.124747,128.228180,27431000
2019-10-23,128.707742,129.243704,127.513562,129.046249,29844600
2019-10-24,131.067811,132.036314,130.390797,131.584976,37029300
2019-10-25,131.020855,132.713390,130.889214,132.327866,25959700
2019-10-28,135.778768,136.972948,134.941905,135.581314,35280100
2019-10-29,135.477799,135.872721,134.133169,134.302429,20589500
2019-10-30,134.951307,136.342942,134.264881,135.976227,18496600
2019-10-31,136.248878,136.277086,134.452924,134.810226,24605100
2019-11-01,135.647173,135.797624,134.434197,135.139420,33128400
2019-11-04,136.183127,136.342976,135.553131,135.919846,16912000
2019-11-05,136.314736,136.361753,135.318024,135.835190,18250200
2019-11-06,135.750504,135.891557,134.650360,135.459015,16575800
2019-11-07,135.252218,136.230134,135.186404,135.647141,17786700
2019-11-08,135.383839,137.273844,135.176973,137.245636,16732700
2019-11-11,136.662565,137.678086,136.088984,137.386597,14362600
2019-11-12,137.546510,138.759500,137.339644,138.289352,18641600
2019-11-13,137.979069,138.656083,137.546526,138.515030,16919200
2019-11-14,138.242374,139.549385,138.223564,139.220276,19729800
2019-11-15,140.038319,141.035045,139.417735,141.016235,23485700
2019-11-18,141.110220,141.561558,140.085287,141.364090,21534000
2019-11-19,141.871868,142.294998,141.232459,141.411118,23935700
2019-11-20,141.816801,142.316852,140.071343,141.165787,25696800
2019-11-21,140.958225,141.335632,140.109085,141.033707,18576100
2019-11-22,141.590370,141.807370,140.411001,141.137482,15901800
2019-11-25,141.524334,142.798059,141.448853,142.684830,22420900
2019-11-26,142.807481,143.807584,142.769747,143.439621,24620100
2019-11-27,143.722717,143.883110,142.958488,143.713287,15184400
2019-11-29,143.505704,143.694400,142.732030,142.826385,11977300
2019-12-02,143.232119,143.250993,139.939327,141.099823,27418400
2019-12-03,139.156137,140.986506,138.363590,140.873291,24066000
2019-12-04,141.656435,141.694169,140.769547,141.382828,17574700
2019-12-05,141.571512,141.826260,141.033712,141.458282,17869100
2019-12-06,142.458364,143.288630,141.779046,143.175415,16403500
2019-12-09,142.533888,143.609472,142.382925,142.807495,16687400
2019-12-10,142.741448,143.307551,142.241397,142.590500,16476100
2019-12-11,142.977333,143.288688,141.835711,143.128296,18856600
2019-12-12,143.081130,144.769995,142.486737,144.581299,24612100
2019-12-13,144.354793,146.137999,144.194401,145.798340,23845400
2019-12-16,146.345616,147.090971,146.072008,146.741882,24144200
2019-12-17,146.666331,146.911649,145.722836,145.949280,25425600
2019-12-18,145.581363,146.694681,145.468133,145.647400,24129200
2019-12-19,145.298314,146.968305,145.062440,146.911697,24958900
2019-12-20,148.458987,149.534571,147.458870,148.515594,53477500
2019-12-23,149.185468,149.185468,148.383506,148.515594,17718200
2019-12-24,148.581722,148.798736,148.242063,148.487381,8989200
2019-12-26,148.657157,149.761045,148.506194,149.704437,14520600
2019-12-27,150.440377,150.534732,149.279881,149.978073,18412800
2019-12-30,150.006404,150.034708,147.874094,148.685501,16348400
2019-12-31,147.911786,148.855282,147.609861,148.789230,18369400
2020-01-02,149.808237,151.648051,149.383667,151.544266,22622100
2020-01-03,149.374250,150.912139,149.128932,149.657288,21116200
2020-01-06,148.204315,150.110180,147.666515,150.044128,20813700
2020-01-07,150.317759,150.647974,148.430767,148.676071,21634100
2020-01-08,149.949746,151.714093,149.025125,151.044205,27746500
2020-01-09,152.695339,153.053872,151.931110,152.931213,21385000
2020-01-10,153.619971,153.997363,152.072624,152.223587,20725900
2020-01-13,152.619838,154.082259,152.148090,154.053955,21626500
2020-01-14,154.157748,154.355888,152.582112,152.968948,23477400
2020-01-15,153.431240,154.676661,153.384076,153.959595,21417900
2020-01-16,155.063531,156.846737,154.761605,156.780685,23865400
2020-01-17,157.960038,158.007216,156.082476,157.658127,34371700
2020-01-21,157.261833,158.686520,157.025959,157.092010,29517200
2020-01-22,157.941128,158.026054,156.318315,156.337189,24138800
2020-01-23,156.799540,157.375072,155.931525,157.299591,19680800
2020-01-24,158.044959,158.063833,155.157864,155.714523,24918100
2020-01-27,152.044334,154.148340,151.148016,153.110489,32078100
2020-01-28,154.525699,156.393816,153.855825,156.110779,24899900
2020-01-29,158.356302,159.214886,156.327792,158.544998,34754500
2020-01-30,164.215410,164.215410,161.139605,163.017166,51597500
2020-01-31,162.479368,162.658620,159.997970,160.611237,36142700
2020-02-03,160.799930,164.639964,160.771626,164.526749,30107000
2020-02-04,167.130846,170.433081,166.347742,169.942459,36433300
2020-02-05,173.631505,173.791897,168.329064,169.734863,39186300
2020-02-06,170.744418,173.433386,169.885833,173.254120,27751400
2020-02-07,172.518206,175.141123,172.169103,173.499435,33529100
2020-02-10,173.206920,178.169702,172.895565,178.037613,35844300
2020-02-11,179.877441,179.924619,173.131453,174.018341,53159900
2020-02-12,175.093984,175.348732,171.574749,174.273148,47062900
2020-02-13,172.735168,175.707173,172.537027,173.329575,35295800
2020-02-14,172.895591,174.933545,172.329488,174.876938,23149500
2020-02-18,175.122237,177.094140,175.018452,176.650696,27792200
2020-02-19,177.918447,178.031971,176.414195,177.180511,29997500
2020-02-20,176.868279,177.152104,171.333762,174.474716,36862400
2020-02-21,173.292152,173.604358,167.691403,168.959137,48572600
2020-02-24,158.722590,165.136961,154.427413,161.674332,68311100
2020-02-25,164.805839,165.411325,158.609061,159.006424,68073300
2020-02-26,160.558009,163.916556,159.138900,160.993195,56206100
2020-02-27,154.512608,158.022530,149.460569,149.649780,93174900
2020-02-28,144.190964,154.881590,143.803071,153.273254,97012700
2020-03-02,156.395288,163.594903,153.557070,163.471909,71030800
2020-03-03,164.427468,165.562753,153.509779,155.638443,71677000
2020-03-04,159.403814,161.494627,156.688576,161.352722,49814400
2020-03-05,157.095391,161.655454,156.754804,157.303528,47817300
2020-03-06,153.840873,154.313910,147.587333,152.856964,72821100
2020-03-09,142.857010,149.243002,141.910937,142.497498,70419300
2020-03-10,149.630864,152.346088,144.351777,152.242020,65354400
2020-03-11,148.656393,149.195647,142.998868,145.345139,56371600
2020-03-12,137.464366,145.193778,131.106756,131.560867,93226400
2020-03-13,139.545691,153.178599,133.140776,150.264694,92727400
2020-03-16,132.450171,141.295957,127.719808,128.117157,87905900
2020-03-17,132.450174,139.545719,127.719811,138.665878,81059800
2020-03-18,130.558029,138.126611,127.738737,132.828598,81593200
2020-03-19,135.070800,142.052807,131.504102,135.014038,85922700
2020-03-20,138.126624,139.167309,128.533446,129.943100,84866200
2020-03-23,129.621380,132.989410,125.373524,128.646927,78975200
2020-03-24,135.997924,141.532454,133.651668,140.340393,82516700
2020-03-25,140.879684,146.007396,136.650738,138.996994,75638200
2020-03-26,140.397151,148.211718,140.368770,147.691376,64568100
2020-03-27,143.566527,146.537195,141.154039,141.627075,57042300
2020-03-30,144.219318,151.939275,141.920354,151.589218,63420300
2020-03-31,150.803975,155.893850,148.117132,149.205124,77927200
2020-04-01,144.749124,149.242969,142.686692,143.907120,57969900
2020-04-02,143.670611,147.095390,142.251502,146.887253,49630700
2020-04-03,146.735864,148.892908,143.982789,145.534348,41243300
2020-04-06,151.674410,157.521133,149.082165,156.357468,67111700
2020-04-07,160.444450,160.832344,154.455809,154.673416,62769000
2020-04-08,156.735848,157.681921,154.682873,156.224976,48318200
2020-04-09,157.388677,158.344205,154.522077,156.234467,51385100
2020-04-13,155.487085,156.641295,153.547633,156.584518,41905300
2020-04-14,159.886256,164.380101,158.940184,164.332794,52874300
2020-04-15,161.967625,164.209827,160.113331,162.610962,40940800
2020-04-16,164.900476,167.719769,163.575966,167.492706,50479600
2020-04-17,169.820026,170.293063,166.385778,168.968567,52765600
2020-04-20,167.104802,169.110471,165.553243,165.619461,36669600
2020-04-21,164.143630,164.304460,157.152152,158.769943,56203700
2020-04-22,162.147367,164.616617,161.608113,164.162506,34620200
2020-04-23,164.720673,165.619439,161.693244,162.175735,32790800
2020-04-24,162.781267,165.146449,161.504078,165.136993,34277600
2020-04-27,167.066974,167.360254,163.954401,164.663956,33194400
2020-04-28,166.120871,166.196558,160.255224,160.652573,34392700
2020-04-29,163.878736,168.098213,162.611002,167.861694,51286600
2020-04-30,170.293030,170.671453,166.726333,169.545639,53875900
2020-05-01,166.319534,169.006376,164.626056,165.155869,39370500
2020-05-04,165.080211,169.346993,164.427418,169.195618,30372900
2020-05-05,170.879666,173.746265,170.198492,171.012115,36839200
2020-05-06,172.260875,174.266544,171.835145,172.696060,32139300
2020-05-07,174.238198,174.597710,172.733946,173.698944,28316000
2020-05-08,175.004528,175.023453,173.471895,174.720703,30877800
2020-05-11,173.273220,177.398098,172.989410,176.669632,30892700
2020-05-12,176.726353,176.953402,172.469027,172.667694,32038200
2020-05-13,172.705540,174.124648,167.019635,170.056534,44711500
2020-05-14,167.965717,170.945854,166.206022,170.794479,41873900
2020-05-15,169.403795,176.972378,167.454888,173.282700,46610400
2020-05-18,175.732991,176.158721,174.039527,174.938293,35264500
2020-05-19,175.051821,176.537162,173.594876,173.727325,26799100
2020-05-20,175.330647,176.317311,174.505276,176.137054,31261300
2020-05-21,175.890394,177.095257,173.888620,174.021439,29119500
2020-05-22,173.793711,174.998574,173.177043,174.097290,20826900
2020-05-26,176.782161,176.933957,171.810942,172.256836,36073600
2020-05-27,170.957078,172.655272,167.541739,172.484497,39517100
2020-05-28,171.469415,174.704496,171.127879,172.095551,33810200
2020-05-29,173.357345,174.818363,171.156351,173.850677,42130400
2020-06-01,173.177030,173.613442,172.152439,173.452164,22622400
2020-06-02,174.799371,175.510902,172.048125,175.425522,30794600
2020-06-03,175.340152,176.402700,174.163749,175.852448,27311000
2020-06-04,174.846819,176.307822,172.949404,173.537598,28761800
2020-06-05,173.253000,178.100897,172.674288,177.598083,39893600
2020-06-08,176.402677,178.878804,174.979616,178.698547,33211600
2020-06-09,178.357036,180.918544,177.654987,180.064713,29783900
2020-06-10,181.326494,188.337443,181.212639,186.743607,43872300
2020-06-11,183.223878,185.718969,176.526005,176.715744,52854700
2020-06-12,180.766767,181.886250,175.681693,178.110397,43373600
2020-06-15,175.112444,181.032385,174.571674,179.248810,32770200
2020-06-16,182.996153,185.548178,181.639508,183.641281,42556700
2020-06-17,185.026389,186.250229,183.755125,184.276917,25687800
2020-06-18,184.049266,186.411553,184.049266,186.250275,23061600
2020-06-19,188.403815,189.067907,184.400268,185.140259,44441100
2020-06-22,185.747467,190.462545,185.216193,190.282303,32818900
2020-06-23,191.724303,193.488900,191.098153,191.553543,30917400
2020-06-24,191.259456,192.824818,186.477962,187.692307,36740600
2020-06-25,187.654376,190.320242,185.443885,190.064087,27803900
2020-06-26,189.485335,189.637131,184.884112,186.259735,54675800
2020-06-29,185.737955,188.346901,183.622341,188.261520,26701600
2020-06-30,187.730229,193.915791,187.597410,193.071442,34310300
2020-07-01,192.720488,195.765846,191.420763,194.200470,32061200
2020-07-02,195.130153,197.350139,194.485038,195.680405,29315800
2020-07-06,198.118576,200.300606,197.416527,199.892654,31897600
2020-07-07,199.655498,203.659045,197.321685,197.568344,33600700
2020-07-08,199.294979,202.321344,197.985758,201.913406,33600000
2020-07-09,205.233908,205.281346,200.623189,203.327011,33121700
2020-07-10,202.662904,203.099316,200.253193,202.710342,26177600
2020-07-13,203.478764,204.731064,195.908082,196.448853,38135600
2020-07-14,195.557106,198.137592,191.667399,197.663239,37591800
2020-07-15,198.811165,200.490382,194.513521,197.369125,32179400
2020-07-16,194.864532,195.149148,191.933029,193.460449,29940700
2020-07-17,193.982211,194.522967,191.060191,192.473770,31635300
2020-07-20,194.485075,201.410644,192.597142,200.746552,36884800
2020-07-21,202.700836,202.966473,197.359608,198.042679,37990400
2020-07-22,198.469617,201.410617,197.701167,200.888824,49605700
2020-07-23,196.562744,200.101420,191.781250,192.151245,67457000
2020-07-24,190.139941,192.454789,187.379198,190.974808,39827000
2020-07-27,191.136114,193.507883,190.557402,193.394043,30160900
2020-07-28,193.166339,194.200427,191.392261,191.657898,23251400
2020-07-29,192.113280,194.152996,191.648408,193.593262,19632600
2020-07-30,190.690221,193.972756,189.333576,193.441467,25079600
2020-07-31,193.915810,194.579917,188.802277,194.494522,51044000
2020-08-03,200.670604,206.476689,199.645999,205.433105,78983000
2020-08-04,203.184706,203.753936,199.522694,202.349838,49280100
2020-08-05,203.877235,203.972112,200.718052,202.017776,28806400
2020-08-06,201.448572,205.271863,200.699100,205.252899,32656800
2020-08-07,203.829806,204.636199,200.110860,201.581360,27820400
2020-08-10,200.812922,201.012157,195.765806,197.568344,36716500
2020-08-11,196.534264,196.999122,192.720456,192.948151,36446500
2020-08-12,194.760176,199.494232,194.247880,198.460144,28013100
2020-08-13,198.697349,200.509384,197.473508,197.995300,22588900
2020-08-14,198.052210,198.839639,196.866325,198.185028,17958900
2020-08-17,198.849057,200.357498,198.203929,199.494171,20184800
2020-08-18,199.731431,201.467568,198.479144,200.642197,21336200
2020-08-19,201.127181,201.707292,198.996933,199.424881,27627600
2020-08-20,199.272743,204.465215,198.673622,204.065796,26981500
2020-08-21,203.381098,205.653990,202.420592,202.582260,36249300
2020-08-24,204.265468,204.959709,202.021105,203.219376,25460100
2020-08-25,202.658291,205.996299,202.658291,205.863159,23043700
2020-08-26,207.204050,211.207755,206.709526,210.313812,39600800
2020-08-27,211.968573,219.823834,208.649574,215.477768,57602200
2020-08-28,216.999393,219.338862,215.477800,217.693634,26292900
2020-08-31,215.877175,217.493873,213.318980,214.479202,28774200
2020-09-01,214.460186,216.305130,213.433104,216.133957,25725500
2020-09-02,216.799671,221.450064,216.210055,220.299347,34080800
2020-09-03,218.035994,218.074028,204.427173,206.652512,58400300
2020-09-04,204.560279,207.660536,195.135858,203.751923,59664100
2020-09-08,196.381699,199.738731,192.292392,192.729858,52924300
2020-09-09,197.427800,204.313037,196.571890,200.936981,45679000
2020-09-10,202.943573,204.217925,194.108782,195.307037,35461500
2020-09-11,197.047340,198.407278,191.379384,194.032669,33620100
2020-09-14,194.232408,198.949364,194.032692,195.345078,30375800
2020-09-15,198.207627,199.500989,196.790630,198.549988,21823900
2020-09-16,200.299799,200.328327,194.612817,195.002731,26328100
2020-09-17,190.247712,194.317994,190.162126,192.967575,34011300
2020-09-18,192.863007,193.671349,186.633947,190.571091,55225300
2020-09-21,187.527936,192.777467,186.757627,192.615784,39839700
2020-09-22,195.012199,197.903249,192.178221,197.256561,33517100
2020-09-23,197.713043,197.903255,190.228672,190.761230,30803800
2020-09-24,190.057562,195.497289,189.439403,193.233902,31202500
2020-09-25,193.576231,198.797216,192.615711,197.637009,29437300
2020-09-28,200.547056,202.154249,197.865227,199.177612,32004900
2020-09-29,199.092049,199.776771,196.676499,197.104446,24221900
2020-09-30,197.551364,201.593117,196.419671,200.023972,33829100
2020-10-01,203.029151,203.504652,200.965481,202.049622,27158400
2020-10-02,197.808162,200.651660,195.468694,196.086853,33154800
2020-10-05,197.066413,200.100108,196.838167,200.071579,21331600
2020-10-06,198.588019,199.881366,194.784015,195.820602,28554300
2020-10-07,196.914231,199.814787,196.590895,199.548508,25681100
2020-10-08,200.195172,200.841860,198.112493,200.261749,19925800
2020-10-09,200.879918,205.283057,200.879918,205.235504,26458000
2020-10-12,208.069507,212.891089,206.186529,210.551620,40461400
2020-10-13,211.806924,214.174921,209.629124,211.940063,28950800
2020-10-14,212.073212,213.233434,208.392843,210.038071,23421700
2020-10-15,206.462291,209.562548,205.425689,208.896851,22733100
2020-10-16,209.362832,211.397973,208.573514,208.896851,26057900
2020-10-19,209.619591,211.407477,203.247888,203.723389,27625800
2020-10-20,205.226015,206.719079,202.648796,204.132355,22753500
2020-10-21,202.677275,206.291080,202.677275,204.274963,22724900
2020-10-22,203.447598,205.473234,201.326870,204.360565,22351500
2020-10-23,204.493735,205.682486,202.715368,205.634933,18879600
2020-10-26,203.371563,205.739546,197.903308,199.786285,37111600
2020-10-27,201.222269,204.151353,200.024013,202.800934,36700300
2020-10-28,197.494324,198.606993,192.197257,192.748825,51195600
2020-10-29,194.070774,197.199561,193.405062,194.688919,31432600
2020-10-30,193.528709,194.279993,189.838820,192.549179,36953700
2020-11-02,194.279954,195.221450,190.314282,192.416000,30842200
2020-11-03,193.899573,197.922303,193.167299,196.315109,27512000
2020-11-04,203.533227,207.622533,202.011619,205.787094,42311800
2020-11-05,211.160248,213.138332,210.313858,212.348999,36080100
2020-11-06,211.369452,213.366559,207.346722,212.757919,25231900
2020-11-09,213.442614,216.942290,207.204051,207.689056,44395000
2020-11-10,203.989699,205.891700,199.443915,200.670700,44045100
2020-11-11,201.983072,207.356221,201.802380,205.939240,29440800
2020-11-12,206.566912,208.373808,203.951660,204.883636,21593900
2020-11-13,205.758540,206.766598,203.666341,205.901184,18621100
2020-11-16,204.341544,207.070927,204.008703,206.585907,24953300
2020-11-17,205.511316,207.013885,203.590290,203.951675,24154100
2020-11-18,203.713281,205.162591,201.119785,201.262817,28372800
2020-11-19,201.548873,203.122127,200.166300,202.540497,24792700
2020-11-20,202.330720,203.370021,200.233043,200.604904,22843100
2020-11-23,201.138834,202.416508,198.478602,200.337906,25683500
2020-11-24,199.842074,204.285343,199.146030,203.913483,33979700
2020-11-25,205.105368,205.276990,202.578624,203.923035,21012900
2020-11-27,204.857456,206.211411,204.085116,205.219772,14512200
2020-11-30,204.142327,204.771620,201.033939,204.113724,33064800
2020-12-01,204.533275,207.212596,203.427237,206.154221,30904500
2020-12-02,204.886101,205.448657,202.902838,205.353302,23724500
2020-12-03,204.628635,206.316318,203.713278,204.275848,25120900
2020-12-04,204.256786,205.362839,203.265147,204.390274,24666000
2020-12-07,204.399783,205.515365,203.083975,204.323502,24620000
2020-12-08,204.018417,206.859815,202.988645,205.963531,23284100
2020-12-09,205.153055,205.219792,201.386770,201.949326,32440600
2020-12-10,201.920745,203.169816,200.576320,200.728882,26733300
2020-12-11,200.280718,203.398637,199.384435,203.341415,30979400
2020-12-14,203.188855,206.154212,202.979086,204.237686,28798400
2020-12-15,205.162568,205.400941,202.368848,204.170944,27000600
2020-12-16,204.762125,209.872835,204.733521,209.081436,35023300
2020-12-17,209.644003,210.616568,207.784699,209.214935,32515800
2020-12-18,208.423523,209.472369,205.973059,208.423523,63354900
2020-12-21,207.431901,213.581913,207.174455,212.237488,37181900
2020-12-22,212.332795,215.136059,211.531867,213.524658,22612200
2020-12-23,212.733286,213.162353,210.530725,210.740494,18699600
2020-12-24,211.121886,213.210032,210.912117,212.390030,10550600
2020-12-28,214.010949,215.517465,212.647464,214.497238,17933500
2020-12-29,215.784489,216.614021,213.181463,213.724945,17403200
2020-12-30,214.754645,215.136050,211.169526,211.369751,20272300
2020-12-31,211.388849,212.628389,209.462794,212.075363,20942100
2021-01-04,212.180306,212.628448,204.819356,207.565414,37130100
2021-01-05,207.155361,208.356769,205.667918,207.765594,23823000
2021-01-06,202.302106,206.421193,202.082808,202.378387,35930700
2021-01-07,204.085161,209.138665,203.770522,208.137497,27694500
2021-01-08,208.509341,210.320982,206.936087,209.405624,22956200
2021-01-11,208.309112,208.728650,206.650033,207.374695,23031300
2021-01-12,206.430718,207.002819,203.398625,204.933731,23249300
2021-01-13,204.066092,206.678647,203.980267,206.278183,20087100
2021-01-14,205.868213,207.346127,202.845649,203.112625,29480800
2021-01-15,203.589343,204.533289,202.168637,202.759796,31746500
2021-01-19,203.808658,206.888429,202.740753,206.373550,30480900
2021-01-20,207.574920,215.288656,207.183985,213.906097,37777300
2021-01-21,214.249344,215.774934,212.075386,214.506790,30709400
2021-01-22,216.518672,219.369615,215.298205,215.441223,30172700
2021-01-25,218.463771,219.093078,213.791673,218.854706,33152100
2021-01-26,221.076333,223.288424,219.379121,221.524475,49169600
2021-01-27,226.930771,229.257290,219.436334,222.067963,69870600
2021-01-28,224.651894,231.354930,224.156074,227.817474,49111200
2021-01-29,225.014273,226.949858,220.590077,221.171707,42503100
2021-02-01,224.127510,231.221482,221.619825,228.504028,33314200
2021-02-02,230.077286,231.040306,227.588674,228.370529,25916300
2021-02-03,228.427761,233.691019,228.132167,231.698227,27158100
2021-02-04,231.374035,231.927061,229.190533,230.754257,25296100
2021-02-05,230.963998,231.965166,229.238182,230.935394,18054800
2021-02-08,231.841268,232.346617,229.610103,231.192902,22211900
2021-02-09,230.620763,233.376350,230.153562,232.432404,23565000
2021-02-10,233.605199,234.482408,229.686352,231.526596,22186700
2021-02-11,233.395448,233.748235,230.887763,233.118942,15751100
2021-02-12,232.584930,233.891222,231.440744,233.595642,16561100
2021-02-16,233.633821,234.682667,231.621955,232.365677,26728500
2021-02-17,230.626340,233.483834,230.263174,233.378708,21653500
2021-02-18,231.085025,233.120627,230.186677,232.986832,16925600
2021-02-19,232.948648,233.053774,229.536839,230.291840,25262600
2021-02-22,226.899155,227.386550,222.101603,224.118103,36446900
2021-02-23,220.123308,224.423898,218.594204,222.933029,30228700
2021-02-24,219.817485,224.777502,218.852247,224.156311,26339700
2021-02-25,221.795750,224.194518,217.781869,218.842682,39542200
2021-02-26,221.270165,224.939998,219.368343,222.082504,37819200
2021-03-01,225.446477,226.946912,222.818339,226.440399,25324000
2021-03-02,226.507295,226.784452,223.105053,223.506439,22812500
2021-03-03,221.872208,223.229281,217.189335,217.476044,34029500
2021-03-04,216.692412,222.187611,214.322299,216.682846,44727800
2021-03-05,219.349176,222.933000,216.424777,221.337006,41872800
2021-03-08,221.117212,223.028585,217.065110,217.313583,35267400
2021-03-09,222.560359,224.949576,221.403971,223.420471,33080500
2021-03-10,226.497759,226.497759,221.757547,222.120712,29746800
2021-03-11,224.548140,228.571573,223.926935,226.621979,29907600
2021-03-12,223.640276,225.370082,222.894842,225.303177,22653700
2021-03-15,224.548147,224.767951,221.537725,224.404785,26034900
2021-03-16,225.809630,229.422124,225.484700,227.176270,28092200
2021-03-17,225.685359,227.979015,222.894756,226.535919,29562100
2021-03-18,222.254477,223.812251,220.123300,220.496017,34833000
2021-03-19,220.782795,222.168538,219.186800,220.142487,46430700
2021-03-22,220.065987,226.402180,219.941743,225.532516,30127000
2021-03-23,226.966009,230.368251,226.564622,227.052017,31638400
2021-03-24,227.310045,227.453393,224.892160,225.025955,25620100
2021-03-25,224.873121,226.440446,221.308413,222.044281,34061900
2021-03-26,221.289280,226.220627,221.289280,226.000809,25479900
2021-03-29,226.105903,226.306604,221.604627,224.815735,25227500
2021-03-30,223.181505,223.487332,220.859193,221.575958,24792000
2021-03-31,222.588986,228.504689,222.092025,225.322250,43623500
2021-04-01,227.902588,232.078934,227.501201,231.610657,30338000
2021-04-05,232.002503,238.883459,231.945164,238.032898,36910600
2021-04-06,236.637574,238.348246,235.939927,236.876495,22931900
2021-04-07,236.828729,239.810467,236.236208,238.826111,22719800
2021-04-08,241.568923,242.878209,240.833041,242.027649,23625200
2021-04-09,241.664464,244.646216,241.253526,244.512421,24326800
2021-04-12,243.422942,246.251781,243.336919,244.569763,27148700
2021-04-13,245.860016,247.704484,245.449048,247.035492,23837500
2021-04-14,246.070239,247.360393,243.853039,244.263977,23070900
2021-04-15,246.500236,248.411610,246.309117,248.000671,25627500
2021-04-16,247.972003,249.434203,246.184874,249.185715,24878600
2021-04-19,248.660095,249.892939,246.395122,247.274338,23209300
2021-04-20,246.395169,248.669708,245.458586,246.815674,19722900
2021-04-21,247.465511,249.128396,245.850398,249.032822,24030400
2021-04-22,248.679238,250.179673,244.311757,245.773972,25606200
2021-04-23,246.452491,249.921638,245.869507,249.577576,21462600
2021-04-26,250.064964,250.810399,248.641001,249.959824,19763300
2021-04-27,249.988490,251.527160,248.593195,250.361221,31014200
2021-04-28,244.732220,245.171857,241.740931,243.279587,46903100
2021-04-29,244.139768,244.751407,237.966025,241.320480,40589000
2021-04-30,238.673157,241.865147,238.539362,241.005020,30945100
2021-05-03,242.171016,243.078930,239.992051,240.699265,19626600
2021-05-04,239.848692,240.078062,234.869558,236.809601,32756100
2021-05-05,238.023321,238.443825,234.926905,235.548096,21901300
2021-05-06,235.528969,238.787864,233.846966,238.663620,26491100
2021-05-07,240.976430,243.031165,240.039861,241.272705,27032900
2021-05-10,239.753110,240.575001,236.169285,236.226624,29299900
2021-05-11,233.713179,235.672340,231.820923,235.318726,33641600
2021-05-12,231.438613,233.550687,227.520307,228.409088,36684400
2021-05-13,231.085038,234.716650,230.721872,232.260529,29624300
2021-05-14,234.697549,238.138012,234.611540,237.153656,23901100
2021-05-17,235.624578,235.662799,232.728848,234.315277,24970200
2021-05-18,235.356962,235.490757,232.136288,232.308319,20168000
2021-05-19,229.233500,232.988441,228.553404,232.883072,25739800
2021-05-20,233.687697,237.509682,233.591902,236.101578,21800700
2021-05-21,237.145694,237.873688,234.434854,234.846741,21863100
2021-05-24,237.356428,240.584539,237.088219,240.220535,21411500
2021-05-25,241.168823,242.107555,240.258828,241.120926,17704300
2021-05-26,240.843118,242.289547,240.191758,240.900604,17771600
2021-05-27,240.594106,240.891051,238.754952,238.812424,24426200
2021-05-28,240.431281,241.465808,239.051912,239.166855,18270200
2021-06-01,240.651583,240.709054,236.561388,236.982849,23213300
2021-06-02,237.682154,238.774152,235.488569,236.887100,19406700
2021-06-03,234.894641,235.967477,232.768116,235.364014,25307700
2021-06-04,237.327656,241.053861,237.088183,240.230072,25281100
2021-06-07,239.454221,243.391164,239.291381,243.122955,23079200
2021-06-08,244.416091,245.230306,241.877664,241.935150,22455000
2021-06-09,243.122954,244.770532,242.548227,242.912216,17937600
2021-06-10,243.582756,246.619277,242.988866,246.408539,24563600
2021-06-11,247.126909,247.605856,245.805012,247.031143,18999700
2021-06-14,247.040687,249.004386,245.986999,248.946915,19150500
2021-06-15,248.832002,249.042740,246.830008,247.481369,18038900
2021-06-16,248.477567,249.607875,243.707262,246.542633,27220000
2021-06-17,245.287816,250.728644,245.230344,249.914429,27565500
2021-06-18,248.697908,251.255467,247.854957,248.506317,37202200
2021-06-21,248.879946,252.424135,247.059954,251.571625,26696100
2021-06-22,251.657776,254.598516,251.351243,254.330307,24694100
2021-06-23,254.790011,255.594638,253.295700,254.100327,19518700
2021-06-24,254.952980,256.571823,254.292031,255.460663,21446900
2021-06-25,255.019942,255.996983,253.611838,253.860870,25611100
2021-06-28,254.981682,257.577565,254.713473,257.405151,19590000
2021-06-29,257.548821,260.211763,256.696311,259.972290,19937800
2021-06-30,259.292137,259.933909,258.248037,259.493286,21656500
2021-07-01,258.257742,260.393856,258.248183,260.163971,16725300
2021-07-02,261.332584,266.294467,261.026051,265.959198,26458000
2021-07-06,266.323074,267.606648,262.750122,265.968658,31565600
2021-07-07,267.635445,268.871136,265.480185,268.143127,23260000
2021-07-08,265.240738,266.993699,263.296215,265.738861,24618600
2021-07-09,264.110444,266.342323,263.727292,266.236969,23916700
2021-07-12,267.405495,267.989796,264.934114,265.642975,18931700
2021-07-13,265.834623,270.940213,265.710122,269.148956,26120100
2021-07-14,270.461296,271.716135,268.737070,270.614563,23113700
2021-07-15,270.125935,270.614470,268.047294,269.196777,22604200
2021-07-16,270.192954,272.137476,267.692837,268.928528,26186800
2021-07-19,267.185208,268.564577,262.893864,265.346069,32935600
2021-07-20,266.323086,269.139295,264.627626,267.558777,26259700
2021-07-21,267.156384,269.666059,265.614190,269.551117,24364300
2021-07-22,271.888502,274.359884,271.486203,274.091675,23384100
2021-07-23,275.269850,277.779526,274.436487,277.473022,22768100
2021-07-26,276.831176,277.492125,274.570562,276.879059,23176100
2021-07-27,277.243089,277.386767,271.035959,274.474792,33604100
2021-07-28,276.821598,277.932757,271.878864,274.168243,33566900
2021-07-29,274.187431,276.467223,274.034165,274.436493,18168300
2021-07-30,273.162514,274.589766,271.955559,272.913452,20944800
2021-08-02,274.302375,274.695115,271.792699,272.827240,16267400
2021-08-03,273.401994,275.135779,272.041772,275.030396,17879000
2021-08-04,274.168248,275.480557,272.664348,274.446045,16191300
2021-08-05,274.800552,277.434760,274.053396,277.329376,13900200
2021-08-06,276.361839,277.310144,275.509300,277.271820,16589300
2021-08-09,277.549552,279.273748,275.691237,276.189331,16117600
2021-08-10,276.639582,277.070645,273.191189,274.378967,18616600
2021-08-11,275.116556,276.505513,273.823394,274.867523,13955900
2021-08-12,274.560932,277.760292,274.283135,277.607025,14561300
2021-08-13,277.290978,280.566956,277.118535,280.519073,18249000
2021-08-16,280.844801,282.406172,277.808266,282.195435,22507600
2021-08-17,280.078460,281.074648,278.823593,280.739380,20075300
2021-08-18,280.278817,282.946858,278.580080,279.021576,21813000
2021-08-19,277.063714,285.490119,277.015739,284.818298,29850500
2021-08-20,287.649420,293.522946,286.056270,292.102539,40817600
2021-08-23,291.037217,293.100624,289.693605,292.380829,22830200
2021-08-24,292.735987,293.340620,289.837622,290.432648,18175800
2021-08-25,292.044983,292.323312,288.321266,289.847229,20006100
2021-08-26,288.868337,290.250347,286.910514,287.044861,17666100
2021-08-27,286.948955,288.753248,284.875940,287.649567,22605700
2021-08-30,288.993059,291.968219,288.935478,291.363586,16348100
2021-08-31,292.160189,292.236954,289.357772,289.722473,26285300
2021-09-01,290.672594,292.899168,289.348165,289.674469,18983800
2021-09-02,290.029643,291.142901,288.090975,289.021912,16285600
2021-09-03,288.868286,290.413462,288.167703,289.012268,14747900
2021-09-07,288.887441,288.964206,286.190610,288.090851,17180400
2021-09-08,287.707014,288.503575,285.490047,288.119690,15046800
2021-09-09,288.705195,289.972042,285.039029,285.278961,19927000
2021-09-10,286.401785,287.841376,283.484206,283.800903,19633400
2021-09-13,285.566803,286.516953,282.236548,285.029358,23652900
2021-09-14,287.495896,289.252214,286.094703,287.716644,21853400
2021-09-15,291.046834,293.023870,289.664825,292.544006,28356300
2021-09-16,291.526694,293.014259,288.647513,292.927887,19550800
2021-09-17,291.920303,292.237000,287.467153,287.793457,41372500
2021-09-20,284.395999,286.689762,277.860258,282.447754,38278700
2021-09-21,283.781753,285.557254,282.227000,282.927582,22364100
2021-09-22,284.779917,288.129356,282.649321,286.555389,26626300
2021-09-23,286.814482,288.781911,285.547635,287.495880,18604600
2021-09-24,286.219513,287.726263,284.971850,287.294403,14999000
2021-09-27,284.213662,284.530359,281.142523,282.322998,23571700
2021-09-28,278.128923,279.069466,271.362858,272.101837,43186200
2021-09-29,273.618236,275.220964,271.612410,272.562531,26353700
2021-09-30,274.203722,276.238339,270.278440,270.566376,32343600
2021-10-01,270.758276,278.301749,269.961716,277.457184,30086300
2021-10-04,275.825674,276.161585,268.963629,271.708435,31350700
2021-10-05,272.610493,278.704766,272.610493,277.130829,24993000
2021-10-06,274.270846,281.804710,274.011730,281.305634,28002600
2021-10-07,283.292283,284.693506,282.083047,282.975586,20430500
2021-10-08,284.290408,284.693506,281.929487,282.975586,17685700
2021-10-11,281.123314,285.969925,280.960147,282.380554,19298600
2021-10-12,283.445882,283.541861,280.576307,281.084961,17974100
2021-10-13,283.033188,285.307737,281.670362,284.376801,23416300
2021-10-14,287.159931,291.056421,285.835503,290.557373,27262900
2021-10-15,290.163994,292.189034,288.417283,291.958679,25384800
2021-10-18,291.344395,295.797514,290.499830,294.914581,22729300
2021-10-19,295.931905,296.843628,294.847408,295.816742,17682100
2021-10-20,296.757283,297.227569,293.782122,295.029785,16537100
2021-10-21,294.799455,298.494382,294.022049,298.244873,16918100
2021-10-22,297.899403,298.561618,295.404106,296.709351,17449300
2021-10-25,296.901179,296.939577,294.117976,295.720734,17554500
2021-10-26,298.475204,299.818817,296.171864,297.621033,28107300
2021-10-27,303.273862,312.967115,303.273862,310.155121,52588700
2021-10-28,311.268354,311.786615,308.417962,311.287567,26297900
2021-10-29,311.076482,318.629533,310.855734,318.264832,34766000
2021-11-01,318.015287,318.140056,313.226256,316.105438,27073200
2021-11-02,317.007551,320.021109,316.710038,319.713989,26487100
2021-11-03,320.453063,321.412791,317.333948,320.549042,21500100
2021-11-04,319.483666,322.986665,316.239782,322.890686,23992200
2021-11-05,324.877283,325.146006,320.952002,322.525940,22570100
2021-11-08,323.716031,324.051942,320.971225,323.418518,20897000
2021-11-09,323.533607,325.078783,321.057524,322.420349,21307400
2021-11-10,321.095974,321.153555,316.633248,317.477783,25500900
2021-11-11,317.909643,320.328145,317.199454,319.042114,16849800
2021-11-12,320.472108,323.648803,320.347339,323.159332,23831000
2021-11-15,323.946323,324.272626,320.577671,322.535522,16723000
2021-11-16,322.161264,326.950323,321.998127,325.837036,20886800
2021-11-17,325.885046,329.009865,324.981249,326.058105,19053400
2021-11-18,325.154356,329.259908,324.135187,328.125336,22463500
2021-11-19,329.442571,331.807811,329.019516,329.894440,21963400
2021-11-22,331.346234,336.201740,326.471509,326.740723,31031100
2021-11-23,324.067845,326.375428,320.712279,324.673584,30427600
2021-11-24,323.327523,325.135116,321.048813,324.894745,21661300
2021-11-26,321.471921,324.914018,315.481870,316.981781,24217200
2021-11-29,322.039154,325.971616,321.846845,323.664062,28563500
2021-11-30,322.404515,324.769755,316.318311,317.856689,42885600
2021-12-01,322.221840,326.211989,316.702937,317.366333,33337600
2021-12-02,317.577779,320.644912,315.174072,316.798981,30766000
2021-12-03,319.202701,319.885375,305.780408,310.568604,41779300
2021-12-06,311.472477,314.837668,306.934276,313.626190,30032600
2021-12-07,318.866295,322.866039,317.385603,322.019958,31021900
2021-12-08,322.394894,322.577578,318.058596,322.067993,24761000
2021-12-09,321.529560,323.529432,319.327756,320.270020,22214200
2021-12-10,322.077626,329.788710,321.894941,329.346436,38095700
2021-12-13,327.558121,330.548349,326.019741,326.327423,28899400
2021-12-14,320.385371,321.750689,311.626245,315.693329,44438700
2021-12-15,315.952949,322.279524,312.001267,321.760315,35381100
2021-12-16,322.779526,323.789101,310.578302,312.385895,35034800
2021-12-17,308.520672,312.405072,305.030484,311.328186,47750300
2021-12-20,307.722697,310.366776,305.338237,307.588104,28326500
2021-12-21,310.837875,315.106862,307.482279,314.683807,24740600
2021-12-22,315.654920,320.760393,313.203149,320.366211,24831500
2021-12-23,319.933488,323.433300,319.914269,321.798767,19617800
2021-12-27,322.539101,329.288731,322.510258,329.259888,19947000
2021-12-28,329.932983,330.567566,327.211998,328.106171,15661500
2021-12-29,328.154157,331.038606,326.596559,328.779144,15042000
2021-12-30,328.740726,329.913737,325.769747,326.250488,15994500
2021-12-31,325.471709,326.288946,322.914160,323.366058,18000800
2022-01-03,322.433402,324.981327,317.077934,321.856506,28865100
2022-01-04,321.933364,322.289137,313.558855,316.337555,32674300
2022-01-05,313.308840,313.510773,303.809413,304.194000,40054300
2022-01-06,301.088451,306.424700,299.492385,301.790344,39646100
2022-01-07,302.049871,304.309362,298.146253,301.944122,32720000
2022-01-10,297.569335,302.597901,292.954229,302.165222,44289500
2022-01-11,301.309583,304.415154,297.954016,302.847961,29386800
2022-01-12,307.357392,310.953330,304.867124,306.011292,34372200
2022-01-13,308.126481,308.520692,292.290853,293.060028,45366000
2022-01-14,292.531269,298.848221,292.050527,298.252106,39846400
2022-01-18,292.358178,297.867457,290.117906,290.992859,42333200
2022-01-19,294.492679,301.819176,291.040958,291.646667,45933900
2022-01-20,297.165555,299.646169,289.541002,289.983276,35380700
2022-01-21,291.031350,292.396640,284.224033,284.627869,57984400
2022-01-24,280.945344,285.666200,265.417370,284.954712,85731500
2022-01-25,280.291527,283.627875,274.186133,277.378235,72848600
2022-01-26,296.127175,296.617541,281.743396,285.281647,90428900
2022-01-27,291.002497,295.463763,286.454671,288.291107,53481300
2022-01-28,288.666102,296.598338,283.108730,296.386810,49743700
2022-01-31,297.050144,300.348023,294.569502,299.001953,46444500
2022-02-01,298.453934,298.665461,293.377305,296.867493,40950400
2022-02-02,297.703977,302.982509,296.982865,301.386444,36636000
2022-02-03,297.569432,299.242433,288.406498,289.646820,43730000
2022-02-04,288.646909,296.906048,288.416163,294.156219,35096500
2022-02-07,294.377280,295.982940,288.348763,289.358337,28533300
2022-02-08,289.646808,293.790798,288.396892,292.829315,32421200
2022-02-09,297.934791,299.915444,295.550332,299.223175,31284700
2022-02-10,292.329373,297.213695,289.118022,290.733307,45386200
2022-02-11,291.512045,292.569682,282.887541,283.675964,39175600
2022-02-14,282.454847,285.329701,280.128075,283.637482,36359500
2022-02-15,288.454607,289.214158,285.579752,288.896881,27058300
2022-02-16,287.470843,289.879521,282.952162,288.559570,29982100
2022-02-17,285.534334,285.958264,279.406671,280.110016,32461600
2022-02-18,282.345199,283.125608,275.851413,277.412231,34264000
2022-02-22,274.589318,280.890428,274.107582,277.209961,41736100
2022-02-23,279.580014,281.044509,269.868239,270.032013,37811200
2022-02-24,262.555520,284.378135,261.601664,283.828949,56989700
2022-02-25,284.358899,286.757933,280.996365,286.449615,32546700
2022-02-28,283.559158,288.212740,282.297013,287.875519,34627500
2022-03-01,285.572889,289.012488,281.478136,284.175873,31217800
2022-03-02,284.570814,290.457638,282.971478,289.224396,31873000
2022-03-03,291.825808,292.057032,283.308697,285.110413,27314500
2022-03-04,283.539959,284.859910,276.680048,279.271759,32356500
2022-03-07,277.990297,279.107927,268.355587,268.721710,43157200
2022-03-08,267.652311,273.587298,260.137247,265.773560,48159500
2022-03-09,273.086264,279.021250,270.523427,277.961426,35204500
2022-03-10,272.681557,276.130799,270.330685,275.157684,30628000
2022-03-11,277.441158,278.934556,269.222750,269.839386,27209300
2022-03-14,270.099512,274.974674,265.744633,266.341980,30660700
2022-03-15,270.109144,277.306275,268.548325,276.660736,34245100
2022-03-16,278.549165,283.809740,272.855076,283.636322,37826300
2022-03-17,282.576482,284.811713,278.799662,284.435974,30816600
2022-03-18,284.580526,290.004874,282.036977,289.455688,43390600
2022-03-21,287.971899,289.176237,284.127629,288.232025,28351200
2022-03-22,288.848637,293.858699,287.856263,292.953033,27599700
2022-03-23,289.532778,292.153421,286.844685,288.550018,25715400
2022-03-24,288.212799,293.087961,287.422745,292.991608,24484500
2022-03-25,294.080373,294.340500,288.357351,292.586975,22566500
2022-03-28,293.213099,299.446757,293.213099,299.350433,29578200
2022-03-29,302.443221,304.283454,297.760736,303.888428,30393400
2022-03-30,302.298696,304.408700,300.198307,302.395020,28163600
2022-03-31,302.433560,303.628284,296.643119,297.047760,33422100
2022-04-01,298.069149,298.801397,294.379066,298.117340,27110500
2022-04-04,298.762794,303.599409,298.396670,303.464539,24289600
2022-04-05,301.826576,303.368135,298.550780,299.523895,23156700
2022-04-06,294.041723,295.785603,285.871478,288.559570,40110400
2022-04-07,285.823327,292.557980,285.524653,290.361267,31411200
2022-04-08,289.465255,290.120408,285.457212,286.122009,24361900
2022-04-11,281.131279,281.921303,274.589301,274.839813,34569300
2022-04-12,278.674431,280.119638,270.244057,271.756714,30966700
2022-04-13,272.402197,278.038480,271.024411,277.113556,21907200
2022-04-14,277.566374,277.778338,269.116743,269.608093,28221600
2022-04-18,268.721744,272.142055,268.172559,270.272919,20778000
2022-04-19,269.174563,275.716540,268.239995,274.878296,22297700
2022-04-20,278.828527,279.117586,274.945740,275.899567,22906700
2022-04-21,278.038498,282.586083,269.829734,270.552338,29454600
2022-04-22,271.390600,272.855095,263.393800,264.020050,29405800
2022-04-25,263.307024,270.841345,260.879058,270.465607,35678900
2022-04-26,267.363282,268.191854,260.137248,260.349213,46518400
2022-04-27,271.795246,280.341231,268.962638,272.874329,63477700
2022-04-28,274.772356,280.350863,271.178598,279.050171,33646600
2022-04-29,278.067431,279.291058,266.399808,267.382538,37073900
2022-05-02,267.565510,274.531415,266.129947,274.078583,35151100
2022-05-03,273.587207,273.751010,269.916385,271.486847,25978600
2022-05-04,272.267324,280.254508,266.621397,279.387390,33599300
2022-05-05,275.109550,275.889960,264.318662,267.218719,43260400
2022-05-06,264.771523,269.049337,261.360826,264.694458,37780300
2022-05-09,260.194993,262.410965,253.701208,254.915161,47726000
2022-05-10,261.765491,263.750240,255.387317,259.655487,39336400
2022-05-11,255.975006,261.447515,249.828055,251.032394,48975900
2022-05-12,248.276888,250.386893,240.887066,246.022369,51033800
2022-05-13,247.949298,253.431451,246.022356,251.581573,34925100
2022-05-16,250.463969,256.109926,246.436667,251.947723,32550900
2022-05-17,256.389309,258.528216,252.872645,257.073395,28828800
2022-05-18,253.983105,254.562540,244.103842,245.368927,31356000
2022-05-19,245.195074,248.835839,243.244340,244.461136,32692300
2022-05-20,248.420587,249.676035,237.990874,243.901047,39199300
2022-05-23,246.730545,252.534487,244.741159,251.713623,33175400
2022-05-24,249.048341,252.370374,244.808836,250.719009,29043900
2022-05-25,249.289709,255.508887,248.314327,253.519516,28547900
2022-05-26,253.278080,257.952137,252.466883,256.783630,25002100
2022-05-27,259.275255,263.968617,258.386784,263.872040,26910800
2022-05-31,263.186387,265.349580,259.709806,262.549011,37827700
2022-06-01,265.764826,268.169447,260.781732,263.080139,25292200
2022-06-02,255.383347,265.233623,252.631054,265.166016,44008200
2022-06-03,261.042486,264.074846,259.207633,260.762421,28059000
2022-06-06,262.732465,264.779776,258.058407,259.535950,22400300
2022-06-07,257.498332,263.765815,256.822320,263.157410,22860700
2022-06-08,262.394517,263.640298,260.366509,261.139099,17372300
2022-06-09,258.599194,263.360163,255.557198,255.711716,26439700
2022-06-10,251.646060,251.646060,243.872064,244.316299,31422800
2022-06-13,236.706457,240.482407,233.249195,233.954163,46135800
2022-06-14,235.499291,237.314840,233.229855,236.107697,28651500
2022-06-15,239.796704,246.547058,237.971503,243.128418,33111700
2022-06-16,237.546610,238.937242,234.688102,236.571243,33169200
2022-06-17,236.310521,241.911672,235.663494,239.159378,43084800
2022-06-21,241.679889,246.015955,240.955602,245.040588,29928300
2022-06-22,243.254015,248.353005,241.786124,244.451508,25939900
2022-06-23,246.807879,250.477586,244.934389,249.985062,25861400
2022-06-24,252.833926,258.792402,252.747015,258.522003,33923200
2022-06-27,259.014487,259.101398,254.253517,255.808334,24615100
2022-06-28,254.929510,257.759048,247.532128,247.686646,27295500
2022-06-29,248.758564,252.988401,246.991303,251.337036,20069800
2022-06-30,248.237086,250.632071,244.229374,248.024628,31730900
2022-07-01,247.599769,250.863862,245.880782,250.680374,22837700
2022-07-05,247.377590,253.963774,246.006276,253.838226,22941000
2022-07-06,254.707387,258.802010,253.403666,257.083038,23824400
2022-07-07,256.030483,259.835404,255.933906,259.198029,20859900
2022-07-08,255.711709,258.908224,254.263137,258.483307,19658800
2022-07-11,256.542291,257.392125,253.191258,255.441391,19455200
2022-07-12,256.764382,256.822322,243.398871,244.972992,35868500
2022-07-13,241.612284,244.857087,239.603594,244.055542,29497400
2022-07-14,241.979272,246.392583,237.508006,245.368927,25102800
2022-07-15,246.952696,251.443266,246.035270,247.918411,29774100
2022-07-18,250.844530,251.897156,244.615670,245.533096,20975000
2022-07-19,248.748908,250.815553,244.982625,250.632065,25012600
2022-07-20,250.989366,255.788972,250.033318,253.278107,22788300
2022-07-21,250.883130,255.808283,248.217747,255.759979,22404700
2022-07-22,256.146320,256.233231,250.187873,251.433624,21881300
2022-07-25,252.051670,252.534527,248.005321,249.956055,21056000
2022-07-26,250.950726,250.970059,241.013538,243.263641,39348000
2022-07-27,252.206109,260.791299,249.975309,259.526215,45994000
2022-07-28,260.501742,268.314377,258.686192,266.933411,33459300
2022-07-29,268.179176,272.331740,267.145853,271.114929,32152800
2022-08-01,268.295027,271.636394,266.382900,268.478516,21539600
2022-08-02,266.537486,268.362703,263.041601,265.397949,22754200
2022-08-03,267.271358,273.780269,267.126477,272.785583,23518900
2022-08-04,272.138561,274.069992,270.564470,273.925140,18098700
2022-08-05,269.579442,273.925161,269.125554,273.210541,16774600
2022-08-08,274.311357,276.117269,269.743544,270.709259,18739200
2022-08-09,270.052592,273.374625,268.092162,272.621368,23405200
2022-08-10,278.290167,279.873925,277.102327,279.246216,24687800
2022-08-11,280.878271,281.225914,276.687071,277.179565,20065900
2022-08-12,278.589551,281.901947,277.102341,281.901947,22619700
2022-08-15,281.023099,284.094066,280.163599,283.408417,18085700
2022-08-16,281.979183,283.958917,280.463033,282.674500,18102900
2022-08-17,280.400206,283.893852,280.138920,281.929291,18253400
2022-08-18,280.835751,282.500308,279.761516,280.816406,17186200
2022-08-19,279.587257,279.925980,276.354926,276.925903,20570000
2022-08-22,272.987194,273.354949,268.283869,268.796783,25061100
2022-08-23,267.528961,269.870936,266.522477,267.528961,17527400
2022-08-24,266.532177,268.293517,266.241830,266.899933,18137000
2022-08-25,268.390306,270.025832,265.670888,269.861328,16583400
2022-08-26,270.083880,271.303273,259.341711,259.448151,27549300
2022-08-29,257.280307,258.780331,255.344778,256.680298,20338500
2022-08-30,258.073922,258.441648,252.257644,254.493179,22767100
2022-08-31,256.835156,258.499683,252.906003,253.041504,24791800
2022-09-01,250.525333,252.480237,247.176874,252.006012,23263400
2022-09-02,253.264133,256.206117,246.267181,247.805923,22855400
2022-09-06,247.941405,249.518838,243.818717,245.086487,21328200
2022-09-07,246.489709,250.486568,245.057421,249.770432,24126700
2022-09-08,249.209177,252.035034,246.576840,250.186600,20319900
2022-09-09,252.102839,256.680379,251.899616,255.935181,22084700
2022-09-12,257.212584,258.828765,256.612574,258.054535,18747700
2022-09-13,250.496277,252.005988,243.479981,243.867096,33353300
2022-09-14,245.357461,246.034894,241.805765,244.089691,23913000
2022-09-15,241.718672,243.296119,236.154023,237.470184,31530900
2022-09-16,236.386262,237.392746,234.257182,236.850800,39791800
2022-09-19,234.654003,237.237934,233.086228,236.637924,26826900
2022-09-20,234.266872,235.660442,231.915196,234.634613,26660300
2022-09-21,236.395938,239.676660,231.199030,231.247421,28625600
2022-09-22,230.202286,235.999204,229.911968,233.212036,31061200
2022-09-23,231.818431,233.357188,227.618334,230.250656,34176000
2022-09-26,229.408707,233.666867,229.263533,229.795807,27694200
2022-09-27,232.244220,234.005559,226.940872,228.789307,27018700
2022-09-28,229.176445,234.518512,227.163492,233.299133,29029700
2022-09-29,231.189385,232.215214,226.853802,229.844193,27484200
2022-09-30,230.608724,232.786196,225.227953,225.392471,35694800
2022-10-03,227.821577,233.821718,227.095753,232.979767,28880400
2022-10-04,237.189538,242.289664,237.083083,240.857376,34888400
2022-10-05,238.060551,242.502589,236.231475,241.167068,20347100
2022-10-06,239.937984,242.270301,238.147627,238.834732,20239900
2022-10-07,233.134589,233.541063,225.653770,226.689285,37769600
2022-10-10,225.537633,226.998952,219.421351,221.860123,29743600
2022-10-11,220.282673,221.676257,216.885823,218.143921,30474000
2022-10-12,218.134238,220.514946,216.740668,218.472961,21903900
2022-10-13,212.763147,228.489329,212.066355,226.689285,42551800
2022-10-14,227.947347,229.592560,220.979443,221.192352,30198600
2022-10-17,228.218375,231.257157,227.560287,229.873245,28142300
2022-10-18,235.399193,236.066939,227.782872,230.811981,26329600
2022-10-19,229.399048,231.886211,226.737693,228.857101,19985700
2022-10-20,228.169949,233.531360,227.298951,228.537689,21811000
2022-10-21,227.173166,235.166900,226.940897,234.315262,26299700
2022-10-24,235.902372,239.850854,233.521678,239.279877,24911200
2022-10-25,239.289562,242.947712,237.905665,242.579971,34775500
2022-10-26,223.718245,230.618414,222.644025,223.863419,82543200
2022-10-27,223.592441,226.157027,218.502002,219.440735,40424600
2022-10-28,218.947201,228.973249,218.763323,228.266769,40647700
2022-10-31,226.224709,227.347320,223.698842,224.647263,28357300
2022-11-01,227.037662,228.140914,220.002007,220.814926,30592300
2022-11-02,222.063330,223.844014,212.946972,213.005051,38407000
2022-11-03,212.995403,213.305095,207.082358,207.343658,36633900
2022-11-04,210.537280,214.447044,206.550078,214.253494,36789100
2022-11-07,214.834179,221.047229,214.147059,220.524628,33498000
2022-11-08,221.327852,224.182756,218.560044,221.492371,28192500
2022-11-09,220.040696,221.260090,217.098698,217.272888,27852900
2022-11-10,227.840879,235.486230,227.424747,235.147507,46268000
2022-11-11,235.157252,239.996078,234.131409,239.144440,34620200
2022-11-14,234.189460,236.047567,231.499075,233.763641,31123300
2022-11-15,237.741176,239.037977,232.292654,234.170120,31390100
2022-11-16,235.625842,236.606049,233.325780,234.597122,24093300
2022-11-17,230.763670,236.072264,230.618102,234.548584,23123500
2022-11-18,236.324578,236.547802,231.976777,234.102158,27613500
2022-11-21,234.305969,237.450370,234.073060,234.907684,26394700
2022-11-22,236.402217,238.071465,233.607209,237.799728,19665700
2022-11-23,237.877388,240.953847,237.062178,240.274506,19508500
2022-11-25,240.012453,241.361436,239.449565,240.187149,9200800
2022-11-28,238.818786,239.371959,233.694587,234.626251,24778200
2022-11-29,234.276853,235.625837,231.180995,233.238434,17956300
2022-11-30,233.471339,247.795800,232.782283,247.611404,47594200
2022-12-01,246.378933,248.562541,243.515983,247.174744,26041500
2022-12-02,242.448377,248.504239,242.322209,247.494934,21528500
2022-12-05,244.573758,246.330361,240.740316,242.817169,23435300
2022-12-06,243.418872,244.428178,236.586598,237.887054,22463700
2022-12-07,237.605643,238.896400,235.062958,237.159210,20481500
2022-12-08,237.615350,241.400279,235.887874,240.099808,22611800
2022-12-09,237.479452,240.982929,236.955392,238.178207,20609700
2022-12-12,240.148332,245.088135,239.876595,245.059021,30665100
2022-12-13,253.968151,256.132360,245.602511,249.338913,42196900
2022-12-14,249.542710,254.841590,246.805914,249.630051,35410900
2022-12-15,246.233287,246.699119,240.041542,241.662262,35560400
2022-12-16,241.215873,242.467802,236.324584,237.469772,86102000
2022-12-19,237.634717,237.974395,231.666196,233.354843,29696400
2022-12-20,232.335879,235.742317,231.384800,234.665070,25150800
2022-12-21,234.558283,238.372311,233.024904,237.217422,23690600
2022-12-22,234.140995,234.849465,226.969056,231.161591,28651700
2022-12-23,229.142968,231.821522,227.037001,231.685654,21207000
2022-12-27,231.656558,231.879767,228.871249,229.967911,16688600
2022-12-28,229.899905,232.646400,227.260165,227.609543,17457100
2022-12-29,228.696477,234.781467,228.696477,233.898315,19770700
2022-12-30,231.181006,232.879368,229.676740,232.743500,21938500
2023-01-03,235.907282,238.498495,230.394878,232.510559,25740000
2023-01-04,225.425956,225.998543,219.292453,222.339798,50623400
2023-01-05,220.495860,220.835538,215.216379,215.750153,39585600
2023-01-06,216.419819,219.098372,212.877527,218.292862,43613600
2023-01-09,219.767985,224.416651,219.729172,220.418213,27369800
2023-01-10,221.039305,224.484555,220.622000,222.097153,27033900
2023-01-11,224.465157,228.987655,224.290475,228.812973,28669300
2023-01-12,228.318007,232.821091,226.668173,231.472107,27269500
2023-01-13,230.006689,232.306752,227.988063,232.170883,21333300
2023-01-17,230.948051,233.801301,230.094013,233.257828,29831300
2023-01-18,234.441837,235.227933,228.570355,228.851791,30028700
2023-01-19,226.881721,228.570383,223.873188,225.086304,28623000
2023-01-20,227.929829,233.636328,227.590150,233.131668,35389800
2023-01-23,233.985703,237.935599,232.578477,235.422028,31934000
2023-01-24,235.344413,236.751624,233.345201,234.897980,40234400
2023-01-25,227.561010,236.120758,224.086646,233.510132,66526600
2023-01-26,236.460436,240.982933,234.859130,240.682083,33454500
2023-01-27,241.642898,242.458108,239.546630,240.837387,26498900
2023-01-30,237.295046,238.352894,235.053211,235.548172,25867400
2023-01-31,236.266379,240.633595,235.781133,240.497726,26541100
2023-02-01,240.682123,247.650251,238.226778,245.291962,31259900
2023-02-02,251.182882,256.879669,249.659202,256.792328,39940400
2023-02-03,251.881588,256.404086,249.513584,250.726700,29077300
2023-02-06,249.843541,250.678150,247.262028,249.193298,22518000
2023-02-07,252.842387,260.839235,252.405654,259.664948,50841400
2023-02-08,265.138554,268.593505,258.354792,258.859467,54686000
2023-02-09,265.720807,265.895518,255.045391,255.841202,42375100
2023-02-10,253.812913,256.297372,252.968589,255.336594,25818500
2023-02-13,259.742560,266.497178,259.266999,263.313965,44630900
2023-02-14,264.624193,266.856314,261.334209,264.138947,37047900
2023-02-15,261.054756,263.399505,258.972686,262.027679,28922400
2023-02-16,256.871134,259.517486,254.808542,255.051773,29603600
2023-02-17,252.366560,253.047588,249.068336,251.072556,30000100
2023-02-21,247.589495,248.572157,244.777748,245.828506,28397400
2023-02-22,247.210049,247.453280,243.561587,244.699905,22491100
2023-02-23,248.640261,249.885602,243.697809,247.871658,29219100
2023-02-24,243.191892,244.203726,241.382255,242.471924,24990900
2023-02-27,245.624186,245.974438,242.637304,243.386459,21190000
2023-02-28,242.326005,244.680477,241.995200,242.666519,22491000
2023-03-01,243.970222,244.135618,239.134793,239.601807,27565300
2023-03-02,239.874218,244.592886,238.959668,244.310745,24808200
2023-03-03,245.361465,248.698584,244.583124,248.377518,30760100
2023-03-06,249.486691,253.076780,249.048879,249.914780,24109800
2023-03-07,249.360165,250.712543,246.528971,247.268387,21473200
2023-03-08,247.161403,247.647864,244.018865,246.830612,17340200
2023-03-09,248.893207,252.531930,244.768008,245.487976,26653400
2023-03-10,244.281532,245.945222,240.895763,241.858948,28333900
2023-03-13,240.701169,250.926600,239.076389,247.044632,33339700
2023-03-14,249.798005,254.001040,248.932104,253.728622,33620300
2023-03-15,252.940564,259.264564,252.191394,258.252716,46028000
2023-03-16,258.028900,269.071582,256.151166,268.721344,54768800
2023-03-17,270.725619,275.658317,268.838145,271.863922,69527400
2023-03-20,269.480272,269.966733,262.543325,264.858887,43466600
2023-03-21,267.437104,267.553850,262.222220,266.366882,34558700
2023-03-22,265.997197,273.430345,264.810230,264.917267,34873300
2023-03-23,270.414263,273.449778,267.748463,270.141846,36610900
2023-03-24,269.733172,273.031395,267.826251,272.973022,28172000
2023-03-27,272.904985,273.838983,268.059816,268.896545,26840200
2023-03-28,268.322514,268.663043,264.683761,267.777679,21878600
2023-03-29,271.406624,273.527619,270.871528,272.914673,25087000
2023-03-30,276.534005,276.757758,273.858466,276.358856,25053400
2023-03-31,276.047447,281.437419,275.337203,280.493683,32766000
2023-04-03,278.761962,280.464578,276.261572,279.452759,24883300
2023-04-04,279.452747,282.585561,277.934989,279.404083,25824300
2023-04-05,278.110145,279.374934,275.259487,276.641022,22064800
2023-04-06,275.541567,284.171391,274.393525,283.704407,29770300
2023-04-10,281.379112,281.758566,277.000957,281.554260,23103000
2023-04-11,278.012824,278.236607,274.014124,275.171875,27276600
2023-04-12,277.078783,279.238673,274.325394,275.813965,27403400
2023-04-13,275.911325,282.050469,275.502714,281.992096,24222700
2023-04-14,279.228973,280.668910,276.008599,278.392273,20987900
2023-04-17,282.079602,283.704397,278.411692,280.980194,23836200
2023-04-18,283.675256,283.860114,279.238728,280.561890,20161800
2023-04-19,278.246297,281.223440,276.835576,280.639709,17150300
2023-04-20,277.526337,281.203986,277.360927,278.363037,23244400
2023-04-21,277.292830,278.518693,275.395618,278.022522,21676400
2023-04-24,274.451907,277.234482,271.173160,274.140564,26611000
2023-04-25,271.941715,273.975120,267.913799,267.962463,45772200
2023-04-26,288.666350,291.458635,284.803843,287.372345,64599200
2023-04-27,287.956057,296.936148,287.255551,296.576141,46462600
2023-04-28,295.778399,300.565164,295.097341,298.940399,36469600
2023-05-01,298.658233,300.244102,296.887505,297.286407,21294100
2023-05-02,299.426848,300.808382,295.681088,297.140472,26404400
2023-05-03,298.317728,300.253836,295.856233,296.157837,22360800
2023-05-04,297.947986,299.426848,295.184887,297.140472,22519900
2023-05-05,297.442022,303.522791,296.031272,302.238525,28197100
2023-05-08,301.732631,301.800743,297.802013,300.292694,21318600
2023-05-09,299.660301,301.645072,298.016059,298.687378,21340800
2023-05-10,300.263519,304.524926,299.339259,303.853607,30078000
2023-05-11,301.703487,302.695858,297.967465,301.713196,31680200
2023-05-12,302.141301,302.238599,298.298272,300.604095,19774700
2023-05-15,300.730542,301.508869,299.261419,301.080780,16336500
2023-05-16,301.440755,305.215701,301.440755,303.299042,26730300
2023-05-17,304.498383,306.584975,302.987038,306.165710,24315000
2023-05-18,306.682436,311.079921,305.892648,310.572876,27276000
2023-05-19,308.837405,310.797266,308.476641,310.397491,27546700
2023-05-22,310.650919,314.541358,310.075643,313.166534,24115700
2023-05-23,312.045296,314.668183,307.384558,307.394318,30797200
2023-05-24,306.877550,308.603378,304.810418,306.019501,23384900
2023-05-25,315.175173,318.743860,312.016021,317.788330,43301700
2023-05-26,315.935723,325.081697,315.799231,324.584442,36630600
2023-05-30,326.866009,327.363264,322.273502,322.946289,29503100
2023-05-31,323.999375,327.558301,319.163105,320.196686,45950600
2023-06-01,317.798058,325.208444,316.618256,324.282135,26773900
2023-06-02,325.910467,329.079380,324.252870,327.031769,25873800
2023-06-05,326.856312,330.112976,326.310287,327.558350,21307100
2023-06-06,326.963502,327.002512,323.882370,325.354675,20396200
2023-06-07,323.375329,326.144467,314.453627,315.311676,40717100
2023-06-08,315.857672,318.490319,315.282396,317.144745,23277700
2023-06-09,316.881489,321.756739,316.315973,318.636597,22529000
2023-06-12,320.381911,323.814106,317.047256,323.570343,24260300
2023-06-13,326.124934,328.572319,322.146744,325.949432,22951300
2023-06-14,325.998160,330.580906,324.506335,328.923309,26003800
2023-06-15,329.059920,341.111525,328.786907,339.414948,38899100
2023-06-16,342.554568,342.700820,333.418355,333.788849,46552000
2023-06-20,330.844234,333.545112,327.480300,329.615662,26375400
2023-06-21,327.977559,329.303642,323.784856,325.237671,25117800
2023-06-22,325.783697,331.633996,325.023159,331.234222,23556800
2023-06-23,326.017749,329.527935,325.130479,326.661285,23146900
2023-06-26,325.393710,327.724065,320.294188,320.401459,21520600
2023-06-27,323.580097,327.763070,321.083971,326.222504,24354100
2023-06-28,326.310208,329.547381,325.481410,327.470520,20259500
2023-06-29,326.358947,327.724011,324.321096,326.690460,16997000
2023-06-30,329.323120,334.178880,328.786855,332.043518,26832800
2023-07-03,330.727262,332.394589,328.172635,329.557190,12508700
2023-07-05,326.729515,333.125840,326.378511,329.713165,18172400
2023-07-06,328.884360,334.432397,327.129282,332.755310,28161200
2023-07-07,330.853977,333.262352,328.591854,328.806366,21214800
2023-07-10,326.251750,326.866036,319.416640,323.550842,32791400
2023-07-11,322.800072,324.555150,318.841371,324.174896,26698200
2023-07-12,328.201829,333.125820,327.295040,328.786865,29995300
2023-07-13,331.087996,335.163698,330.561460,334.110657,20567200
2023-07-14,338.917563,342.661751,335.719401,336.626190,28352700
2023-07-17,337.055325,338.332638,333.662170,337.104095,20363900
2023-07-18,337.201535,357.628844,333.632878,350.520721,64738600
2023-07-19,352.724361,353.416638,343.646647,346.220764,39732900
2023-07-20,344.748485,349.038700,336.753062,338.215637,33778400
2023-07-21,340.438675,341.559976,331.351203,335.192902,69405400
2023-07-24,337.221038,338.264349,333.769353,336.499481,26678100
2023-07-25,338.449675,343.110444,336.460594,342.223145,41637700
2023-07-26,332.921098,336.070521,324.798914,329.342651,58383700
2023-07-27,331.985034,332.813803,320.840190,322.468536,39635300
2023-07-28,325.344956,331.526770,324.857431,329.927673,28484900
2023-07-31,328.513807,329.274345,325.042602,327.538757,25446000
2023-08-01,326.827032,330.093456,325.374217,327.948334,18311900
2023-08-02,325.305887,325.305887,318.217256,319.328827,27761300
2023-08-03,317.866290,321.649489,317.817550,318.509827,18253700
2023-08-04,323.599609,326.778282,319.075363,319.601898,23741500
2023-08-07,320.177171,322.848799,319.348373,321.873749,17741500
2023-08-08,318.802338,320.547686,314.941148,317.915039,22327600
2023-08-09,318.324571,318.948588,313.039787,314.190369,22373300
2023-08-10,317.885795,320.069928,313.166557,314.872894,20113700
2023-08-11,312.269536,314.365888,311.245716,313.000824,24355500
2023-08-14,313.371354,315.974721,312.094011,315.955231,18836100
2023-08-15,314.941161,316.979012,312.893550,313.829590,16966300
2023-08-16,313.458284,316.995463,312.481169,313.067444,20698900
2023-08-17,313.204264,314.503813,308.973341,309.628021,21257200
2023-08-18,307.292705,311.093694,304.419986,309.237183,24755000
2023-08-21,310.653997,315.383227,309.784380,314.513611,24040000
2023-08-22,318.050759,318.617472,314.103208,315.080322,16084600
2023-08-23,316.409232,321.666113,316.057455,319.516449,21166400
2023-08-24,325.232579,325.359609,312.637558,312.647339,23281400
2023-08-25,314.112927,317.913886,311.504019,315.588379,21684100
2023-08-28,318.207067,318.685843,314.357234,316.291931,14808500
2023-08-29,314.513639,321.451158,314.513639,320.894196,19284600
2023-08-30,321.148223,322.262118,318.979028,321.265472,15222100
2023-08-31,321.666111,323.336968,319.301481,320.259064,26411000
2023-09-01,323.727744,324.392175,319.301418,321.138397,14942000
2023-09-05,321.470585,327.186709,321.138370,325.916443,18553900
2023-09-06,325.750398,326.805668,322.623620,325.261841,17535800
2023-09-07,323.708255,325.457269,321.499967,322.359833,18381000
2023-09-08,322.535664,328.466756,321.920078,326.619995,19530100
2023-09-11,329.522063,330.675080,327.753488,330.206055,16583300
2023-09-12,328.134577,329.082380,323.893904,324.177246,17565500
2023-09-13,323.727786,329.141008,323.591005,328.369080,16544400
2023-09-14,331.388322,333.059180,328.867381,330.948639,20267000
2023-09-15,329.209336,329.678332,322.105696,322.662659,37679800
2023-09-18,320.298093,322.838596,318.891046,321.529266,16834200
2023-09-19,318.705407,321.851717,317.083394,321.128632,16505900
2023-09-20,321.968923,322.047079,313.174895,313.428925,21436500
2023-09-21,311.953567,317.904190,307.791049,312.217377,35560400
2023-09-22,313.966365,314.093395,308.914671,309.755005,21447900
2023-09-25,309.344618,310.399918,307.791009,310.272888,17836000
2023-09-26,307.918022,308.650858,302.924953,304.996460,26297600
2023-09-27,305.152816,307.107045,302.602562,305.631622,19410100
2023-09-28,303.872812,308.260076,302.368077,306.462189,19683600
2023-09-29,310.478063,312.158701,307.771467,308.523834,24147300
2023-10-02,309.041734,314.523361,307.966902,314.435394,20570000
2023-10-03,313.487599,314.034811,304.087763,306.217896,21033500
2023-10-04,306.843234,312.715701,306.813921,311.660400,20720100
2023-10-05,311.787490,312.657136,307.693377,312.051300,16965600
2023-10-06,309.305531,321.656270,309.061252,319.770447,25673600
2023-10-09,317.317934,322.740907,315.783857,322.271912,19891200
2023-10-10,323.385765,323.522575,320.171080,320.874603,20557100
2023-10-11,323.630048,325.203218,321.607444,324.812378,20063200
2023-10-12,323.004713,325.994681,321.197046,323.581207,19313100
2023-10-13,324.773282,326.190080,318.891034,320.229706,21072400
2023-10-16,323.473736,328.447275,323.034052,325.027374,22158000
2023-10-17,322.047158,325.828587,319.917056,324.460632,18338500
2023-10-18,324.880743,327.909804,320.786632,322.555206,23153600
2023-10-19,324.548571,329.170334,323.336959,323.737579,25052100
2023-10-20,324.128416,324.323851,318.001919,319.194000,25027700
2023-10-23,318.021429,325.115289,316.966158,321.783325,24374700
2023-10-24,323.717974,324.245624,320.102669,322.965607,31153600
2023-10-25,337.124020,338.277038,329.893379,332.873596,55053800
2023-10-26,332.746570,333.811621,319.457807,320.386078,37828500
2023-10-27,322.867891,329.013949,320.884350,322.262085,29856500
2023-10-30,325.779714,331.681493,324.235856,329.590454,22828100
2023-10-31,331.095277,331.241839,327.030477,330.372192,20265300
2023-11-01,332.013717,339.469104,331.876906,338.149994,28158800
2023-11-02,339.293210,340.846819,336.879737,340.348511,24348100
2023-11-03,341.628516,346.279590,339.381135,344.725952,23637700
2023-11-06,345.361076,349.357470,345.263359,348.370575,23828300
2023-11-07,351.174970,354.164938,349.445487,352.279114,25833900
2023-11-08,353.402676,355.542559,352.298532,354.887909,26767800
2023-11-09,354.008503,356.441538,352.112899,352.435364,24847300
2023-11-10,353.217051,361.630021,352.806680,361.209869,28042100
2023-11-13,359.793033,360.037312,357.526121,358.288269,19986500
2023-11-14,362.519197,363.437687,358.942955,361.796112,27683900
2023-11-15,363.519387,365.330724,359.436537,361.943054,26860100
2023-11-16,363.206039,368.483390,362.442344,368.307159,27182300
2023-11-17,365.800680,366.544804,359.328859,362.119293,40157000
2023-11-20,363.460670,370.950762,363.245267,369.550659,52465100
2023-11-21,367.817663,368.356155,363.362751,365.272003,28423100
2023-11-22,370.098885,371.851478,367.132221,369.952026,23345300
2023-11-24,369.442856,370.069493,367.298660,369.540771,10176600
2023-11-27,368.904371,372.683703,368.336507,370.696106,22179200
2023-11-28,370.441573,374.994370,370.255542,374.700653,20453100
2023-11-29,375.738494,376.267186,369.550591,370.931122,28963400
2023-11-30,370.578665,372.145227,367.621800,370.989899,30554400
2023-12-01,368.884855,370.255585,363.548760,366.681885,33040500
2023-12-04,361.384961,361.796165,355.314543,361.424133,32063300
2023-12-05,358.790299,365.281691,357.977632,364.733398,23065000
2023-12-06,365.732130,366.358736,360.337292,361.091187,21182100
2023-12-07,360.533142,363.685838,358.663062,363.196289,23118900
2023-12-08,361.482795,366.632827,360.533069,366.407654,20154400
2023-12-11,360.777908,363.832688,358.447651,363.538940,27708800
2023-12-12,363.098322,366.593707,362.716459,366.554535,24838300
2023-12-13,368.160274,369.746438,363.020012,366.544769,30955500
2023-12-14,365.506997,365.947602,356.518886,358.281250,43277500
2023-12-15,359.181902,364.615880,358.623809,362.980804,78502300
2023-12-18,361.727654,365.203438,360.973729,364.860748,21802900
2023-12-19,363.724955,365.457977,362.109450,365.457977,20603700
2023-12-20,367.161560,368.170029,362.784993,362.873108,26316700
2023-12-21,364.772560,366.583896,362.305245,365.732086,17708000
2023-12-22,365.869154,367.337800,364.919428,366.750336,17107500
2023-12-26,367.161594,369.061046,365.692948,366.828705,12673100
2023-12-27,365.878976,367.220335,365.017365,366.251038,14905400
2023-12-28,367.523876,368.591089,366.339176,367.435760,14327000
2023-12-29,368.140668,369.276425,365.673353,368.179840,18730800
2024-01-02,366.045412,368.042780,359.103614,363.117920,25258600
2024-01-03,361.296785,365.457949,360.807236,362.853546,23083500
2024-01-04,362.922062,365.301261,359.495221,360.249115,20901500
2024-01-05,361.257641,364.283049,358.839269,360.063141,21004600
2024-01-08,361.580713,367.357412,361.296796,366.858063,23134000
2024-01-09,364.234101,368.130891,363.431234,367.935089,20830000
2024-01-10,368.502977,376.139956,368.454034,374.769196,25514200
2024-01-11,377.931660,382.513830,372.429137,376.590302,27850800
2024-01-12,377.432345,380.555669,376.609907,380.350067,21661200
2024-01-16,385.431551,385.793813,379.517794,382.112396,27202300
2024-01-17,379.870317,381.955770,376.766564,381.329163,22234100
2024-01-18,383.532062,385.754602,381.965500,385.637115,23392100
2024-01-19,387.487675,390.336853,385.274905,390.336853,29331100
2024-01-22,391.658628,392.246092,385.363037,388.222015,27016900
2024-01-23,387.477860,391.031989,385.695896,390.562012,20525900
2024-01-24,393.146900,397.151406,392.079687,394.145569,24867000
2024-01-25,395.868735,398.502510,394.116142,396.407227,21021200
2024-01-26,395.917713,397.680107,394.018261,395.486908,17803300
2024-01-29,397.572353,401.410428,395.878503,401.155853,24510200
2024-01-30,403.642863,404.416328,397.954307,400.049561,33477600
2024-01-31,398.453501,406.638771,388.907300,389.269562,47871100
2024-02-01,393.430805,399.471851,393.401433,395.340057,30657700
2024-02-02,395.369425,404.024645,395.124651,402.624542,28256700
2024-02-05,401.332063,402.565735,395.545593,397.170898,25352300
2024-02-06,397.396145,399.442455,394.488224,397.014282,18382600
2024-02-07,398.923504,405.640099,398.884332,405.395325,22340500
2024-02-08,405.395297,406.873744,403.907080,405.454041,21225300
2024-02-09,406.570286,412.023866,406.413626,411.759491,22032800
2024-02-12,411.769283,411.945514,406.080729,406.580078,21202900
2024-02-13,396.475836,401.498612,394.958247,397.826996,27824900
2024-02-14,400.279216,402.015412,396.846037,401.672089,20401200
2024-02-15,400.347886,401.318976,396.571384,398.798035,21825500
2024-02-16,400.171269,400.494986,395.737575,396.345734,22296500
2024-02-20,395.541397,396.767532,390.411266,395.100006,24307900
2024-02-21,392.530012,394.609533,389.636322,394.501617,18518900
2024-02-22,402.358745,404.948328,400.769679,403.790863,27009900
2024-02-23,407.734086,407.920431,401.161990,402.505829,16295900
2024-02-26,403.604513,404.291160,399.582783,399.759369,16193500
2024-02-27,400.200713,400.524429,396.139769,399.700470,14835800
2024-02-28,400.387153,401.485766,397.581770,399.935944,13183100
2024-02-29,400.838318,406.292165,398.170247,405.742859,31947300
2024-03-01,403.418100,407.930284,403.035561,407.567352,17823400
2024-03-04,405.546689,409.382043,404.448076,406.998444,17596000
2024-03-05,406.056778,406.341249,392.991102,394.962708,26919200
2024-03-06,395.276534,397.424725,390.783988,394.413330,22344100
2024-03-07,398.366465,401.956593,394.560536,401.328827,18718500
2024-03-08,400.171309,402.584365,396.610608,398.464539,18002200
2024-03-11,396.051497,397.934824,393.599226,396.796967,16120800
2024-03-12,399.837832,407.636065,399.023691,407.351593,22457000
2024-03-13,410.117743,410.196203,403.594709,407.175018,17115900
2024-03-14,412.216843,419.652143,410.009799,417.101776,34157300
2024-03-15,411.284958,414.531762,404.909056,408.469757,45079900
2024-03-18,406.341235,412.697531,405.880207,409.352631,20106000
2024-03-19,409.852864,413.619578,407.616395,413.364532,19837900
2024-03-20,413.943228,417.827616,412.628815,417.111572,17860100
2024-03-21,421.623786,422.594906,419.004778,421.172577,21296200
2024-03-22,421.496289,421.653208,417.935588,420.554596,17648500
2024-03-25,417.121462,419.250047,413.560760,414.786896,18060500
2024-03-26,417.484333,417.857083,413.305685,413.599945,16725600
2024-03-27,416.336668,416.346487,411.010344,413.384125,16705000
2024-03-28,412.923091,413.815722,411.118224,412.687683,21871200
2024-04-01,415.856045,419.720825,414.159063,416.464203,16316000
2024-04-02,412.089357,414.316038,409.862706,413.393982,17912000
2024-04-03,411.716596,415.179201,411.088801,412.422852,16502300
2024-04-04,416.876221,420.485987,409.597898,409.901978,19370900
2024-04-05,411.991243,418.367146,410.333506,417.396027,16554800
2024-04-08,417.052739,419.122441,415.218415,416.483795,14272400
2024-04-09,418.298489,419.573658,413.570505,418.141541,12496900
2024-04-10,414.129590,415.934457,411.687138,415.179169,16216600
2024-04-11,417.690369,421.172581,414.296405,419.760071,17966400
2024-04-12,415.954100,417.062531,411.755815,413.845154,19253800
2024-04-15,418.455420,418.671221,405.536847,405.742859,20273500
2024-04-16,406.655128,410.411994,405.831169,406.664917,16765600
2024-04-17,409.283951,410.882836,402.496053,403.977234,15855500
2024-04-18,402.790350,404.026304,396.237890,396.551758,21029900
2024-04-19,396.316355,397.738684,390.175859,391.500092,30565800
2024-04-22,392.441758,395.158893,388.194439,393.304962,20286900
2024-04-23,396.522347,400.406765,395.364882,399.788788,15734500
2024-04-24,401.740759,404.595206,399.013836,401.250305,15065300
2024-04-25,386.507271,392.255409,380.621822,391.421631,40586500
2024-04-26,404.300910,405.115051,398.013285,398.562592,29694700
2024-04-29,397.513037,398.562616,391.568736,394.570312,19582100
2024-04-30,393.824851,394.482073,381.740084,381.897003,28781400
2024-05-01,385.114369,394.050459,382.858292,387.399902,23562500
2024-05-02,390.067981,392.294632,387.115438,390.244537,17709400
2024-05-03,394.599766,399.376784,394.187771,398.896149,17446700
2024-05-06,400.956036,406.027314,398.611651,405.644775,16996600
2024-05-07,406.743433,406.753252,401.279767,401.524994,20018200
2024-05-08,400.377309,404.359794,398.945162,402.702057,11792300
2024-05-09,402.731531,404.840477,401.289594,404.448120,14689700
2024-05-10,405.056276,407.449695,403.938027,406.821899,13402300
2024-05-13,410.029486,410.362991,402.976753,405.821381,15440200
2024-05-14,404.153815,409.519385,403.692787,408.607147,15109300
2024-05-15,410.660928,416.468556,410.041836,415.751190,22239500
2024-05-16,414.493323,418.050641,413.068459,413.697357,17530100
2024-05-17,415.220533,415.593955,410.788648,412.930878,15352200
2024-05-20,412.930936,419.377298,412.714745,417.972076,16272100
2024-05-21,419.436263,425.469917,417.490580,421.608002,21453300
2024-05-22,422.639712,424.919531,419.730995,423.062256,18073700
2024-05-23,425.469888,426.088980,418.050685,419.603302,17211700
2024-05-24,419.790004,423.592961,417.058162,422.708557,11855300
2024-05-28,422.187734,423.357122,419.210222,422.865784,15718000
2024-05-29,418.316020,423.475077,418.316020,421.735748,15517100
2024-05-30,416.950067,416.950067,407.064334,407.486908,28394500
2024-05-31,409.530867,409.530867,397.502904,407.938934,47995300
2024-06-03,408.332003,409.216407,401.836519,406.356812,17484700
2024-06-04,405.285680,409.226226,402.583317,408.862640,14348900
2024-06-05,410.572457,416.733834,409.088605,416.665070,16988000
2024-06-06,416.665115,417.942583,413.294508,417.166260,14861300
2024-06-07,418.817172,418.895773,415.672592,416.507874,13621700
2024-06-10,417.343151,420.664575,416.547184,420.458221,13982900
2024-06-11,418.109646,425.322495,417.883619,425.184906,14551100
2024-06-12,427.779179,435.719201,425.745030,433.419739,22366200
2024-06-13,433.213390,435.709399,431.759016,433.930725,15960600
2024-06-14,430.687870,435.463698,429.154895,434.903564,13582000
2024-06-17,434.923244,443.128607,433.085642,440.603119,20790000
2024-06-18,441.919895,442.342469,437.183412,438.608276,17112500
2024-06-20,438.568922,438.794949,433.626056,437.979340,19877400
2024-06-21,439.630228,442.774777,438.775303,441.988647,34187100
2024-06-24,442.008331,444.907241,438.677069,439.915253,15913700
2024-06-25,440.485247,443.600348,439.011231,443.138489,16413400
2024-06-26,441.222189,445.742512,440.426223,444.327454,16507000
2024-06-27,444.347147,448.268051,443.944246,445.005554,14806300
2024-06-28,445.221684,447.491666,438.677048,439.207703,28362300
2024-07-01,440.888114,449.447227,437.940081,448.818329,17662800
2024-07-02,445.349461,451.628755,445.260994,451.324127,13979800
2024-07-03,450.253005,453.033969,449.948377,452.788300,9932800
2024-07-05,451.648365,460.236986,451.019467,459.460663,16000300
2024-07-08,458.468202,459.598305,456.414409,458.163574,12962300
2024-07-09,458.910355,459.234625,450.066258,451.579590,17207200
2024-07-10,453.230504,458.379724,450.911369,458.173370,18196100
2024-07-11,454.960055,456.728863,443.728028,446.823486,23111200
2024-07-12,446.459877,448.454711,442.843631,445.693390,16324300
2024-07-15,445.447712,449.339137,443.610110,446.096283,14429400
2024-07-16,446.351812,446.430413,438.922772,441.733215,17175700
2024-07-17,434.923214,437.144075,431.572281,435.837097,21778000
2024-07-18,436.642899,436.947527,426.875083,432.741669,20794800
2024-07-19,425.597661,433.498397,424.516710,429.538177,20940400
2024-07-22,434.137108,436.898430,431.306992,435.267181,15808800
2024-07-23,436.210518,440.622760,435.424388,437.144073,13107100
2024-07-24,432.820279,433.832436,420.183032,421.470337,26805800
2024-07-25,421.372123,422.354801,410.277715,411.152283,29943800
2024-07-26,410.955752,421.490056,410.041839,417.903259,23583800
2024-07-29,424.103913,424.664047,417.343118,419.337952,15125800
2024-07-30,420.310803,421.617751,410.130249,415.593964,32687600
2024-07-31,413.215931,414.473757,405.069525,411.103180,42891400
2024-08-01,413.500858,420.055300,405.934230,409.884583,30296400
2024-08-02,405.344651,407.811181,397.335835,401.413940,29437900
2024-08-05,382.428631,394.093008,378.900792,388.305023,40709200
2024-08-06,393.070972,398.642766,391.596956,392.687714,24946500
2024-08-07,401.561357,402.976385,390.584836,391.528198,20650900
2024-08-08,395.468778,398.829518,393.012084,395.714447,20203000
2024-08-09,397.031206,400.981559,395.291878,398.986725,19276700
2024-08-12,400.008639,401.679203,397.237482,399.762970,16762900
2024-08-13,402.494900,407.762068,402.475258,406.838348,19414300
2024-08-14,407.614633,410.484065,405.305365,409.638947,18267000
2024-08-15,413.271509,414.561134,411.164804,414.482391,20752100
2024-08-16,414.059130,414.787613,410.810432,411.962250,22775600
2024-08-19,412.444600,415.191220,409.983478,414.974640,15234000
2024-08-20,415.142080,419.237361,415.083016,418.193848,16387600
2024-08-21,417.485003,419.768932,415.161719,417.544098,16067300
2024-08-22,417.760668,420.152902,408.162293,409.087677,19361900
2024-08-23,410.495397,412.739939,405.681429,410.308350,18493800
2024-08-26,409.894879,410.790731,404.943103,407.059662,13152800
2024-08-27,406.439465,407.916138,403.870069,407.404236,13492900
2024-08-28,408.428100,408.546229,400.975816,404.214661,14882700
2024-08-29,408.487138,415.486554,404.214635,406.695435,17045200
2024-08-30,409.136864,410.997457,405.720826,410.652924,24308300
2024-09-03,411.410975,413.350340,400.700168,403.072693,20313600
2024-09-04,399.597615,404.844714,398.081555,402.541107,15135800
2024-09-05,401.280957,406.675746,399.814138,402.039001,14195500
2024-09-06,402.698592,404.263862,394.567036,395.453064,19609500
2024-09-09,400.906904,402.294981,395.896064,399.410553,15295100
2024-09-10,401.851975,409.855518,401.359750,407.758667,19594300
2024-09-11,409.038430,417.396390,403.210481,416.461182,19266900
2024-09-12,416.726971,420.723830,413.222336,420.359589,17395700
2024-09-13,419.207783,425.114475,418.843542,423.893768,15874600
2024-09-16,423.903567,426.787994,421.560575,424.632050,13834700
2024-09-17,433.383921,434.978723,425.547687,428.382904,18874200
2024-09-18,428.235225,429.249206,423.716609,424.110382,18898000
2024-09-19,434.368306,434.634096,430.105626,431.867798,21706600
2024-09-20,430.420633,432.409208,427.467287,428.500946,55167100
2024-09-23,427.526356,429.672447,423.696866,426.768341,15128900
2024-09-24,426.266306,426.610869,419.473615,422.495880,17015800
2024-09-25,423.145534,426.384378,421.905149,425.390076,13396400
2024-09-26,428.323723,428.530449,422.456418,424.602509,14492000
2024-09-27,424.809310,425.134195,420.822304,421.363739,14896100
2024-09-30,421.550843,423.726497,418.755012,423.608337,16807300
2024-10-01,421.787067,421.816600,412.296967,414.147736,19092900
2024-10-02,416.008324,416.244613,410.229615,410.643097,16582300
2024-10-03,411.135332,413.025457,407.847277,410.062286,13686400
2024-10-04,411.735843,413.222371,408.516707,409.589752,19169700
2024-10-07,409.530673,410.623397,402.639532,403.171143,20919800
2024-10-08,404.509934,409.195919,401.822409,408.260681,19229300
2024-10-09,409.392802,413.842529,407.857065,410.967926,14974300
2024-10-10,408.772609,410.859635,406.724939,409.373108,13848400
2024-10-11,409.668540,410.643135,406.823469,409.845734,14144900
2024-10-14,411.273076,417.445588,411.026964,412.621796,16653100
2024-10-15,415.614502,415.909855,408.802135,412.227997,18900200
2024-10-16,408.713595,409.885062,404.096528,409.648804,15508900
2024-10-17,415.791747,415.929584,409.127040,410.239471,14820000
2024-10-18,410.652917,413.123862,409.786597,411.657043,17145300
2024-10-21,409.648788,412.444619,407.315650,412.267426,14206100
2024-10-22,411.981947,423.883929,411.538963,420.861694,25482200
2024-10-23,424.159546,424.376126,415.959102,417.996918,19654400
2024-10-24,418.715554,419.355469,415.831126,418.124908,13581600
2024-10-25,420.123301,425.793704,419.936253,421.491669,16899100
2024-10-28,424.947125,425.222770,419.670465,419.955963,14882400
2024-10-29,421.344051,426.433664,419.178252,425.232635,17644100
2024-10-30,430.637236,431.680749,425.380283,425.803589,29749100
2024-10-31,408.900562,409.688139,399.981460,400.030701,53971000
2024-11-01,402.649354,409.038416,401.162827,403.988190,24230400
2024-11-04,403.427037,404.037421,399.262839,402.107880,19672300
2024-11-05,402.019276,408.447724,401.733777,405.061218,17626000
2024-11-06,406.006329,413.911450,404.135852,413.645630,26681800
2024-11-07,414.728539,420.211926,413.350317,418.813995,19901800
2024-11-08,418.705761,419.867403,415.220803,415.968994,16891400
2024-11-11,415.949243,418.203638,409.530648,411.509399,24503300
2024-11-12,411.745661,417.839401,410.712002,416.451324,19401200
2024-11-13,415.082951,422.653333,411.706269,418.587585,21502200
2024-11-14,418.390690,421.511405,413.468446,420.251312,30246900
2024-11-15,413.291253,416.224891,407.207368,408.546204,28247600
2024-11-18,408.418229,411.893332,405.691317,409.294403,24727000
2024-11-19,406.685634,411.440539,405.149896,411.292877,18133500
2024-11-20,410.387108,410.800590,404.194918,409.028564,19191700
2024-11-21,413.802873,414.079070,404.717961,407.262909,20780200
2024-11-22,405.783247,411.731354,405.477460,411.336792,24814600
2024-11-25,412.698073,415.361387,409.216014,413.102509,27691100
2024-11-26,413.891666,423.213340,413.161725,422.177582,23458900
2024-11-27,419.336687,421.427922,416.288655,417.245483,18332400
2024-11-29,414.384818,419.109774,412.125909,417.709045,16271900
2024-12-02,415.844745,427.119509,415.588266,425.126953,20207200
2024-12-03,424.002448,426.596736,421.930962,425.343994,18302000
2024-12-04,427.149067,433.698905,426.754506,431.479462,26009400
2024-12-05,431.972704,438.621160,430.246471,436.608856,21697800
2024-12-06,436.293157,440.041568,435.770357,437.545929,18821000
2024-12-09,436.589140,442.241303,434.517654,439.962677,19144400
2024-12-10,438.354867,443.513820,435.602749,437.309235,18469500
2024-12-11,438.019451,444.233910,438.019451,442.892365,19200200
2024-12-12,443.010720,449.964993,443.010720,443.454620,20834800
2024-12-13,442.349833,445.299217,439.528658,441.195709,20177800
2024-12-16,441.195723,446.039046,439.232759,445.457062,23598800
2024-12-17,444.884897,449.106770,443.464451,448.288025,22733500
2024-12-18,445.190702,446.502626,431.084890,431.449890,24444500
2024-12-19,435.622479,437.161291,430.394469,431.094818,22963700
2024-12-20,427.228000,437.713641,422.808862,430.670624,64263700
2024-12-23,430.808714,431.706359,426.951811,429.338959,19152500
2024-12-24,428.747091,433.629878,428.293346,433.363525,7164500
2024-12-26,433.116923,434.951678,430.700214,432.160095,8194200
2024-12-27,428.697808,429.309384,420.559850,424.683075,18117700
2024-12-30,420.273792,421.743547,416.170285,419.060486,13158700
2024-12-31,420.313230,420.934679,414.947107,415.775696,13246500
2025-01-02,419.750981,420.283656,409.216031,412.895355,16896500
2025-01-03,415.361395,418.271344,413.842331,417.600586,16662900
2025-01-06,422.187416,428.421593,419.701651,422.039459,20573600
2025-01-07,423.173845,424.801431,415.085195,416.633881,18139100
2025-01-08,417.709031,421.171372,415.815123,418.794098,15054600
2025-01-10,418.863199,418.942100,409.383695,413.260345,20201100
2025-01-13,409.600701,412.816438,406.690783,411.524231,17604800
2025-01-14,412.135793,414.039575,405.142085,410.024872,16935900
2025-01-15,413.437873,422.335363,412.589537,420.520355,19637800
2025-01-16,422.877884,423.657134,418.626420,418.813812,15300000
2025-01-17,428.194709,428.579427,422.355124,423.203430,26197500
2025-01-21,424.357589,425.048064,419.820054,422.680664,26085700
2025-01-22,431.617612,441.195735,430.078801,440.140289,27803800
2025-01-23,435.997285,440.682776,435.504075,440.643311,18389300
2025-01-24,439.114395,440.584150,435.405449,438.029327,15549500
2025-01-27,418.251615,429.289648,417.748531,428.658325,35647800
2025-01-28,428.697791,442.290646,425.521519,441.126678,23491700
2025-01-29,440.623588,440.811010,434.419003,436.322784,23581400
2025-01-30,413.082728,417.117179,407.548931,409.354065,54586300
2025-01-31,413.289902,414.976671,409.275169,409.423126,34161900
2025-02-03,406.010113,409.768368,403.110039,405.339355,25679100
2025-02-04,407.085345,408.298652,404.175397,406.769684,20532100
2025-02-05,406.749949,408.209830,404.826419,407.677185,16316700
2025-02-06,408.377501,412.520473,408.377501,410.172791,16309800
2025-02-07,410.823884,412.964397,402.557687,404.185272,22886800
2025-02-10,408.091459,409.817693,405.339371,406.621704,20817900
2025-02-11,404.076813,406.888084,403.741404,405.852356,18140600
2025-02-12,401.679760,405.171693,398.878333,403.484924,19121700
2025-02-13,401.472637,405.418314,400.841314,404.964569,23891700
2025-02-14,402.251886,403.356671,400.367822,402.883179,22758500
2025-02-18,402.459071,405.023767,400.979442,404.076813,21423100
2025-02-19,402.340672,409.847308,402.113785,409.137085,24114200
2025-02-20,410.471447,414.444792,407.753355,411.301697,23508700
2025-02-21,412.497673,413.199427,403.157338,403.473602,27524800
2025-02-24,403.770120,404.620127,394.686748,399.312439,26443700
2025-02-25,396.446086,397.256579,392.097145,393.283203,29387400
2025-02-26,393.391936,398.917072,389.675553,395.091980,19619000
2025-02-27,396.614075,401.032211,387.619686,387.975494,21127400
2025-02-28,388.104012,393.016347,382.084678,392.383759,32845700
2025-03-03,394.192551,394.192551,381.679439,383.982391,23007700
2025-03-04,378.951442,388.024920,376.579295,384.100983,29342900
2025-03-05,384.822504,397.009456,384.298654,396.366974,23433100
2025-03-06,389.705210,397.483891,388.123769,392.284943,23304600
2025-03-07,387.767956,390.219162,381.066625,388.746460,22034100
2025-03-10,381.363111,381.916611,372.843134,375.749023,32840100
2025-03-11,374.602518,381.521298,372.536771,376.035706,30380200
2025-03-12,378.506673,380.750323,374.553085,378.822937,24253600
2025-03-13,378.714261,380.849203,373.070522,374.375183,20473000
2025-03-14,375.373449,385.702211,375.106593,384.051575,19952800
2025-03-17,382.213178,388.153424,381.096284,384.189972,22474300
2025-03-18,382.578866,382.875373,376.678134,379.070038,19486900
2025-03-19,381.056722,385.158564,379.544476,383.320160,19185500
2025-03-20,381.264320,387.244141,378.832871,382.351562,18470500
2025-03-21,378.773525,387.194657,378.358384,386.720245,39675900
2025-03-24,390.812192,390.812192,385.287056,388.519104,21004500
2025-03-25,389.349379,391.761040,388.084232,390.574982,15775000
2025-03-26,390.416857,390.723258,384.061471,385.445221,16108400
2025-03-27,385.603335,387.688838,382.905000,386.048096,13766800
2025-03-28,383.577140,384.614975,372.556518,374.404816,21632000
2025-03-31,368.217456,372.694893,362.978933,371.034393,35184700
2025-04-01,370.302941,378.407808,368.899434,377.755463,19689500
2025-04-02,373.584456,380.611945,372.250114,377.706085,16092600
2025-04-03,370.441322,373.100112,365.064440,368.780792,30198000
2025-04-04,359.905027,370.243652,355.308986,355.664795,49209900
2025-04-07,346.808801,366.695347,340.789466,353.707794,50425000
2025-04-08,363.987128,369.314573,346.186086,350.446075,35868900
2025-04-09,349.437941,388.667427,349.003044,385.959198,50199700
2025-04-10,377.626985,379.445632,363.532433,376.925232,38024400
2025-04-11,376.223492,385.524282,374.493797,383.942871,23839200
2025-04-14,388.657504,390.070905,379.752037,383.310272,19251200
2025-04-15,384.002199,387.342986,379.702665,381.254456,17199900
2025-04-16,376.253092,377.182157,363.730089,367.298187,21967800
2025-04-17,369.413396,369.976790,362.633007,363.512665,21120200
2025-04-21,358.610237,360.250980,351.543204,354.953156,20807300
2025-04-22,359.163724,363.502771,355.684547,362.563812,19485000
2025-04-23,371.696657,375.976434,368.691921,370.046051,20545500
2025-04-24,371.340801,383.942864,370.836709,382.806183,22232300
2025-04-25,382.509674,387.609806,380.137527,387.303406,18973200
2025-04-28,387.412105,388.183053,382.153855,386.621399,16579400
2025-04-29,386.759789,390.515716,385.850480,389.468018,14974000
2025-04-30,385.771327,392.057547,379.979335,390.673798,36461100
2025-05-01,426.107850,431.919630,419.969913,420.464111,58938100
2025-05-02,426.730558,434.341228,425.000863,430.229492,30757400
2025-05-05,427.847463,434.400541,427.096272,431.109192,20136100
2025-05-06,427.185242,432.651077,426.167195,428.282349,15104200
2025-05-07,428.806174,433.036512,426.107839,428.321869,23295300
2025-05-08,432.848702,438.522121,430.605051,433.085938,23491300
2025-05-09,434.894719,435.626123,430.822528,433.639465,15324200
2025-05-12,440.765786,444.155981,434.677257,444.047272,22821900
2025-05-13,442.584475,445.440957,440.192541,443.928711,23618800
2025-05-14,442.940307,448.633454,442.940307,447.684601,19902800
2025-05-15,446.357695,451.724656,446.021027,448.694611,21992300
2025-05-16,447.625185,449.912571,444.337705,449.823456,23849800
2025-05-19,446.466637,455.091372,446.387403,454.378418,21336500
2025-05-20,451.130509,453.853591,449.872951,453.685272,15441800
2025-05-21,450.120499,453.299070,447.387505,448.140076,19216900
2025-05-22,450.496799,455.744909,449.457059,450.407654,18025600
2025-05-23,445.575444,449.249121,444.515910,445.773468,16883500
2025-05-27,452.011790,456.438037,451.655298,456.180573,20974300
2025-05-28,456.705442,457.992705,452.457425,452.883209,17086300
2025-05-29,457.032180,457.200529,450.853269,454.190277,13974800
2025-05-30,455.220101,457.160907,451.081024,455.853821,34770500
2025-06-02,452.665380,457.586704,452.417828,457.448090,16626500
2025-06-03,456.952976,459.596854,456.348931,458.438293,15743800
2025-06-04,459.458200,461.131660,458.487782,459.329468,14162700
2025-06-05,460.408796,465.052891,459.487906,463.102173,20131700
2025-06-06,465.488556,468.706744,464.191382,465.775726,15285600
2025-06-09,465.102425,468.795895,464.032980,468.122559,16469900
2025-06-10,466.577802,468.172028,462.389196,466.310455,15375900
2025-06-11,465.419279,470.815945,465.062817,467.993835,16399200
2025-06-12,470.370357,475.717525,468.885040,474.182678,18950600
2025-06-13,471.746732,474.489607,468.132466,470.310913,16814500
2025-06-16,470.558458,475.984828,470.350522,474.450012,15626100
2025-06-17,470.746636,474.053939,469.439549,473.360809,15414100
2025-06-18,473.321151,476.291786,469.815793,475.539215,17526500
2025-06-20,477.509790,478.727731,472.202240,472.727051,37576200
2025-06-23,473.529102,482.975729,467.884913,481.242859,24864000
2025-06-24,484.163973,487.035580,482.034994,485.312592,22305600
2025-06-25,487.223748,489.719070,484.599693,487.451477,17495100
2025-06-26,488.154533,493.165001,487.986184,492.580780,21578900
2025-06-27,492.679798,494.412668,488.204052,491.085571,34539200
2025-06-30,492.174825,495.858414,490.481541,492.541199,28369000
2025-07-01,491.610361,493.174882,486.174109,487.233612,19945400
2025-07-02,485.193842,488.669495,483.916491,486.283081,16319600
2025-07-03,488.976420,495.234565,488.610047,493.957184,13984800
2025-07-07,492.511476,493.868061,490.382527,492.848145,13981600
2025-07-08,492.372807,493.323432,489.273440,491.758881,11846600
2025-07-09,495.402881,501.819463,494.848365,498.581482,18659500
2025-07-10,498.125959,499.502368,492.877850,496.571350,16492100
2025-07-11,493.590778,500.086564,492.927323,498.393311,16459500
2025-07-14,496.610935,499.036966,496.125741,498.096252,12058800
2025-07-15,498.096225,503.324541,497.868496,500.868835,14927200
2025-07-16,500.235111,501.760046,496.977337,500.670807,15154400
2025-07-17,500.730221,508.344951,500.670811,506.691315,17503100
2025-07-18,509.444064,509.602532,502.463084,505.057434,21209700
2025-07-21,501.750137,507.077511,500.601488,505.067352,14066800
2025-07-22,505.968406,506.196166,500.324188,500.324188,13868600
2025-07-23,501.789757,501.829373,495.798988,500.918365,16396600
2025-07-24,503.789971,508.642002,502.334359,505.879333,16107000
2025-07-25,507.453788,513.216828,505.364456,508.681702,19125700
2025-07-28,509.048011,509.958989,505.126751,507.483459,14308000
2025-07-29,510.483813,512.553321,506.552642,507.552765,16469200
2025-07-30,510.127288,510.899682,504.453395,508.216187,26380400
2025-07-31,549.795172,550.013050,526.693579,528.277893,51617300
2025-08-01,529.763216,530.555374,515.761610,518.979797,28977600
2025-08-04,523.099178,532.981472,522.960534,530.397034,25349000
2025-08-05,531.921856,532.040676,522.079150,522.584167,19171600
2025-08-06,525.703442,526.495599,518.900692,519.801758,21355700
2025-08-07,521.643505,522.920917,512.484047,515.741882,16079100
2025-08-08,517.484509,519.524342,514.325732,516.929993,15531000
2025-08-11,517.187562,522.425820,514.632798,516.662781,20194400
2025-08-12,518.623379,525.782590,517.583669,524.059631,18667000
2025-08-13,526.901546,527.485797,514.286258,515.484436,19619200
2025-08-14,517.445018,520.801850,515.048722,517.365784,20269100
2025-08-15,517.652956,520.950317,513.999072,515.078369,25213300
2025-08-18,516.484492,517.702433,508.988583,512.038391,23760600
2025-08-19,509.959000,510.117407,503.572122,504.780182,21481000
2025-08-20,504.879239,505.998184,499.502397,500.769867,27723000
2025-08-21,499.579622,503.487472,498.617537,500.125122,18443300
2025-08-22,500.135067,506.562198,498.310086,503.090759,24324200
2025-08-25,502.495613,504.042880,500.006086,500.144958,21638600
2025-08-26,500.244099,500.859064,494.441862,497.943054,30835700
2025-08-27,497.903427,503.150266,495.820558,502.604736,17277900
2025-08-28,502.951840,506.919198,501.374819,505.481049,18015600
2025-08-29,504.509070,505.441402,500.373086,502.555145,20961600
2025-09-02,496.385878,501.870748,492.755742,500.997925,18128000
2025-09-03,499.678807,503.646165,498.220802,501.226074,16345100
2025-09-04,500.184643,504.003231,499.044033,503.824707,15509500
2025-09-05,504.915729,507.792058,488.351998,490.960541,31994800
2025-09-08,494.045138,497.109948,490.990286,494.134430,16771000
2025-09-09,497.338026,498.151342,493.638484,494.342682,14410500
2025-09-10,498.875460,499.123420,492.666535,496.286743,21611800
2025-09-11,498.151349,499.063855,493.817016,496.921478,18881600
2025-09-12,502.515444,508.367291,499.738306,505.738922,23624900
2025-09-15,504.638026,511.263476,502.862625,511.154388,17143800
2025-09-16,512.662004,513.009124,504.449575,504.885986,19711900
2025-09-17,506.453050,507.117596,501.801321,505.857941,15816600
2025-09-18,507.315951,508.883075,503.517220,504.300781,18913700
2025-09-19,506.393578,515.062245,506.145618,513.703430,52474100
2025-09-22,511.382573,513.514992,508.357414,510.251862,20009300
2025-09-23,509.607116,510.390708,503.170087,505.074432,19799600
2025-09-24,506.215011,508.297850,502.783255,505.986877,13533700
2025-09-25,504.151990,505.848057,500.918614,502.892365,15786500
2025-09-26,505.897625,509.745967,502.485695,507.286194,16213100
2025-09-29,507.325805,512.632121,504.727190,510.400482,17617800
2025-09-30,509.051741,513.931575,505.500969,513.723328,19728200
2025-10-01,510.598907,516.262331,507.514301,515.468872,22632300
2025-10-02,513.415769,517.343414,506.512545,511.531250,21222900
2025-10-03,512.880153,516.242503,510.797314,513.128113,15112300
2025-10-06,514.377849,526.696539,513.971221,524.256592,21388600
2025-10-07,523.978805,525.476492,517.184729,519.703979,14615200
2025-10-08,519.009760,522.649794,518.821308,520.566895,13363400
2025-10-09,518.077394,520.051145,513.177705,518.136902,18343600
2025-10-10,515.399504,519.307354,505.471180,506.790314,24133800
2025-10-13,512.195799,512.195799,507.504417,509.855072,14284200
2025-10-14,506.066288,511.075096,501.870796,509.379028,14684300
2025-10-15,510.757686,512.969469,505.838141,509.240143,14694700
2025-10-16,508.397113,512.632227,503.983415,507.434998,15559600
2025-10-17,504.885987,511.273405,503.170094,509.388947,19867800
2025-10-20,510.410490,514.467140,509.240127,512.572693,14665600
2025-10-21,513.276940,514.457232,508.853314,513.435608,15586200
2025-10-22,516.897121,520.943782,513.485191,516.292053,18962700
2025-10-23,518.196470,519.674301,514.377852,516.311951,14023500
2025-10-24,518.523721,521.062827,516.460738,519.337036,15532400
2025-10-27,527.440444,530.217583,524.693029,527.182556,18734700
2025-10-28,545.511703,549.201317,536.357044,537.646423,29986700
2025-10-29,540.492965,541.812129,532.349942,537.130615,36023000
2025-10-30,526.150935,530.604284,517.859173,521.469482,41023100
2025-10-31,524.564082,525.000494,510.896505,513.584412,34006400
2025-11-03,515.568073,520.676071,510.390700,512.810791,22374700
2025-11-04,507.583808,511.342858,503.695784,510.132843,20958700
2025-11-05,509.111180,510.628723,502.446017,503.021301,23024300
2025-11-06,501.533539,501.573221,491.763915,493.043396,27406500
2025-11-07,492.894630,495.304793,489.224812,492.765686,24019800
2025-11-10,495.959434,502.713858,494.729532,501.870789,26101500
2025-11-11,500.680558,505.441406,498.250570,504.528900,17980000
2025-11-12,505.203338,507.494515,495.046912,506.968842,26574900
2025-11-13,506.145594,509.309564,497.199213,499.182892,25273100
2025-11-14,494.164169,507.425057,493.380607,506.016632,28505700
2025-11-17,504.300759,507.940793,500.789639,503.348572,19092800
2025-11-18,491.327499,498.875413,482.807602,489.760406,33815100
2025-11-19,486.100529,491.148988,478.889837,483.144836,23245300
2025-11-20,489.603854,490.458449,472.502358,475.413879,26802500
2025-11-21,475.483430,475.900796,465.317911,469.143646,31769200
2025-11-24,472.005506,473.893522,465.069498,471.011810,34421000
2025-11-25,471.081366,476.129327,461.959246,473.982941,28019800
2025-11-26,483.244222,485.231614,478.166451,482.439331,25709100
2025-11-28,484.526092,489.524381,483.582069,488.908295,14386700
2025-12-01,485.360773,486.771804,481.594658,483.671478,23964000
2025-12-02,483.651629,490.388885,483.254156,486.910950,19562700
2025-12-03,473.317178,481.187231,472.204243,474.718292,34615100
2025-12-04,476.735538,478.285701,473.486133,477.808716,22318200
2025-12-05,479.478095,480.352552,475.861058,480.114075,22608700
2025-12-08,481.833200,489.196460,481.326405,487.924530,21965900
2025-12-09,486.016608,489.017558,485.420384,488.918182,14696100
2025-12-10,480.978608,481.197223,472.085018,475.543091,35756200
2025-12-11,473.625243,482.965978,472.860078,480.422119,24669200
2025-12-12,476.795121,479.408545,473.337048,475.513245,21248100
2025-12-15,477.073373,477.689459,469.541142,471.826660,23727700
2025-12-16,468.935011,474.877324,467.911506,473.386780,20705600
2025-12-17,473.903467,476.973983,472.005504,473.118439,24527200
2025-12-18,475.175387,486.513459,474.877290,480.928894,28573500
2025-12-19,484.287553,484.774484,479.448259,482.856659,70836100
2025-12-22,483.055423,485.648985,479.647054,481.863007,16963000
2025-12-23,481.922586,484.754595,481.684078,483.780792,14683600
2025-12-24,482.618176,486.076248,481.773528,484.943420,5855900
2025-12-26,483.641680,485.042795,482.896408,484.635376,8842200
2025-12-29,481.803337,485.271356,481.127631,484.029236,10893400
2025-12-30,482.866583,486.592942,482.439301,484.406830,13944500
2025-12-31,484.764565,485.062692,480.253177,480.571167,15601600
2026-01-02,481.336325,481.604612,467.196023,469.958496,25571600
2026-01-05,471.071474,473.068812,466.540223,469.869110,25250300
2026-01-06,470.813079,475.721939,466.788623,475.493408,23037700
2026-01-07,476.735516,486.612855,474.936929,480.422119,25564200
2026-01-08,478.206159,479.617220,472.860071,475.095886,18162600
2026-01-09,471.071421,476.795119,469.223162,476.258514,18491000
2026-01-12,473.664989,477.957731,472.681209,474.171753,23519900
2026-01-13,471.687519,472.780591,463.012574,467.702820,28545800
2026-01-14,463.519331,465.248382,454.287919,456.483978,28184300
2026-01-15,461.194090,461.323275,453.025909,453.781128,23225800
2026-01-16,454.943736,460.269962,453.602271,456.960938,34246700
2026-01-20,448.375448,453.920258,446.447676,451.654633,26130000
2026-01-21,449.746740,449.836169,435.914481,441.310242,37980500
2026-01-22,444.798100,449.985194,441.896526,448.295929,25349400
2026-01-23,449.021319,468.130101,447.689771,463.012573,38000200
2026-01-26,462.376608,471.260251,459.087477,467.315277,29291200
2026-01-27,470.713722,479.825895,470.177117,477.550323,29213900
2026-01-28,480.163746,480.690403,474.986599,478.593719,36875400
2026-01-29,437.216227,439.710414,418.365816,430.767151,128855300
2026-01-30,436.401417,436.828698,423.761604,427.577393,58566800
2026-02-02,427.527705,428.024553,419.588085,420.701019,42219900
2026-02-03,419.349578,419.389304,405.984357,408.617645,61424100
2026-02-04,408.408965,417.153476,406.660051,411.578857,45012400
2026-02-05,404.871412,405.725976,389.846737,391.188232,66289200
2026-02-06,396.653563,399.257041,390.442964,398.611145,53515300
2026-02-09,402.297746,412.274460,398.342826,410.992584,45480500
2026-02-10,416.974648,421.009050,410.098289,410.664673,44857900
2026-02-11,413.556315,413.834549,398.481967,401.820770,42491000
2026-02-12,402.446784,403.639231,395.500860,399.306702,40802400
2026-02-13,401.900281,402.983406,395.540604,398.790009,34091600
2026-02-17,396.703262,397.995054,392.042826,394.358124,32078800
2026-02-18,395.620137,400.022203,393.821550,397.080872,23223400
2026-02-19,399.072787,402.797682,395.069023,396.851776,28234000
2026-02-20,394.511234,398.505059,393.565087,395.626740,34015200
2026-02-23,393.405711,393.764243,381.553747,382.918213,43238300
2026-02-24,382.589592,387.788495,380.169377,387.429962,33884700
2026-02-25,388.953761,399.849607,388.585259,398.983124,43625500
2026-02-26,403.076525,405.845303,397.130619,400.098602,34405900
2026-02-27,389.302368,395.218396,388.306404,391.154846,51367200
2026-03-02,391.274339,399.570735,389.053359,396.941376,35474900
2026-03-03,391.553254,405.058522,391.085150,402.299683,38199200
2026-03-04,399.650414,409.371031,398.694297,403.564575,35808000
2026-03-05,402.787717,409.948670,402.767779,409.022430,39001300
2026-03-06,407.548439,411.382876,406.861222,407.309387,31123900
2026-03-09,403.285700,408.554327,401.871418,407.757568,30131900
2026-03-10,408.375069,408.544397,401.303720,404.122314,31706400
2026-03-11,403.933067,407.359185,399.969120,403.245850,25512100
2026-03-12,402.996877,404.480853,400.088649,400.238037,27263900
2026-03-13,399.381506,403.166157,392.658750,393.953491,26848000
2026-03-16,396.463337,399.013003,393.196577,398.335754,27733700
2026-03-17,398.654427,402.767762,396.144609,397.797913,26228300
2026-03-18,395.527153,396.393637,389.421890,390.208710,25908500
2026-03-19,388.525518,390.905856,385.497779,387.449860,25138800
2026-03-20,385.228891,385.438035,378.585799,380.328735,50853200
2026-03-23,382.350555,385.647193,380.139513,381.454193,29680100
2026-03-24,380.816733,380.926305,370.349173,371.235565,42733600
2026-03-25,375.398722,375.538142,368.138137,369.542450,31181200
2026-03-26,369.323351,373.207604,363.716069,364.492920,36836600
2026-03-27,360.439317,360.987115,355.071087,355.330017,37883400
2026-03-30,360.439306,363.885332,354.841994,357.511169,44797000
2026-03-31,363.078622,371.394926,361.604615,368.675964,45244400
2026-04-01,371.982547,372.480529,366.713920,367.879181,29417200
2026-04-02,365.727893,372.131964,362.680246,371.952667,24099100
2026-04-06,371.982523,372.221575,368.008637,371.375000,16146600
2026-04-07,368.845273,370.946772,365.080530,370.787415,21443300
2026-04-08,383.426193,383.446101,369.910955,372.819153,33064800
2026-04-09,370.996563,371.992527,365.568548,371.564270,30435300
2026-04-10,371.474638,374.123906,368.536532,369.373138,28111100
2026-04-13,372.102053,382.987961,369.522510,382.818634,35745800
2026-04-14,386.354321,393.096986,384.959948,391.523346,37504500
2026-04-15,396.393628,412.697552,395.128765,409.560272,45063400
2026-04-16,418.165372,419.121519,410.476560,418.563782,41642400
2026-04-17,423.105393,429.838088,418.992057,421.083588,48568200
2026-04-20,419.450185,421.621379,414.619754,416.382629,27582200
2026-04-21,418.543867,425.455859,415.516159,422.448059,32048500
2026-04-22,424.469851,431.949550,421.960033,431.172699,29378200
2026-04-23,418.195265,421.950038,409.749481,414.071960,38308000
2026-04-24,415.287071,423.234874,414.121780,422.906189,27457400
2026-04-27,420.675223,425.386113,415.386657,423.105377,30867300
2026-04-28,422.856383,428.184796,420.197146,427.517487,30438100
2026-04-29,422.866306,425.097286,418.593644,422.746796,38288300
2026-04-30,409.151925,412.747370,396.403599,406.134155,70909400
2026-05-01,411.133878,415.426479,408.783417,412.767273,31372400
2026-05-04,409.878970,419.081666,409.141936,411.950562,28066500
2026-05-05,413.643735,415.097834,407.150031,409.719635,25700900
2026-05-06,406.353249,416.731205,403.474898,412.289185,30285900
2026-05-07,418.414376,426.252638,417.069850,419.071716,34942400
2026-05-08,415.705376,416.940362,412.329044,413.444519,33383800
2026-05-11,406.223770,411.024324,403.863341,410.994446,35657900
2026-05-12,412.807115,413.822988,404.998762,406.124176,38594200
2026-05-13,401.572657,404.670090,399.411402,403.574524,29667100
2026-05-14,402.847493,410.177773,399.262017,407.777496,27077500
2026-05-15,412.597924,426.441845,411.243428,420.217072,50771200
2026-05-18,414.938483,423.404176,413.932549,421.830566,32564100
2026-05-19,428.164870,430.953587,414.808990,415.735260,33018700
2026-05-20,412.498360,420.396346,409.639918,419.360535,27864000
2026-05-21,423.951889,425.538898,414.928867,418.302521,31393500
2026-05-22,418.751717,423.602571,415.547727,417.783539,22390300
2026-05-26,415.647533,418.981254,412.243937,415.248291,30398000
2026-05-27,410.237738,415.158468,408.810402,411.894623,28901500
2026-05-28,412.204028,428.682986,411.894613,426.187683,47250500
2026-05-29,431.737249,449.483840,431.547603,449.394012,79654400
2026-06-01,463.966584,465.443814,457.408921,459.654694,53628900
2026-06-02,446.040315,452.647871,439.602423,440.480774,37036800
2026-06-03,437.626189,439.562546,423.452858,426.537048,39037000
2026-06-04,434.991126,435.330484,425.608794,427.245697,26899500
2026-06-05,427.535140,428.663021,413.621331,415.887085,34782200
2026-06-08,413.361854,416.376168,407.792322,410.966339,32086700
2026-06-09,408.261443,411.205913,397.731279,402.652008,35317300
2026-06-10,397.801109,404.278935,396.413736,396.613342,32576000
2026-06-11,394.467412,396.104345,383.278484,389.606567,47224100
2026-06-12,390.694504,391.003919,381.551712,390.005798,34865800
2026-06-15,396.054420,400.995132,392.111861,399.008881,32266400
2026-06-16,395.046336,396.094350,389.955912,393.089996,31506800
2026-06-17,389.516717,389.636487,376.611020,378.198029,41987800
2026-06-18,377.110085,380.653403,372.578608,378.687103,59714200
2026-06-22,375.033991,380.912939,366.380299,366.649780,45171100
2026-06-23,371.680299,376.511201,369.973521,373.237366,40647600
2026-06-24,370.871851,378.168114,364.094600,364.773315,44509900
2026-06-25,362.088348,363.545627,348.543869,352.167023,66179000
2026-06-26,356.478914,375.902340,354.762144,372.269196,186201600
2026-06-29,376.790685,379.785048,359.223749,367.877472,51229900
2026-06-30,370.332841,373.446973,366.759581,372.319092,44945700
2026-07-01,380.114423,388.099391,374.185612,383.557953,48065800
2026-07-02,383.757570,391.463065,382.979037,389.756256,42128900
2026-07-06,386.312760,388.418781,380.503689,386.013306,34224500
2026-07-07,391.752511,394.826740,387.490545,388.109375,29297500
2026-07-08,383.308426,384.586020,380.613487,382.619720,25908300
2026-07-09,373.746434,383.927250,372.648495,383.637787,31083200
2026-07-10,387.071312,391.173605,380.783162,384.376404,24644600
2026-07-13,387.021438,392.910346,383.428196,390.255341,28914900
2026-07-14,382.100705,387.460610,377.938527,384.206726,27863900
2026-07-15,387.071322,398.210357,385.673959,394.886627,36253700
2026-07-16,397.561578,405.227140,391.313331,400.346344,37047400
2026-07-17,394.118041,397.641437,388.658348,393.080017,33049800
2026-07-20,390.674557,402.422431,388.917854,401.534119,27915800
2026-07-21,398.060630,400.715636,395.575319,397.002625,24126600
2026-07-22,398.829196,400.246541,386.232913,389.606567,28142500
2026-07-23,389.237257,391.043853,376.680908,380.863007,30351800
2026-07-24,386.322742,388.299033,379.934773,380.982819,27659400
2026-07-27,389.347036,393.459320,387.260966,388.368896,27856200
2026-07-28,392.421255,399.567805,390.564735,392.610901,32367500
2026-07-29,392.660794,400.496050,388.009547,389.806183,47209000
2026-07-30,437.077201,457.828146,431.627468,450.252411,110160700
2026-07-31,449.154459,465.962813,448.485705,463.846802,60846000
2026-08-03,475.235361,490.726188,474.107479,486.733704,66762100
2026-08-04,479.996408,498.501581,478.269678,491.884033,50455500
2026-08-05,495.427338,497.303811,484.767413,486.544067,33388900
2026-08-06,487.632000,500.617564,487.602057,498.920746,36441500
2026-08-07,498.271973,504.230757,497.792895,499.050507,28846200
2026-08-10,502.494059,512.764702,501.326244,505.109131,31206100
2026-08-11,503.382354,504.380475,498.611337,502.863342,23049800
2026-08-12,499.050523,500.557695,490.596436,491.504730,29001500
2026-08-13,492.343148,500.397992,492.083657,495.946381,23039000
2026-08-14,495.427334,499.070500,492.991947,494.469147,16217600
2026-08-17,489.219062,491.734316,477.511091,479.447449,29635800
2026-08-18,480.635209,483.360060,476.253443,480.725037,24087600
2026-08-19,479.167970,488.380608,478.459283,483.399994,19961900
2026-08-20,483.299988,484.160004,479.500000,481.149994,20020800
2026-08-21,479.880005,486.359985,478.529999,483.239990,22510800
2026-08-24,483.209991,490.609985,481.859985,487.309998,17230800
2026-08-25,485.440002,492.440002,484.299988,491.709991,19519000
2026-08-26,487.850006,497.399994,487.309998,496.369995,20758900
2026-08-27,494.880005,506.480011,490.079987,505.059998,28688800
2026-08-28,505.329987,517.780029,504.869995,513.530029,29207300
2026-08-31,510.380005,512.190002,506.390015,507.290009,27208900
2026-09-01,497.519989,505.970001,496.779999,501.019989,21046900
2026-09-02,499.850006,500.269989,493.809998,496.820007,15336100
2026-09-03,501.660004,515.650024,500.799988,510.119995,24125900
2026-09-04,510.000000,511.000000,499.359985,499.700012,18101800
2026-09-08,493.010010,495.190002,490.149994,493.950012,18882300
2026-09-09,493.070007,494.390015,489.799988,491.649994,12889600
2026-09-10,488.320007,494.519989,486.000000,492.440002,16038800
2026-09-11,495.649994,498.970001,492.579987,495.630005,14510500
2026-09-14,497.059998,509.950012,495.339996,505.410004,23091900
2026-09-15,500.059998,505.899994,495.540009,497.119995,17794600
2026-09-16,493.029999,495.970001,487.230011,490.299988,16670300
2026-09-17,497.799988,501.470001,493.170013,497.750000,17841600
2026-09-18,497.970001,498.649994,491.100006,493.779999,39622300
2026-09-21,494.950012,501.869995,491.329987,501.609985,27959900
2026-09-22,507.320007,508.500000,493.649994,498.000000,21652800
2026-09-23,500.760010,509.440002,495.880005,500.589996,19445600
2026-09-24,495.070007,498.899994,491.220001,497.929993,16657600
2026-09-25,499.040009,519.400024,497.250000,516.169983,38193100
2026-09-28,505.470001,513.330017,502.220001,509.220001,19626900
2026-09-29,508.309998,513.640015,502.399994,508.959991,21341800
2026-09-30,511.609985,519.830017,510.309998,512.900024,27223300
2026-10-01,519.880005,522.849976,512.169983,512.799988,19696600
