date,open,high,low,close,volume
1999-01-22,0.040018,0.044663,0.035492,0.037517,2714688000
1999-01-25,0.040494,0.041923,0.037517,0.041448,510480000
1999-01-26,0.041923,0.042757,0.037636,0.038231,343200000
1999-01-27,0.038350,0.039303,0.036206,0.038113,244368000
1999-01-28,0.038113,0.038350,0.037755,0.037993,227520000
1999-01-29,0.037993,0.038113,0.036206,0.036206,244032000
1999-02-01,0.036206,0.037159,0.036206,0.036922,154704000
1999-02-02,0.036206,0.037159,0.032991,0.034063,264096000
1999-02-03,0.033587,0.035254,0.033348,0.034778,75120000
1999-02-04,0.035254,0.037636,0.034778,0.036683,181920000
1999-02-05,0.037278,0.038113,0.036326,0.037755,136848000
1999-02-08,0.037993,0.038113,0.036445,0.036445,154080000
1999-02-09,0.037159,0.037397,0.034539,0.035015,86976000
1999-02-10,0.035015,0.035969,0.034063,0.034659,148224000
1999-02-11,0.034778,0.039065,0.034778,0.037636,132240000
1999-02-12,0.038113,0.040018,0.038113,0.039780,109728000
1999-02-16,0.040494,0.042162,0.035969,0.040018,211008000
1999-02-17,0.039065,0.039541,0.037159,0.037874,67728000
1999-02-18,0.039065,0.039541,0.037397,0.038469,70704000
1999-02-19,0.038113,0.040494,0.037636,0.039780,75360000
1999-02-22,0.040494,0.040971,0.037874,0.040018,205248000
1999-02-23,0.040971,0.042757,0.038589,0.041923,138096000
1999-02-24,0.048117,0.050023,0.044186,0.045258,612768000
1999-02-25,0.047164,0.048593,0.043114,0.043829,149136000
1999-02-26,0.044306,0.045735,0.041448,0.041804,172608000
1999-03-01,0.042876,0.043829,0.040018,0.042043,92160000
1999-03-02,0.041923,0.042162,0.040971,0.041685,55248000
1999-03-03,0.041923,0.041923,0.038589,0.038827,61392000
1999-03-04,0.040732,0.040971,0.037636,0.037993,57360000
1999-03-05,0.038350,0.040256,0.038350,0.040137,78768000
1999-03-08,0.039065,0.041923,0.038350,0.040732,75888000
1999-03-09,0.040613,0.042638,0.040613,0.042043,143184000
1999-03-10,0.042638,0.042638,0.040732,0.041328,235344000
1999-03-11,0.040613,0.041328,0.039541,0.039541,54288000
1999-03-12,0.039780,0.039780,0.038113,0.038827,90768000
1999-03-15,0.039780,0.040971,0.039541,0.040494,108816000
1999-03-16,0.040732,0.041209,0.038827,0.039185,79152000
1999-03-17,0.039541,0.040256,0.038469,0.039422,51360000
1999-03-18,0.039541,0.040494,0.038589,0.039899,46320000
1999-03-19,0.039780,0.041209,0.039780,0.040018,105312000
1999-03-22,0.040851,0.040971,0.038827,0.038827,36672000
1999-03-23,0.039065,0.039065,0.035731,0.036445,163968000
1999-03-24,0.036206,0.036445,0.034778,0.036206,60864000
1999-03-25,0.036087,0.038113,0.035969,0.036683,40320000
1999-03-26,0.037159,0.040018,0.037159,0.039899,88272000
1999-03-29,0.041090,0.042043,0.040376,0.041090,65952000
1999-03-30,0.041209,0.041566,0.037397,0.037636,69504000
1999-03-31,0.038827,0.040732,0.037041,0.040256,153600000
1999-04-01,0.040256,0.040494,0.038350,0.039065,30432000
1999-04-05,0.038589,0.039541,0.037636,0.037874,98640000
1999-04-06,0.038231,0.038350,0.036206,0.036922,69696000
1999-04-07,0.037159,0.040256,0.036922,0.040018,89280000
1999-04-08,0.040256,0.041923,0.039780,0.040732,130128000
1999-04-09,0.040971,0.040971,0.039780,0.040018,48624000
1999-04-12,0.039541,0.039541,0.037636,0.038350,33312000
1999-04-13,0.039065,0.039065,0.036206,0.036802,36144000
1999-04-14,0.036683,0.037517,0.035731,0.035731,48288000
1999-04-15,0.036683,0.036683,0.035731,0.036683,35856000
1999-04-16,0.036445,0.038469,0.036445,0.037874,38928000
1999-04-19,0.038350,0.038350,0.035731,0.036206,31296000
1999-04-20,0.036206,0.037636,0.035134,0.035492,67680000
1999-04-21,0.035492,0.036206,0.035254,0.036087,37488000
1999-04-22,0.036206,0.036206,0.034182,0.034539,227184000
1999-04-23,0.034420,0.034539,0.032634,0.032872,126048000
1999-04-26,0.032872,0.033348,0.030489,0.031205,123504000
1999-04-27,0.031919,0.034778,0.031443,0.034539,226944000
1999-04-28,0.034778,0.034778,0.033229,0.034301,120096000
1999-04-29,0.034420,0.034539,0.033587,0.034301,48144000
1999-04-30,0.034659,0.036206,0.034420,0.034778,99312000
1999-05-03,0.035134,0.035134,0.034063,0.035015,33840000
1999-05-04,0.035015,0.035015,0.032396,0.033110,96048000
1999-05-05,0.033348,0.033824,0.031443,0.033824,144576000
1999-05-06,0.033587,0.034301,0.032157,0.033170,35616000
1999-05-07,0.032157,0.033587,0.032157,0.033348,25008000
1999-05-10,0.033110,0.034063,0.033110,0.033348,19680000
1999-05-11,0.034778,0.036206,0.034063,0.035134,171744000
1999-05-12,0.035492,0.036326,0.035015,0.036206,168480000
1999-05-13,0.036206,0.037159,0.036087,0.036206,69936000
1999-05-14,0.036206,0.036206,0.033824,0.034301,28464000
1999-05-17,0.033824,0.035969,0.033706,0.035969,35760000
1999-05-18,0.036326,0.038113,0.035254,0.037636,151536000
1999-05-19,0.039303,0.040732,0.035373,0.035969,451728000
1999-05-20,0.036206,0.036206,0.031800,0.033110,178176000
1999-05-21,0.032634,0.032634,0.031443,0.032396,303504000
1999-05-24,0.032634,0.033348,0.031800,0.032276,162624000
1999-05-25,0.032396,0.032872,0.032157,0.032515,130080000
1999-05-26,0.032396,0.034063,0.032396,0.032396,104736000
1999-05-27,0.032634,0.032634,0.032157,0.032157,82320000
1999-05-28,0.032634,0.032634,0.032157,0.032515,88656000
1999-06-01,0.032396,0.032634,0.031919,0.032634,98544000
1999-06-02,0.032634,0.032634,0.031443,0.031443,130128000
1999-06-03,0.032276,0.032515,0.031919,0.032276,41568000
1999-06-04,0.032515,0.032634,0.032276,0.032515,78912000
1999-06-07,0.032693,0.033348,0.032634,0.032872,125136000
1999-06-08,0.032991,0.034301,0.032872,0.033706,153312000
1999-06-09,0.033824,0.035015,0.033824,0.034301,95184000
1999-06-10,0.034301,0.034539,0.034063,0.034420,36096000
1999-06-11,0.034420,0.034539,0.032515,0.033706,61008000
1999-06-14,0.033765,0.033824,0.032157,0.032396,51648000
1999-06-15,0.032396,0.032634,0.031919,0.032396,49296000
1999-06-16,0.032872,0.034301,0.032396,0.033348,64416000
1999-06-17,0.033110,0.033587,0.032396,0.032396,74928000
1999-06-18,0.032634,0.032634,0.031205,0.031205,158736000
1999-06-21,0.032157,0.032872,0.031294,0.032872,83472000
1999-06-22,0.032872,0.032872,0.031562,0.032276,193056000
1999-06-23,0.031919,0.032872,0.031562,0.032872,210912000
1999-06-24,0.033110,0.033110,0.031919,0.032157,115200000
1999-06-25,0.031919,0.032991,0.031919,0.032634,73536000
1999-06-28,0.033706,0.033706,0.032396,0.033110,109152000
1999-06-29,0.033587,0.033943,0.033110,0.033468,92688000
1999-06-30,0.034539,0.036445,0.033824,0.036445,269232000
1999-07-01,0.036445,0.036445,0.032634,0.034539,88992000
1999-07-02,0.035015,0.037041,0.034301,0.037041,224880000
1999-07-06,0.037397,0.037397,0.036683,0.037159,198096000
1999-07-07,0.037397,0.037397,0.036445,0.036445,63120000
1999-07-08,0.036683,0.037874,0.035492,0.037278,186048000
1999-07-09,0.037159,0.040732,0.037159,0.040435,211728000
1999-07-12,0.042876,0.044067,0.041209,0.042281,401040000
1999-07-13,0.042757,0.042995,0.040494,0.042400,138864000
1999-07-14,0.042400,0.043353,0.040494,0.040732,137952000
1999-07-15,0.041090,0.042400,0.040971,0.040971,137040000
1999-07-16,0.041685,0.042162,0.040971,0.041804,103872000
1999-07-19,0.041923,0.042043,0.040494,0.040732,43632000
1999-07-20,0.040732,0.040732,0.038589,0.040018,178752000
1999-07-21,0.039541,0.039541,0.037636,0.038827,112080000
1999-07-22,0.038589,0.038589,0.036683,0.037041,213264000
1999-07-23,0.036922,0.038113,0.036922,0.037041,80256000
1999-07-26,0.037993,0.037993,0.037159,0.037159,60528000
1999-07-27,0.037159,0.037397,0.036683,0.037278,98592000
1999-07-28,0.037159,0.038350,0.037041,0.037874,244224000
1999-07-29,0.037159,0.038350,0.036922,0.038231,388800000
1999-07-30,0.038231,0.039304,0.038113,0.038350,452304000
1999-08-02,0.038350,0.038827,0.038113,0.038708,313344000
1999-08-03,0.038708,0.038708,0.037397,0.037755,255216000
1999-08-04,0.037993,0.038113,0.037636,0.037755,89952000
1999-08-05,0.037755,0.038350,0.037159,0.038350,240576000
1999-08-06,0.038231,0.038469,0.038113,0.038350,183984000
1999-08-09,0.038469,0.038827,0.038113,0.038350,31056000
1999-08-10,0.038589,0.040732,0.038350,0.039065,212064000
1999-08-11,0.039780,0.042162,0.039303,0.041685,197712000
1999-08-12,0.041923,0.044782,0.041685,0.043710,239616000
1999-08-13,0.043353,0.044186,0.042876,0.043234,84672000
1999-08-16,0.043591,0.043591,0.040137,0.041566,223440000
1999-08-17,0.041685,0.042400,0.040613,0.041685,193536000
1999-08-18,0.041209,0.043114,0.040376,0.042638,279888000
1999-08-19,0.045616,0.054072,0.044067,0.051689,1966992000
1999-08-20,0.051809,0.052166,0.049307,0.051214,353088000
1999-08-23,0.050498,0.050498,0.046449,0.048117,507984000
1999-08-24,0.047402,0.048355,0.045020,0.047879,398064000
1999-08-25,0.047998,0.048474,0.045735,0.047640,350352000
1999-08-26,0.047640,0.048355,0.046211,0.046926,275376000
1999-08-27,0.047879,0.051452,0.047640,0.049546,552384000
1999-08-30,0.050380,0.051333,0.047283,0.049367,158640000
1999-08-31,0.049546,0.053833,0.048593,0.053596,786864000
1999-09-01,0.053596,0.053596,0.050261,0.051094,565344000
1999-09-02,0.049426,0.050737,0.048355,0.050498,341088000
1999-09-03,0.051452,0.052166,0.050498,0.050856,258864000
1999-09-07,0.051689,0.051689,0.050380,0.050618,124416000
1999-09-08,0.050737,0.051094,0.050498,0.050498,170064000
1999-09-09,0.050975,0.051333,0.048831,0.049784,209472000
1999-09-10,0.050618,0.051214,0.050261,0.050498,167424000
1999-09-13,0.050737,0.050737,0.048355,0.048831,174432000
1999-09-14,0.048831,0.048831,0.047164,0.047402,250368000
1999-09-15,0.046807,0.048355,0.046449,0.047760,212736000
1999-09-16,0.047164,0.047640,0.045973,0.046568,158112000
1999-09-17,0.046271,0.046688,0.044782,0.046449,171648000
1999-09-20,0.045616,0.046211,0.044782,0.044782,229104000
1999-09-21,0.043829,0.044067,0.039899,0.040494,737328000
1999-09-22,0.040494,0.041685,0.038113,0.041448,375984000
1999-09-23,0.041566,0.041685,0.037636,0.037993,379584000
1999-09-24,0.038113,0.039065,0.031919,0.034539,684912000
1999-09-27,0.036802,0.037397,0.034539,0.036683,432000000
1999-09-28,0.036742,0.040494,0.036683,0.040018,413184000
1999-09-29,0.040851,0.042400,0.036206,0.036802,594048000
1999-09-30,0.038113,0.039303,0.036206,0.036683,342528000
1999-10-01,0.036087,0.037397,0.034539,0.036445,347760000
1999-10-04,0.037636,0.037755,0.036683,0.037159,177600000
1999-10-05,0.037159,0.040971,0.037159,0.040732,478080000
1999-10-06,0.040851,0.047640,0.040494,0.045616,1508736000
1999-10-07,0.047521,0.047521,0.042400,0.042638,487296000
1999-10-08,0.042638,0.046092,0.040971,0.044782,398928000
1999-10-11,0.045139,0.045258,0.042400,0.043591,544464000
1999-10-12,0.043829,0.044306,0.042876,0.042995,322992000
1999-10-13,0.042519,0.042519,0.040971,0.041804,280368000
1999-10-14,0.041923,0.041923,0.040494,0.040971,192336000
1999-10-15,0.038946,0.040971,0.038827,0.040732,210720000
1999-10-18,0.040851,0.040851,0.038350,0.038589,215184000
1999-10-19,0.039780,0.039780,0.036326,0.037041,308928000
1999-10-20,0.037636,0.038827,0.037041,0.038350,348720000
1999-10-21,0.038231,0.040137,0.037159,0.040137,382128000
1999-10-22,0.040018,0.042281,0.040018,0.041090,286752000
1999-10-25,0.040851,0.041448,0.039065,0.039065,213840000
1999-10-26,0.040732,0.044306,0.040494,0.042876,481248000
1999-10-27,0.043114,0.043353,0.040256,0.040971,214128000
1999-10-28,0.041209,0.041923,0.038827,0.039065,222768000
1999-10-29,0.039541,0.042876,0.039303,0.042162,330528000
1999-11-01,0.041448,0.046449,0.041448,0.044782,782544000
1999-11-02,0.045616,0.047879,0.045258,0.047640,837504000
1999-11-03,0.049546,0.053596,0.049189,0.052285,2011680000
1999-11-04,0.052881,0.057049,0.052881,0.055620,1260336000
1999-11-05,0.057168,0.057645,0.051214,0.053833,616368000
1999-11-08,0.052166,0.056931,0.050498,0.055382,470016000
1999-11-09,0.055263,0.055501,0.052405,0.054548,272352000
1999-11-10,0.054727,0.054787,0.053000,0.054072,144048000
1999-11-11,0.054072,0.060741,0.052881,0.057883,562704000
1999-11-12,0.060384,0.060980,0.056931,0.060980,501504000
1999-11-15,0.061396,0.063243,0.058836,0.059789,362208000
1999-11-16,0.061218,0.066697,0.060980,0.065506,723792000
1999-11-17,0.066697,0.071460,0.065744,0.068007,786384000
1999-11-18,0.069435,0.070032,0.067649,0.068244,235968000
1999-11-19,0.076463,0.084562,0.076224,0.081703,2165184000
1999-11-22,0.083788,0.083847,0.076701,0.081584,540192000
1999-11-23,0.073247,0.076582,0.072414,0.075749,553248000
1999-11-24,0.075391,0.076224,0.067769,0.073366,406848000
1999-11-26,0.072651,0.073366,0.070507,0.072890,71760000
1999-11-29,0.072651,0.073605,0.068602,0.070270,298608000
1999-11-30,0.070507,0.071698,0.065981,0.065981,314688000
1999-12-01,0.065981,0.070270,0.065981,0.069316,223536000
1999-12-02,0.069555,0.075391,0.069555,0.074438,309888000
1999-12-03,0.075152,0.076463,0.071698,0.072651,342768000
1999-12-06,0.072890,0.075033,0.072890,0.074677,178608000
1999-12-07,0.075272,0.075391,0.069316,0.072175,186384000
1999-12-08,0.071937,0.076105,0.071698,0.075391,201696000
1999-12-09,0.075272,0.077177,0.070507,0.073128,214944000
1999-12-10,0.074438,0.074795,0.070984,0.072294,98304000
1999-12-13,0.071460,0.073961,0.070507,0.072056,183840000
1999-12-14,0.072175,0.073961,0.070151,0.070865,273888000
1999-12-15,0.070388,0.070746,0.066935,0.068602,205968000
1999-12-16,0.068960,0.070032,0.067888,0.068125,132576000
1999-12-17,0.070032,0.072770,0.069674,0.071698,262080000
1999-12-20,0.071818,0.079053,0.069316,0.077654,402432000
1999-12-21,0.077654,0.081108,0.074795,0.080989,388368000
1999-12-22,0.081227,0.083847,0.078130,0.082894,251184000
1999-12-23,0.083013,0.088611,0.082656,0.088373,280224000
1999-12-27,0.090278,0.090397,0.084085,0.085038,202416000
1999-12-28,0.085038,0.088134,0.084562,0.084799,179184000
1999-12-29,0.084621,0.088611,0.084562,0.087658,132144000
1999-12-30,0.087658,0.088969,0.086229,0.088373,139776000
1999-12-31,0.088194,0.089564,0.087897,0.089444,127344000
2000-01-03,0.090041,0.090755,0.084085,0.089206,300912000
2000-01-04,0.087658,0.087897,0.082418,0.086825,300480000
2000-01-05,0.084324,0.085753,0.082775,0.083966,188352000
2000-01-06,0.083966,0.083966,0.075272,0.078487,120480000
2000-01-07,0.078130,0.080631,0.076939,0.079798,71184000
2000-01-10,0.080036,0.085753,0.078607,0.082418,239856000
2000-01-11,0.081941,0.082894,0.079083,0.079083,148128000
2000-01-12,0.079083,0.079202,0.075986,0.077058,123552000
2000-01-13,0.076939,0.080989,0.075986,0.080274,132192000
2000-01-14,0.081465,0.087062,0.081227,0.083727,604560000
2000-01-18,0.084799,0.087658,0.080989,0.087301,261648000
2000-01-19,0.087658,0.087658,0.085753,0.086467,164688000
2000-01-20,0.087182,0.091946,0.085515,0.086229,179568000
2000-01-21,0.085990,0.086348,0.083132,0.085276,544272000
2000-01-24,0.088016,0.088016,0.080989,0.081465,256944000
2000-01-25,0.081822,0.082656,0.078130,0.080750,237120000
2000-01-26,0.080750,0.082894,0.075986,0.077415,232464000
2000-01-27,0.078011,0.078011,0.070507,0.073366,458208000
2000-01-28,0.072414,0.072890,0.068364,0.071223,194448000
2000-01-31,0.071579,0.073128,0.066697,0.070627,182400000
2000-02-01,0.070746,0.072890,0.068125,0.072294,92976000
2000-02-02,0.072651,0.075749,0.072294,0.074319,149040000
2000-02-03,0.076701,0.078249,0.075033,0.075510,108240000
2000-02-04,0.077892,0.077892,0.075749,0.077296,123696000
2000-02-07,0.077654,0.077654,0.072414,0.072532,217488000
2000-02-08,0.074319,0.078607,0.072414,0.075986,468816000
2000-02-09,0.078845,0.080155,0.077773,0.077892,589056000
2000-02-10,0.082656,0.095281,0.082656,0.093851,970080000
2000-02-11,0.098496,0.098616,0.088373,0.095281,423792000
2000-02-14,0.095519,0.110525,0.094566,0.110525,650112000
2000-02-15,0.110764,0.110883,0.101712,0.106238,450480000
2000-02-16,0.107429,0.114813,0.106238,0.111121,1019568000
2000-02-17,0.111002,0.115766,0.109334,0.115051,535776000
2000-02-18,0.113384,0.130059,0.112550,0.128391,960864000
2000-02-22,0.124342,0.126008,0.120054,0.124817,542496000
2000-02-23,0.123389,0.126842,0.121840,0.125533,511392000
2000-02-24,0.126247,0.127080,0.119100,0.124342,244320000
2000-02-25,0.124461,0.124461,0.111478,0.116600,278736000
2000-02-28,0.116004,0.117195,0.113860,0.115766,517872000
2000-02-29,0.115051,0.123389,0.115051,0.121959,306048000
2000-03-01,0.121959,0.121959,0.116481,0.118386,383568000
2000-03-02,0.119339,0.119339,0.110050,0.110406,191040000
2000-03-03,0.110525,0.113384,0.109573,0.112193,273696000
2000-03-06,0.112908,0.121483,0.110525,0.111478,432096000
2000-03-07,0.142921,0.166265,0.136728,0.158762,1952208000
2000-03-08,0.158672,0.161501,0.147209,0.160072,668736000
2000-03-09,0.161977,0.205806,0.161501,0.191127,952944000
2000-03-10,0.201042,0.276313,0.199613,0.224862,2161200000
2000-03-13,0.203901,0.285842,0.201995,0.284413,2415168000
2000-03-14,0.282865,0.282865,0.205806,0.209856,1567776000
2000-03-15,0.224892,0.230699,0.194372,0.201280,995616000
2000-03-16,0.207711,0.214858,0.176508,0.179455,750384000
2000-03-17,0.175317,0.203901,0.175286,0.190323,557616000
2000-03-20,0.197826,0.204139,0.184130,0.190204,365280000
2000-03-21,0.190561,0.192228,0.165788,0.180795,536640000
2000-03-22,0.182224,0.187702,0.179127,0.182105,230592000
2000-03-23,0.180438,0.195326,0.180080,0.185321,309408000
2000-03-24,0.184130,0.192467,0.171505,0.177580,231600000
2000-03-27,0.177222,0.182939,0.164360,0.165907,388944000
2000-03-28,0.160190,0.161977,0.150543,0.153521,393312000
2000-03-29,0.154117,0.157690,0.137204,0.143397,469440000
2000-03-30,0.139109,0.155784,0.134346,0.142563,361920000
2000-03-31,0.152300,0.167456,0.149591,0.160994,962976000
2000-04-03,0.159535,0.160071,0.144231,0.148400,329952000
2000-04-04,0.156260,0.158881,0.108620,0.142921,513792000
2000-04-05,0.144351,0.185797,0.136966,0.174721,639600000
2000-04-06,0.182820,0.192110,0.174126,0.182820,404592000
2000-04-07,0.191991,0.200089,0.183892,0.195445,318576000
2000-04-10,0.198779,0.210332,0.174482,0.178175,395280000
2000-04-11,0.165758,0.181033,0.152449,0.167575,457584000
2000-04-12,0.167813,0.171505,0.149591,0.150186,313440000
2000-04-13,0.151377,0.156736,0.141253,0.143754,313296000
2000-04-14,0.134583,0.144946,0.124817,0.131100,421920000
2000-04-17,0.120054,0.142921,0.120054,0.137800,294096000
2000-04-18,0.151675,0.171029,0.147209,0.162216,477504000
2000-04-19,0.167337,0.169600,0.152449,0.154474,278352000
2000-04-20,0.158643,0.161620,0.151496,0.153640,153936000
2000-04-24,0.144826,0.151258,0.138395,0.146017,205968000
2000-04-25,0.152568,0.166741,0.152211,0.161977,249696000
2000-04-26,0.173292,0.177222,0.160071,0.160309,254112000
2000-04-27,0.149591,0.175078,0.148757,0.173410,280992000
2000-04-28,0.176150,0.182939,0.169838,0.169838,179040000
2000-05-01,0.176269,0.180080,0.171147,0.175317,119424000
2000-05-02,0.175317,0.185559,0.163644,0.168528,234000000
2000-05-03,0.167456,0.172935,0.152449,0.165788,329184000
2000-05-04,0.165431,0.174840,0.164002,0.167813,241200000
2000-05-05,0.167098,0.179604,0.164835,0.175554,170592000
2000-05-08,0.171029,0.177222,0.168885,0.169123,185136000
2000-05-09,0.171982,0.173410,0.161977,0.166741,176832000
2000-05-10,0.165074,0.165193,0.148876,0.150305,274080000
2000-05-11,0.152449,0.159476,0.150424,0.156737,245904000
2000-05-12,0.161025,0.169600,0.151973,0.151973,187824000
2000-05-15,0.151258,0.165074,0.143874,0.162453,282096000
2000-05-16,0.169600,0.184249,0.167694,0.179127,366432000
2000-05-17,0.188656,0.218431,0.188537,0.210570,1290624000
2000-05-18,0.211761,0.215215,0.194968,0.196278,509904000
2000-05-19,0.190561,0.201042,0.189132,0.194610,521184000
2000-05-22,0.192467,0.207236,0.175436,0.207236,517152000
2000-05-23,0.201995,0.224743,0.198661,0.205568,778560000
2000-05-24,0.205330,0.208665,0.175793,0.202948,739632000
2000-05-25,0.205925,0.218193,0.197589,0.200089,569184000
2000-05-26,0.201102,0.206639,0.188656,0.201102,183456000
2000-05-30,0.206520,0.214619,0.205568,0.209379,303648000
2000-05-31,0.208665,0.221051,0.208665,0.217478,469536000
2000-06-01,0.223910,0.225934,0.217954,0.223552,418992000
2000-06-02,0.228197,0.253446,0.228197,0.250708,592176000
2000-06-05,0.250350,0.268691,0.240345,0.256096,491904000
2000-06-06,0.257020,0.266547,0.242012,0.243323,375888000
2000-06-07,0.241537,0.243561,0.228911,0.232485,332352000
2000-06-08,0.238440,0.238678,0.224862,0.234271,460704000
2000-06-09,0.238678,0.251541,0.235105,0.240940,467280000
2000-06-12,0.242013,0.244038,0.229150,0.234509,380016000
2000-06-13,0.227959,0.242012,0.226768,0.241894,447840000
2000-06-14,0.246420,0.247729,0.238470,0.241656,275088000
2000-06-15,0.240940,0.247968,0.227959,0.247968,338592000
2000-06-16,0.247075,0.285842,0.247015,0.285365,987840000
2000-06-19,0.284651,0.326336,0.277504,0.303230,1052160000
2000-06-20,0.308471,0.312044,0.295370,0.299181,610272000
2000-06-21,0.294536,0.335388,0.294536,0.329551,614880000
2000-06-22,0.328123,0.334912,0.308471,0.311568,614352000
2000-06-23,0.303230,0.307042,0.282030,0.282150,607392000
2000-06-26,0.287747,0.317999,0.283221,0.316213,618288000
2000-06-27,0.313473,0.318714,0.263212,0.271550,604608000
2000-06-28,0.277267,0.287747,0.253446,0.261069,586608000
2000-06-29,0.256543,0.256543,0.219145,0.223433,1184880000
2000-06-30,0.233914,0.246301,0.222480,0.242251,1209192000
2000-07-03,0.243919,0.251541,0.230579,0.232962,232680000
2000-07-05,0.232008,0.232485,0.201042,0.207950,777936000
2000-07-06,0.208188,0.228197,0.203186,0.220575,603936000
2000-07-07,0.228674,0.232485,0.217240,0.221766,346560000
2000-07-10,0.217954,0.238678,0.215811,0.233199,351264000
2000-07-11,0.230103,0.263928,0.227483,0.252017,755304000
2000-07-12,0.262498,0.272264,0.254161,0.259163,388152000
2000-07-13,0.264642,0.284889,0.264166,0.283460,458736000
2000-07-14,0.289177,0.294655,0.274408,0.281316,280200000
2000-07-17,0.285604,0.285842,0.277267,0.278220,105552000
2000-07-18,0.262975,0.285842,0.262975,0.272741,183672000
2000-07-19,0.262974,0.264880,0.249873,0.255352,189504000
2000-07-20,0.255114,0.268691,0.254399,0.262260,142992000
2000-07-21,0.262974,0.270597,0.259163,0.265595,251928000
2000-07-24,0.265833,0.267738,0.232485,0.242966,281112000
2000-07-25,0.246777,0.248682,0.233437,0.233914,335304000
2000-07-26,0.233914,0.233914,0.210094,0.216525,380064000
2000-07-27,0.209618,0.212476,0.198184,0.201042,331560000
2000-07-28,0.201995,0.220813,0.190561,0.205806,512664000
2000-07-31,0.217240,0.229150,0.205806,0.228673,371232000
2000-08-01,0.228674,0.230579,0.222480,0.224148,350616000
2000-08-02,0.221051,0.232365,0.217478,0.228673,345432000
2000-08-03,0.205806,0.243919,0.205806,0.238678,368664000
2000-08-04,0.244395,0.247729,0.239154,0.242966,194784000
2000-08-07,0.244633,0.264165,0.243680,0.262021,246936000
2000-08-08,0.256304,0.270597,0.255352,0.256304,128112000
2000-08-09,0.259640,0.261307,0.245110,0.248682,136248000
2000-08-10,0.242966,0.257258,0.238202,0.251541,156432000
2000-08-11,0.252017,0.253923,0.233914,0.245586,131928000
2000-08-14,0.248682,0.251064,0.240107,0.247968,108576000
2000-08-15,0.249159,0.276313,0.248445,0.271371,443328000
2000-08-16,0.286080,0.286080,0.269882,0.278220,266232000
2000-08-17,0.274408,0.284889,0.273455,0.283460,129816000
2000-08-18,0.282269,0.296799,0.281793,0.293464,204720000
2000-08-21,0.304183,0.309424,0.297275,0.297990,464472000
2000-08-22,0.282507,0.288700,0.267263,0.269882,658872000
2000-08-23,0.265595,0.286080,0.260116,0.285604,352800000
2000-08-24,0.283937,0.296085,0.278696,0.293226,332616000
2000-08-25,0.290130,0.296322,0.284413,0.285842,153048000
2000-08-28,0.287272,0.301087,0.283937,0.297276,189264000
2000-08-29,0.298466,0.299181,0.293464,0.296561,149376000
2000-08-30,0.293226,0.303230,0.290130,0.299181,178080000
2000-08-31,0.303707,0.314426,0.297752,0.302516,388896000
2000-09-01,0.308709,0.311568,0.299657,0.302992,204144000
2000-09-05,0.310139,0.310377,0.301325,0.303469,246144000
2000-09-06,0.304660,0.304660,0.280125,0.282507,230136000
2000-09-07,0.286795,0.298229,0.274885,0.297752,239760000
2000-09-08,0.294417,0.301087,0.279172,0.280125,222648000
2000-09-11,0.276552,0.278220,0.258211,0.268691,285888000
2000-09-12,0.268929,0.282984,0.262975,0.267024,125976000
2000-09-13,0.266310,0.271312,0.260593,0.266905,239976000
2000-09-14,0.268215,0.280125,0.261069,0.264404,216336000
2000-09-15,0.262975,0.273932,0.261069,0.270180,242592000
2000-09-18,0.270835,0.272503,0.251541,0.254399,163488000
2000-09-19,0.242728,0.262975,0.240107,0.262260,301104000
2000-09-20,0.255114,0.260116,0.249635,0.253685,227568000
2000-09-21,0.255590,0.270359,0.255352,0.264583,346824000
2000-09-22,0.238440,0.272503,0.238202,0.269168,387264000
2000-09-25,0.277504,0.292512,0.275361,0.288463,467568000
2000-09-26,0.291559,0.298705,0.278220,0.295370,337344000
2000-09-27,0.292988,0.325383,0.292988,0.311568,676128000
2000-09-28,0.308709,0.323001,0.301087,0.321096,333816000
2000-09-29,0.312044,0.323954,0.306804,0.312044,373872000
2000-10-02,0.316331,0.328718,0.296799,0.304660,340584000
2000-10-03,0.306327,0.308709,0.285842,0.288224,300264000
2000-10-04,0.280602,0.289653,0.276790,0.284889,419568000
2000-10-05,0.287033,0.287033,0.272264,0.278220,525048000
2000-10-06,0.278934,0.280839,0.257020,0.260830,1027176000
2000-10-09,0.254161,0.270597,0.236296,0.266547,665256000
2000-10-10,0.255352,0.268215,0.243919,0.246301,415944000
2000-10-11,0.231294,0.262021,0.222004,0.248445,535776000
2000-10-12,0.253923,0.268691,0.236296,0.238678,401616000
2000-10-13,0.240345,0.255352,0.237785,0.248206,578976000
2000-10-16,0.248206,0.248206,0.236772,0.242489,339216000
2000-10-17,0.241537,0.242489,0.222242,0.224862,463248000
2000-10-18,0.210332,0.234153,0.200327,0.221289,416952000
2000-10-19,0.235581,0.245824,0.232009,0.242728,294888000
2000-10-20,0.237011,0.271550,0.235343,0.265356,387360000
2000-10-23,0.267501,0.269168,0.251064,0.259402,182112000
2000-10-24,0.258211,0.262498,0.250112,0.251064,193968000
2000-10-25,0.244157,0.247729,0.227483,0.229150,385512000
2000-10-26,0.230579,0.247729,0.214381,0.238916,265776000
2000-10-27,0.239154,0.245050,0.224862,0.233437,210960000
2000-10-30,0.229627,0.234807,0.216763,0.217002,192120000
2000-10-31,0.225577,0.240584,0.218669,0.236832,299256000
2000-11-01,0.231055,0.240107,0.222957,0.236772,304536000
2000-11-02,0.245110,0.261069,0.241060,0.254876,192888000
2000-11-03,0.251541,0.276313,0.249635,0.271550,268632000
2000-11-06,0.277981,0.304898,0.276314,0.292512,635040000
2000-11-07,0.287747,0.287747,0.262975,0.272741,258240000
2000-11-08,0.275838,0.275838,0.260593,0.264642,187080000
2000-11-09,0.248682,0.261069,0.225339,0.237011,564528000
2000-11-10,0.245110,0.257258,0.218193,0.224148,805248000
2000-11-13,0.212953,0.249636,0.205806,0.225101,530040000
2000-11-14,0.240107,0.268215,0.238202,0.266310,470736000
2000-11-15,0.261546,0.269882,0.250827,0.262796,423864000
2000-11-16,0.255352,0.262021,0.243919,0.246301,235536000
2000-11-17,0.248206,0.260830,0.233437,0.241537,178776000
2000-11-20,0.232604,0.232723,0.220336,0.222957,298752000
2000-11-21,0.232485,0.234390,0.207236,0.218669,382512000
2000-11-22,0.209618,0.216287,0.198184,0.207236,409752000
2000-11-24,0.209618,0.227245,0.209618,0.219145,165072000
2000-11-27,0.234867,0.236296,0.203007,0.211761,363864000
2000-11-28,0.214977,0.217240,0.191276,0.195981,382344000
2000-11-29,0.198898,0.199136,0.169123,0.183892,636408000
2000-11-30,0.168170,0.168170,0.138634,0.154355,981624000
2000-12-01,0.163883,0.185797,0.162930,0.169600,784080000
2000-12-04,0.170672,0.176269,0.159118,0.172220,474264000
2000-12-05,0.184368,0.191038,0.167218,0.183415,997224000
2000-12-06,0.179843,0.184844,0.156260,0.157213,950928000
2000-12-07,0.149591,0.162692,0.141492,0.154355,785184000
2000-12-08,0.170314,0.190561,0.154414,0.189609,853392000
2000-12-11,0.183415,0.193419,0.178652,0.189609,757632000
2000-12-12,0.184844,0.188179,0.178175,0.184368,409512000
2000-12-13,0.183653,0.186750,0.166741,0.170076,675072000
2000-12-14,0.168885,0.170314,0.154355,0.158404,569016000
2000-12-15,0.148400,0.157690,0.141968,0.142683,1094424000
2000-12-18,0.148638,0.152449,0.145303,0.147387,658872000
2000-12-19,0.149591,0.162930,0.133393,0.136251,946200000
2000-12-20,0.129343,0.148161,0.114813,0.121483,1105392000
2000-12-21,0.119816,0.136251,0.104808,0.106238,845256000
2000-12-22,0.114813,0.145779,0.114813,0.133631,949080000
2000-12-26,0.135299,0.136727,0.119577,0.128152,343824000
2000-12-27,0.126724,0.141968,0.121483,0.136728,339456000
2000-12-28,0.131249,0.141016,0.129105,0.137442,419232000
2000-12-29,0.137204,0.141730,0.121959,0.124877,495168000
2001-01-02,0.125770,0.127438,0.113622,0.114099,290808000
2001-01-03,0.110525,0.150305,0.107667,0.149114,910368000
2001-01-04,0.146494,0.170076,0.142444,0.166265,815448000
2001-01-05,0.164835,0.165550,0.138157,0.141372,432768000
2001-01-08,0.137442,0.161025,0.137442,0.154831,573768000
2001-01-09,0.156975,0.161025,0.149352,0.157927,302904000
2001-01-10,0.149829,0.169600,0.146256,0.168885,392928000
2001-01-11,0.164835,0.190085,0.161977,0.182939,447648000
2001-01-12,0.186035,0.197231,0.177222,0.179127,669000000
2001-01-16,0.180080,0.180080,0.162216,0.165074,414984000
2001-01-17,0.177699,0.182939,0.170314,0.171029,592584000
2001-01-18,0.171029,0.208665,0.167218,0.203841,948168000
2001-01-19,0.209618,0.217240,0.195326,0.198422,1018704000
2001-01-22,0.192467,0.200089,0.185083,0.190561,377712000
2001-01-23,0.188179,0.213428,0.187227,0.209558,433632000
2001-01-24,0.209379,0.211523,0.196517,0.208665,451728000
2001-01-25,0.201519,0.201995,0.183415,0.187703,440016000
2001-01-26,0.177222,0.195921,0.175912,0.193658,259248000
2001-01-29,0.187703,0.194849,0.181033,0.194610,354168000
2001-01-30,0.197707,0.203067,0.193896,0.198898,243720000
2001-01-31,0.199136,0.206759,0.192467,0.196754,358344000
2001-02-01,0.196754,0.199136,0.188179,0.197767,371856000
2001-02-02,0.197945,0.202471,0.177222,0.178652,320520000
2001-02-05,0.178413,0.179604,0.167932,0.178413,367584000
2001-02-06,0.175078,0.182939,0.174662,0.179366,250440000
2001-02-07,0.178175,0.179604,0.161501,0.171029,720384000
2001-02-08,0.171982,0.181748,0.169361,0.170076,384288000
2001-02-09,0.168647,0.169838,0.162692,0.168885,259608000
2001-02-12,0.166979,0.168885,0.156260,0.164360,354336000
2001-02-13,0.167456,0.177222,0.165550,0.169361,467736000
2001-02-14,0.167218,0.186750,0.160071,0.181748,690888000
2001-02-15,0.206759,0.218670,0.205330,0.215096,1108512000
2001-02-16,0.204139,0.232485,0.203901,0.226768,1081176000
2001-02-20,0.221051,0.225815,0.203901,0.204139,701304000
2001-02-21,0.196517,0.222004,0.194373,0.213428,646512000
2001-02-22,0.212237,0.228674,0.205806,0.222480,815304000
2001-02-23,0.221289,0.224862,0.200089,0.207116,1034664000
2001-02-26,0.201042,0.206759,0.193658,0.202471,751824000
2001-02-27,0.197469,0.205330,0.189132,0.190323,533832000
2001-02-28,0.188893,0.200089,0.166741,0.170314,784056000
2001-03-01,0.168170,0.186750,0.152449,0.183772,915288000
2001-03-02,0.170552,0.182701,0.163883,0.166086,1413504000
2001-03-05,0.159595,0.171982,0.158643,0.167694,742296000
2001-03-06,0.176269,0.189847,0.173292,0.183892,834408000
2001-03-07,0.187941,0.199136,0.184606,0.198661,938280000
2001-03-08,0.192944,0.207474,0.192944,0.205330,829344000
2001-03-09,0.194610,0.195563,0.172935,0.190800,1216776000
2001-03-12,0.184368,0.192944,0.175793,0.183892,762144000
2001-03-13,0.186274,0.208665,0.185321,0.205806,1082352000
2001-03-14,0.196517,0.218193,0.196517,0.217478,1351128000
2001-03-15,0.230818,0.242906,0.222480,0.228197,1875984000
2001-03-16,0.224624,0.233437,0.217954,0.227245,1225200000
2001-03-19,0.226053,0.242012,0.213726,0.240345,943896000
2001-03-20,0.237487,0.252494,0.215335,0.217954,1990560000
2001-03-21,0.218431,0.240584,0.217240,0.234153,1877352000
2001-03-22,0.236296,0.258687,0.234390,0.257734,1697760000
2001-03-23,0.262498,0.267263,0.242489,0.255352,1509672000
2001-03-26,0.255352,0.270597,0.255352,0.269168,1542960000
2001-03-27,0.263928,0.273217,0.248206,0.259402,1702152000
2001-03-28,0.252255,0.266310,0.251541,0.259580,1433280000
2001-03-29,0.257317,0.272503,0.252017,0.263451,1632960000
2001-03-30,0.261546,0.266547,0.245824,0.247432,1423176000
2001-04-02,0.246777,0.252732,0.233914,0.237011,1265160000
2001-04-03,0.233437,0.251303,0.233199,0.244871,1991616000
2001-04-04,0.235581,0.236058,0.205092,0.219622,3362472000
2001-04-05,0.234153,0.243680,0.227720,0.239869,1724760000
2001-04-06,0.236772,0.251541,0.232723,0.238916,1547664000
2001-04-09,0.243537,0.249444,0.223528,0.227301,1097160000
2001-04-10,0.232751,0.256114,0.230617,0.248758,1186416000
2001-04-11,0.264080,0.273646,0.256496,0.263775,1426872000
2001-04-12,0.258897,0.279172,0.253942,0.267738,1440264000
2001-04-16,0.262975,0.268501,0.256419,0.261221,764112000
2001-04-17,0.257372,0.276123,0.257258,0.274027,1112448000
2001-04-18,0.285575,0.321668,0.285575,0.294456,2301864000
2001-04-19,0.296132,0.324831,0.294799,0.319762,1632264000
2001-04-20,0.315913,0.342972,0.307566,0.331424,1773840000
2001-04-23,0.324221,0.324526,0.310614,0.313930,1239000000
2001-04-24,0.313054,0.336493,0.286795,0.291711,1828320000
2001-04-25,0.292473,0.315531,0.291369,0.305126,1423728000
2001-04-26,0.311758,0.311758,0.278220,0.281078,1486008000
2001-04-27,0.291940,0.302345,0.286261,0.301087,915672000
2001-04-30,0.309281,0.335197,0.302725,0.317475,1583280000
2001-05-01,0.318618,0.347965,0.313473,0.347126,1867368000
2001-05-02,0.356159,0.356159,0.334625,0.339161,1547784000
2001-05-03,0.328908,0.339199,0.326850,0.337675,960504000
2001-05-04,0.327765,0.347698,0.326241,0.342324,953520000
2001-05-07,0.341028,0.360161,0.337026,0.357684,975600000
2001-05-08,0.362981,0.363134,0.328757,0.331805,1620144000
2001-05-09,0.321248,0.328222,0.314045,0.316255,1319040000
2001-05-10,0.325402,0.329251,0.301849,0.305622,998904000
2001-05-11,0.304860,0.306804,0.291712,0.297809,921216000
2001-05-14,0.298686,0.303907,0.287938,0.300363,702432000
2001-05-15,0.302992,0.323955,0.299562,0.311149,1242600000
2001-05-16,0.304021,0.327765,0.302078,0.325821,957096000
2001-05-17,0.326889,0.341105,0.321858,0.331577,919056000
2001-05-18,0.330472,0.339199,0.322430,0.328908,575832000
2001-05-21,0.328185,0.350632,0.321591,0.343772,1064688000
2001-05-22,0.348803,0.357493,0.335388,0.354063,1049976000
2001-05-23,0.367974,0.381123,0.346822,0.351052,2244912000
2001-05-24,0.348727,0.365268,0.338247,0.356235,1680576000
2001-05-25,0.349070,0.354254,0.343010,0.349489,947952000
2001-05-29,0.347508,0.347584,0.330433,0.335159,920568000
2001-05-30,0.327270,0.343887,0.325478,0.328908,3308904000
2001-05-31,0.331538,0.333482,0.319228,0.326279,1262928000
2001-06-01,0.328528,0.347126,0.326622,0.344344,1022472000
2001-06-04,0.344573,0.346402,0.334473,0.339009,621552000
2001-06-05,0.338627,0.360351,0.338055,0.356807,987168000
2001-06-06,0.358141,0.363019,0.352919,0.358331,698976000
2001-06-07,0.355168,0.379598,0.352539,0.378569,1141152000
2001-06-08,0.377426,0.377997,0.364810,0.368736,712680000
2001-06-11,0.369269,0.369689,0.352233,0.357950,581928000
2001-06-12,0.350442,0.375215,0.349680,0.369879,1102728000
2001-06-13,0.372585,0.378226,0.354254,0.357455,938712000
2001-06-14,0.352843,0.362791,0.347774,0.356692,946152000
2001-06-15,0.352539,0.368546,0.345983,0.362257,1094544000
2001-06-18,0.361343,0.367211,0.343963,0.347927,856656000
2001-06-19,0.354482,0.362752,0.321858,0.328908,1513128000
2001-06-20,0.322849,0.346822,0.316141,0.343049,1759200000
2001-06-21,0.341677,0.355587,0.332530,0.349527,1484568000
2001-06-22,0.347774,0.357074,0.343392,0.347965,761184000
2001-06-25,0.351853,0.353301,0.337141,0.347279,640032000
2001-06-26,0.339580,0.359017,0.338247,0.357302,757920000
2001-06-27,0.355587,0.356349,0.340190,0.346250,895752000
2001-06-28,0.350900,0.355397,0.346822,0.350328,909336000
2001-06-29,0.351586,0.359018,0.347622,0.353491,730920000
2001-07-02,0.339504,0.342363,0.332720,0.337827,1040016000
2001-07-03,0.335503,0.345679,0.333788,0.342134,406296000
2001-07-05,0.338055,0.340152,0.316903,0.317323,1020096000
2001-07-06,0.312558,0.314998,0.301468,0.307566,802824000
2001-07-09,0.303564,0.310920,0.294607,0.297504,1014072000
2001-07-10,0.301468,0.305469,0.296323,0.299944,1221744000
2001-07-11,0.298800,0.304174,0.290111,0.299372,904632000
2001-07-12,0.313473,0.317285,0.305851,0.315074,981552000
2001-07-13,0.312749,0.316180,0.302039,0.308556,690144000
2001-07-16,0.305089,0.308709,0.282222,0.283745,1191696000
2001-07-17,0.278982,0.302382,0.276314,0.299601,1169904000
2001-07-18,0.292473,0.300553,0.283098,0.289234,840984000
2001-07-19,0.293426,0.306118,0.288929,0.293884,840024000
2001-07-20,0.286566,0.293084,0.276314,0.285423,742464000
2001-07-23,0.285842,0.286223,0.258058,0.258401,1547976000
2001-07-24,0.261870,0.276123,0.256343,0.275895,1365312000
2001-07-25,0.275399,0.275933,0.264042,0.273226,1245888000
2001-07-26,0.270635,0.302992,0.269263,0.301087,1714152000
2001-07-27,0.300515,0.312025,0.291559,0.308709,1094688000
2001-07-30,0.309091,0.310348,0.298037,0.301353,582288000
2001-07-31,0.301773,0.309662,0.290797,0.308328,1187760000
2001-08-01,0.314388,0.328757,0.312215,0.327156,1204944000
2001-08-02,0.331309,0.336112,0.320104,0.334931,1097928000
2001-08-03,0.331577,0.337446,0.325326,0.332301,820344000
2001-08-06,0.329937,0.345754,0.326393,0.342363,1292568000
2001-08-07,0.342286,0.343963,0.333291,0.337293,1088616000
2001-08-08,0.334359,0.343010,0.327232,0.328718,1125696000
2001-08-09,0.327193,0.333635,0.317094,0.322963,1643616000
2001-08-10,0.322811,0.327003,0.312901,0.322582,1036488000
2001-08-13,0.328108,0.339770,0.323230,0.336112,1514784000
2001-08-14,0.330014,0.332148,0.323040,0.327193,2321160000
2001-08-15,0.334588,0.338513,0.324678,0.327575,1816392000
2001-08-16,0.321553,0.341867,0.320257,0.341371,1026096000
2001-08-17,0.332720,0.337065,0.316560,0.319267,1668840000
2001-08-20,0.317246,0.320486,0.307337,0.317056,1183320000
2001-08-21,0.317856,0.326241,0.309891,0.310386,1186656000
2001-08-22,0.315874,0.323497,0.305851,0.323154,1498104000
2001-08-23,0.322048,0.326203,0.314426,0.315988,1013592000
2001-08-24,0.319381,0.331538,0.317513,0.325021,1110936000
2001-08-27,0.317742,0.340571,0.316523,0.336264,1279608000
2001-08-28,0.335350,0.342820,0.329290,0.331881,1178760000
2001-08-29,0.332796,0.334892,0.318428,0.321210,1435800000
2001-08-30,0.315188,0.322430,0.307756,0.320181,1431312000
2001-08-31,0.318046,0.325784,0.313854,0.322849,887904000
2001-09-04,0.321972,0.321972,0.298152,0.300401,1856136000
2001-09-05,0.300134,0.309091,0.287938,0.306804,2395584000
2001-09-06,0.300744,0.310234,0.292892,0.294264,1950768000
2001-09-07,0.289653,0.301849,0.288129,0.297351,1970256000
2001-09-10,0.294836,0.299372,0.282755,0.288739,1872360000
2001-09-17,0.270749,0.277381,0.257791,0.259087,1138596000
2001-09-18,0.264118,0.266023,0.237592,0.243461,894372000
2001-09-19,0.244833,0.247653,0.206264,0.240489,1561908000
2001-09-20,0.227606,0.235915,0.213428,0.220137,1470696000
2001-09-21,0.203138,0.215563,0.198260,0.205577,1226304000
2001-09-24,0.221889,0.232028,0.212056,0.228673,1507500000
2001-09-25,0.229360,0.239268,0.219069,0.219755,941724000
2001-09-26,0.222575,0.223338,0.209618,0.211828,430812000
2001-09-27,0.211066,0.213428,0.194448,0.200089,907296000
2001-09-28,0.205806,0.219602,0.197041,0.209389,1044876000
2001-10-01,0.209236,0.212666,0.188274,0.191628,972804000
2001-10-02,0.191324,0.198946,0.172724,0.182024,1123032000
2001-10-03,0.181109,0.229359,0.181109,0.217850,1798824000
2001-10-04,0.229436,0.257639,0.221509,0.246129,1980576000
2001-10-05,0.242394,0.256800,0.233171,0.250779,1078212000
2001-10-08,0.240869,0.265947,0.240869,0.256419,765900000
2001-10-09,0.257105,0.262213,0.237973,0.245291,917556000
2001-10-10,0.240946,0.262975,0.239345,0.261069,968124000
2001-10-11,0.275018,0.290111,0.273569,0.289348,918000000
2001-10-12,0.282030,0.308709,0.281040,0.308176,1253100000
2001-10-15,0.299181,0.316331,0.290797,0.306804,908568000
2001-10-16,0.306422,0.340113,0.300095,0.337675,1383852000
2001-10-17,0.345144,0.345297,0.316331,0.317856,1695540000
2001-10-18,0.317856,0.334397,0.317094,0.331272,1020864000
2001-10-19,0.326546,0.343010,0.322430,0.338132,1059264000
2001-10-22,0.335617,0.350632,0.328146,0.346136,970824000
2001-10-23,0.350557,0.356807,0.332339,0.340038,953028000
2001-10-24,0.333863,0.355892,0.330052,0.355054,1212144000
2001-10-25,0.346822,0.382189,0.341485,0.375863,1152396000
2001-10-26,0.373271,0.384476,0.346822,0.349032,1097124000
2001-10-29,0.350252,0.356349,0.320296,0.320676,1004796000
2001-10-30,0.314808,0.334931,0.307566,0.320143,1153380000
2001-10-31,0.332110,0.341105,0.322048,0.326699,989292000
2001-11-01,0.330890,0.357264,0.325860,0.354597,1093776000
2001-11-02,0.352996,0.363895,0.339962,0.359551,1087248000
2001-11-05,0.365802,0.375786,0.358560,0.360847,933456000
2001-11-06,0.360161,0.387297,0.358256,0.385619,1415376000
2001-11-07,0.382647,0.400789,0.380437,0.385925,1419144000
2001-11-08,0.390727,0.395910,0.367783,0.379217,1915188000
2001-11-09,0.395987,0.405820,0.388669,0.405514,2270484000
2001-11-12,0.403990,0.426781,0.391642,0.416414,1458636000
2001-11-13,0.417711,0.417787,0.407039,0.412984,1446516000
2001-11-14,0.416033,0.419997,0.390270,0.401475,1150224000
2001-11-15,0.396901,0.409097,0.391871,0.403609,874944000
2001-11-16,0.403990,0.408258,0.394691,0.400103,496128000
2001-11-19,0.404066,0.407801,0.369689,0.391336,1943052000
2001-11-20,0.393242,0.400103,0.376015,0.380360,937884000
2001-11-21,0.373957,0.385468,0.364353,0.375482,728412000
2001-11-23,0.376930,0.381123,0.370451,0.380741,254016000
2001-11-26,0.387144,0.408487,0.386077,0.407954,1215780000
2001-11-27,0.407725,0.421521,0.400179,0.412298,1183992000
2001-11-28,0.407039,0.413823,0.390574,0.391489,740844000
2001-11-29,0.419920,0.422055,0.407039,0.408640,5135472000
2001-11-30,0.408487,0.419463,0.402465,0.416490,1034028000
2001-12-03,0.407725,0.412832,0.402847,0.410164,851496000
2001-12-04,0.412222,0.443627,0.412222,0.443169,1384644000
2001-12-05,0.446675,0.479833,0.446295,0.478918,1707036000
2001-12-06,0.475184,0.476403,0.459405,0.471372,1138944000
2001-12-07,0.467866,0.472135,0.448810,0.456966,807036000
2001-12-10,0.454679,0.471982,0.450868,0.461539,695868000
2001-12-11,0.469619,0.488980,0.464969,0.478080,792252000
2001-12-12,0.481739,0.493173,0.472440,0.492944,1004628000
2001-12-13,0.483263,0.489437,0.476860,0.478766,881400000
2001-12-14,0.478690,0.502700,0.476480,0.500338,754680000
2001-12-17,0.496526,0.525568,0.496526,0.518327,1080960000
2001-12-18,0.506969,0.514134,0.500719,0.504987,886968000
2001-12-19,0.496679,0.506817,0.489286,0.491191,854652000
2001-12-20,0.493173,0.502091,0.470077,0.471829,951228000
2001-12-21,0.482120,0.495460,0.476556,0.492258,723972000
2001-12-24,0.492029,0.507045,0.491801,0.504530,265308000
2001-12-26,0.507045,0.525492,0.506969,0.516878,642156000
2001-12-27,0.521376,0.531209,0.520614,0.528846,730152000
2001-12-28,0.531971,0.535478,0.511010,0.516116,757680000
2001-12-31,0.519927,0.522900,0.508798,0.509942,737580000
2002-01-02,0.512153,0.521757,0.499270,0.512990,1298904000
2002-01-03,0.514058,0.548817,0.513754,0.546606,1414752000
2002-01-04,0.553847,0.553847,0.521375,0.530675,936288000
2002-01-07,0.532809,0.533571,0.509256,0.516421,973068000
2002-01-08,0.515354,0.534943,0.513601,0.522519,774360000
2002-01-09,0.529761,0.539288,0.508037,0.515354,1141188000
2002-01-10,0.512610,0.519622,0.498508,0.503006,992508000
2002-01-11,0.506359,0.506512,0.478766,0.480748,1380852000
2002-01-14,0.479681,0.483034,0.455518,0.455518,1369560000
2002-01-15,0.474497,0.498355,0.473964,0.498051,1838808000
2002-01-16,0.491266,0.494468,0.476784,0.478613,1115388000
2002-01-17,0.494468,0.495460,0.476556,0.495383,1121544000
2002-01-18,0.476709,0.489743,0.476403,0.486313,803676000
2002-01-22,0.490886,0.492181,0.468628,0.474116,1085028000
2002-01-23,0.478385,0.486465,0.468934,0.483034,889164000
2002-01-24,0.487837,0.505369,0.477546,0.500338,1137684000
2002-01-25,0.493173,0.511467,0.487075,0.499042,817752000
2002-01-28,0.508799,0.518327,0.503768,0.518250,924288000
2002-01-29,0.519470,0.520994,0.484788,0.492867,1381932000
2002-01-30,0.495459,0.499194,0.483644,0.498813,1218456000
2002-01-31,0.505293,0.509180,0.484406,0.501100,973980000
2002-02-01,0.500262,0.505597,0.485931,0.488828,688272000
2002-02-04,0.487760,0.499651,0.465046,0.465808,1104864000
2002-02-05,0.462683,0.466723,0.443093,0.461235,1474620000
2002-02-06,0.473430,0.480900,0.464207,0.472744,1242528000
2002-02-07,0.473354,0.473354,0.455213,0.457423,964476000
2002-02-08,0.460473,0.463064,0.422513,0.439968,1871292000
2002-02-11,0.439282,0.464969,0.437681,0.464283,1249224000
2002-02-12,0.457271,0.482882,0.452012,0.474116,1216500000
2002-02-13,0.480214,0.488294,0.463445,0.468019,1230432000
2002-02-14,0.471982,0.483644,0.466037,0.473811,1225692000
2002-02-15,0.452012,0.454679,0.432574,0.437148,3988548000
2002-02-19,0.418473,0.422817,0.404828,0.408182,1972524000
2002-02-20,0.400941,0.434098,0.400179,0.429525,1838736000
2002-02-21,0.423656,0.423808,0.399645,0.400179,1531044000
2002-02-22,0.392175,0.396748,0.375406,0.380513,2585616000
2002-02-25,0.382266,0.413289,0.382189,0.410316,1599564000
2002-02-26,0.419311,0.426476,0.408182,0.419234,1902672000
2002-02-27,0.428763,0.430592,0.403990,0.405133,1723224000
2002-02-28,0.402465,0.409707,0.385391,0.388821,1585440000
2002-03-01,0.392557,0.426858,0.391413,0.426400,1311396000
2002-03-04,0.427695,0.455060,0.423579,0.450182,1484724000
2002-03-05,0.443245,0.461082,0.442865,0.449039,1379448000
2002-03-06,0.435623,0.440044,0.425561,0.434937,1446060000
2002-03-07,0.441111,0.442559,0.419387,0.431431,1346532000
2002-03-08,0.439663,0.453460,0.437528,0.444313,1270356000
2002-03-11,0.439435,0.444313,0.431812,0.439129,810540000
2002-03-12,0.425714,0.428001,0.413137,0.416110,1255032000
2002-03-13,0.412222,0.415195,0.407039,0.408564,1031616000
2002-03-14,0.405514,0.405514,0.385086,0.385925,1139460000
2002-03-15,0.388669,0.402694,0.381275,0.402237,1248288000
2002-03-18,0.409554,0.418397,0.397663,0.402237,1236996000
2002-03-19,0.405133,0.405895,0.391336,0.393700,846072000
2002-03-20,0.387220,0.387983,0.353300,0.354597,2292588000
2002-03-21,0.360618,0.377693,0.351090,0.373424,1721712000
2002-03-22,0.380131,0.380131,0.367402,0.370222,1249140000
2002-03-25,0.368469,0.368926,0.350632,0.351090,884160000
2002-03-26,0.347431,0.367174,0.345450,0.358256,1123512000
2002-03-27,0.352767,0.359932,0.340724,0.346822,1068012000
2002-03-28,0.349185,0.351395,0.319152,0.338132,3124080000
2002-04-01,0.319381,0.335160,0.309167,0.332567,2365344000
2002-04-02,0.322583,0.340648,0.321972,0.323878,1438008000
2002-04-03,0.325327,0.334168,0.318618,0.329976,1094640000
2002-04-04,0.327461,0.339580,0.322963,0.328375,1130964000
2002-04-05,0.330509,0.335845,0.317552,0.320905,1026900000
2002-04-08,0.306041,0.331652,0.305965,0.331652,1151316000
2002-04-09,0.334931,0.337675,0.309928,0.310691,1380768000
2002-04-10,0.313207,0.315569,0.271360,0.293541,3689724000
2002-04-11,0.291177,0.294913,0.277457,0.280658,1437288000
2002-04-12,0.286909,0.289196,0.270825,0.279592,1376880000
2002-04-15,0.285003,0.295675,0.284317,0.290873,1157208000
2002-04-16,0.303907,0.307033,0.297580,0.303526,854856000
2002-04-17,0.307109,0.311606,0.297504,0.307109,944484000
2002-04-18,0.303983,0.307261,0.295370,0.302002,693156000
2002-04-19,0.291787,0.295370,0.281040,0.281421,1125672000
2002-04-22,0.278296,0.288510,0.278220,0.282793,808176000
2002-04-23,0.285003,0.288281,0.268844,0.271360,773508000
2002-04-24,0.274484,0.278524,0.246891,0.247577,1582956000
2002-04-25,0.246586,0.262136,0.246510,0.257182,1168296000
2002-04-26,0.260002,0.260306,0.231494,0.231494,1191120000
2002-04-29,0.258858,0.273951,0.250169,0.270063,3930852000
2002-04-30,0.276466,0.280125,0.259544,0.265337,1776504000
2002-05-01,0.260992,0.273875,0.254209,0.270139,1718904000
2002-05-02,0.271435,0.278143,0.259163,0.259240,1125084000
2002-05-03,0.259544,0.261527,0.248339,0.249636,852756000
2002-05-06,0.243156,0.254590,0.238125,0.240107,1102044000
2002-05-07,0.245443,0.250550,0.234086,0.246129,1412448000
2002-05-08,0.262899,0.278677,0.254590,0.274408,1688688000
2002-05-09,0.273569,0.279210,0.262213,0.262670,1230840000
2002-05-10,0.268081,0.269073,0.240107,0.243004,1321548000
2002-05-13,0.245519,0.258554,0.243461,0.257715,800892000
2002-05-14,0.274179,0.286223,0.269453,0.283326,1526112000
2002-05-15,0.278982,0.294227,0.275094,0.288890,1504548000
2002-05-16,0.288967,0.295370,0.283098,0.289425,985560000
2002-05-17,0.297276,0.299410,0.289882,0.298572,934404000
2002-05-20,0.296056,0.303754,0.294684,0.301773,953412000
2002-05-21,0.305661,0.309853,0.278448,0.278753,1382604000
2002-05-22,0.280964,0.291712,0.280507,0.290034,1547988000
2002-05-23,0.290873,0.291483,0.263736,0.272350,2556780000
2002-05-24,0.267167,0.268539,0.260841,0.267015,737784000
2002-05-28,0.269377,0.269530,0.251084,0.256419,1367088000
2002-05-29,0.252303,0.267166,0.248415,0.266100,1311012000
2002-05-30,0.260688,0.268539,0.255581,0.262213,1066080000
2002-05-31,0.263737,0.264880,0.254590,0.255047,674112000
2002-06-03,0.248873,0.250016,0.236982,0.240031,901248000
2002-06-04,0.238506,0.253446,0.238125,0.252151,1095432000
2002-06-05,0.252684,0.252760,0.239726,0.248492,1114308000
2002-06-06,0.245900,0.251922,0.245824,0.248568,739356000
2002-06-07,0.228369,0.249254,0.228292,0.246205,1371300000
2002-06-10,0.249483,0.256419,0.243537,0.244147,749148000
2002-06-11,0.248187,0.249254,0.232561,0.233171,859308000
2002-06-12,0.227606,0.231722,0.203291,0.213048,2267544000
2002-06-13,0.214648,0.218612,0.204129,0.210837,1265892000
2002-06-14,0.203062,0.216401,0.196202,0.214800,1116444000
2002-06-17,0.219602,0.222423,0.212971,0.216707,1054140000
2002-06-18,0.214038,0.221813,0.211523,0.215563,1008300000
2002-06-19,0.205044,0.205044,0.180195,0.181795,2593620000
2002-06-20,0.182177,0.187131,0.177755,0.180119,1425048000
2002-06-21,0.179204,0.186140,0.169066,0.172724,1484364000
2002-06-24,0.168304,0.181338,0.163120,0.175926,1379592000
2002-06-25,0.179127,0.179127,0.160300,0.161368,1172232000
2002-06-26,0.143074,0.158395,0.139109,0.152983,2067828000
2002-06-27,0.158623,0.159843,0.128057,0.130191,3182808000
2002-06-28,0.128057,0.136365,0.125237,0.130954,1991184000
2002-07-01,0.130344,0.134155,0.127904,0.130648,1164372000
2002-07-02,0.129125,0.129582,0.119063,0.122416,1368180000
2002-07-03,0.121654,0.133241,0.121578,0.133012,1073304000
2002-07-05,0.142540,0.144826,0.138423,0.144750,739524000
2002-07-08,0.143074,0.154279,0.142921,0.149095,1587180000
2002-07-09,0.149477,0.151382,0.138576,0.141778,1075080000
2002-07-10,0.145208,0.146351,0.136900,0.137890,926988000
2002-07-11,0.137128,0.152449,0.135908,0.151915,1143948000
2002-07-12,0.160071,0.160682,0.148638,0.151763,1344900000
2002-07-15,0.152144,0.166932,0.145284,0.166856,1495272000
2002-07-16,0.162740,0.177984,0.159690,0.162358,1773432000
2002-07-17,0.158852,0.161977,0.142235,0.148562,1922364000
2002-07-18,0.146122,0.154736,0.144369,0.144750,1243188000
2002-07-19,0.140330,0.145894,0.137204,0.138195,845772000
2002-07-22,0.137586,0.141473,0.126152,0.131792,1290744000
2002-07-23,0.132555,0.133393,0.117462,0.121959,1409652000
2002-07-24,0.120282,0.131716,0.120206,0.129734,1175100000
2002-07-25,0.124703,0.125084,0.110602,0.114794,1796448000
2002-07-26,0.118148,0.120892,0.109001,0.112126,1221900000
2002-07-29,0.116776,0.117385,0.111517,0.115251,1227720000
2002-07-30,0.114718,0.129429,0.114337,0.123637,1818012000
2002-07-31,0.090097,0.091927,0.083390,0.084381,4837140000
2002-08-01,0.085067,0.085067,0.076224,0.076301,1725708000
2002-08-02,0.078740,0.079274,0.069364,0.071270,1795260000
2002-08-05,0.070203,0.070356,0.064715,0.065553,1330716000
2002-08-06,0.068602,0.071575,0.067535,0.068983,1168800000
2002-08-07,0.072032,0.072718,0.064791,0.067383,892980000
2002-08-08,0.068069,0.073023,0.066315,0.071803,755424000
2002-08-09,0.069898,0.072414,0.068678,0.070127,581304000
2002-08-12,0.069364,0.072794,0.067535,0.070127,592800000
2002-08-13,0.070584,0.074014,0.068602,0.068678,654420000
2002-08-14,0.069974,0.073937,0.069364,0.073328,632688000
2002-08-15,0.076072,0.079960,0.075310,0.078435,1140120000
2002-08-16,0.074243,0.084228,0.071956,0.081484,1657428000
2002-08-19,0.084991,0.102522,0.084838,0.096424,2243928000
2002-08-20,0.097186,0.099092,0.090936,0.092155,1429488000
2002-08-21,0.096347,0.098254,0.091851,0.097033,1194876000
2002-08-22,0.094138,0.097948,0.093146,0.093756,1358496000
2002-08-23,0.091088,0.091698,0.087049,0.087582,919932000
2002-08-26,0.089259,0.089869,0.084152,0.088268,698568000
2002-08-27,0.089793,0.090250,0.082704,0.083237,686712000
2002-08-28,0.082780,0.082933,0.077749,0.078054,700356000
2002-08-29,0.077063,0.082627,0.076453,0.079045,815520000
2002-08-30,0.078282,0.081561,0.075462,0.076987,1065888000
2002-09-03,0.073328,0.073709,0.071042,0.072261,847284000
2002-09-04,0.072490,0.074395,0.068678,0.071803,930552000
2002-09-05,0.071117,0.071422,0.068602,0.069059,714312000
2002-09-06,0.071956,0.072565,0.069517,0.070584,746460000
2002-09-09,0.070050,0.072718,0.067916,0.070507,578040000
2002-09-10,0.070127,0.084228,0.070050,0.080569,2317632000
2002-09-11,0.083084,0.090707,0.083084,0.084533,1657536000
2002-09-12,0.082475,0.086972,0.080950,0.081865,1294932000
2002-09-13,0.081026,0.084914,0.080036,0.080569,796872000
2002-09-16,0.079350,0.079654,0.073557,0.075462,925464000
2002-09-17,0.078816,0.080722,0.073862,0.074319,884052000
2002-09-18,0.073176,0.074623,0.070050,0.072261,811692000
2002-09-19,0.070660,0.073176,0.069441,0.069821,618492000
2002-09-20,0.070356,0.071804,0.068678,0.070203,687312000
2002-09-23,0.069059,0.069745,0.066697,0.067154,521676000
2002-09-24,0.066391,0.070889,0.065172,0.067687,624444000
2002-09-25,0.071651,0.072794,0.068831,0.071422,896616000
2002-09-26,0.072794,0.073557,0.066544,0.067611,739560000
2002-09-27,0.067459,0.069212,0.065172,0.065248,650688000
2002-09-30,0.065019,0.068069,0.063647,0.065248,584124000
2002-10-01,0.065782,0.069364,0.063418,0.068755,888360000
2002-10-02,0.069288,0.072794,0.068678,0.068678,749100000
2002-10-03,0.067840,0.068983,0.065172,0.065325,590568000
2002-10-04,0.065172,0.067230,0.060980,0.062046,529788000
2002-10-07,0.061209,0.062428,0.058540,0.058998,493068000
2002-10-08,0.060980,0.061132,0.054882,0.057244,714252000
2002-10-09,0.056406,0.060065,0.055186,0.056178,573132000
2002-10-10,0.055644,0.060903,0.055644,0.059074,538032000
2002-10-11,0.061360,0.068221,0.060980,0.067154,994140000
2002-10-14,0.065172,0.067154,0.063800,0.065172,611484000
2002-10-15,0.072414,0.075005,0.070965,0.071956,852768000
2002-10-16,0.067077,0.067687,0.064791,0.065934,578124000
2002-10-17,0.071651,0.074319,0.069898,0.070965,585792000
2002-10-18,0.070584,0.072414,0.067916,0.071651,498372000
2002-10-21,0.070660,0.080722,0.069059,0.078130,930624000
2002-10-22,0.074548,0.085371,0.074472,0.080722,1272168000
2002-10-23,0.081941,0.085142,0.080798,0.083999,925428000
2002-10-24,0.085677,0.086591,0.078511,0.079731,1055172000
2002-10-25,0.080036,0.084991,0.078968,0.084609,745956000
2002-10-28,0.088497,0.089183,0.084533,0.085067,1070544000
2002-10-29,0.085219,0.085829,0.077063,0.081332,772728000
2002-10-30,0.083923,0.088421,0.083619,0.085677,1139496000
2002-10-31,0.086286,0.091317,0.086057,0.090707,1255476000
2002-11-01,0.089335,0.108773,0.089183,0.107477,2128836000
2002-11-04,0.113955,0.125846,0.113651,0.119215,2688132000
2002-11-05,0.118910,0.120892,0.109382,0.114489,2034540000
2002-11-06,0.118377,0.123484,0.113727,0.123331,1646016000
2002-11-07,0.120130,0.120130,0.110221,0.110907,1660560000
2002-11-08,0.093756,0.099320,0.083923,0.086591,3798900000
2002-11-11,0.082475,0.083695,0.077902,0.079883,1378452000
2002-11-12,0.081789,0.089945,0.081103,0.086972,1381188000
2002-11-13,0.084914,0.092231,0.083237,0.089716,1802112000
2002-11-14,0.095661,0.097491,0.092766,0.095661,1138728000
2002-11-15,0.100616,0.106029,0.099473,0.102674,2054328000
2002-11-18,0.110907,0.111288,0.106180,0.106486,1982472000
2002-11-19,0.105876,0.113422,0.104732,0.108010,1971948000
2002-11-20,0.111288,0.114337,0.109839,0.113422,1292796000
2002-11-21,0.117996,0.128667,0.117767,0.123026,2053920000
2002-11-22,0.115556,0.122264,0.114337,0.119825,1251900000
2002-11-25,0.125389,0.127218,0.120511,0.124170,1230084000
2002-11-26,0.124780,0.127218,0.120435,0.120816,1084332000
2002-11-27,0.125923,0.132326,0.124322,0.130191,1088556000
2002-11-29,0.133621,0.135528,0.129582,0.130573,519396000
2002-12-02,0.137509,0.139262,0.128972,0.129582,1167504000
2002-12-03,0.127143,0.127447,0.120816,0.121044,1046220000
2002-12-04,0.112507,0.114337,0.106180,0.106562,2206548000
2002-12-05,0.113422,0.114184,0.104961,0.107552,1594872000
2002-12-06,0.102903,0.109763,0.101226,0.107705,1159224000
2002-12-09,0.104199,0.105876,0.098254,0.099092,969792000
2002-12-10,0.101607,0.109382,0.100312,0.107401,1389888000
2002-12-11,0.106638,0.109763,0.103056,0.106791,1364208000
2002-12-12,0.110754,0.112050,0.104808,0.105037,1302552000
2002-12-13,0.103132,0.103132,0.100159,0.100921,707724000
2002-12-16,0.104428,0.107477,0.101760,0.106866,1056972000
2002-12-17,0.108773,0.112431,0.105876,0.106715,1077744000
2002-12-18,0.103360,0.103513,0.098330,0.098558,1126836000
2002-12-19,0.096805,0.101912,0.095433,0.096424,1100604000
2002-12-20,0.099473,0.100540,0.092917,0.097720,804576000
2002-12-23,0.097491,0.100769,0.097186,0.098406,498648000
2002-12-24,0.098940,0.100921,0.095890,0.096424,300336000
2002-12-26,0.098025,0.099473,0.093832,0.094671,719760000
2002-12-27,0.097262,0.097491,0.090250,0.091088,702528000
2002-12-30,0.091469,0.092460,0.085828,0.087887,784740000
2002-12-31,0.086972,0.089945,0.085295,0.087735,825396000
2003-01-02,0.091469,0.094900,0.088344,0.093832,1302540000
2003-01-03,0.094138,0.097186,0.092231,0.093832,1037496000
2003-01-06,0.096119,0.102979,0.096043,0.101455,1033428000
2003-01-07,0.103436,0.105800,0.100006,0.101150,1498272000
2003-01-08,0.098558,0.101455,0.090402,0.091088,1852524000
2003-01-09,0.093909,0.094900,0.091774,0.092689,1436076000
2003-01-10,0.091469,0.095661,0.090250,0.094289,924492000
2003-01-13,0.097872,0.098711,0.093070,0.093527,849120000
2003-01-14,0.093832,0.095128,0.091393,0.094213,868524000
2003-01-15,0.094289,0.095052,0.091317,0.091317,904584000
2003-01-16,0.089945,0.091088,0.083923,0.085142,2039976000
2003-01-17,0.082856,0.083999,0.080875,0.081941,1058832000
2003-01-21,0.083466,0.085219,0.079654,0.079883,967356000
2003-01-22,0.079654,0.082018,0.079426,0.079960,550992000
2003-01-23,0.082094,0.083466,0.079960,0.082170,918456000
2003-01-24,0.081484,0.081865,0.076148,0.077520,897108000
2003-01-27,0.075844,0.079807,0.074472,0.076377,889116000
2003-01-28,0.075386,0.080569,0.072871,0.079121,1785480000
2003-01-29,0.076987,0.081332,0.076987,0.080722,1022040000
2003-01-30,0.082322,0.083008,0.076606,0.077444,743064000
2003-01-31,0.075158,0.080798,0.074472,0.078664,949656000
2003-02-03,0.080112,0.081712,0.078511,0.080188,755556000
2003-02-04,0.079654,0.080036,0.075462,0.076606,627720000
2003-02-05,0.078282,0.080417,0.076987,0.077292,581508000
2003-02-06,0.082627,0.082780,0.076606,0.077902,1226184000
2003-02-07,0.079426,0.079807,0.074243,0.074395,915156000
2003-02-10,0.074319,0.075844,0.071117,0.075309,982632000
2003-02-11,0.075920,0.078130,0.073557,0.073937,850716000
2003-02-12,0.073937,0.077063,0.073328,0.074319,641400000
2003-02-13,0.075615,0.075996,0.073557,0.075234,889164000
2003-02-14,0.085524,0.091851,0.083466,0.091774,3548844000
2003-02-18,0.095281,0.098863,0.094138,0.097033,1740516000
2003-02-19,0.096424,0.098558,0.095357,0.097948,1141212000
2003-02-20,0.098330,0.100921,0.097568,0.097948,978132000
2003-02-21,0.097872,0.098254,0.094518,0.098025,913260000
2003-02-24,0.097186,0.102827,0.096653,0.099244,1137012000
2003-02-25,0.096043,0.099092,0.094518,0.098634,1239204000
2003-02-26,0.097339,0.098940,0.093603,0.093832,746892000
2003-02-27,0.094747,0.096272,0.093223,0.095814,675312000
2003-02-28,0.092841,0.096424,0.090097,0.096196,1653336000
2003-03-03,0.097339,0.099092,0.093375,0.094595,702036000
2003-03-04,0.094900,0.095814,0.092917,0.093832,538392000
2003-03-05,0.092917,0.095890,0.092689,0.095357,522156000
2003-03-06,0.094595,0.095510,0.093375,0.093756,548064000
2003-03-07,0.092308,0.095510,0.091469,0.095204,581148000
2003-03-10,0.094213,0.094671,0.092384,0.092537,344796000
2003-03-11,0.093223,0.094747,0.092155,0.093223,417144000
2003-03-12,0.093985,0.096043,0.093146,0.095814,493920000
2003-03-13,0.098634,0.105952,0.098177,0.105343,1362732000
2003-03-14,0.105723,0.106715,0.101531,0.102293,1094220000
2003-03-17,0.100616,0.110297,0.100388,0.108238,1307808000
2003-03-18,0.107858,0.109077,0.105190,0.107401,932280000
2003-03-19,0.107629,0.108696,0.104122,0.107934,712992000
2003-03-20,0.107934,0.111211,0.105114,0.108925,780060000
2003-03-21,0.112660,0.113041,0.103056,0.107934,1681800000
2003-03-24,0.103513,0.106715,0.102903,0.103894,839016000
2003-03-25,0.104199,0.108467,0.103818,0.106866,672828000
2003-03-26,0.109230,0.111669,0.108391,0.109839,1107840000
2003-03-27,0.108391,0.110678,0.106409,0.106715,1392732000
2003-03-28,0.106715,0.107095,0.100692,0.102370,1290684000
2003-03-31,0.099244,0.100464,0.097720,0.098177,680508000
2003-04-01,0.100235,0.102141,0.098025,0.101074,533808000
2003-04-02,0.104504,0.106562,0.103132,0.104808,771900000
2003-04-03,0.106715,0.106715,0.103971,0.106180,702780000
2003-04-04,0.106486,0.106638,0.101607,0.102064,513840000
2003-04-07,0.108925,0.109763,0.102141,0.103132,671256000
2003-04-08,0.104046,0.104580,0.101455,0.102141,475032000
2003-04-09,0.102522,0.105266,0.101455,0.101607,694260000
2003-04-10,0.102979,0.103132,0.101150,0.102141,364104000
2003-04-11,0.103284,0.104122,0.100006,0.100998,374184000
2003-04-14,0.099473,0.103056,0.099168,0.102750,445776000
2003-04-15,0.102064,0.103513,0.099549,0.102217,490212000
2003-04-16,0.104580,0.104808,0.101378,0.102217,671988000
2003-04-17,0.102979,0.104275,0.100845,0.104046,520740000
2003-04-21,0.104199,0.107019,0.103208,0.106715,597144000
2003-04-22,0.106180,0.108163,0.104428,0.108087,787392000
2003-04-23,0.107934,0.111211,0.107095,0.110525,606204000
2003-04-24,0.110602,0.110602,0.105800,0.107248,660912000
2003-04-25,0.106638,0.108467,0.102293,0.103285,884652000
2003-04-28,0.104504,0.108315,0.103285,0.106409,674988000
2003-04-29,0.108849,0.111211,0.108010,0.109687,670344000
2003-04-30,0.109077,0.112050,0.108620,0.109230,466620000
2003-05-01,0.108467,0.110983,0.107858,0.109916,733368000
2003-05-02,0.111364,0.121959,0.110754,0.121197,1691088000
2003-05-05,0.122340,0.129887,0.120130,0.124170,1576164000
2003-05-06,0.123560,0.127524,0.122340,0.124322,1143864000
2003-05-07,0.122493,0.125389,0.120206,0.122340,897372000
2003-05-08,0.120816,0.127295,0.119292,0.122416,1957452000
2003-05-09,0.143531,0.164112,0.139491,0.162891,9230856000
2003-05-12,0.163273,0.166932,0.157023,0.158318,3007860000
2003-05-13,0.152907,0.157785,0.151992,0.155345,1824108000
2003-05-14,0.155879,0.157785,0.153211,0.155193,965580000
2003-05-15,0.157480,0.160833,0.156641,0.160529,1105656000
2003-05-16,0.158547,0.164874,0.158318,0.162054,1028916000
2003-05-19,0.159919,0.161443,0.151000,0.152907,1220484000
2003-05-20,0.153135,0.155117,0.152449,0.153973,884124000
2003-05-21,0.154050,0.159461,0.153211,0.159385,905472000
2003-05-22,0.159614,0.161368,0.155879,0.159919,888816000
2003-05-23,0.160071,0.163120,0.158395,0.159081,867612000
2003-05-27,0.157403,0.173792,0.154355,0.173182,1677408000
2003-05-28,0.172649,0.174554,0.168456,0.172724,1235556000
2003-05-29,0.172649,0.190409,0.172267,0.184540,2297736000
2003-05-30,0.201995,0.202986,0.197041,0.199479,2142312000
2003-06-02,0.204663,0.204891,0.187208,0.188427,1566144000
2003-06-03,0.186293,0.198031,0.184006,0.192314,1596804000
2003-06-04,0.191704,0.197041,0.188732,0.196888,1175604000
2003-06-05,0.194297,0.203215,0.191704,0.202529,1204404000
2003-06-06,0.210455,0.211523,0.194830,0.196355,1378836000
2003-06-09,0.195134,0.200165,0.191018,0.193991,720588000
2003-06-10,0.193991,0.196964,0.191857,0.196812,563304000
2003-06-11,0.195592,0.198717,0.192086,0.196964,943836000
2003-06-12,0.198336,0.200471,0.193382,0.193991,1046688000
2003-06-13,0.185607,0.190942,0.177603,0.178899,1826808000
2003-06-16,0.181033,0.184997,0.169066,0.182710,1904868000
2003-06-17,0.186902,0.188274,0.181414,0.187055,999852000
2003-06-18,0.185226,0.197955,0.183701,0.194220,1122072000
2003-06-19,0.195059,0.196049,0.181414,0.182406,1190532000
2003-06-20,0.184387,0.184464,0.177603,0.180499,937848000
2003-06-23,0.180348,0.181262,0.170515,0.174096,734784000
2003-06-24,0.173030,0.176841,0.168151,0.173716,1008816000
2003-06-25,0.174173,0.181262,0.173487,0.174859,1060620000
2003-06-26,0.175393,0.177451,0.169904,0.175088,960540000
2003-06-27,0.177146,0.178747,0.171124,0.171962,709104000
2003-06-30,0.174249,0.177679,0.172267,0.174631,544128000
2003-07-01,0.172420,0.182024,0.170819,0.181795,977016000
2003-07-02,0.183472,0.185836,0.178747,0.181262,846828000
2003-07-03,0.177069,0.183853,0.176689,0.179204,420912000
2003-07-07,0.181643,0.191933,0.181567,0.190942,832200000
2003-07-08,0.185683,0.191324,0.185226,0.188808,602856000
2003-07-09,0.188732,0.196278,0.188427,0.193153,755352000
2003-07-10,0.187131,0.189570,0.181948,0.185226,644568000
2003-07-11,0.187436,0.188580,0.184615,0.186216,495000000
2003-07-14,0.190942,0.192086,0.183853,0.184768,694344000
2003-07-15,0.187512,0.188351,0.176993,0.178747,1143456000
2003-07-16,0.182100,0.182939,0.172267,0.176536,880476000
2003-07-17,0.171201,0.173410,0.165407,0.167694,853764000
2003-07-18,0.164416,0.164950,0.156031,0.162054,1280832000
2003-07-21,0.162968,0.163502,0.155803,0.159614,985140000
2003-07-22,0.164112,0.165331,0.161368,0.162282,582444000
2003-07-23,0.162130,0.165407,0.157252,0.164416,605328000
2003-07-24,0.167389,0.168608,0.156641,0.158013,1116828000
2003-07-25,0.158318,0.161444,0.152449,0.160529,1002084000
2003-07-28,0.161825,0.162205,0.154888,0.155574,703752000
2003-07-29,0.141473,0.153669,0.139948,0.145360,2794788000
2003-07-30,0.144826,0.146504,0.142845,0.143760,788724000
2003-07-31,0.147113,0.149248,0.143988,0.145512,897600000
2003-08-01,0.145589,0.151535,0.144140,0.150314,767556000
2003-08-04,0.150163,0.158699,0.149248,0.155955,1428852000
2003-08-05,0.159996,0.163654,0.154202,0.155498,1063488000
2003-08-06,0.153440,0.155498,0.145436,0.149171,1025868000
2003-08-07,0.148791,0.150924,0.145132,0.147113,1040340000
2003-08-08,0.126152,0.126685,0.116319,0.118148,3767580000
2003-08-11,0.120054,0.126152,0.119292,0.124551,1675752000
2003-08-12,0.126152,0.127371,0.124094,0.127067,764160000
2003-08-13,0.127600,0.129962,0.124398,0.127904,693552000
2003-08-14,0.123636,0.125466,0.122112,0.123484,1527696000
2003-08-15,0.122722,0.123865,0.121959,0.123102,217716000
2003-08-18,0.125084,0.126761,0.122874,0.126761,717684000
2003-08-19,0.129582,0.137204,0.129505,0.136442,1403976000
2003-08-20,0.134536,0.137051,0.131563,0.134536,870348000
2003-08-21,0.137814,0.139491,0.135679,0.138195,644748000
2003-08-22,0.146504,0.148485,0.139109,0.139186,1002396000
2003-08-25,0.141854,0.141854,0.137204,0.138423,434028000
2003-08-26,0.136671,0.138729,0.132478,0.136213,768984000
2003-08-27,0.137128,0.141778,0.135679,0.140330,567816000
2003-08-28,0.141702,0.142464,0.135070,0.136671,828312000
2003-08-29,0.136442,0.139109,0.135908,0.138500,532884000
2003-09-02,0.140939,0.142159,0.136594,0.137280,711456000
2003-09-03,0.139338,0.139720,0.133927,0.134613,849972000
2003-09-04,0.135146,0.139109,0.134155,0.135908,740064000
2003-09-05,0.136137,0.145589,0.134536,0.142388,1198740000
2003-09-08,0.144674,0.150620,0.142921,0.148942,1508712000
2003-09-09,0.144826,0.163654,0.142845,0.158089,2489436000
2003-09-10,0.153593,0.157709,0.146047,0.147266,1380624000
2003-09-11,0.149248,0.153593,0.139491,0.145360,2612736000
2003-09-12,0.144140,0.150696,0.142540,0.147494,1162404000
2003-09-15,0.148714,0.149477,0.144522,0.145055,596028000
2003-09-16,0.145360,0.150010,0.145360,0.149552,620736000
2003-09-17,0.150467,0.154202,0.149248,0.151306,902784000
2003-09-18,0.150467,0.152525,0.148791,0.152449,603492000
2003-09-19,0.154202,0.155193,0.149857,0.151229,648096000
2003-09-22,0.148256,0.148562,0.144064,0.145284,735504000
2003-09-23,0.145512,0.147494,0.143607,0.146656,628932000
2003-09-24,0.143531,0.144826,0.135299,0.135527,1600668000
2003-09-25,0.136594,0.139034,0.133012,0.133621,736776000
2003-09-26,0.133241,0.133621,0.126761,0.128514,895908000
2003-09-29,0.122036,0.126381,0.119672,0.121578,1944996000
2003-09-30,0.120511,0.125846,0.120054,0.121730,1020888000
2003-10-01,0.121959,0.124170,0.121654,0.122722,877224000
2003-10-02,0.121959,0.126381,0.121578,0.124627,857628000
2003-10-03,0.128057,0.131106,0.125846,0.127904,862812000
2003-10-06,0.128133,0.129429,0.125846,0.126914,377028000
2003-10-07,0.126914,0.128057,0.125160,0.128057,510588000
2003-10-08,0.128057,0.129200,0.122798,0.123560,739440000
2003-10-09,0.125389,0.130191,0.124322,0.125313,852408000
2003-10-10,0.127295,0.128439,0.125770,0.127524,413976000
2003-10-13,0.128972,0.131487,0.127981,0.128819,434904000
2003-10-14,0.127447,0.131563,0.126685,0.131183,623556000
2003-10-15,0.132707,0.135146,0.128667,0.129505,703488000
2003-10-16,0.129658,0.131563,0.127676,0.131106,446088000
2003-10-17,0.130344,0.132859,0.126838,0.126990,459696000
2003-10-20,0.127067,0.129963,0.126304,0.129811,467388000
2003-10-21,0.132173,0.136289,0.130344,0.133774,758724000
2003-10-22,0.131716,0.134765,0.130801,0.131487,620952000
2003-10-23,0.129582,0.133393,0.129353,0.130877,451524000
2003-10-24,0.129582,0.131563,0.128362,0.130420,447084000
2003-10-27,0.131106,0.132631,0.130191,0.131106,254460000
2003-10-28,0.132859,0.140101,0.132249,0.139338,956064000
2003-10-29,0.135222,0.141016,0.135146,0.139338,494004000
2003-10-30,0.142921,0.142997,0.136518,0.136747,581256000
2003-10-31,0.137966,0.139109,0.132631,0.134765,598152000
2003-11-03,0.134079,0.139872,0.133469,0.137280,773724000
2003-11-04,0.140253,0.140634,0.136823,0.137737,700896000
2003-11-05,0.134917,0.139644,0.132707,0.138272,882024000
2003-11-06,0.140330,0.141016,0.135985,0.138500,1175280000
2003-11-07,0.165102,0.168151,0.161596,0.165788,4292820000
2003-11-10,0.166322,0.168608,0.164340,0.165331,1210056000
2003-11-11,0.161596,0.164416,0.158318,0.161215,799140000
2003-11-12,0.160682,0.163883,0.159919,0.163349,617664000
2003-11-13,0.163349,0.165712,0.162434,0.163426,580332000
2003-11-14,0.163883,0.163883,0.153287,0.153744,888420000
2003-11-17,0.150849,0.153973,0.149400,0.152144,599880000
2003-11-18,0.155879,0.157785,0.149400,0.149934,991428000
2003-11-19,0.151000,0.154736,0.150467,0.154126,567552000
2003-11-20,0.151686,0.155041,0.149400,0.150010,738852000
2003-11-21,0.151839,0.152068,0.147723,0.150620,543240000
2003-11-24,0.152068,0.160071,0.151000,0.159690,940644000
2003-11-25,0.160376,0.163806,0.158547,0.162434,822804000
2003-11-26,0.165102,0.165636,0.159538,0.162587,430032000
2003-11-28,0.162511,0.162968,0.160453,0.161825,206136000
2003-12-01,0.163654,0.165331,0.161748,0.164112,526980000
2003-12-02,0.163120,0.166779,0.162434,0.163426,574740000
2003-12-03,0.163883,0.169218,0.161368,0.161748,710028000
2003-12-04,0.162282,0.165178,0.157099,0.160910,521952000
2003-12-05,0.157099,0.161596,0.154431,0.155727,559848000
2003-12-08,0.155727,0.158471,0.154355,0.156870,340980000
2003-12-09,0.156565,0.158089,0.148638,0.148714,598128000
2003-12-10,0.148714,0.152830,0.148638,0.151992,568656000
2003-12-11,0.151915,0.161596,0.151611,0.159690,694872000
2003-12-12,0.161825,0.162892,0.156260,0.158852,700692000
2003-12-15,0.163502,0.163730,0.155193,0.155651,622752000
2003-12-16,0.154736,0.158775,0.151992,0.157785,601728000
2003-12-17,0.156489,0.157023,0.152144,0.154736,499116000
2003-12-18,0.155041,0.159843,0.154888,0.158242,436728000
2003-12-19,0.162205,0.164645,0.158852,0.160605,916956000
2003-12-22,0.158242,0.161215,0.156641,0.160833,371184000
2003-12-23,0.160224,0.168990,0.160147,0.167389,722760000
2003-12-24,0.167313,0.167846,0.165712,0.166170,210852000
2003-12-26,0.167465,0.174325,0.166779,0.173335,363960000
2003-12-29,0.176612,0.181262,0.175774,0.180652,756624000
2003-12-30,0.178747,0.184464,0.178594,0.181034,550884000
2003-12-31,0.180957,0.181796,0.173945,0.176841,497268000
2004-01-02,0.179661,0.182100,0.175926,0.175926,436416000
2004-01-05,0.178594,0.182863,0.176993,0.181643,575292000
2004-01-06,0.181109,0.191553,0.180271,0.189037,1093344000
2004-01-07,0.186902,0.191628,0.185607,0.190714,673032000
2004-01-08,0.193076,0.193991,0.189570,0.191400,433752000
2004-01-09,0.190104,0.196506,0.188580,0.194144,766584000
2004-01-12,0.194830,0.196964,0.193000,0.196355,541980000
2004-01-13,0.195363,0.197269,0.184158,0.186216,865800000
2004-01-14,0.187131,0.189799,0.183092,0.184844,544872000
2004-01-15,0.183472,0.186674,0.180195,0.185150,609204000
2004-01-16,0.187055,0.189570,0.185301,0.187970,451728000
2004-01-20,0.190256,0.193534,0.188122,0.193229,487764000
2004-01-21,0.191628,0.192390,0.184006,0.184311,494460000
2004-01-22,0.185301,0.188274,0.177832,0.180042,605724000
2004-01-23,0.179127,0.182710,0.175621,0.176003,482472000
2004-01-26,0.177146,0.183701,0.175774,0.182939,393684000
2004-01-27,0.179280,0.182177,0.171124,0.172496,934104000
2004-01-28,0.174707,0.177451,0.171124,0.172038,615204000
2004-01-29,0.172573,0.173410,0.161215,0.167008,929700000
2004-01-30,0.166627,0.173410,0.165636,0.169600,466464000
2004-02-02,0.170972,0.175697,0.169218,0.172344,560844000
2004-02-03,0.171887,0.174859,0.169447,0.171734,418032000
2004-02-04,0.169294,0.170666,0.166856,0.167084,436800000
2004-02-05,0.167999,0.171505,0.166932,0.169600,331980000
2004-02-06,0.171810,0.175926,0.170895,0.173487,471132000
2004-02-09,0.174782,0.177603,0.172191,0.172267,373992000
2004-02-10,0.172801,0.178747,0.172724,0.178594,509700000
2004-02-11,0.180881,0.185454,0.180271,0.184844,737808000
2004-02-12,0.183853,0.184844,0.176460,0.179280,974892000
2004-02-13,0.174554,0.182100,0.173030,0.177603,1747500000
2004-02-17,0.178289,0.180119,0.175850,0.179585,575976000
2004-02-18,0.180119,0.181033,0.178365,0.179585,320244000
2004-02-19,0.181795,0.184997,0.179127,0.179509,631032000
2004-02-20,0.179204,0.184464,0.178213,0.184006,618120000
2004-02-23,0.183701,0.184006,0.175164,0.177603,853332000
2004-02-24,0.174554,0.176765,0.168608,0.170515,708384000
2004-02-25,0.171581,0.174782,0.169676,0.171505,652512000
2004-02-26,0.174021,0.174325,0.170515,0.172648,344976000
2004-02-27,0.173030,0.173182,0.167008,0.169600,595548000
2004-03-01,0.169143,0.172420,0.168914,0.172115,506628000
2004-03-02,0.172344,0.173563,0.168228,0.168914,813348000
2004-03-03,0.168457,0.168457,0.163959,0.166703,552492000
2004-03-04,0.168380,0.170666,0.167008,0.170362,413352000
2004-03-05,0.166550,0.173030,0.165941,0.169142,354888000
2004-03-08,0.169218,0.171505,0.161977,0.163273,465168000
2004-03-09,0.164645,0.164798,0.159385,0.162130,371232000
2004-03-10,0.163197,0.164950,0.158624,0.159767,481692000
2004-03-11,0.157632,0.163273,0.157632,0.158547,526872000
2004-03-12,0.160682,0.163883,0.158928,0.161901,377952000
2004-03-15,0.160910,0.161596,0.157251,0.158242,421224000
2004-03-16,0.160224,0.165788,0.159157,0.165026,597504000
2004-03-17,0.167694,0.170666,0.167008,0.169066,524592000
2004-03-18,0.168151,0.173030,0.167694,0.170972,528048000
2004-03-19,0.170057,0.171810,0.167999,0.168990,452964000
2004-03-22,0.166398,0.168990,0.163883,0.167694,576708000
2004-03-23,0.169980,0.171810,0.166474,0.168380,576036000
2004-03-24,0.168075,0.178747,0.167694,0.175926,787344000
2004-03-25,0.177908,0.187055,0.177603,0.186140,997128000
2004-03-26,0.185607,0.188503,0.183092,0.185607,551604000
2004-03-29,0.188274,0.196126,0.187894,0.193611,985764000
2004-03-30,0.192314,0.200318,0.192162,0.199403,724956000
2004-03-31,0.200394,0.203367,0.199327,0.201233,604752000
2004-04-01,0.201461,0.205577,0.192619,0.197650,1319508000
2004-04-02,0.201995,0.203291,0.195897,0.200471,649740000
2004-04-05,0.199403,0.208474,0.199403,0.207636,576744000
2004-04-06,0.203519,0.204967,0.198184,0.199251,624096000
2004-04-07,0.200775,0.200851,0.194677,0.198184,447864000
2004-04-08,0.202605,0.205806,0.201080,0.203824,447096000
2004-04-12,0.205425,0.206339,0.198793,0.200013,443784000
2004-04-13,0.201843,0.201995,0.194372,0.195363,442704000
2004-04-14,0.194372,0.200013,0.192162,0.196355,512016000
2004-04-15,0.193686,0.194525,0.185226,0.186064,828084000
2004-04-16,0.185302,0.185378,0.179585,0.179966,654864000
2004-04-19,0.179813,0.181034,0.176536,0.179737,522804000
2004-04-20,0.180195,0.182177,0.172038,0.172115,513804000
2004-04-21,0.172801,0.178365,0.171048,0.172344,688812000
2004-04-22,0.170743,0.176231,0.167160,0.173335,695520000
2004-04-23,0.175468,0.180119,0.174935,0.177146,443928000
2004-04-26,0.177527,0.178289,0.169752,0.170209,429912000
2004-04-27,0.172191,0.176765,0.168151,0.168761,494568000
2004-04-28,0.168837,0.171429,0.166779,0.168075,468768000
2004-04-29,0.167084,0.168228,0.161215,0.163426,645048000
2004-04-30,0.162511,0.163502,0.155803,0.156413,512928000
2004-05-03,0.158089,0.159690,0.151686,0.154431,610668000
2004-05-04,0.156641,0.166246,0.156260,0.164264,772380000
2004-05-05,0.164416,0.167084,0.163044,0.165636,464280000
2004-05-06,0.163959,0.168304,0.160453,0.167008,711348000
2004-05-07,0.171887,0.175088,0.167389,0.168304,956772000
2004-05-10,0.163806,0.165560,0.158166,0.161748,669072000
2004-05-11,0.163806,0.167313,0.163120,0.165712,399936000
2004-05-12,0.164798,0.165026,0.157709,0.163426,482328000
2004-05-13,0.162054,0.166932,0.161596,0.163959,347952000
2004-05-14,0.164645,0.167542,0.163120,0.163959,459000000
2004-05-17,0.161596,0.163730,0.158928,0.161368,308340000
2004-05-18,0.162816,0.165864,0.162205,0.163959,204420000
2004-05-19,0.167618,0.169980,0.162740,0.163577,498276000
2004-05-20,0.163273,0.166017,0.160376,0.161215,421488000
2004-05-21,0.163120,0.163349,0.159385,0.161596,282096000
2004-05-24,0.161291,0.162891,0.159157,0.161062,301620000
2004-05-25,0.161748,0.168837,0.158471,0.168075,681264000
2004-05-26,0.168075,0.173792,0.167084,0.171505,524568000
2004-05-27,0.174325,0.176917,0.171810,0.172038,556548000
2004-05-28,0.174173,0.179737,0.172801,0.178747,637980000
2004-06-01,0.175697,0.180423,0.175468,0.178594,318420000
2004-06-02,0.182939,0.183778,0.177069,0.177222,643800000
2004-06-03,0.177298,0.177679,0.168151,0.168685,700824000
2004-06-04,0.172115,0.172496,0.166856,0.167008,649608000
2004-06-07,0.169752,0.172953,0.167618,0.171048,571956000
2004-06-08,0.170057,0.170362,0.165484,0.167999,615000000
2004-06-09,0.168990,0.169218,0.159614,0.160147,498336000
2004-06-10,0.162740,0.163044,0.157099,0.158547,564516000
2004-06-14,0.157709,0.157709,0.152372,0.153593,424752000
2004-06-15,0.156184,0.158242,0.154431,0.155879,394584000
2004-06-16,0.155422,0.156413,0.152830,0.153440,252576000
2004-06-17,0.152449,0.156184,0.149628,0.150391,482376000
2004-06-18,0.151229,0.154812,0.148638,0.150620,534336000
2004-06-21,0.150849,0.153211,0.146961,0.147952,266568000
2004-06-22,0.148791,0.152830,0.147799,0.152144,430308000
2004-06-23,0.151686,0.155345,0.151306,0.154736,264660000
2004-06-24,0.158852,0.159385,0.152221,0.153364,590652000
2004-06-25,0.154431,0.156184,0.152601,0.154355,329124000
2004-06-28,0.156565,0.157099,0.152449,0.153059,299376000
2004-06-29,0.153973,0.158547,0.153364,0.158318,363852000
2004-06-30,0.154126,0.158471,0.154126,0.156031,329268000
2004-07-01,0.157785,0.158013,0.148638,0.148866,505620000
2004-07-02,0.150467,0.150543,0.145665,0.146808,294948000
2004-07-06,0.145055,0.146580,0.136594,0.138195,575388000
2004-07-07,0.139948,0.142845,0.138195,0.138881,344136000
2004-07-08,0.137586,0.139872,0.134384,0.134613,430056000
2004-07-09,0.134460,0.134613,0.126304,0.128819,1114500000
2004-07-12,0.125237,0.128819,0.124170,0.125846,676044000
2004-07-13,0.127371,0.129582,0.124246,0.125618,567108000
2004-07-14,0.121197,0.124551,0.117614,0.120054,901608000
2004-07-15,0.121273,0.122569,0.118453,0.119215,611352000
2004-07-16,0.122874,0.123026,0.115709,0.115709,464700000
2004-07-19,0.116013,0.118300,0.114413,0.117005,461088000
2004-07-20,0.116928,0.119825,0.115785,0.119368,341544000
2004-07-21,0.121197,0.121350,0.111745,0.112126,613416000
2004-07-22,0.113422,0.115099,0.109763,0.114489,521460000
2004-07-23,0.115251,0.115404,0.110678,0.111440,371496000
2004-07-26,0.112889,0.113879,0.107248,0.108315,503208000
2004-07-27,0.108849,0.112203,0.105494,0.111897,789888000
2004-07-28,0.111669,0.112050,0.105952,0.109077,505116000
2004-07-29,0.110602,0.119063,0.110068,0.116242,747360000
2004-07-30,0.114794,0.119672,0.114565,0.117538,403956000
2004-08-02,0.117614,0.119520,0.115633,0.119063,420984000
2004-08-03,0.119596,0.119672,0.111974,0.112889,741540000
2004-08-04,0.111669,0.115176,0.111517,0.114108,507816000
2004-08-05,0.115327,0.115862,0.109001,0.110983,859920000
2004-08-06,0.077063,0.077749,0.070889,0.071879,5088948000
2004-08-09,0.073709,0.076758,0.072490,0.075081,1579212000
2004-08-10,0.079274,0.081789,0.077978,0.081026,2051916000
2004-08-11,0.079960,0.079960,0.078130,0.078664,963816000
2004-08-12,0.078892,0.079121,0.076682,0.076834,654384000
2004-08-13,0.078664,0.080569,0.077978,0.080036,815700000
2004-08-16,0.079121,0.081255,0.078664,0.079274,531732000
2004-08-17,0.081026,0.084076,0.080264,0.083619,744912000
2004-08-18,0.083999,0.089183,0.083313,0.089183,872424000
2004-08-19,0.088649,0.090250,0.087506,0.088878,724404000
2004-08-20,0.088421,0.095433,0.088115,0.094138,1199040000
2004-08-23,0.095661,0.097186,0.095128,0.096196,800028000
2004-08-24,0.097568,0.098025,0.090783,0.092613,939420000
2004-08-25,0.094671,0.097262,0.092917,0.096576,721308000
2004-08-26,0.096424,0.097415,0.095661,0.096805,612720000
2004-08-27,0.096882,0.100006,0.096805,0.098634,565128000
2004-08-30,0.098254,0.098787,0.095281,0.095357,628056000
2004-08-31,0.095738,0.096196,0.092003,0.094975,587064000
2004-09-01,0.093756,0.098177,0.092537,0.096805,591744000
2004-09-02,0.097262,0.101531,0.096347,0.100769,770088000
2004-09-03,0.097720,0.099702,0.096882,0.097720,715056000
2004-09-07,0.098330,0.100388,0.094595,0.095890,727332000
2004-09-08,0.095967,0.096805,0.093680,0.093909,834984000
2004-09-09,0.096196,0.104961,0.095738,0.103285,1299324000
2004-09-10,0.101531,0.107781,0.101226,0.107248,1039344000
2004-09-13,0.107095,0.111440,0.106943,0.109306,967752000
2004-09-14,0.108315,0.110525,0.107477,0.109763,683556000
2004-09-15,0.106409,0.106715,0.102293,0.103665,1163904000
2004-09-16,0.105418,0.108620,0.105037,0.107552,810024000
2004-09-17,0.108391,0.112583,0.107477,0.111974,1003800000
2004-09-20,0.109763,0.115023,0.108391,0.111821,794628000
2004-09-21,0.114337,0.115709,0.112965,0.114794,503904000
2004-09-22,0.111745,0.114489,0.108924,0.109459,625920000
2004-09-23,0.110754,0.111059,0.107552,0.110449,578664000
2004-09-24,0.110907,0.111059,0.105494,0.107095,476316000
2004-09-27,0.106257,0.107477,0.103285,0.105190,406020000
2004-09-28,0.104961,0.107629,0.103513,0.106715,474840000
2004-09-29,0.106638,0.112355,0.105266,0.109306,537228000
2004-09-30,0.110525,0.113193,0.108467,0.110678,619680000
2004-10-01,0.111211,0.115862,0.110678,0.115251,590412000
2004-10-04,0.116242,0.120054,0.116013,0.118529,673932000
2004-10-05,0.115633,0.118682,0.114794,0.115862,633180000
2004-10-06,0.115633,0.116852,0.112965,0.116319,498504000
2004-10-07,0.118453,0.121121,0.116395,0.117005,798072000
2004-10-08,0.115785,0.116242,0.109611,0.110602,693420000
2004-10-11,0.110754,0.112965,0.108773,0.110754,373848000
2004-10-12,0.107019,0.109992,0.105266,0.109153,827232000
2004-10-13,0.112431,0.113879,0.107552,0.108467,672816000
2004-10-14,0.109459,0.109459,0.104428,0.105190,513264000
2004-10-15,0.105418,0.105571,0.099702,0.102293,1280484000
2004-10-18,0.101684,0.105190,0.100845,0.104122,573972000
2004-10-19,0.106486,0.107552,0.102674,0.103436,618480000
2004-10-20,0.103132,0.105114,0.102522,0.104657,540204000
2004-10-21,0.105723,0.108391,0.104885,0.107019,1013964000
2004-10-22,0.108010,0.108239,0.100921,0.101226,686460000
2004-10-25,0.100388,0.103894,0.100159,0.101684,529164000
2004-10-26,0.111669,0.115785,0.108010,0.110449,2455776000
2004-10-27,0.108467,0.115556,0.108467,0.113498,1074036000
2004-10-28,0.111974,0.114337,0.111211,0.112279,561552000
2004-10-29,0.111211,0.112736,0.109306,0.110297,742860000
2004-11-01,0.111821,0.112736,0.110373,0.112660,653892000
2004-11-02,0.112355,0.116623,0.111440,0.114261,1095756000
2004-11-03,0.118910,0.119292,0.114718,0.115327,910356000
2004-11-04,0.116166,0.118910,0.113727,0.117462,995544000
2004-11-05,0.135679,0.143074,0.132935,0.134460,3849012000
2004-11-08,0.133012,0.137737,0.132402,0.135908,718620000
2004-11-09,0.133850,0.137051,0.133774,0.135070,615936000
2004-11-10,0.134917,0.136365,0.134307,0.135070,645912000
2004-11-11,0.135908,0.137737,0.134993,0.137737,507000000
2004-11-12,0.139872,0.140253,0.136594,0.137966,647076000
2004-11-15,0.136594,0.141016,0.135756,0.140024,536472000
2004-11-16,0.140482,0.142006,0.136975,0.139567,472728000
2004-11-17,0.141778,0.145665,0.140406,0.141930,602772000
2004-11-18,0.143150,0.144979,0.140177,0.143760,532524000
2004-11-19,0.154736,0.156489,0.143378,0.144522,2126052000
2004-11-22,0.145055,0.148638,0.143683,0.148638,733788000
2004-11-23,0.147419,0.150849,0.146198,0.149248,676896000
2004-11-24,0.149095,0.152297,0.148714,0.149857,428580000
2004-11-26,0.150543,0.152754,0.149248,0.151382,350760000
2004-11-29,0.152525,0.153593,0.147113,0.148409,704388000
2004-11-30,0.149019,0.149171,0.144979,0.145818,576540000
2004-12-01,0.147113,0.149477,0.146046,0.149477,514572000
2004-12-02,0.148028,0.152601,0.146884,0.151458,758652000
2004-12-03,0.155117,0.160071,0.154583,0.158013,1347312000
2004-12-06,0.158775,0.166856,0.155955,0.165560,970500000
2004-12-07,0.175240,0.190256,0.171810,0.173868,2927052000
2004-12-08,0.176307,0.179127,0.174554,0.175926,872724000
2004-12-09,0.172801,0.176155,0.169447,0.174325,869964000
2004-12-10,0.178365,0.179585,0.176612,0.177679,652848000
2004-12-13,0.175011,0.177298,0.171962,0.172801,738024000
2004-12-14,0.172953,0.176460,0.172649,0.176307,512988000
2004-12-15,0.178061,0.178441,0.175317,0.177908,432768000
2004-12-16,0.183092,0.189494,0.179966,0.180271,1524036000
2004-12-17,0.183625,0.184387,0.173716,0.175774,1214244000
2004-12-20,0.177832,0.180576,0.172953,0.173868,898728000
2004-12-21,0.173868,0.176383,0.169600,0.175164,899400000
2004-12-22,0.178670,0.179509,0.175011,0.175393,421824000
2004-12-23,0.174402,0.177832,0.173563,0.175850,366972000
2004-12-27,0.178289,0.179051,0.173410,0.174325,308208000
2004-12-28,0.174707,0.176079,0.172724,0.173410,291612000
2004-12-29,0.172877,0.177069,0.172420,0.174935,294732000
2004-12-30,0.175011,0.176460,0.173487,0.174249,259812000
2004-12-31,0.176765,0.180499,0.176079,0.179585,575964000
2005-01-03,0.185836,0.188427,0.178975,0.179737,1066716000
2005-01-04,0.181033,0.181338,0.168532,0.171276,790224000
2005-01-05,0.169447,0.174935,0.168532,0.172877,724812000
2005-01-06,0.175926,0.177984,0.169980,0.171201,563568000
2005-01-07,0.171581,0.172877,0.165407,0.167922,763092000
2005-01-10,0.168456,0.169980,0.167313,0.168304,579552000
2005-01-11,0.166703,0.167618,0.160605,0.163120,1093380000
2005-01-12,0.164569,0.165178,0.157785,0.161748,1057800000
2005-01-13,0.162129,0.167694,0.158547,0.163426,898764000
2005-01-14,0.166474,0.166856,0.162358,0.163959,573912000
2005-01-18,0.162130,0.166932,0.161748,0.166550,464556000
2005-01-19,0.167313,0.167694,0.162054,0.162740,336492000
2005-01-20,0.159461,0.167084,0.159461,0.163120,640080000
2005-01-21,0.163349,0.166627,0.162816,0.163426,596352000
2005-01-24,0.162511,0.164874,0.155955,0.156870,463704000
2005-01-25,0.157556,0.161825,0.156641,0.159614,439704000
2005-01-26,0.160147,0.163883,0.157480,0.161672,429120000
2005-01-27,0.161977,0.175393,0.160986,0.174631,1002912000
2005-01-28,0.175317,0.176003,0.170590,0.174402,671052000
2005-01-31,0.175850,0.177984,0.172267,0.174707,562968000
2005-02-01,0.174554,0.178747,0.173487,0.177984,507180000
2005-02-02,0.184997,0.189342,0.179737,0.187894,2035404000
2005-02-03,0.185912,0.187208,0.183320,0.185912,690120000
2005-02-04,0.185987,0.197117,0.185912,0.196583,806448000
2005-02-07,0.196812,0.200471,0.192467,0.194220,521628000
2005-02-08,0.193000,0.199251,0.192390,0.196126,455772000
2005-02-09,0.196659,0.197269,0.188274,0.189266,783756000
2005-02-10,0.190256,0.194677,0.189570,0.193686,602376000
2005-02-11,0.192467,0.200775,0.191781,0.199327,556512000
2005-02-14,0.199251,0.200013,0.194373,0.195134,432900000
2005-02-15,0.196431,0.203138,0.196126,0.196888,748500000
2005-02-16,0.196278,0.199099,0.192696,0.196202,466464000
2005-02-17,0.198870,0.198946,0.192925,0.194448,1017408000
2005-02-18,0.209389,0.215715,0.203595,0.215486,3132120000
2005-02-22,0.214038,0.223261,0.212133,0.218231,1420800000
2005-02-23,0.214724,0.217393,0.207636,0.211142,1107840000
2005-02-24,0.208246,0.217011,0.208246,0.216707,695496000
2005-02-25,0.217011,0.220975,0.214649,0.219831,525132000
2005-02-28,0.218765,0.221051,0.216858,0.220975,758064000
2005-03-01,0.221966,0.225625,0.218230,0.220441,737148000
2005-03-02,0.218002,0.219222,0.212666,0.213962,947460000
2005-03-03,0.213428,0.214800,0.207940,0.211066,761292000
2005-03-04,0.211676,0.213505,0.208397,0.210151,593124000
2005-03-07,0.211066,0.216707,0.209618,0.212285,511176000
2005-03-08,0.211752,0.212209,0.200165,0.201537,1332384000
2005-03-09,0.200242,0.203977,0.195669,0.196278,910140000
2005-03-10,0.196888,0.198641,0.193076,0.196202,689280000
2005-03-11,0.197955,0.198260,0.190028,0.191781,732180000
2005-03-14,0.195745,0.198031,0.194373,0.197193,572148000
2005-03-15,0.198184,0.200089,0.193076,0.193229,378108000
2005-03-16,0.192467,0.195516,0.189875,0.189952,535356000
2005-03-17,0.190561,0.191247,0.187588,0.188046,442584000
2005-03-18,0.188198,0.188808,0.180805,0.184235,639012000
2005-03-21,0.184158,0.191018,0.183015,0.190561,654456000
2005-03-22,0.190714,0.192467,0.186445,0.187131,622992000
2005-03-23,0.186902,0.192467,0.186522,0.191171,728784000
2005-03-24,0.191704,0.196888,0.191400,0.191552,865356000
2005-03-28,0.191628,0.194372,0.187588,0.189418,511188000
2005-03-29,0.189189,0.191324,0.184387,0.185226,587400000
2005-03-30,0.185301,0.187894,0.178899,0.185226,858708000
2005-03-31,0.184158,0.185454,0.180271,0.181109,518316000
2005-04-01,0.183320,0.184387,0.178289,0.179356,510756000
2005-04-04,0.178365,0.178899,0.174325,0.178289,421428000
2005-04-05,0.178365,0.182100,0.174096,0.175164,430128000
2005-04-06,0.178441,0.181414,0.177222,0.177832,567468000
2005-04-07,0.178747,0.182939,0.175697,0.181109,506352000
2005-04-08,0.181871,0.185912,0.178365,0.178747,621540000
2005-04-11,0.180042,0.180652,0.174707,0.175240,328380000
2005-04-12,0.174706,0.177679,0.170819,0.177375,512232000
2005-04-13,0.177603,0.178061,0.168837,0.169980,498408000
2005-04-14,0.170362,0.171962,0.167999,0.168608,352080000
2005-04-15,0.166474,0.167694,0.161215,0.162740,630156000
2005-04-18,0.161748,0.165255,0.160833,0.161596,473100000
2005-04-19,0.164263,0.168456,0.163502,0.167236,365460000
2005-04-20,0.170057,0.171124,0.161977,0.162130,564672000
2005-04-21,0.165407,0.171734,0.163959,0.171124,538152000
2005-04-22,0.170057,0.171201,0.167542,0.169523,336276000
2005-04-25,0.170972,0.173487,0.170133,0.172191,318168000
2005-04-26,0.172267,0.175850,0.167922,0.171429,353148000
2005-04-27,0.166932,0.167542,0.161444,0.164874,609348000
2005-04-28,0.164340,0.167618,0.162740,0.165407,372948000
2005-04-29,0.167008,0.168304,0.159461,0.167160,478356000
2005-05-02,0.169143,0.171048,0.164035,0.166550,334908000
2005-05-03,0.166703,0.169752,0.164950,0.165636,439512000
2005-05-04,0.166398,0.172115,0.165864,0.170895,468816000
2005-05-05,0.171887,0.176383,0.170972,0.174249,619272000
2005-05-06,0.176307,0.176689,0.172267,0.176612,355728000
2005-05-09,0.177375,0.181109,0.176307,0.179890,745332000
2005-05-10,0.177603,0.177679,0.170895,0.172877,735120000
2005-05-11,0.173792,0.174554,0.169676,0.169980,555420000
2005-05-12,0.169980,0.176003,0.169828,0.173716,835584000
2005-05-13,0.189418,0.194144,0.181414,0.193076,2650320000
2005-05-16,0.190790,0.195058,0.190714,0.193762,664104000
2005-05-17,0.192619,0.196812,0.192467,0.195897,639804000
2005-05-18,0.195440,0.197803,0.193382,0.197345,550056000
2005-05-19,0.197803,0.198641,0.194754,0.196964,452880000
2005-05-20,0.196735,0.200547,0.194448,0.200471,517008000
2005-05-23,0.201843,0.207178,0.201233,0.205120,703668000
2005-05-24,0.204130,0.208779,0.203138,0.208017,522192000
2005-05-25,0.207560,0.208626,0.203367,0.205349,535272000
2005-05-26,0.207178,0.212742,0.206797,0.211142,788784000
2005-05-27,0.211752,0.211752,0.207560,0.209770,322740000
2005-05-31,0.208855,0.210608,0.203138,0.206568,763176000
2005-06-01,0.205196,0.212285,0.202758,0.208474,796632000
2005-06-02,0.207711,0.216249,0.207711,0.216249,684348000
2005-06-03,0.215486,0.217468,0.213428,0.215715,559620000
2005-06-06,0.211828,0.216021,0.211676,0.213657,512892000
2005-06-07,0.212209,0.215715,0.207712,0.208474,974136000
2005-06-08,0.209008,0.211904,0.204816,0.207025,618720000
2005-06-09,0.205425,0.215792,0.205196,0.215715,619908000
2005-06-10,0.215486,0.215715,0.211828,0.213276,465096000
2005-06-13,0.213428,0.224024,0.212819,0.218002,1409916000
2005-06-14,0.218079,0.221661,0.198260,0.205120,2408412000
2005-06-15,0.203824,0.205425,0.196431,0.204510,1669788000
2005-06-16,0.204434,0.206949,0.201461,0.205577,489240000
2005-06-17,0.208093,0.208474,0.204587,0.205120,456348000
2005-06-20,0.205120,0.209618,0.201766,0.208246,606060000
2005-06-21,0.209618,0.211218,0.207636,0.210227,428172000
2005-06-22,0.212438,0.213886,0.207407,0.209998,700668000
2005-06-23,0.209618,0.215868,0.208855,0.213276,836976000
2005-06-24,0.212895,0.212971,0.205349,0.206492,475632000
2005-06-27,0.205196,0.206874,0.202986,0.204816,354588000
2005-06-28,0.205653,0.207483,0.203367,0.206111,262308000
2005-06-29,0.206188,0.206568,0.202529,0.204205,283572000
2005-06-30,0.205577,0.207483,0.202071,0.203672,593232000
2005-07-01,0.202986,0.204891,0.200471,0.204587,315168000
2005-07-05,0.205349,0.208626,0.203367,0.207788,388440000
2005-07-06,0.208474,0.214267,0.206111,0.213352,703632000
2005-07-07,0.209998,0.213428,0.209312,0.211828,465900000
2005-07-08,0.213124,0.215182,0.210380,0.214496,408132000
2005-07-11,0.216401,0.219908,0.215486,0.217697,399492000
2005-07-12,0.217544,0.218155,0.212056,0.216478,564252000
2005-07-13,0.217393,0.218002,0.213124,0.216782,594780000
2005-07-14,0.219069,0.223338,0.206874,0.207178,1871496000
2005-07-15,0.206568,0.207178,0.201385,0.204967,1223352000
2005-07-18,0.204358,0.204434,0.197803,0.199861,1044900000
2005-07-19,0.201080,0.203062,0.199556,0.202605,517896000
2005-07-20,0.200242,0.206492,0.197498,0.205653,526500000
2005-07-21,0.202986,0.203901,0.197955,0.202147,594528000
2005-07-22,0.203138,0.206035,0.195440,0.196888,699264000
2005-07-25,0.194601,0.204130,0.193762,0.198031,974952000
2005-07-26,0.197192,0.202452,0.196431,0.202147,759492000
2005-07-27,0.202452,0.207178,0.199022,0.206264,807828000
2005-07-28,0.205882,0.208855,0.203062,0.207864,411240000
2005-07-29,0.207025,0.209236,0.204587,0.206264,351660000
2005-08-01,0.207483,0.210304,0.206111,0.209389,389040000
2005-08-02,0.209618,0.212895,0.209312,0.212209,422652000
2005-08-03,0.212209,0.214191,0.210304,0.212209,518256000
2005-08-04,0.210608,0.211523,0.209541,0.209998,356424000
2005-08-05,0.209694,0.215792,0.208246,0.215335,684096000
2005-08-08,0.216782,0.220823,0.214572,0.216096,725544000
2005-08-09,0.216401,0.216935,0.213200,0.215563,291900000
2005-08-10,0.216478,0.217544,0.210151,0.212362,440556000
2005-08-11,0.212362,0.215715,0.210304,0.215335,701556000
2005-08-12,0.227987,0.230274,0.220213,0.228292,2295420000
2005-08-15,0.229055,0.236448,0.226158,0.234086,882804000
2005-08-16,0.231875,0.233933,0.228445,0.230122,637488000
2005-08-17,0.229131,0.232942,0.228978,0.230122,607572000
2005-08-18,0.228369,0.229512,0.223185,0.224176,822732000
2005-08-19,0.224557,0.225243,0.221889,0.222575,422232000
2005-08-22,0.222195,0.225777,0.218155,0.220746,547224000
2005-08-23,0.220517,0.223338,0.219755,0.222195,254460000
2005-08-24,0.220746,0.227073,0.219679,0.222347,514620000
2005-08-25,0.223338,0.225091,0.221432,0.223871,296484000
2005-08-26,0.224100,0.224100,0.218307,0.220441,323436000
2005-08-29,0.218383,0.221051,0.216630,0.220823,343392000
2005-08-30,0.220441,0.229284,0.220137,0.228749,948852000
2005-08-31,0.228216,0.236753,0.227530,0.233857,906804000
2005-09-01,0.233171,0.236067,0.231951,0.233933,556884000
2005-09-02,0.234390,0.234390,0.229360,0.230122,469800000
2005-09-06,0.230960,0.233247,0.227454,0.232028,423096000
2005-09-07,0.231722,0.240031,0.231113,0.239421,588012000
2005-09-08,0.237973,0.245214,0.237973,0.242241,646116000
2005-09-09,0.244833,0.245900,0.240869,0.245367,454236000
2005-09-12,0.245595,0.246357,0.241632,0.244528,556584000
2005-09-13,0.243385,0.253142,0.243385,0.251922,854724000
2005-09-14,0.250016,0.253370,0.247729,0.248873,503448000
2005-09-15,0.252684,0.256114,0.251159,0.253294,759756000
2005-09-16,0.255428,0.256800,0.251388,0.253446,519828000
2005-09-19,0.253142,0.253980,0.248492,0.249864,428316000
2005-09-20,0.251770,0.257562,0.251465,0.254742,522192000
2005-09-21,0.253752,0.258782,0.250322,0.252531,625656000
2005-09-22,0.253142,0.253142,0.241251,0.245748,739152000
2005-09-23,0.245214,0.251465,0.243156,0.249330,314640000
2005-09-26,0.251236,0.253142,0.246739,0.251388,406776000
2005-09-27,0.252456,0.254666,0.250322,0.252227,404160000
2005-09-28,0.252989,0.254438,0.250093,0.253752,353556000
2005-09-29,0.253828,0.259163,0.251770,0.259011,513372000
2005-09-30,0.259163,0.263660,0.258630,0.261298,458832000
2005-10-03,0.264347,0.270368,0.262213,0.268463,549888000
2005-10-04,0.269606,0.274027,0.264347,0.264957,514476000
2005-10-05,0.265261,0.265261,0.254590,0.256190,599184000
2005-10-06,0.255886,0.259849,0.247578,0.255276,685512000
2005-10-07,0.255733,0.258325,0.250016,0.251998,551952000
2005-10-10,0.253294,0.253752,0.245520,0.245595,459216000
2005-10-11,0.246510,0.248644,0.239726,0.242547,540048000
2005-10-12,0.241861,0.249178,0.241555,0.245443,657660000
2005-10-13,0.244909,0.245291,0.234772,0.244147,509304000
2005-10-14,0.245900,0.248950,0.240107,0.244147,311256000
2005-10-17,0.244299,0.248949,0.244299,0.246510,243912000
2005-10-18,0.247425,0.247882,0.240869,0.242470,299832000
2005-10-19,0.239345,0.240793,0.232561,0.240412,635952000
2005-10-20,0.240793,0.247120,0.239726,0.242089,359520000
2005-10-21,0.246205,0.246967,0.241784,0.243461,298368000
2005-10-24,0.245595,0.250093,0.243384,0.250093,291012000
2005-10-25,0.248415,0.252456,0.247349,0.251694,334680000
2005-10-26,0.251770,0.252303,0.244452,0.244833,415344000
2005-10-27,0.245291,0.246053,0.238964,0.239726,227784000
2005-10-28,0.240336,0.247577,0.234390,0.247120,464640000
2005-10-31,0.248111,0.257486,0.248111,0.255733,432420000
2005-11-01,0.255733,0.257639,0.250626,0.252608,400488000
2005-11-02,0.252684,0.267548,0.251541,0.267243,523668000
2005-11-03,0.269073,0.270597,0.261984,0.264118,465072000
2005-11-04,0.264271,0.264880,0.256876,0.259620,570276000
2005-11-07,0.260992,0.261907,0.257410,0.258477,370824000
2005-11-08,0.259469,0.259697,0.252532,0.253675,538968000
2005-11-09,0.254209,0.266786,0.251312,0.265108,818880000
2005-11-10,0.274332,0.280278,0.250322,0.255276,2503620000
2005-11-11,0.257486,0.262517,0.256343,0.259469,545928000
2005-11-14,0.259544,0.266786,0.255581,0.264957,493668000
2005-11-15,0.266557,0.269073,0.264728,0.265566,496200000
2005-11-16,0.265871,0.267319,0.259468,0.264651,455280000
2005-11-17,0.266862,0.276619,0.263737,0.276390,703260000
2005-11-18,0.277305,0.279592,0.270445,0.275856,465768000
2005-11-21,0.276162,0.281192,0.274332,0.280735,454704000
2005-11-22,0.282183,0.290949,0.279972,0.288205,731700000
2005-11-23,0.288510,0.291559,0.285842,0.287367,411948000
2005-11-25,0.288739,0.290644,0.286757,0.290187,116676000
2005-11-28,0.290949,0.293464,0.283555,0.288739,424524000
2005-11-29,0.271664,0.279363,0.269225,0.270445,1043136000
2005-11-30,0.268539,0.276924,0.268463,0.275552,575448000
2005-12-01,0.277838,0.280125,0.274866,0.278829,562032000
2005-12-02,0.280125,0.280811,0.275170,0.278906,334476000
2005-12-05,0.279515,0.279515,0.272808,0.273722,387708000
2005-12-06,0.274179,0.278600,0.273798,0.274866,375252000
2005-12-07,0.275933,0.277610,0.270597,0.275323,352668000
2005-12-08,0.273875,0.277457,0.269988,0.273112,386664000
2005-12-09,0.273951,0.277381,0.270139,0.277000,262896000
2005-12-12,0.277762,0.281650,0.277305,0.281040,281136000
2005-12-13,0.281573,0.287138,0.279515,0.284699,443412000
2005-12-14,0.282565,0.283937,0.278677,0.282030,287472000
2005-12-15,0.281802,0.283937,0.275552,0.278448,332724000
2005-12-16,0.279439,0.282107,0.276771,0.280887,1065600000
2005-12-19,0.281497,0.283555,0.275552,0.276238,292296000
2005-12-20,0.275933,0.280125,0.272426,0.276085,304356000
2005-12-21,0.277381,0.279668,0.273036,0.275552,289380000
2005-12-22,0.275323,0.284241,0.275247,0.283937,318336000
2005-12-23,0.284699,0.286528,0.282793,0.286147,214536000
2005-12-27,0.285842,0.291025,0.284927,0.287900,367968000
2005-12-28,0.287900,0.291483,0.286071,0.290568,264420000
2005-12-29,0.290415,0.291330,0.282869,0.284088,310464000
2005-12-30,0.282488,0.282565,0.277534,0.278677,229608000
2006-01-03,0.280278,0.293464,0.279363,0.291330,472812000
2006-01-04,0.293541,0.299944,0.290491,0.299486,510072000
2006-01-05,0.299562,0.306804,0.299029,0.306270,646092000
2006-01-06,0.309777,0.312444,0.297657,0.311301,623388000
2006-01-09,0.311149,0.321668,0.310463,0.319990,560484000
2006-01-10,0.318466,0.320067,0.314426,0.320067,339660000
2006-01-11,0.320372,0.333482,0.319838,0.331652,626304000
2006-01-12,0.331577,0.336683,0.324564,0.326927,495504000
2006-01-13,0.326164,0.328832,0.319457,0.324030,421296000
2006-01-17,0.319610,0.323954,0.315341,0.323802,329232000
2006-01-18,0.313969,0.326546,0.310996,0.325478,459948000
2006-01-19,0.329823,0.348041,0.329214,0.343543,914760000
2006-01-20,0.344078,0.348041,0.333863,0.333939,461604000
2006-01-23,0.336531,0.338665,0.331958,0.335845,334884000
2006-01-24,0.336607,0.344535,0.335693,0.337522,388896000
2006-01-25,0.339199,0.341410,0.330509,0.334549,400236000
2006-01-26,0.339427,0.346288,0.337293,0.345983,448836000
2006-01-27,0.350481,0.356426,0.347584,0.352539,385044000
2006-01-30,0.354062,0.354444,0.346974,0.348574,315780000
2006-01-31,0.346822,0.348727,0.340038,0.342706,384456000
2006-02-01,0.336531,0.344306,0.335235,0.342934,450852000
2006-02-02,0.346059,0.346288,0.331958,0.332491,473736000
2006-02-03,0.330357,0.339656,0.329290,0.335540,504252000
2006-02-06,0.334625,0.345373,0.333177,0.344992,363468000
2006-02-07,0.345678,0.345678,0.332567,0.332720,399408000
2006-02-08,0.333711,0.342324,0.333711,0.342324,393072000
2006-02-09,0.343392,0.348727,0.334397,0.336531,437100000
2006-02-10,0.337751,0.339276,0.326774,0.334625,414996000
2006-02-13,0.333559,0.338132,0.331272,0.335769,280740000
2006-02-14,0.335769,0.337598,0.331958,0.336379,342348000
2006-02-15,0.335693,0.343772,0.334854,0.342858,493296000
2006-02-16,0.349260,0.360542,0.346898,0.359779,1305888000
2006-02-17,0.386230,0.386611,0.359779,0.361837,2356956000
2006-02-21,0.361076,0.361686,0.351014,0.354139,684060000
2006-02-22,0.349109,0.356349,0.340724,0.353529,939756000
2006-02-23,0.352462,0.354825,0.347126,0.348117,385128000
2006-02-24,0.349642,0.353834,0.346212,0.348041,416412000
2006-02-27,0.350709,0.364353,0.347050,0.362143,666468000
2006-02-28,0.360542,0.363591,0.355740,0.359246,563316000
2006-03-01,0.360542,0.375025,0.358255,0.372891,703932000
2006-03-02,0.372509,0.378683,0.368622,0.373424,545460000
2006-03-03,0.369994,0.381199,0.369308,0.374720,595800000
2006-03-06,0.382038,0.384553,0.372128,0.373957,529020000
2006-03-07,0.374034,0.376930,0.360161,0.367554,606204000
2006-03-08,0.367631,0.369536,0.352615,0.365725,670800000
2006-03-09,0.370146,0.376321,0.367402,0.367631,536700000
2006-03-10,0.367250,0.371899,0.357950,0.361228,521580000
2006-03-13,0.364887,0.367326,0.362143,0.365573,372132000
2006-03-14,0.365878,0.377235,0.364506,0.375711,627792000
2006-03-15,0.376473,0.382266,0.375025,0.381732,510600000
2006-03-16,0.382418,0.382875,0.367478,0.368774,568416000
2006-03-17,0.367021,0.372738,0.361533,0.371747,618588000
2006-03-20,0.375025,0.375101,0.368546,0.368926,293772000
2006-03-21,0.387144,0.394080,0.377007,0.387144,1235472000
2006-03-22,0.377311,0.379141,0.367554,0.376015,1158576000
2006-03-23,0.377311,0.384553,0.373042,0.383028,661992000
2006-03-24,0.384019,0.396673,0.383410,0.395987,687936000
2006-03-27,0.396291,0.406963,0.394995,0.406657,651444000
2006-03-28,0.404828,0.418320,0.403990,0.412908,795204000
2006-03-29,0.414661,0.435852,0.411231,0.435090,987096000
2006-03-30,0.435547,0.440425,0.427695,0.438063,1063308000
2006-03-31,0.437757,0.443855,0.433794,0.436462,835560000
2006-04-03,0.438749,0.447438,0.433260,0.441340,968916000
2006-04-04,0.441950,0.462683,0.441493,0.461997,1200612000
2006-04-05,0.461159,0.468019,0.451326,0.465732,1112976000
2006-04-06,0.464512,0.470153,0.458109,0.466647,789312000
2006-04-07,0.464665,0.468781,0.456280,0.465426,682674000
2006-04-10,0.464360,0.467104,0.453841,0.457347,634230000
2006-04-11,0.458872,0.458872,0.443474,0.446218,702072000
2006-04-12,0.449115,0.466647,0.446675,0.464207,598308000
2006-04-13,0.454298,0.459481,0.449419,0.451249,738360000
2006-04-17,0.450487,0.463750,0.448810,0.452469,443868000
2006-04-18,0.444389,0.444541,0.429753,0.441797,1165488000
2006-04-19,0.439053,0.449419,0.432955,0.444541,517476000
2006-04-20,0.440578,0.451859,0.433260,0.443931,552684000
2006-04-21,0.445303,0.447132,0.422741,0.427924,770016000
2006-04-24,0.430668,0.445303,0.423046,0.441035,676848000
2006-04-25,0.436004,0.441797,0.428381,0.440730,719766000
2006-04-26,0.442407,0.449115,0.432955,0.437681,330528000
2006-04-27,0.436004,0.448810,0.426552,0.444694,462966000
2006-04-28,0.444999,0.451097,0.441187,0.445456,284736000
2006-05-01,0.448505,0.479757,0.448505,0.471067,902472000
2006-05-02,0.474573,0.480214,0.462378,0.470457,539700000
2006-05-03,0.465122,0.478690,0.464665,0.473507,378114000
2006-05-04,0.464207,0.475641,0.461768,0.470457,511128000
2006-05-05,0.472897,0.478538,0.466341,0.476860,338184000
2006-05-08,0.475641,0.486007,0.470305,0.474726,503622000
2006-05-09,0.474116,0.476556,0.459634,0.460244,561648000
2006-05-10,0.454756,0.460091,0.445456,0.450029,753264000
2006-05-11,0.454603,0.458872,0.430516,0.434022,1201110000
2006-05-12,0.423656,0.425790,0.392404,0.401398,1568172000
2006-05-15,0.400636,0.410698,0.397130,0.407192,553380000
2006-05-16,0.409478,0.409630,0.393928,0.396520,497532000
2006-05-17,0.395148,0.397434,0.373500,0.380513,841074000
2006-05-18,0.383561,0.387220,0.362829,0.363286,686730000
2006-05-19,0.366640,0.379598,0.362981,0.370908,932808000
2006-05-22,0.368926,0.369689,0.355816,0.365878,734886000
2006-05-23,0.373500,0.382189,0.360389,0.361914,532314000
2006-05-24,0.365116,0.377464,0.356883,0.366640,579522000
2006-05-25,0.373500,0.378988,0.362676,0.364658,423666000
2006-05-26,0.366030,0.368469,0.361609,0.365420,294642000
2006-05-30,0.366030,0.366182,0.350023,0.350175,448788000
2006-05-31,0.354901,0.358256,0.348194,0.350328,598422000
2006-06-01,0.354291,0.368622,0.348803,0.368622,537126000
2006-06-02,0.374567,0.376397,0.359627,0.363286,673710000
2006-06-05,0.361304,0.368012,0.346974,0.348041,581052000
2006-06-06,0.352462,0.352767,0.329290,0.338741,824130000
2006-06-07,0.342400,0.343010,0.330052,0.332644,565380000
2006-06-08,0.328832,0.333101,0.313435,0.326546,730572000
2006-06-09,0.330815,0.336455,0.322734,0.325478,433824000
2006-06-12,0.319838,0.324106,0.305661,0.307490,463230000
2006-06-13,0.307337,0.313587,0.299867,0.302764,532548000
2006-06-14,0.304593,0.312521,0.301392,0.311606,480492000
2006-06-15,0.323040,0.339962,0.320448,0.338894,837336000
2006-06-16,0.336607,0.337522,0.327003,0.330205,503448000
2006-06-19,0.333863,0.335540,0.319533,0.320296,388044000
2006-06-20,0.311453,0.322430,0.310234,0.315265,535818000
2006-06-21,0.313893,0.323802,0.313893,0.318771,441174000
2006-06-22,0.322277,0.323192,0.307337,0.309471,532338000
2006-06-23,0.308862,0.316027,0.305965,0.309624,335202000
2006-06-26,0.309167,0.312521,0.305203,0.306727,281736000
2006-06-27,0.308556,0.308862,0.292855,0.296971,608514000
2006-06-28,0.299258,0.318314,0.291483,0.313436,833376000
2006-06-29,0.304898,0.327613,0.303831,0.327613,687666000
2006-06-30,0.330815,0.335997,0.322125,0.324564,468240000
2006-07-03,0.332034,0.332339,0.327003,0.329290,174696000
2006-07-05,0.324106,0.327003,0.314502,0.314502,459708000
2006-07-06,0.314502,0.317552,0.301545,0.304746,470634000
2006-07-07,0.306880,0.307490,0.291940,0.295293,541230000
2006-07-10,0.296056,0.298190,0.279896,0.282488,449922000
2006-07-11,0.281573,0.293007,0.277457,0.291940,600582000
2006-07-12,0.290873,0.294227,0.277610,0.277914,461034000
2006-07-13,0.273646,0.280506,0.269377,0.270749,540582000
2006-07-14,0.275780,0.277305,0.261755,0.269377,572148000
2006-07-17,0.268158,0.274561,0.266786,0.271511,502806000
2006-07-18,0.280811,0.289196,0.270749,0.286299,979332000
2006-07-19,0.285080,0.302459,0.282945,0.298800,1055550000
2006-07-20,0.304136,0.309471,0.292398,0.292855,505602000
2006-07-21,0.282945,0.284165,0.268767,0.270902,633918000
2006-07-24,0.280964,0.305050,0.279439,0.298190,983178000
2006-07-25,0.301849,0.311911,0.297428,0.308709,574104000
2006-07-26,0.308709,0.312368,0.299562,0.308709,495318000
2006-07-27,0.312673,0.325478,0.307490,0.313130,694338000
2006-07-28,0.321210,0.346212,0.319381,0.345601,815298000
2006-07-31,0.341943,0.345450,0.336607,0.337522,594762000
2006-08-01,0.333406,0.334016,0.317856,0.323954,600966000
2006-08-02,0.331119,0.350481,0.330357,0.348803,756774000
2006-08-03,0.347584,0.380208,0.342706,0.370756,890568000
2006-08-04,0.380513,0.381123,0.356273,0.365725,818232000
2006-08-07,0.359322,0.366030,0.354444,0.361457,436146000
2006-08-08,0.364353,0.378836,0.363438,0.371061,619806000
2006-08-09,0.378379,0.388745,0.368164,0.370908,584706000
2006-08-10,0.366792,0.370451,0.360542,0.368317,1072140000
2006-08-11,0.341486,0.366030,0.340266,0.356731,1603272000
2006-08-14,0.361151,0.364810,0.352919,0.354901,809412000
2006-08-15,0.364048,0.391032,0.360542,0.389050,902172000
2006-08-16,0.391185,0.418625,0.381123,0.416948,1029246000
2006-08-17,0.411765,0.422589,0.406277,0.410393,814224000
2006-08-18,0.410850,0.419234,0.396520,0.417100,665898000
2006-08-21,0.410850,0.411612,0.400789,0.401703,500220000
2006-08-22,0.400483,0.412222,0.400179,0.401093,473928000
2006-08-23,0.404142,0.408258,0.391946,0.400789,485412000
2006-08-24,0.401855,0.407039,0.395452,0.404905,260802000
2006-08-25,0.401855,0.410850,0.397892,0.403685,238314000
2006-08-28,0.410393,0.429449,0.409630,0.417558,764562000
2006-08-29,0.421521,0.438443,0.418473,0.436462,727962000
2006-08-30,0.438900,0.450029,0.437834,0.445456,681564000
2006-08-31,0.444388,0.446371,0.434175,0.443779,511278000
2006-09-01,0.437224,0.440730,0.423503,0.425180,605742000
2006-09-05,0.426552,0.436156,0.420302,0.434480,549354000
2006-09-06,0.426858,0.427467,0.411612,0.412680,493572000
2006-09-07,0.405971,0.430211,0.401551,0.420912,742836000
2006-09-08,0.427619,0.429449,0.412984,0.422284,447978000
2006-09-11,0.412832,0.433718,0.408106,0.428839,598266000
2006-09-12,0.426858,0.442865,0.425790,0.440121,498432000
2006-09-13,0.441187,0.449419,0.439815,0.443627,476286000
2006-09-14,0.441493,0.449725,0.436156,0.441950,428814000
2006-09-15,0.443474,0.452774,0.441340,0.450640,649764000
2006-09-18,0.451859,0.468476,0.450487,0.467713,793896000
2006-09-19,0.464665,0.468019,0.451706,0.455518,708054000
2006-09-20,0.461463,0.472744,0.460548,0.472135,511884000
2006-09-21,0.471678,0.476403,0.463903,0.468323,539106000
2006-09-22,0.466951,0.469848,0.449268,0.454450,653334000
2006-09-25,0.461311,0.472744,0.448810,0.470763,684486000
2006-09-26,0.470306,0.471525,0.454908,0.460853,516120000
2006-09-27,0.459481,0.474116,0.455060,0.459481,578142000
2006-09-28,0.441493,0.452621,0.439510,0.450791,647346000
2006-09-29,0.453841,0.457347,0.448657,0.451097,373890000
2006-10-02,0.448962,0.451859,0.436005,0.439663,647442000
2006-10-03,0.431431,0.434784,0.421827,0.431431,907692000
2006-10-04,0.432040,0.473964,0.430821,0.473811,1460382000
2006-10-05,0.471982,0.476708,0.459176,0.460396,662682000
2006-10-06,0.461158,0.476403,0.459786,0.471525,593610000
2006-10-09,0.470458,0.508113,0.469085,0.501863,932304000
2006-10-10,0.499270,0.501252,0.484788,0.490429,624648000
2006-10-11,0.487837,0.501863,0.480367,0.493173,481944000
2006-10-12,0.495917,0.505368,0.487989,0.495154,414720000
2006-10-13,0.493477,0.517717,0.485398,0.514820,584190000
2006-10-16,0.516498,0.524882,0.504759,0.513906,478968000
2006-10-17,0.505521,0.509027,0.489361,0.494239,526506000
2006-10-18,0.501557,0.506893,0.477623,0.481129,822750000
2006-10-19,0.479300,0.493935,0.475488,0.490276,473040000
2006-10-20,0.494087,0.494392,0.477623,0.484635,359478000
2006-10-23,0.483568,0.495307,0.480214,0.481434,280248000
2006-10-24,0.482348,0.500948,0.480976,0.495459,519288000
2006-10-25,0.500185,0.507655,0.491801,0.500033,389436000
2006-10-26,0.501252,0.517564,0.501252,0.515887,366690000
2006-10-27,0.515887,0.527321,0.487836,0.493630,566988000
2006-10-30,0.496983,0.508417,0.491648,0.499576,479592000
2006-10-31,0.510552,0.531590,0.507960,0.531590,996174000
2006-11-01,0.524577,0.529455,0.483263,0.490581,1176540000
2006-11-02,0.492867,0.503539,0.480519,0.487227,862944000
2006-11-03,0.492716,0.497594,0.484788,0.496984,548070000
2006-11-06,0.498356,0.518936,0.492105,0.512076,739602000
2006-11-07,0.515888,0.525339,0.512991,0.519851,553254000
2006-11-08,0.516192,0.533877,0.514973,0.527474,648324000
2006-11-09,0.538298,0.551865,0.533420,0.537993,1207758000
2006-11-10,0.533419,0.536011,0.511771,0.525034,1317192000
2006-11-13,0.526102,0.550341,0.525949,0.548816,852282000
2006-11-14,0.546834,0.555372,0.535096,0.554305,628530000
2006-11-15,0.552628,0.560250,0.542109,0.545158,491892000
2006-11-16,0.547444,0.554152,0.542718,0.552171,457182000
2006-11-17,0.548359,0.555219,0.545005,0.553695,361608000
2006-11-20,0.546834,0.561927,0.542718,0.558878,608634000
2006-11-21,0.560555,0.561469,0.546377,0.550188,387384000
2006-11-22,0.552171,0.560250,0.549274,0.559640,240258000
2006-11-24,0.556896,0.564976,0.551865,0.563756,144336000
2006-11-27,0.560403,0.567872,0.534486,0.538297,585294000
2006-11-28,0.536468,0.553237,0.528083,0.548359,480966000
2006-11-29,0.553390,0.563147,0.551256,0.556439,579792000
2006-11-30,0.556439,0.568482,0.549731,0.563909,583632000
2006-12-01,0.557659,0.558421,0.536926,0.541804,785010000
2006-12-04,0.548816,0.570769,0.546834,0.563756,621570000
2006-12-05,0.557811,0.561165,0.551713,0.557963,663354000
2006-12-06,0.559793,0.559793,0.549578,0.557202,478242000
2006-12-07,0.557202,0.560250,0.538908,0.543786,486894000
2006-12-08,0.539822,0.549427,0.532047,0.541956,564858000
2006-12-11,0.542109,0.557811,0.540889,0.551256,515484000
2006-12-12,0.547140,0.548969,0.538297,0.545615,568116000
2006-12-13,0.550036,0.556438,0.550036,0.552018,491952000
2006-12-14,0.556439,0.568787,0.555981,0.561775,715380000
2006-12-15,0.565434,0.571684,0.561927,0.571684,746094000
2006-12-18,0.572294,0.588453,0.571988,0.581593,688356000
2006-12-19,0.574123,0.593026,0.573361,0.589978,545622000
2006-12-20,0.586929,0.593941,0.582813,0.583270,306594000
2006-12-21,0.586471,0.588148,0.571684,0.578239,367920000
2006-12-22,0.577325,0.579306,0.561775,0.564519,370170000
2006-12-26,0.567568,0.572599,0.562080,0.564366,228192000
2006-12-27,0.566806,0.573818,0.566806,0.571837,264954000
2006-12-28,0.572446,0.573056,0.565129,0.567721,213912000
2006-12-29,0.567720,0.579611,0.563604,0.564214,386094000
2007-01-03,0.565128,0.571988,0.530370,0.550036,1154820000
2007-01-04,0.548055,0.550036,0.534029,0.547444,797298000
2007-01-05,0.534486,0.536621,0.509485,0.513143,1243344000
2007-01-08,0.514973,0.526864,0.506130,0.516955,657270000
2007-01-09,0.517717,0.521223,0.506283,0.506893,764166000
2007-01-10,0.501557,0.536621,0.493935,0.531895,1108746000
2007-01-11,0.531895,0.536011,0.521223,0.529912,924504000
2007-01-12,0.521986,0.539212,0.519546,0.537078,698190000
2007-01-16,0.541194,0.541499,0.531895,0.537993,711864000
2007-01-17,0.530522,0.533724,0.524730,0.526711,707934000
2007-01-18,0.522137,0.522137,0.476555,0.483111,1501638000
2007-01-19,0.477928,0.496069,0.474573,0.486007,942606000
2007-01-22,0.490581,0.498508,0.484178,0.486007,730644000
2007-01-23,0.483720,0.493935,0.474726,0.486160,630354000
2007-01-24,0.492410,0.507808,0.490123,0.501252,685722000
2007-01-25,0.505826,0.507655,0.481282,0.483720,616284000
2007-01-26,0.487837,0.492563,0.471067,0.479757,829584000
2007-01-29,0.477623,0.477928,0.455975,0.460091,1258284000
2007-01-30,0.463140,0.471982,0.459024,0.468934,636174000
2007-01-31,0.466647,0.471678,0.460853,0.467256,467976000
2007-02-01,0.462835,0.475641,0.461921,0.473201,650898000
2007-02-02,0.475794,0.487837,0.471829,0.485550,586590000
2007-02-05,0.487837,0.497594,0.487075,0.493478,579906000
2007-02-06,0.504606,0.517412,0.497136,0.511009,775386000
2007-02-07,0.515125,0.532199,0.512076,0.530980,761058000
2007-02-08,0.522900,0.531590,0.518327,0.524119,726276000
2007-02-09,0.526711,0.531133,0.495764,0.497746,937956000
2007-02-12,0.501405,0.519546,0.496069,0.508723,789360000
2007-02-13,0.516955,0.522443,0.511771,0.518327,849732000
2007-02-14,0.522900,0.525949,0.510246,0.511467,1081848000
2007-02-15,0.511161,0.517107,0.506283,0.514516,488682000
2007-02-16,0.512381,0.512990,0.497289,0.498813,915060000
2007-02-20,0.499576,0.505979,0.496069,0.503235,625578000
2007-02-21,0.499118,0.504454,0.490733,0.495764,655332000
2007-02-22,0.503539,0.511619,0.497747,0.498966,655452000
2007-02-23,0.503692,0.503996,0.497594,0.497746,403050000
2007-02-26,0.499118,0.502929,0.489361,0.490123,494070000
2007-02-27,0.484788,0.496222,0.474574,0.475336,714630000
2007-02-28,0.473964,0.482806,0.468171,0.472592,780048000
2007-03-01,0.462378,0.475488,0.456280,0.466799,837228000
2007-03-02,0.462682,0.468323,0.452926,0.453841,682728000
2007-03-05,0.445913,0.454756,0.436919,0.438443,663558000
2007-03-06,0.448047,0.469391,0.446218,0.464360,805974000
2007-03-07,0.462073,0.464207,0.449268,0.451249,811656000
2007-03-08,0.460701,0.475031,0.460396,0.469848,770622000
2007-03-09,0.476403,0.481739,0.459786,0.465122,555306000
2007-03-12,0.459787,0.469085,0.459176,0.462378,428010000
2007-03-13,0.457652,0.460396,0.442559,0.442865,617070000
2007-03-14,0.444084,0.446675,0.427467,0.440730,971610000
2007-03-15,0.439663,0.443627,0.429602,0.436309,655752000
2007-03-16,0.436614,0.437376,0.429144,0.432193,525648000
2007-03-19,0.434480,0.441340,0.432955,0.434327,461508000
2007-03-20,0.432955,0.442865,0.430516,0.432193,656490000
2007-03-21,0.449725,0.464054,0.441187,0.456890,1268376000
2007-03-22,0.457347,0.469695,0.455213,0.466951,810954000
2007-03-23,0.463445,0.471677,0.458414,0.461768,524640000
2007-03-26,0.462073,0.466494,0.454298,0.462682,447336000
2007-03-27,0.461616,0.462531,0.453535,0.453993,469020000
2007-03-28,0.450182,0.453993,0.444541,0.445303,459504000
2007-03-29,0.452012,0.452621,0.430364,0.437528,719016000
2007-03-30,0.443474,0.446675,0.436462,0.438749,581244000
2007-04-02,0.437681,0.441340,0.431126,0.438291,400830000
2007-04-03,0.438291,0.443169,0.432498,0.436614,473724000
2007-04-04,0.436004,0.439511,0.434480,0.435699,361692000
2007-04-05,0.437528,0.471525,0.437528,0.471067,1332900000
2007-04-09,0.471067,0.476403,0.461616,0.462531,640950000
2007-04-10,0.461921,0.467256,0.456890,0.457804,794220000
2007-04-11,0.458719,0.463293,0.448047,0.449572,810150000
2007-04-12,0.447133,0.463750,0.444237,0.462378,743640000
2007-04-13,0.460853,0.467104,0.455213,0.466189,638694000
2007-04-16,0.464969,0.468476,0.457804,0.463750,671838000
2007-04-17,0.475488,0.486313,0.465884,0.468171,1059108000
2007-04-18,0.467409,0.478080,0.464969,0.473964,683802000
2007-04-19,0.470153,0.483263,0.468781,0.480519,568056000
2007-04-20,0.487532,0.487837,0.479757,0.486160,590052000
2007-04-23,0.483873,0.484788,0.476860,0.478232,595272000
2007-04-24,0.486313,0.500642,0.483111,0.496221,1028088000
2007-04-25,0.495460,0.507502,0.493173,0.504758,509640000
2007-04-26,0.504758,0.514820,0.500185,0.511009,500070000
2007-04-27,0.509332,0.514973,0.496069,0.504149,554058000
2007-04-30,0.511009,0.517412,0.501252,0.501405,563388000
2007-05-01,0.510552,0.513905,0.502624,0.506741,544554000
2007-05-02,0.509332,0.511467,0.498204,0.500795,659658000
2007-05-03,0.505521,0.513601,0.504607,0.510247,500250000
2007-05-04,0.512991,0.516498,0.508113,0.513906,405246000
2007-05-07,0.521375,0.527168,0.503082,0.503692,557100000
2007-05-08,0.500642,0.508723,0.490886,0.507503,737100000
2007-05-09,0.503843,0.512686,0.498051,0.509789,417870000
2007-05-10,0.511924,0.518632,0.495917,0.500338,802584000
2007-05-11,0.527321,0.540889,0.519242,0.535706,1530630000
2007-05-14,0.533571,0.538602,0.525339,0.530370,731568000
2007-05-15,0.531895,0.535096,0.524425,0.525645,621360000
2007-05-16,0.526102,0.532352,0.516040,0.532352,523104000
2007-05-17,0.530827,0.533571,0.520461,0.523509,443664000
2007-05-18,0.527474,0.535400,0.523052,0.533877,604266000
2007-05-21,0.532352,0.548817,0.529761,0.535554,645768000
2007-05-22,0.536011,0.543328,0.527321,0.538450,401736000
2007-05-23,0.538755,0.541956,0.522595,0.524119,448248000
2007-05-24,0.526559,0.528083,0.503082,0.505216,607800000
2007-05-25,0.508874,0.515735,0.507351,0.513143,308976000
2007-05-29,0.511009,0.520308,0.509484,0.518631,316242000
2007-05-30,0.512533,0.519851,0.506131,0.519851,331650000
2007-05-31,0.523662,0.531284,0.521223,0.528083,481572000
2007-06-01,0.534029,0.541956,0.530827,0.531742,429084000
2007-06-04,0.526864,0.537688,0.524730,0.534639,322002000
2007-06-05,0.536163,0.551408,0.535249,0.550493,698586000
2007-06-06,0.546682,0.563452,0.544396,0.554609,950736000
2007-06-07,0.552018,0.560250,0.548512,0.548664,791862000
2007-06-08,0.544090,0.557963,0.537383,0.557202,533268000
2007-06-11,0.557201,0.562537,0.554152,0.559183,434634000
2007-06-12,0.556287,0.564062,0.553085,0.553390,526770000
2007-06-13,0.559488,0.566806,0.552322,0.566653,587232000
2007-06-14,0.564062,0.578849,0.563299,0.576715,508548000
2007-06-15,0.583270,0.607510,0.583118,0.602936,1081998000
2007-06-18,0.609034,0.611168,0.598363,0.603241,685662000
2007-06-19,0.599429,0.608424,0.595313,0.607052,491952000
2007-06-20,0.609796,0.612845,0.603545,0.607661,822792000
2007-06-21,0.619401,0.660562,0.614674,0.655226,1297326000
2007-06-22,0.655531,0.668794,0.645621,0.664983,882618000
2007-06-25,0.646384,0.662238,0.640438,0.647450,819702000
2007-06-26,0.645774,0.647603,0.615894,0.617419,868482000
2007-06-27,0.617419,0.634798,0.614370,0.634036,613140000
2007-06-28,0.635865,0.646993,0.629614,0.640133,597534000
2007-06-29,0.644402,0.644555,0.629462,0.629767,516570000
2007-07-02,0.638761,0.656293,0.636780,0.655988,563850000
2007-07-03,0.655531,0.662238,0.650195,0.657055,238770000
2007-07-05,0.657208,0.666202,0.654006,0.664068,373290000
2007-07-06,0.663153,0.669861,0.661934,0.667269,282720000
2007-07-09,0.669709,0.689832,0.669556,0.686631,536784000
2007-07-10,0.683124,0.697454,0.675806,0.693338,552654000
2007-07-11,0.693185,0.697912,0.680685,0.690289,582612000
2007-07-12,0.695167,0.704314,0.690289,0.703552,438732000
2007-07-13,0.701570,0.709955,0.698522,0.699284,372630000
2007-07-16,0.699894,0.714833,0.699741,0.711936,541710000
2007-07-17,0.714833,0.729164,0.708278,0.708888,643812000
2007-07-18,0.698673,0.700808,0.682209,0.695929,550656000
2007-07-19,0.705839,0.709345,0.690289,0.695167,407376000
2007-07-20,0.699741,0.702180,0.684191,0.687545,505650000
2007-07-23,0.685106,0.708583,0.683581,0.694406,360474000
2007-07-24,0.691662,0.697454,0.671843,0.676112,457560000
2007-07-25,0.676263,0.685868,0.657360,0.672910,437196000
2007-07-26,0.665745,0.685716,0.656751,0.676264,710268000
2007-07-27,0.674587,0.705686,0.674282,0.674587,615480000
2007-07-30,0.677026,0.694557,0.676874,0.693491,538158000
2007-07-31,0.720932,0.730688,0.696692,0.697607,711492000
2007-08-01,0.687545,0.704467,0.660104,0.692423,705828000
2007-08-02,0.700351,0.700960,0.680075,0.689375,468606000
2007-08-03,0.687088,0.692119,0.648213,0.648518,623412000
2007-08-06,0.654006,0.658884,0.635712,0.654006,524724000
2007-08-07,0.654006,0.675197,0.645317,0.664373,565764000
2007-08-08,0.676416,0.715748,0.671233,0.695015,660744000
2007-08-09,0.699741,0.722608,0.683734,0.703247,1251834000
2007-08-10,0.645621,0.675197,0.630986,0.670624,1141014000
2007-08-13,0.675959,0.680532,0.649433,0.663306,700410000
2007-08-14,0.667879,0.699741,0.665897,0.689069,1092174000
2007-08-15,0.685411,0.695168,0.659037,0.659952,695142000
2007-08-16,0.653396,0.658122,0.617418,0.648975,780030000
2007-08-17,0.666965,0.687850,0.646231,0.687240,728712000
2007-08-20,0.687697,0.695167,0.676111,0.684496,519684000
2007-08-21,0.688612,0.727029,0.678398,0.721541,715338000
2007-08-22,0.739835,0.742274,0.724895,0.738006,566154000
2007-08-23,0.741512,0.750202,0.728554,0.731755,667986000
2007-08-24,0.729621,0.736939,0.724285,0.735567,361644000
2007-08-27,0.735567,0.759958,0.732213,0.752183,635946000
2007-08-28,0.754623,0.757671,0.704619,0.706297,560022000
2007-08-29,0.721083,0.747305,0.719559,0.746390,538560000
2007-08-30,0.739226,0.760568,0.738920,0.742122,465660000
2007-08-31,0.757671,0.782825,0.753555,0.779929,720834000
2007-09-04,0.783436,0.807370,0.771240,0.804016,683268000
2007-09-05,0.800510,0.823225,0.797309,0.797918,656274000
2007-09-06,0.807828,0.815145,0.798071,0.801425,425496000
2007-09-07,0.779166,0.787247,0.757214,0.772154,602304000
2007-09-10,0.788923,0.802644,0.767886,0.774288,872112000
2007-09-11,0.783664,0.796699,0.775432,0.790753,405424000
2007-09-12,0.799214,0.803102,0.751879,0.759654,554452000
2007-09-13,0.774060,0.774974,0.754394,0.759882,452864000
2007-09-14,0.752336,0.753250,0.735185,0.737472,487308000
2007-09-17,0.738615,0.746390,0.727868,0.735871,374828000
2007-09-18,0.743646,0.811791,0.742503,0.800357,844740000
2007-09-19,0.807675,0.823225,0.777947,0.785722,521360000
2007-09-20,0.786180,0.794641,0.772459,0.781149,324172000
2007-09-21,0.788924,0.800357,0.781149,0.788695,457532000
2007-09-24,0.793497,0.820938,0.787780,0.808818,456360000
2007-09-25,0.804016,0.822539,0.801729,0.819109,360748000
2007-09-26,0.823225,0.840375,0.821167,0.838546,518032000
2007-09-27,0.846549,0.850666,0.832143,0.841061,378280000
2007-09-28,0.846092,0.849065,0.826883,0.828713,404292000
2007-10-01,0.835802,0.867816,0.834887,0.863700,398200000
2007-10-02,0.861642,0.863243,0.842891,0.855468,284960000
2007-10-03,0.840375,0.840375,0.805617,0.819109,467196000
2007-10-04,0.818194,0.827569,0.794640,0.822767,378976000
2007-10-05,0.835802,0.849065,0.826883,0.844491,344840000
2007-10-08,0.850437,0.859584,0.840375,0.858212,252484000
2007-10-09,0.858212,0.862099,0.830542,0.843119,403008000
2007-10-10,0.848836,0.848836,0.823682,0.844034,389136000
2007-10-11,0.836259,0.846778,0.797384,0.806531,529104000
2007-10-12,0.815450,0.826197,0.802873,0.826197,409952000
2007-10-15,0.828942,0.842891,0.825054,0.832143,355900000
2007-10-16,0.831228,0.854553,0.828255,0.839689,276360000
2007-10-17,0.872389,0.906690,0.871475,0.904175,717944000
2007-10-18,0.901202,0.907148,0.878564,0.903489,340620000
2007-10-19,0.901431,0.901888,0.854782,0.855010,505768000
2007-10-22,0.849522,0.897315,0.842662,0.895486,537656000
2007-10-23,0.907148,0.907148,0.875362,0.899830,294292000
2007-10-24,0.880393,0.880393,0.826655,0.869417,565500000
2007-10-25,0.842662,0.850665,0.768114,0.793497,806192000
2007-10-26,0.818651,0.824139,0.775203,0.786637,616580000
2007-10-29,0.759653,0.771773,0.744561,0.768114,813896000
2007-10-30,0.774288,0.812477,0.761483,0.796241,525212000
2007-10-31,0.801043,0.809504,0.776118,0.809047,455188000
2007-11-01,0.796470,0.825283,0.785494,0.809047,587236000
2007-11-02,0.820252,0.846092,0.808818,0.840146,491844000
2007-11-05,0.833057,0.860270,0.827798,0.840146,436636000
2007-11-06,0.848150,0.873533,0.844263,0.866673,554620000
2007-11-07,0.866215,0.869645,0.818651,0.825511,546768000
2007-11-08,0.817508,0.832372,0.750278,0.773831,996824000
2007-11-09,0.790067,0.795784,0.746619,0.762855,871056000
2007-11-12,0.762626,0.768114,0.686707,0.686707,715732000
2007-11-13,0.697912,0.747991,0.686707,0.747305,726696000
2007-11-14,0.766285,0.773603,0.731755,0.735643,666720000
2007-11-15,0.730840,0.737701,0.708888,0.725810,496436000
2007-11-16,0.731755,0.744104,0.725810,0.742046,423592000
2007-11-19,0.731526,0.735185,0.688078,0.691966,568412000
2007-11-20,0.705001,0.706144,0.665669,0.686707,622628000
2007-11-21,0.672300,0.695625,0.670242,0.679389,648452000
2007-11-23,0.684191,0.694024,0.675502,0.691051,141976000
2007-11-26,0.690594,0.704772,0.673672,0.675044,385896000
2007-11-27,0.684649,0.706144,0.679389,0.704086,458856000
2007-11-28,0.726267,0.761254,0.722837,0.751193,574548000
2007-11-29,0.750049,0.779777,0.746848,0.757367,489084000
2007-11-30,0.782063,0.782063,0.718949,0.721236,652656000
2007-12-03,0.731755,0.745247,0.720550,0.731755,490688000
2007-12-04,0.734957,0.737472,0.716891,0.731069,371712000
2007-12-05,0.758967,0.783207,0.749592,0.769029,666704000
2007-12-06,0.767200,0.787094,0.760339,0.784579,371152000
2007-12-07,0.787780,0.788695,0.766742,0.774746,320292000
2007-12-10,0.777261,0.792354,0.774975,0.783207,336360000
2007-12-11,0.799900,0.814535,0.782292,0.784121,582436000
2007-12-12,0.817279,0.825283,0.795326,0.811105,617504000
2007-12-13,0.801272,0.806531,0.765599,0.788923,500364000
2007-12-14,0.785265,0.810648,0.780005,0.801958,354016000
2007-12-17,0.793497,0.801043,0.759196,0.761025,507408000
2007-12-18,0.772688,0.788924,0.764913,0.780463,396896000
2007-12-19,0.777719,0.795098,0.774517,0.787780,253536000
2007-12-20,0.800357,0.806074,0.783664,0.804245,279940000
2007-12-21,0.813849,0.820938,0.796699,0.804016,433408000
2007-12-24,0.809962,0.822081,0.804016,0.818194,104008000
2007-12-26,0.819795,0.829170,0.811791,0.829170,215340000
2007-12-27,0.827798,0.832372,0.801501,0.803559,241368000
2007-12-28,0.802187,0.811791,0.788695,0.795555,262064000
2007-12-31,0.789152,0.803559,0.777719,0.777947,276236000
2008-01-02,0.780234,0.783207,0.744561,0.754851,483964000
2008-01-03,0.759196,0.774288,0.746161,0.748905,475308000
2008-01-04,0.726496,0.730154,0.681447,0.686020,736092000
2008-01-07,0.690594,0.696311,0.602555,0.615132,1006800000
2008-01-08,0.618562,0.669785,0.604156,0.628166,1106956000
2008-01-09,0.636627,0.660867,0.627251,0.660638,741036000
2008-01-10,0.642573,0.657208,0.634112,0.646917,554432000
2008-01-11,0.631596,0.644859,0.613988,0.618562,572612000
2008-01-14,0.627709,0.660638,0.617647,0.659723,539188000
2008-01-15,0.634569,0.642115,0.600497,0.611244,725692000
2008-01-16,0.572827,0.579916,0.529608,0.542185,1464472000
2008-01-17,0.550646,0.565281,0.531437,0.532809,1133900000
2008-01-18,0.534410,0.570998,0.514973,0.568025,920428000
2008-01-22,0.513829,0.552933,0.510628,0.539669,709092000
2008-01-23,0.517717,0.565738,0.512686,0.549502,929880000
2008-01-24,0.560250,0.591807,0.554991,0.591578,597092000
2008-01-25,0.614217,0.627938,0.567796,0.570540,688012000
2008-01-28,0.568482,0.574199,0.551560,0.563680,577608000
2008-01-29,0.573742,0.583346,0.558878,0.581060,414484000
2008-01-30,0.571684,0.584718,0.559564,0.576028,530476000
2008-01-31,0.563451,0.572827,0.544929,0.562308,588708000
2008-02-01,0.561165,0.617419,0.556363,0.614217,593104000
2008-02-04,0.627480,0.630910,0.591807,0.595009,565128000
2008-02-05,0.583118,0.583346,0.557506,0.557735,494928000
2008-02-06,0.563680,0.579230,0.545615,0.555905,557380000
2008-02-07,0.539898,0.577172,0.528236,0.561394,664128000
2008-02-08,0.556134,0.575800,0.548816,0.571455,393932000
2008-02-11,0.576257,0.585633,0.569397,0.573284,503732000
2008-02-12,0.581974,0.602783,0.578773,0.594551,609688000
2008-02-13,0.599125,0.619705,0.592722,0.617876,742312000
2008-02-14,0.599811,0.600268,0.515659,0.517031,2184296000
2008-02-15,0.514973,0.528922,0.501024,0.509256,817364000
2008-02-19,0.518632,0.519546,0.497365,0.501710,558608000
2008-02-20,0.487074,0.505368,0.485016,0.498051,759016000
2008-02-21,0.503082,0.505597,0.483873,0.486846,644272000
2008-02-22,0.490733,0.511314,0.487075,0.510399,723052000
2008-02-25,0.509942,0.515887,0.496679,0.510171,671784000
2008-02-26,0.507198,0.522291,0.499423,0.514516,565420000
2008-02-27,0.512000,0.526635,0.508799,0.522519,537816000
2008-02-28,0.517945,0.518860,0.502853,0.502853,503608000
2008-02-29,0.494621,0.501252,0.487075,0.489133,540576000
2008-03-03,0.488447,0.491877,0.477013,0.483416,449028000
2008-03-04,0.480214,0.481129,0.459862,0.478613,778888000
2008-03-05,0.483187,0.495536,0.478157,0.484102,644656000
2008-03-06,0.478156,0.481358,0.453002,0.453688,1075284000
2008-03-07,0.445456,0.464665,0.434480,0.447057,767500000
2008-03-10,0.441569,0.447057,0.420759,0.421445,776100000
2008-03-11,0.434480,0.439739,0.417100,0.435394,857940000
2008-03-12,0.439511,0.443398,0.419845,0.423503,743320000
2008-03-13,0.416872,0.456890,0.414356,0.450487,1220528000
2008-03-14,0.452773,0.453231,0.415728,0.418930,1154972000
2008-03-17,0.400636,0.422589,0.395834,0.408411,800952000
2008-03-18,0.418015,0.434480,0.406124,0.433794,1075256000
2008-03-19,0.423732,0.429677,0.403837,0.403837,880476000
2008-03-20,0.408640,0.424418,0.401322,0.423503,633460000
2008-03-24,0.432879,0.460548,0.431278,0.458033,887440000
2008-03-25,0.460091,0.473354,0.455746,0.464665,735388000
2008-03-26,0.458490,0.461692,0.444770,0.449801,721652000
2008-03-27,0.442941,0.455518,0.436080,0.443398,601308000
2008-03-28,0.451402,0.461692,0.446828,0.450029,561788000
2008-03-31,0.454832,0.463293,0.446828,0.452545,569992000
2008-04-01,0.466037,0.481358,0.459405,0.480214,676872000
2008-04-02,0.481586,0.481586,0.461921,0.465579,616536000
2008-04-03,0.461692,0.462378,0.443398,0.456890,841984000
2008-04-04,0.447743,0.450029,0.428306,0.429449,1535528000
2008-04-07,0.439968,0.446371,0.436309,0.439739,729496000
2008-04-08,0.434480,0.451401,0.434480,0.437224,639476000
2008-04-09,0.442255,0.450487,0.438138,0.445913,675232000
2008-04-10,0.450716,0.469009,0.441111,0.454603,1092184000
2008-04-11,0.445913,0.448657,0.420988,0.423732,1106280000
2008-04-14,0.422131,0.423046,0.407039,0.409554,780004000
2008-04-15,0.411612,0.415957,0.402694,0.414356,439916000
2008-04-16,0.430135,0.436309,0.422589,0.430821,646836000
2008-04-17,0.410926,0.426476,0.410698,0.424875,596968000
2008-04-18,0.437910,0.441797,0.428992,0.434937,573540000
2008-04-21,0.431507,0.457347,0.431507,0.454374,679892000
2008-04-22,0.446142,0.450944,0.436309,0.445913,587668000
2008-04-23,0.452088,0.472440,0.446142,0.467409,1020496000
2008-04-24,0.470153,0.472439,0.449343,0.456204,655764000
2008-04-25,0.460548,0.461920,0.446142,0.460777,552208000
2008-04-28,0.458719,0.465579,0.450715,0.452545,535700000
2008-04-29,0.447514,0.467637,0.447514,0.461920,573408000
2008-04-30,0.467409,0.474955,0.464207,0.469924,1068320000
2008-05-01,0.475641,0.492792,0.473354,0.491648,1014624000
2008-05-02,0.505140,0.514973,0.497594,0.514973,1131016000
2008-05-05,0.511543,0.513830,0.501024,0.502167,943392000
2008-05-06,0.500795,0.516345,0.493020,0.515202,729036000
2008-05-07,0.516574,0.523434,0.498966,0.503311,715632000
2008-05-08,0.507198,0.508798,0.480443,0.501938,1360000000
2008-05-09,0.503310,0.535782,0.502396,0.515202,2030352000
2008-05-12,0.521833,0.521833,0.495535,0.500566,1006652000
2008-05-13,0.503082,0.503082,0.486617,0.490276,854108000
2008-05-14,0.496450,0.517717,0.490276,0.504682,751148000
2008-05-15,0.503539,0.546073,0.501253,0.543786,1165464000
2008-05-16,0.552933,0.559336,0.540356,0.558192,1091556000
2008-05-19,0.558421,0.578773,0.542642,0.546530,1158532000
2008-05-20,0.531666,0.537840,0.526178,0.532352,771404000
2008-05-21,0.533724,0.554305,0.526864,0.528007,1066660000
2008-05-22,0.535553,0.545158,0.527093,0.540813,693108000
2008-05-23,0.539898,0.544243,0.520690,0.528465,802672000
2008-05-27,0.529379,0.534867,0.519318,0.534181,832856000
2008-05-28,0.548816,0.550188,0.533038,0.539212,751736000
2008-05-29,0.539441,0.540356,0.528007,0.537840,693460000
2008-05-30,0.553161,0.566653,0.551560,0.564823,830244000
2008-06-02,0.564823,0.571455,0.558649,0.567110,734660000
2008-06-03,0.568940,0.569854,0.541270,0.547902,840696000
2008-06-04,0.535782,0.555448,0.532809,0.554305,831724000
2008-06-05,0.573513,0.579687,0.561851,0.568253,827860000
2008-06-06,0.561393,0.562079,0.546987,0.550188,784876000
2008-06-09,0.546987,0.554533,0.530751,0.541727,637916000
2008-06-10,0.527093,0.527779,0.506283,0.509713,1225208000
2008-06-11,0.509713,0.522062,0.485245,0.485931,999428000
2008-06-12,0.496908,0.506512,0.484788,0.488904,825992000
2008-06-13,0.489590,0.495307,0.472897,0.487303,705748000
2008-06-16,0.482044,0.486617,0.476784,0.480672,630496000
2008-06-17,0.487532,0.487761,0.467866,0.469010,687912000
2008-06-18,0.464207,0.480214,0.447743,0.455289,1065272000
2008-06-19,0.457804,0.464207,0.443169,0.454146,784928000
2008-06-20,0.444084,0.456890,0.443855,0.451859,741008000
2008-06-23,0.455289,0.455746,0.438596,0.442483,776616000
2008-06-24,0.439968,0.467637,0.439968,0.457118,1078928000
2008-06-25,0.464207,0.467637,0.452316,0.459634,900976000
2008-06-26,0.445913,0.449343,0.436080,0.436080,845532000
2008-06-27,0.437910,0.443398,0.427848,0.440882,584140000
2008-06-30,0.435852,0.439739,0.425104,0.428077,653940000
2008-07-01,0.423046,0.429220,0.415271,0.428763,881464000
2008-07-02,0.426705,0.429449,0.411612,0.412298,763196000
2008-07-03,0.296818,0.300248,0.283555,0.285613,2987520000
2008-07-07,0.289958,0.291787,0.268920,0.276695,2202692000
2008-07-08,0.278524,0.285385,0.269835,0.275094,1805288000
2008-07-09,0.275780,0.279896,0.270292,0.270292,1413168000
2008-07-10,0.271664,0.274866,0.264575,0.269606,1056992000
2008-07-11,0.264118,0.273494,0.258858,0.266862,807760000
2008-07-14,0.268920,0.270978,0.252913,0.254742,882316000
2008-07-15,0.252456,0.262746,0.244681,0.257486,1122484000
2008-07-16,0.258401,0.265719,0.251312,0.258858,1034392000
2008-07-17,0.262975,0.262975,0.249711,0.259773,862080000
2008-07-18,0.257944,0.265947,0.250626,0.264347,899720000
2008-07-21,0.268463,0.272350,0.263661,0.265947,571636000
2008-07-22,0.263432,0.264575,0.255200,0.260230,555924000
2008-07-23,0.262060,0.270750,0.260917,0.268005,594876000
2008-07-24,0.265261,0.267777,0.251541,0.252227,705628000
2008-07-25,0.254742,0.265261,0.249483,0.264347,1039600000
2008-07-28,0.260916,0.272350,0.259773,0.263661,734808000
2008-07-29,0.264118,0.273036,0.261145,0.266405,764636000
2008-07-30,0.271664,0.272121,0.256572,0.262517,588492000
2008-07-31,0.261831,0.267319,0.258858,0.261603,487236000
2008-08-01,0.254742,0.255657,0.244681,0.247882,881060000
2008-08-04,0.247882,0.249254,0.241251,0.241937,522052000
2008-08-05,0.246510,0.255886,0.243766,0.255886,685844000
2008-08-06,0.256572,0.265033,0.248339,0.262746,814864000
2008-08-07,0.260459,0.272122,0.255657,0.258630,819232000
2008-08-08,0.260688,0.262975,0.250626,0.251541,853764000
2008-08-11,0.253370,0.262975,0.252456,0.256800,1196436000
2008-08-12,0.258858,0.259545,0.249483,0.253142,1410868000
2008-08-13,0.273265,0.284470,0.266633,0.280354,2095260000
2008-08-14,0.278296,0.308481,0.278296,0.297276,1635304000
2008-08-15,0.302535,0.305965,0.294303,0.296361,777652000
2008-08-18,0.298419,0.305051,0.295218,0.302306,893968000
2008-08-19,0.296132,0.308709,0.296132,0.306880,1014140000
2008-08-20,0.311453,0.322887,0.309167,0.321972,1143692000
2008-08-21,0.316256,0.318771,0.305051,0.311453,1021560000
2008-08-22,0.313740,0.317399,0.304593,0.311225,459264000
2008-08-25,0.309395,0.316713,0.305736,0.306651,471600000
2008-08-26,0.308252,0.308481,0.296132,0.299334,613112000
2008-08-27,0.292473,0.305279,0.289729,0.301620,454620000
2008-08-28,0.302078,0.305279,0.297504,0.300477,365192000
2008-08-29,0.296361,0.297276,0.288129,0.289043,516004000
2008-09-02,0.293845,0.296361,0.277838,0.281726,693928000
2008-09-03,0.277838,0.278982,0.264118,0.266633,714856000
2008-09-04,0.263661,0.266405,0.261374,0.262975,716128000
2008-09-05,0.260688,0.267548,0.260459,0.266862,791100000
2008-09-08,0.269377,0.269377,0.251541,0.255886,1314840000
2008-09-09,0.254971,0.270521,0.246281,0.247196,1098296000
2008-09-10,0.250169,0.255200,0.245824,0.247425,644284000
2008-09-11,0.233247,0.240565,0.227759,0.235534,1066976000
2008-09-12,0.233476,0.235076,0.219755,0.233018,1209200000
2008-09-15,0.224786,0.228216,0.209922,0.212666,863984000
2008-09-16,0.205120,0.220899,0.201233,0.219298,1240840000
2008-09-17,0.214267,0.233704,0.212209,0.228673,1392580000
2008-09-18,0.231418,0.261145,0.230960,0.249025,1611060000
2008-09-19,0.260916,0.262974,0.249254,0.260916,1107344000
2008-09-22,0.258859,0.266405,0.254056,0.255428,700072000
2008-09-23,0.253370,0.262746,0.247196,0.248111,821468000
2008-09-24,0.244909,0.262289,0.243537,0.257258,866036000
2008-09-25,0.257258,0.268463,0.252913,0.262289,588328000
2008-09-26,0.255886,0.269149,0.251084,0.267319,646852000
2008-09-29,0.260230,0.263432,0.228674,0.230960,975240000
2008-09-30,0.234619,0.247196,0.232104,0.244909,659044000
2008-10-01,0.241251,0.245595,0.233704,0.238049,557208000
2008-10-02,0.239650,0.239650,0.212209,0.213352,787728000
2008-10-03,0.216783,0.222957,0.205120,0.206492,915828000
2008-10-06,0.196659,0.197117,0.167160,0.179509,1677440000
2008-10-07,0.185912,0.186369,0.164188,0.165560,1059984000
2008-10-08,0.159614,0.178823,0.158013,0.168990,1219456000
2008-10-09,0.175164,0.177679,0.156413,0.158242,909636000
2008-10-10,0.144522,0.167618,0.143607,0.155727,1200252000
2008-10-13,0.168990,0.184311,0.166932,0.184082,916536000
2008-10-14,0.190942,0.192086,0.174935,0.179966,1209012000
2008-10-15,0.178823,0.179737,0.160529,0.160529,854064000
2008-10-16,0.165331,0.176993,0.157785,0.176079,1019820000
2008-10-17,0.171048,0.184997,0.167846,0.174935,839416000
2008-10-20,0.180881,0.182253,0.174021,0.178365,595764000
2008-10-21,0.174935,0.176765,0.163730,0.164645,659116000
2008-10-22,0.162358,0.169218,0.154126,0.158471,600996000
2008-10-23,0.158013,0.161901,0.143150,0.149552,832192000
2008-10-24,0.137204,0.158928,0.136518,0.151153,798336000
2008-10-27,0.150238,0.168761,0.145436,0.159385,698936000
2008-10-28,0.167846,0.183625,0.164874,0.183396,849920000
2008-10-29,0.182253,0.201233,0.181338,0.189342,977284000
2008-10-30,0.200089,0.201233,0.185226,0.197345,657176000
2008-10-31,0.191171,0.204205,0.190714,0.200318,608672000
2008-11-03,0.204663,0.208322,0.189799,0.193000,723924000
2008-11-04,0.199632,0.205349,0.194373,0.205349,619560000
2008-11-05,0.197803,0.203519,0.194601,0.194601,787620000
2008-11-06,0.183167,0.190028,0.173792,0.174249,797936000
2008-11-07,0.198489,0.207407,0.185226,0.199403,1132068000
2008-11-10,0.206949,0.208093,0.182253,0.186598,576396000
2008-11-11,0.183854,0.185226,0.176536,0.178365,576484000
2008-11-12,0.172877,0.176993,0.165788,0.167846,646092000
2008-11-13,0.160071,0.181795,0.156870,0.181567,797228000
2008-11-14,0.174249,0.175164,0.163273,0.163959,741024000
2008-11-17,0.162358,0.166703,0.158928,0.160529,388224000
2008-11-18,0.163730,0.164645,0.150010,0.155269,564488000
2008-11-19,0.153897,0.157785,0.141778,0.142464,500220000
2008-11-20,0.141320,0.148409,0.133317,0.134917,847036000
2008-11-21,0.139262,0.145894,0.131487,0.145894,599064000
2008-11-24,0.154812,0.157327,0.146351,0.155498,600308000
2008-11-25,0.162358,0.162816,0.155269,0.159843,528256000
2008-11-26,0.157099,0.174478,0.156184,0.174021,600792000
2008-11-28,0.171277,0.173792,0.168532,0.170819,175248000
2008-12-01,0.163959,0.165560,0.155955,0.156184,547112000
2008-12-02,0.159157,0.166932,0.157099,0.164874,479988000
2008-12-03,0.158471,0.173563,0.157099,0.173335,584632000
2008-12-04,0.169904,0.178365,0.158013,0.161901,466292000
2008-12-05,0.156870,0.168990,0.154126,0.168304,438484000
2008-12-08,0.171505,0.174935,0.158928,0.162816,707992000
2008-12-09,0.160757,0.184997,0.158928,0.178594,829760000
2008-12-10,0.182024,0.200089,0.179051,0.195516,961124000
2008-12-11,0.194372,0.201233,0.184997,0.187284,582700000
2008-12-12,0.181795,0.197803,0.178137,0.196659,679268000
2008-12-15,0.197803,0.198946,0.184082,0.190256,476996000
2008-12-16,0.192086,0.203519,0.190256,0.203062,521940000
2008-12-17,0.199403,0.216096,0.196659,0.213124,674180000
2008-12-18,0.211752,0.212438,0.190942,0.193458,550808000
2008-12-19,0.195973,0.203519,0.194144,0.194830,593120000
2008-12-22,0.197803,0.198260,0.176307,0.183396,522464000
2008-12-23,0.184540,0.188427,0.178137,0.180881,377452000
2008-12-24,0.177222,0.181567,0.172877,0.176536,146616000
2008-12-26,0.176536,0.178823,0.166932,0.171734,226156000
2008-12-29,0.174021,0.177222,0.162816,0.177222,460168000
2008-12-30,0.179509,0.186140,0.175393,0.183396,409860000
2008-12-31,0.181109,0.189113,0.177908,0.184540,441580000
2009-01-02,0.184539,0.200547,0.183853,0.199175,497124000
2009-01-05,0.196888,0.207407,0.195516,0.202833,705736000
2009-01-06,0.208779,0.215639,0.204205,0.209694,657904000
2009-01-07,0.204891,0.204891,0.190028,0.197117,870096000
2009-01-08,0.194601,0.194601,0.180195,0.192086,1014496000
2009-01-09,0.192086,0.192086,0.180881,0.181338,761352000
2009-01-12,0.181338,0.182253,0.171505,0.174021,645532000
2009-01-13,0.168075,0.181567,0.164874,0.174935,1824424000
2009-01-14,0.168761,0.170819,0.164645,0.167160,974908000
2009-01-15,0.168075,0.175850,0.164645,0.173106,998204000
2009-01-16,0.177908,0.184311,0.172191,0.182710,831324000
2009-01-20,0.182253,0.182939,0.163502,0.164874,705788000
2009-01-21,0.168075,0.174020,0.161901,0.172877,648472000
2009-01-22,0.167389,0.174249,0.163502,0.169676,547656000
2009-01-23,0.164874,0.181567,0.164645,0.176307,633616000
2009-01-26,0.177222,0.187512,0.174249,0.182253,581748000
2009-01-27,0.185226,0.194373,0.184540,0.193000,725300000
2009-01-28,0.199861,0.204206,0.193458,0.201004,723752000
2009-01-29,0.194372,0.196659,0.188427,0.189342,413128000
2009-01-30,0.187970,0.193000,0.179509,0.181795,506760000
2009-02-02,0.179051,0.193686,0.178137,0.191628,577992000
2009-02-03,0.192086,0.195516,0.186826,0.193915,396948000
2009-02-04,0.194373,0.209236,0.194373,0.199403,779232000
2009-02-05,0.194144,0.216325,0.192086,0.214038,919192000
2009-02-06,0.214724,0.227073,0.211066,0.225701,1157880000
2009-02-09,0.224786,0.227987,0.216554,0.222728,716128000
2009-02-10,0.222499,0.225472,0.209008,0.213124,1129664000
2009-02-11,0.196202,0.203291,0.179737,0.186369,1983400000
2009-02-12,0.182253,0.191400,0.179737,0.190256,1024020000
2009-02-13,0.185912,0.192314,0.184540,0.190028,764304000
2009-02-17,0.182939,0.187284,0.178365,0.179051,779576000
2009-02-18,0.179051,0.189799,0.178823,0.183854,646252000
2009-02-19,0.187512,0.189113,0.169676,0.169676,743988000
2009-02-20,0.167389,0.176765,0.165788,0.174021,770056000
2009-02-23,0.176993,0.177908,0.164874,0.166017,679548000
2009-02-24,0.166932,0.181109,0.166703,0.180881,659524000
2009-02-25,0.180423,0.188427,0.174249,0.182939,702360000
2009-02-26,0.189342,0.195287,0.186598,0.188884,1117556000
2009-02-27,0.184082,0.193686,0.182710,0.189342,755444000
2009-03-02,0.184768,0.188656,0.172649,0.173335,700064000
2009-03-03,0.176536,0.187055,0.170819,0.180195,1041372000
2009-03-04,0.184997,0.198946,0.183396,0.193458,1108668000
2009-03-05,0.190714,0.198489,0.187970,0.188884,955252000
2009-03-06,0.188884,0.198717,0.186369,0.191857,974756000
2009-03-09,0.190485,0.204891,0.189342,0.189799,682768000
2009-03-10,0.196659,0.210608,0.194830,0.206950,1254800000
2009-03-11,0.206950,0.270978,0.203519,0.212666,864916000
2009-03-12,0.211980,0.227530,0.209236,0.225243,1604604000
2009-03-13,0.222042,0.227301,0.218383,0.224100,1195156000
2009-03-16,0.226387,0.226615,0.213581,0.215410,699344000
2009-03-17,0.216096,0.226615,0.213352,0.226158,1005384000
2009-03-18,0.222728,0.239878,0.222499,0.233247,1359560000
2009-03-19,0.234848,0.234848,0.228902,0.230503,822648000
2009-03-20,0.233933,0.234162,0.211980,0.217926,1093672000
2009-03-23,0.224786,0.234162,0.219755,0.233704,816048000
2009-03-24,0.227987,0.230046,0.222499,0.223643,1114868000
2009-03-25,0.230503,0.237820,0.218612,0.227301,1243852000
2009-03-26,0.230960,0.241937,0.228445,0.241479,1333664000
2009-03-27,0.238964,0.244909,0.235534,0.239193,731892000
2009-03-30,0.230046,0.233018,0.220670,0.223871,780052000
2009-03-31,0.227302,0.230960,0.223871,0.225472,805272000
2009-04-01,0.222728,0.233247,0.214267,0.231189,887920000
2009-04-02,0.239879,0.246281,0.236448,0.241937,1002860000
2009-04-03,0.242165,0.259544,0.238049,0.258858,1003208000
2009-04-06,0.254514,0.261831,0.251083,0.259544,887288000
2009-04-07,0.254514,0.257258,0.249025,0.250626,607804000
2009-04-08,0.253370,0.261602,0.251312,0.260916,731652000
2009-04-09,0.267548,0.276237,0.265490,0.275323,904412000
2009-04-13,0.271893,0.272122,0.260459,0.266405,767628000
2009-04-14,0.262746,0.274408,0.261603,0.268005,711960000
2009-04-15,0.258630,0.261602,0.249483,0.260459,1045368000
2009-04-16,0.265261,0.270292,0.255200,0.267091,1038772000
2009-04-17,0.267091,0.271435,0.260688,0.268920,695764000
2009-04-20,0.258630,0.260916,0.251312,0.252684,590660000
2009-04-21,0.249254,0.262517,0.245595,0.251998,932184000
2009-04-22,0.249711,0.270063,0.245595,0.259544,916404000
2009-04-23,0.262060,0.264347,0.247425,0.255428,753952000
2009-04-24,0.257944,0.263203,0.251769,0.261374,759508000
2009-04-27,0.257944,0.265261,0.250398,0.251998,787024000
2009-04-28,0.248797,0.257944,0.246510,0.252684,634392000
2009-04-29,0.253828,0.254971,0.245824,0.248797,859668000
2009-04-30,0.253599,0.269835,0.251541,0.262517,1110276000
2009-05-01,0.261831,0.273036,0.261603,0.266862,840548000
2009-05-04,0.271435,0.283326,0.267777,0.281268,927704000
2009-05-05,0.275094,0.276924,0.264118,0.269835,837076000
2009-05-06,0.272807,0.275323,0.259087,0.264347,935088000
2009-05-07,0.270292,0.270292,0.241937,0.245367,1289196000
2009-05-08,0.240107,0.240107,0.208322,0.211523,2930564000
2009-05-11,0.208093,0.220899,0.206263,0.215639,1038596000
2009-05-12,0.220441,0.220441,0.201233,0.205349,1201384000
2009-05-13,0.203977,0.205120,0.190485,0.192086,1305608000
2009-05-14,0.191857,0.198946,0.190485,0.194830,1017864000
2009-05-15,0.196202,0.206721,0.193915,0.199861,780308000
2009-05-18,0.204891,0.213352,0.204434,0.211980,938320000
2009-05-19,0.213352,0.218612,0.209922,0.216096,859768000
2009-05-20,0.219984,0.234390,0.219069,0.222499,1309436000
2009-05-21,0.219755,0.224100,0.214953,0.221127,965600000
2009-05-22,0.221127,0.227759,0.217011,0.224557,718260000
2009-05-26,0.222499,0.238506,0.220213,0.236677,865540000
2009-05-27,0.235534,0.244223,0.233247,0.237134,814152000
2009-05-28,0.240793,0.242394,0.230046,0.240336,995288000
2009-05-29,0.240564,0.241022,0.230274,0.238506,834232000
2009-06-01,0.241251,0.251541,0.240336,0.250169,1022764000
2009-06-02,0.250169,0.255657,0.243537,0.248111,907984000
2009-06-03,0.244909,0.245824,0.234390,0.240336,735688000
2009-06-04,0.241022,0.249483,0.240793,0.249025,673180000
2009-06-05,0.253599,0.253599,0.244681,0.247653,559992000
2009-06-08,0.245824,0.249711,0.240107,0.246281,473948000
2009-06-09,0.249711,0.262517,0.247882,0.259773,725032000
2009-06-10,0.261145,0.269606,0.255428,0.268005,833320000
2009-06-11,0.268691,0.278982,0.262975,0.264575,835156000
2009-06-12,0.260688,0.264118,0.254742,0.263203,595000000
2009-06-15,0.258401,0.261831,0.254285,0.258858,445164000
2009-06-16,0.258858,0.262060,0.248111,0.251769,594912000
2009-06-17,0.255657,0.260459,0.245824,0.257944,799016000
2009-06-18,0.257029,0.261831,0.250169,0.252913,566376000
2009-06-19,0.255428,0.262060,0.252227,0.255657,747564000
2009-06-22,0.256572,0.256572,0.240336,0.241251,574864000
2009-06-23,0.243537,0.243995,0.230732,0.240107,589764000
2009-06-24,0.243080,0.253828,0.243080,0.248111,515096000
2009-06-25,0.245824,0.261603,0.243309,0.261145,870444000
2009-06-26,0.260002,0.265490,0.257715,0.264575,513956000
2009-06-29,0.265261,0.269377,0.261831,0.264575,510056000
2009-06-30,0.263661,0.267319,0.253370,0.258172,589844000
2009-07-01,0.259773,0.262746,0.254971,0.259316,696420000
2009-07-02,0.250855,0.254056,0.245824,0.249254,552312000
2009-07-06,0.249025,0.249254,0.237134,0.241251,752456000
2009-07-07,0.242165,0.243537,0.230046,0.230732,1072996000
2009-07-08,0.232104,0.232790,0.222042,0.231189,1205860000
2009-07-09,0.235076,0.240107,0.234390,0.236220,714564000
2009-07-10,0.236220,0.238735,0.231189,0.237134,520008000
2009-07-13,0.241937,0.241937,0.227530,0.239879,556012000
2009-07-14,0.241708,0.245824,0.238964,0.244909,452568000
2009-07-15,0.253827,0.260002,0.251541,0.254971,1022808000
2009-07-16,0.257715,0.269149,0.256343,0.268234,952076000
2009-07-17,0.268234,0.276924,0.265490,0.276009,850356000
2009-07-20,0.278296,0.282412,0.274637,0.279439,782756000
2009-07-21,0.278753,0.279896,0.267319,0.273722,941296000
2009-07-22,0.268234,0.283098,0.266405,0.280582,600908000
2009-07-23,0.281040,0.298190,0.278067,0.297276,1046120000
2009-07-24,0.288128,0.297275,0.286299,0.296361,650592000
2009-07-27,0.293617,0.302078,0.290873,0.297733,677484000
2009-07-28,0.295675,0.301392,0.293159,0.298190,563180000
2009-07-29,0.294760,0.296589,0.289272,0.292245,373972000
2009-07-30,0.297276,0.301163,0.292016,0.294532,468444000
2009-07-31,0.294531,0.299791,0.287671,0.295675,541560000
2009-08-03,0.302764,0.307109,0.297047,0.303678,471900000
2009-08-04,0.298419,0.310996,0.297962,0.305737,695380000
2009-08-05,0.303907,0.308709,0.300248,0.306423,610768000
2009-08-06,0.307566,0.313054,0.298190,0.300020,957588000
2009-08-07,0.316255,0.325402,0.309167,0.313511,1401872000
2009-08-10,0.315798,0.320372,0.301392,0.303221,693312000
2009-08-11,0.301163,0.305737,0.294531,0.296132,481884000
2009-08-12,0.296361,0.310310,0.296132,0.307109,634940000
2009-08-13,0.309395,0.317399,0.303907,0.316255,564028000
2009-08-14,0.315798,0.316255,0.302764,0.306880,427148000
2009-08-17,0.297504,0.298419,0.290873,0.294074,465032000
2009-08-18,0.294074,0.308252,0.293845,0.304822,636200000
2009-08-19,0.300248,0.303221,0.297276,0.301392,552996000
2009-08-20,0.300020,0.314655,0.299334,0.313283,819840000
2009-08-21,0.315798,0.318999,0.309395,0.318542,607324000
2009-08-24,0.316713,0.320143,0.307795,0.309624,461456000
2009-08-25,0.311225,0.315569,0.305965,0.312368,444088000
2009-08-26,0.311682,0.316713,0.310539,0.316027,434308000
2009-08-27,0.317399,0.321744,0.313969,0.320372,551072000
2009-08-28,0.329061,0.343696,0.328604,0.336836,883992000
2009-08-31,0.332949,0.334549,0.327689,0.332034,431796000
2009-09-01,0.331805,0.341181,0.318999,0.320829,736856000
2009-09-02,0.321286,0.328604,0.319457,0.325402,404656000
2009-09-03,0.325402,0.333635,0.324488,0.333177,534020000
2009-09-04,0.331805,0.347812,0.331805,0.345526,513048000
2009-09-08,0.348041,0.355130,0.345297,0.355130,549712000
2009-09-09,0.354444,0.365649,0.349413,0.364963,571684000
2009-09-10,0.366106,0.377083,0.361990,0.376625,607952000
2009-09-11,0.375710,0.377083,0.370451,0.373195,712732000
2009-09-14,0.367707,0.370680,0.363820,0.367021,490516000
2009-09-15,0.370451,0.379141,0.367021,0.374567,546136000
2009-09-16,0.373653,0.374339,0.359018,0.364506,707064000
2009-09-17,0.363591,0.363591,0.342324,0.348498,923096000
2009-09-18,0.351929,0.354444,0.345297,0.348041,604740000
2009-09-21,0.343925,0.352386,0.340952,0.346440,588776000
2009-09-22,0.348956,0.351014,0.344382,0.347126,361388000
2009-09-23,0.349185,0.352157,0.341181,0.341638,478936000
2009-09-24,0.347355,0.347355,0.335922,0.337065,552876000
2009-09-25,0.335235,0.336836,0.329061,0.331577,377556000
2009-09-28,0.332720,0.347584,0.332720,0.339123,467708000
2009-09-29,0.341181,0.345297,0.332263,0.332949,470928000
2009-09-30,0.339809,0.347812,0.332263,0.343696,875956000
2009-10-01,0.342553,0.342553,0.318999,0.319228,999960000
2009-10-02,0.316027,0.323573,0.314197,0.316713,612476000
2009-10-05,0.320143,0.321286,0.309624,0.315112,754276000
2009-10-06,0.318999,0.325860,0.316713,0.320372,761272000
2009-10-07,0.318085,0.321515,0.314426,0.317856,459608000
2009-10-08,0.319686,0.320600,0.308481,0.319914,1241524000
2009-10-09,0.318085,0.324488,0.317627,0.324030,618540000
2009-10-12,0.318542,0.326546,0.318313,0.320372,499008000
2009-10-13,0.322201,0.325860,0.316255,0.319228,602124000
2009-10-14,0.331577,0.331577,0.317170,0.318771,1101948000
2009-10-15,0.318314,0.321286,0.307337,0.309395,1092196000
2009-10-16,0.305508,0.306423,0.296818,0.302306,1018832000
2009-10-19,0.304822,0.315798,0.302306,0.313283,695588000
2009-10-20,0.318542,0.320829,0.310996,0.313511,660180000
2009-10-21,0.312368,0.317170,0.304364,0.305965,503956000
2009-10-22,0.304364,0.309624,0.299105,0.308023,379328000
2009-10-23,0.312139,0.312139,0.298876,0.300706,429528000
2009-10-26,0.302992,0.307566,0.295218,0.296818,481652000
2009-10-27,0.295446,0.299791,0.283784,0.286757,591836000
2009-10-28,0.280354,0.286757,0.273493,0.274866,773632000
2009-10-29,0.279210,0.288357,0.276695,0.286985,637100000
2009-10-30,0.285613,0.286757,0.272122,0.273494,604144000
2009-11-02,0.273036,0.281954,0.268234,0.276009,593136000
2009-11-03,0.267091,0.276009,0.264347,0.274637,876472000
2009-11-04,0.276695,0.279668,0.272807,0.273951,916840000
2009-11-05,0.277152,0.283326,0.276238,0.280582,955156000
2009-11-06,0.298190,0.307108,0.294531,0.300934,1641112000
2009-11-09,0.305051,0.312139,0.304822,0.307795,818124000
2009-11-10,0.308938,0.308938,0.296361,0.300248,781472000
2009-11-11,0.305279,0.316027,0.304822,0.308709,871512000
2009-11-12,0.311453,0.316713,0.306880,0.307795,505864000
2009-11-13,0.307566,0.311682,0.306194,0.310081,388524000
2009-11-16,0.312825,0.318085,0.311225,0.314426,402820000
2009-11-17,0.314655,0.314655,0.308023,0.313969,350124000
2009-11-18,0.310996,0.312139,0.303907,0.309167,455516000
2009-11-19,0.302535,0.302535,0.291330,0.296818,833840000
2009-11-20,0.289958,0.296361,0.289272,0.294989,426748000
2009-11-23,0.299334,0.304822,0.295903,0.297276,390924000
2009-11-24,0.295904,0.297962,0.290644,0.295446,418504000
2009-11-25,0.298876,0.302992,0.296818,0.298876,441760000
2009-11-27,0.288129,0.295904,0.286528,0.292474,279932000
2009-11-30,0.293617,0.298876,0.290415,0.298648,509836000
2009-12-01,0.300248,0.308023,0.298648,0.304593,461936000
2009-12-02,0.305279,0.314426,0.303450,0.313740,602292000
2009-12-03,0.317399,0.323116,0.315798,0.316255,660036000
2009-12-04,0.322201,0.327460,0.317170,0.326088,824564000
2009-12-07,0.362447,0.376168,0.345297,0.367936,2732184000
2009-12-08,0.361990,0.363591,0.348041,0.350099,1075512000
2009-12-09,0.353758,0.361533,0.350328,0.358789,671588000
2009-12-10,0.361304,0.363591,0.351243,0.352386,417012000
2009-12-11,0.355359,0.355816,0.346898,0.347812,416744000
2009-12-14,0.352843,0.359475,0.348956,0.358331,405488000
2009-12-15,0.355816,0.363820,0.354901,0.357874,446152000
2009-12-16,0.370680,0.390803,0.368622,0.386687,1683400000
2009-12-17,0.387830,0.399721,0.379141,0.384858,1016132000
2009-12-18,0.388059,0.389431,0.380055,0.384629,812828000
2009-12-21,0.386916,0.399950,0.386458,0.398349,427792000
2009-12-22,0.398349,0.412984,0.397892,0.408868,793044000
2009-12-23,0.412756,0.415728,0.407496,0.414585,442196000
2009-12-24,0.415728,0.416414,0.412070,0.413670,136812000
2009-12-28,0.412984,0.416643,0.402923,0.407039,465760000
2009-12-29,0.405667,0.413213,0.404752,0.412070,475848000
2009-12-30,0.415957,0.429449,0.412984,0.426933,704008000
2009-12-31,0.427848,0.433336,0.426705,0.427162,700340000
2010-01-04,0.423275,0.425790,0.414128,0.422817,800204000
2010-01-05,0.421217,0.433565,0.421217,0.428991,728648000
2010-01-06,0.428763,0.432650,0.424647,0.431736,649168000
2010-01-07,0.429449,0.431278,0.420073,0.423275,547792000
2010-01-08,0.419845,0.427162,0.417329,0.424189,478168000
2010-01-11,0.426476,0.428306,0.412298,0.418244,556612000
2010-01-12,0.412070,0.413670,0.395376,0.404066,627432000
2010-01-13,0.406810,0.410926,0.391032,0.409554,508868000
2010-01-14,0.404523,0.407496,0.396291,0.403151,608524000
2010-01-15,0.400179,0.403609,0.386001,0.391260,818192000
2010-01-19,0.388288,0.401093,0.387144,0.398578,545328000
2010-01-20,0.393547,0.398578,0.388288,0.396977,719728000
2010-01-21,0.396749,0.403837,0.386230,0.389888,608632000
2010-01-22,0.385315,0.392404,0.374110,0.376397,1067916000
2010-01-25,0.382571,0.390117,0.379827,0.382799,643676000
2010-01-26,0.380970,0.383486,0.370451,0.370680,714636000
2010-01-27,0.370451,0.382113,0.366335,0.380741,812504000
2010-01-28,0.383714,0.385086,0.362676,0.367936,687764000
2010-01-29,0.372052,0.376168,0.346440,0.351929,774700000
2010-02-01,0.353301,0.379598,0.350328,0.378912,949832000
2010-02-02,0.377540,0.387602,0.376397,0.382799,849812000
2010-02-03,0.379369,0.387602,0.377540,0.386001,562296000
2010-02-04,0.382571,0.382571,0.359475,0.363591,783480000
2010-02-05,0.363134,0.371823,0.356731,0.370908,604856000
2010-02-08,0.369765,0.379141,0.362905,0.370222,445160000
2010-02-09,0.376168,0.377997,0.363591,0.367250,930144000
2010-02-10,0.369536,0.377769,0.367021,0.374338,535828000
2010-02-11,0.380284,0.395605,0.377540,0.391489,695980000
2010-02-12,0.388745,0.404752,0.384400,0.396749,780212000
2010-02-16,0.402008,0.405667,0.397206,0.404066,457024000
2010-02-17,0.409097,0.409326,0.396291,0.407954,876560000
2010-02-18,0.385543,0.387602,0.370680,0.381199,1515508000
2010-02-19,0.379598,0.383714,0.377311,0.379141,510548000
2010-02-22,0.380741,0.386458,0.377311,0.379827,458084000
2010-02-23,0.380970,0.382571,0.366792,0.370680,489764000
2010-02-24,0.373881,0.382114,0.372738,0.378455,445868000
2010-02-25,0.369765,0.375939,0.360389,0.375025,576972000
2010-02-26,0.373195,0.375939,0.368164,0.370451,393396000
2010-03-01,0.370680,0.387144,0.367707,0.385315,555868000
2010-03-02,0.388745,0.393547,0.382342,0.385086,538648000
2010-03-03,0.387373,0.389431,0.377083,0.380284,399300000
2010-03-04,0.381885,0.384858,0.376168,0.380970,557396000
2010-03-05,0.378226,0.395377,0.378226,0.392633,632832000
2010-03-08,0.392861,0.394004,0.385315,0.386916,439312000
2010-03-09,0.390803,0.405210,0.390574,0.401322,830832000
2010-03-10,0.400179,0.406582,0.399950,0.402237,418520000
2010-03-11,0.399035,0.400407,0.391489,0.393090,540660000
2010-03-12,0.397434,0.398578,0.392404,0.394462,520352000
2010-03-15,0.394004,0.397892,0.388745,0.392404,358904000
2010-03-16,0.392175,0.408411,0.391946,0.406124,664988000
2010-03-17,0.408411,0.419387,0.408411,0.413899,651168000
2010-03-18,0.414585,0.414585,0.395605,0.399264,740964000
2010-03-19,0.405209,0.406353,0.389431,0.394462,584612000
2010-03-22,0.389431,0.402465,0.389431,0.400865,435336000
2010-03-23,0.403837,0.411155,0.401093,0.409097,493612000
2010-03-24,0.405667,0.406810,0.394691,0.395377,436252000
2010-03-25,0.401093,0.403609,0.395605,0.396520,495184000
2010-03-26,0.399950,0.404066,0.393318,0.396520,344676000
2010-03-29,0.399035,0.402466,0.393547,0.401551,394456000
2010-03-30,0.406124,0.408182,0.396291,0.403151,324104000
2010-03-31,0.401551,0.403380,0.395834,0.397892,389840000
2010-04-01,0.399721,0.404295,0.389660,0.393776,339664000
2010-04-05,0.396291,0.400407,0.395834,0.399721,413636000
2010-04-06,0.394690,0.395605,0.383028,0.389888,809260000
2010-04-07,0.387373,0.399035,0.384171,0.392404,817468000
2010-04-08,0.389888,0.392861,0.383943,0.386001,1037600000
2010-04-09,0.385086,0.389888,0.383028,0.388516,817572000
2010-04-12,0.388974,0.397206,0.388288,0.395605,546460000
2010-04-13,0.397206,0.405209,0.395605,0.403837,648696000
2010-04-14,0.412527,0.414585,0.402465,0.408868,900720000
2010-04-15,0.410240,0.414356,0.406124,0.411841,957596000
2010-04-16,0.395148,0.396749,0.381427,0.390117,1917736000
2010-04-19,0.387144,0.389431,0.375253,0.388288,1094492000
2010-04-20,0.391032,0.395148,0.384629,0.389660,678188000
2010-04-21,0.391718,0.392175,0.375025,0.379598,895908000
2010-04-22,0.373424,0.382342,0.368164,0.381199,656932000
2010-04-23,0.380055,0.380970,0.369308,0.375939,752916000
2010-04-26,0.376397,0.384171,0.375711,0.379598,491092000
2010-04-27,0.376854,0.380741,0.367707,0.368850,606704000
2010-04-28,0.368622,0.374796,0.361990,0.369536,672164000
2010-04-29,0.370680,0.381199,0.365192,0.380741,987128000
2010-04-30,0.376168,0.376854,0.359018,0.359246,1068048000
2010-05-03,0.361075,0.363134,0.349870,0.355359,1078972000
2010-05-04,0.349870,0.350556,0.332262,0.337293,1311376000
2010-05-05,0.330433,0.340037,0.327460,0.331577,1330840000
2010-05-06,0.329290,0.336150,0.298190,0.324716,1002888000
2010-05-07,0.327689,0.327689,0.307794,0.319228,1153712000
2010-05-10,0.338437,0.342553,0.329290,0.332949,979156000
2010-05-11,0.329747,0.335921,0.326774,0.329290,829124000
2010-05-12,0.331577,0.337522,0.329519,0.335693,901236000
2010-05-13,0.334321,0.349642,0.331805,0.335007,1252000000
2010-05-14,0.312368,0.313283,0.288128,0.296361,2493068000
2010-05-17,0.296818,0.300706,0.287671,0.297047,856060000
2010-05-18,0.299562,0.301392,0.285613,0.287214,674112000
2010-05-19,0.285842,0.292245,0.283784,0.291787,826520000
2010-05-20,0.283326,0.291787,0.274637,0.284927,1129136000
2010-05-21,0.276695,0.299105,0.276695,0.291101,1069600000
2010-05-24,0.290187,0.293617,0.281726,0.282640,664564000
2010-05-25,0.273722,0.291559,0.270978,0.290187,966652000
2010-05-26,0.301849,0.307566,0.290644,0.291559,995028000
2010-05-27,0.298876,0.308709,0.298190,0.308709,713560000
2010-05-28,0.308252,0.308252,0.295903,0.300477,545116000
2010-06-01,0.296361,0.299791,0.287443,0.287671,527492000
2010-06-02,0.288129,0.291330,0.286299,0.290873,649088000
2010-06-03,0.284927,0.291101,0.284013,0.290415,586360000
2010-06-04,0.281954,0.286985,0.275094,0.276695,671456000
2010-06-07,0.277838,0.279668,0.261831,0.262975,577248000
2010-06-08,0.261831,0.261831,0.249025,0.255657,967636000
2010-06-09,0.257029,0.263889,0.248568,0.249483,697152000
2010-06-10,0.254514,0.260688,0.253827,0.259544,611768000
2010-06-11,0.256800,0.266633,0.256114,0.265490,442104000
2010-06-14,0.269377,0.269835,0.259087,0.259773,375080000
2010-06-15,0.262746,0.273951,0.262289,0.272579,528632000
2010-06-16,0.270749,0.273265,0.265490,0.269149,366480000
2010-06-17,0.278524,0.280125,0.268920,0.279439,859068000
2010-06-18,0.281040,0.284698,0.278982,0.281268,932832000
2010-06-21,0.287214,0.287900,0.272122,0.274637,579836000
2010-06-22,0.278067,0.281497,0.262974,0.264347,818164000
2010-06-23,0.266862,0.270064,0.259316,0.267319,614060000
2010-06-24,0.265719,0.267091,0.253142,0.254056,725028000
2010-06-25,0.255886,0.256114,0.249254,0.253370,507220000
2010-06-28,0.255200,0.257486,0.249254,0.253828,372008000
2010-06-29,0.248339,0.248568,0.238049,0.239650,660808000
2010-06-30,0.240107,0.242623,0.233476,0.233476,623072000
2010-07-01,0.234162,0.238964,0.227073,0.237363,737008000
2010-07-02,0.238278,0.238735,0.226387,0.234390,737096000
2010-07-06,0.233476,0.241022,0.229817,0.231875,712020000
2010-07-07,0.232790,0.244452,0.232332,0.243080,608412000
2010-07-08,0.244681,0.244909,0.232790,0.235762,783272000
2010-07-09,0.236906,0.238278,0.233704,0.236677,571516000
2010-07-12,0.236677,0.243995,0.236448,0.241022,565396000
2010-07-13,0.244909,0.251312,0.243537,0.249711,723316000
2010-07-14,0.260688,0.262517,0.248568,0.252227,1355664000
2010-07-15,0.252456,0.252684,0.242165,0.245138,953088000
2010-07-16,0.245138,0.245824,0.228902,0.229817,1288604000
2010-07-19,0.233018,0.240107,0.231418,0.239193,798440000
2010-07-20,0.233018,0.246510,0.230960,0.245138,1160988000
2010-07-21,0.247425,0.247653,0.234848,0.237134,624940000
2010-07-22,0.239650,0.243537,0.238278,0.241022,462612000
2010-07-23,0.240793,0.241022,0.234619,0.236906,817604000
2010-07-26,0.236220,0.242165,0.232561,0.241251,683548000
2010-07-27,0.241937,0.242394,0.236220,0.239193,683472000
2010-07-28,0.235305,0.239421,0.230960,0.231646,1320808000
2010-07-29,0.214953,0.219527,0.207407,0.208779,2664476000
2010-07-30,0.207178,0.213810,0.203977,0.210151,984288000
2010-08-02,0.213810,0.214724,0.209008,0.209922,917020000
2010-08-03,0.208322,0.208550,0.202833,0.204434,955444000
2010-08-04,0.206263,0.213810,0.205349,0.213124,855496000
2010-08-05,0.213810,0.216325,0.209922,0.215868,800504000
2010-08-06,0.214953,0.220670,0.213124,0.218383,739904000
2010-08-09,0.220670,0.220899,0.215182,0.220441,466456000
2010-08-10,0.216782,0.217240,0.210380,0.211294,772560000
2010-08-11,0.206950,0.206950,0.202376,0.203062,796148000
2010-08-12,0.199403,0.209465,0.197803,0.204891,1343584000
2010-08-13,0.211523,0.217697,0.211066,0.214724,1797392000
2010-08-16,0.211752,0.216096,0.206492,0.209236,814008000
2010-08-17,0.211294,0.215868,0.209236,0.211980,481224000
2010-08-18,0.211294,0.214953,0.209922,0.213124,352920000
2010-08-19,0.215410,0.226615,0.214267,0.225929,1615100000
2010-08-20,0.224329,0.233476,0.224100,0.227987,1305308000
2010-08-23,0.228673,0.234390,0.223871,0.224557,748620000
2010-08-24,0.217240,0.224557,0.216783,0.222271,641332000
2010-08-25,0.219755,0.228673,0.218612,0.226844,757532000
2010-08-26,0.229817,0.232332,0.224100,0.224100,657596000
2010-08-27,0.225472,0.233247,0.219755,0.231418,1060416000
2010-08-30,0.228673,0.230503,0.220441,0.220441,602804000
2010-08-31,0.217240,0.224100,0.212666,0.213352,931488000
2010-09-01,0.216554,0.219298,0.213810,0.214953,851440000
2010-09-02,0.215639,0.219527,0.213581,0.218841,596292000
2010-09-03,0.224100,0.227073,0.221356,0.226387,566484000
2010-09-07,0.225701,0.233704,0.225243,0.228445,899820000
2010-09-08,0.228902,0.237592,0.226387,0.235991,1224156000
2010-09-09,0.238964,0.239193,0.229817,0.232790,697748000
2010-09-10,0.234390,0.235076,0.228216,0.230274,609292000
2010-09-13,0.234390,0.246281,0.234390,0.243309,1015792000
2010-09-14,0.241251,0.244223,0.238964,0.241022,698536000
2010-09-15,0.238735,0.241708,0.235534,0.241479,555572000
2010-09-16,0.238278,0.243766,0.238278,0.241708,365280000
2010-09-17,0.243995,0.244223,0.240565,0.241251,416884000
2010-09-20,0.241251,0.245824,0.238964,0.244909,443168000
2010-09-21,0.243537,0.262288,0.243537,0.258172,1779624000
2010-09-22,0.257258,0.262746,0.255657,0.260459,999996000
2010-09-23,0.263432,0.273951,0.261145,0.265719,1240872000
2010-09-24,0.271664,0.281268,0.269606,0.280354,1086976000
2010-09-27,0.282412,0.282640,0.270749,0.274408,999504000
2010-09-28,0.274637,0.277610,0.268920,0.273722,723192000
2010-09-29,0.271207,0.279668,0.268691,0.271664,974904000
2010-09-30,0.275094,0.278296,0.264804,0.267091,787632000
2010-10-01,0.270978,0.271435,0.257486,0.259544,999120000
2010-10-04,0.257029,0.261374,0.251770,0.257029,749500000
2010-10-05,0.262517,0.262975,0.258172,0.258858,753588000
2010-10-06,0.258858,0.260002,0.243995,0.246510,1057604000
2010-10-07,0.247653,0.247882,0.237363,0.244681,761488000
2010-10-08,0.243766,0.250398,0.240336,0.248339,706932000
2010-10-11,0.249483,0.251541,0.246053,0.247196,442680000
2010-10-12,0.245138,0.253142,0.243080,0.251998,605208000
2010-10-13,0.256114,0.262974,0.253370,0.259316,968732000
2010-10-14,0.259544,0.260002,0.254056,0.255200,599172000
2010-10-15,0.259316,0.262288,0.255200,0.258172,639940000
2010-10-18,0.258401,0.260917,0.253828,0.259773,448156000
2010-10-19,0.254056,0.260002,0.251998,0.258172,866136000
2010-10-20,0.258401,0.265261,0.253828,0.258172,763532000
2010-10-21,0.258401,0.258858,0.249711,0.253599,1014428000
2010-10-22,0.255200,0.271893,0.252456,0.269835,1322676000
2010-10-25,0.271893,0.274408,0.269377,0.272350,673136000
2010-10-26,0.269149,0.275552,0.266862,0.271436,675248000
2010-10-27,0.268920,0.276237,0.268234,0.275323,496796000
2010-10-28,0.278982,0.279896,0.273036,0.275552,704448000
2010-10-29,0.275094,0.277838,0.272121,0.274866,554664000
2010-11-01,0.276695,0.281040,0.273036,0.275323,473920000
2010-11-02,0.276466,0.285613,0.274866,0.281040,581036000
2010-11-03,0.282869,0.284927,0.275551,0.283098,671748000
2010-11-04,0.285842,0.288815,0.283098,0.283555,700016000
2010-11-05,0.285613,0.290873,0.284241,0.288357,735116000
2010-11-08,0.288129,0.292016,0.285842,0.289501,605156000
2010-11-09,0.289501,0.291787,0.286299,0.287900,633964000
2010-11-10,0.289958,0.291330,0.285842,0.291330,521016000
2010-11-11,0.284470,0.293159,0.280582,0.288357,1089980000
2010-11-12,0.299334,0.312825,0.297961,0.303221,2142560000
2010-11-15,0.304593,0.308938,0.298876,0.299562,733548000
2010-11-16,0.294532,0.298648,0.290187,0.290644,739356000
2010-11-17,0.290415,0.298876,0.287671,0.295446,551764000
2010-11-18,0.299334,0.307566,0.299334,0.304593,993120000
2010-11-19,0.303907,0.315569,0.303450,0.314426,716484000
2010-11-22,0.312368,0.316484,0.309624,0.314655,462668000
2010-11-23,0.310996,0.314197,0.305050,0.307337,457832000
2010-11-24,0.310539,0.316027,0.310310,0.314883,397784000
2010-11-26,0.314655,0.316484,0.310996,0.310996,143104000
2010-11-29,0.309624,0.315569,0.308252,0.314426,468192000
2010-11-30,0.309624,0.312825,0.305508,0.311225,720936000
2010-12-01,0.317399,0.327003,0.316941,0.324945,626536000
2010-12-02,0.324945,0.330891,0.324716,0.328833,529316000
2010-12-03,0.327232,0.338208,0.326546,0.338208,606044000
2010-12-06,0.339351,0.340038,0.330433,0.331805,438424000
2010-12-07,0.339580,0.350556,0.338894,0.342553,1026812000
2010-12-08,0.342096,0.349184,0.339580,0.345526,613252000
2010-12-09,0.337293,0.342096,0.332491,0.339809,942408000
2010-12-10,0.339809,0.345068,0.338894,0.341867,451900000
2010-12-13,0.343239,0.343925,0.332263,0.333177,609108000
2010-12-14,0.339580,0.345754,0.333177,0.333635,755160000
2010-12-15,0.334321,0.338437,0.325860,0.326317,624176000
2010-12-16,0.329747,0.331577,0.325860,0.326774,631872000
2010-12-17,0.327003,0.330433,0.323116,0.328604,593156000
2010-12-20,0.329747,0.331348,0.327003,0.327232,344088000
2010-12-21,0.330433,0.340038,0.330205,0.340038,466952000
2010-12-22,0.339352,0.344154,0.336150,0.343696,477988000
2010-12-23,0.343696,0.343696,0.339809,0.341181,273784000
2010-12-27,0.340266,0.345526,0.334092,0.343010,255500000
2010-12-28,0.343010,0.345297,0.339580,0.341638,194260000
2010-12-29,0.341410,0.344154,0.338437,0.341638,177660000
2010-12-30,0.341181,0.344840,0.340037,0.342781,174488000
2010-12-31,0.343010,0.352615,0.342553,0.352157,391252000
2011-01-03,0.354901,0.365192,0.354444,0.361762,817448000
2011-01-04,0.362447,0.364048,0.352615,0.360618,651384000
2011-01-05,0.367250,0.388745,0.363591,0.388288,1428216000
2011-01-06,0.398349,0.442255,0.397206,0.442026,3493312000
2011-01-07,0.436995,0.455746,0.427162,0.454374,2579984000
2011-01-10,0.446142,0.472668,0.442712,0.471754,1750348000
2011-01-11,0.478156,0.482730,0.454374,0.464436,2711088000
2011-01-12,0.464665,0.534410,0.463064,0.533953,3431896000
2011-01-13,0.528236,0.545157,0.511771,0.534867,2695192000
2011-01-14,0.525720,0.548359,0.522519,0.539441,1595352000
2011-01-18,0.532123,0.535782,0.513829,0.526864,1813348000
2011-01-19,0.527092,0.539669,0.511314,0.512457,1197896000
2011-01-20,0.507427,0.515888,0.498280,0.512915,1111408000
2011-01-21,0.518403,0.525721,0.507198,0.508113,739244000
2011-01-24,0.531437,0.572827,0.525492,0.565510,2056900000
2011-01-25,0.562994,0.568940,0.544471,0.548130,1086856000
2011-01-26,0.553847,0.571684,0.549960,0.561165,1074660000
2011-01-27,0.569169,0.570541,0.548817,0.559564,657396000
2011-01-28,0.560936,0.570312,0.530523,0.543328,1094796000
2011-01-31,0.544243,0.554533,0.535325,0.546987,750160000
2011-02-01,0.551789,0.563680,0.548131,0.559564,654104000
2011-02-02,0.556363,0.598439,0.556363,0.584947,1606616000
2011-02-03,0.585862,0.585862,0.561393,0.573971,1030776000
2011-02-04,0.581974,0.591578,0.579687,0.587005,872900000
2011-02-07,0.579001,0.581517,0.560479,0.562537,934236000
2011-02-08,0.563223,0.566882,0.543328,0.545844,1076584000
2011-02-09,0.547902,0.553390,0.522747,0.532580,1277520000
2011-02-10,0.520689,0.530751,0.516802,0.521833,1042352000
2011-02-11,0.520004,0.553619,0.511543,0.536697,1359276000
2011-02-14,0.543100,0.560250,0.526407,0.528465,1287828000
2011-02-15,0.529379,0.531208,0.513372,0.515659,886980000
2011-02-16,0.522519,0.542185,0.520690,0.534639,1318364000
2011-02-17,0.519546,0.594780,0.517031,0.587234,3470096000
2011-02-18,0.584032,0.593408,0.576943,0.586090,1394412000
2011-02-22,0.566882,0.568483,0.528922,0.530751,1396648000
2011-02-23,0.530751,0.535782,0.498051,0.505597,1491604000
2011-02-24,0.508113,0.526864,0.504454,0.517946,1246120000
2011-02-25,0.531894,0.537383,0.524577,0.528693,775652000
2011-02-28,0.537383,0.537611,0.506283,0.518174,903696000
2011-03-01,0.519089,0.525720,0.495078,0.495078,988448000
2011-03-02,0.494392,0.503768,0.463064,0.474498,1718140000
2011-03-03,0.485474,0.488218,0.462835,0.477242,1593704000
2011-03-04,0.477699,0.482501,0.469467,0.474726,959760000
2011-03-07,0.478156,0.479757,0.456204,0.468095,1019140000
2011-03-08,0.473126,0.475641,0.437224,0.447057,1947184000
2011-03-09,0.445685,0.450029,0.433794,0.437681,1318976000
2011-03-10,0.427619,0.430821,0.409326,0.409783,1722736000
2011-03-11,0.413213,0.424189,0.403837,0.412756,1486832000
2011-03-14,0.415957,0.426476,0.409326,0.416186,1003360000
2011-03-15,0.395834,0.410698,0.388974,0.403837,1256280000
2011-03-16,0.400179,0.419616,0.395605,0.400865,1476520000
2011-03-17,0.411612,0.412298,0.393319,0.408411,1238516000
2011-03-18,0.414814,0.416186,0.402465,0.402923,886960000
2011-03-21,0.411612,0.415728,0.402008,0.406124,751832000
2011-03-22,0.404981,0.408868,0.397206,0.399035,718332000
2011-03-23,0.398349,0.408411,0.389660,0.407268,782396000
2011-03-24,0.415957,0.444770,0.415042,0.439739,1780592000
2011-03-25,0.443627,0.444770,0.425333,0.426019,1196392000
2011-03-28,0.436080,0.449115,0.432193,0.441797,1204284000
2011-03-29,0.441797,0.443398,0.432422,0.438367,715764000
2011-03-30,0.441797,0.443627,0.416414,0.421903,1176320000
2011-03-31,0.422589,0.427162,0.414357,0.422131,655112000
2011-04-01,0.427620,0.428077,0.410469,0.416186,850072000
2011-04-04,0.416186,0.417329,0.398349,0.401322,924328000
2011-04-05,0.407268,0.410469,0.401093,0.402008,821076000
2011-04-06,0.404981,0.405438,0.395834,0.399264,856984000
2011-04-07,0.400179,0.416414,0.398578,0.413899,1021208000
2011-04-08,0.417101,0.417101,0.400179,0.401322,746552000
2011-04-11,0.402923,0.404981,0.391718,0.396062,546208000
2011-04-12,0.392175,0.399950,0.384857,0.397206,840756000
2011-04-13,0.401322,0.408640,0.396291,0.406124,749588000
2011-04-14,0.402465,0.423503,0.400179,0.423275,1254704000
2011-04-15,0.420073,0.433108,0.418015,0.427848,969720000
2011-04-18,0.417787,0.420531,0.407039,0.413670,743584000
2011-04-19,0.413899,0.415500,0.400865,0.412070,659860000
2011-04-20,0.427162,0.433336,0.417787,0.424647,650516000
2011-04-21,0.429220,0.431964,0.422589,0.423503,421300000
2011-04-25,0.425333,0.437224,0.425104,0.430135,619612000
2011-04-26,0.433794,0.445685,0.429449,0.441340,676000000
2011-04-27,0.443627,0.443627,0.432193,0.441340,450004000
2011-04-28,0.441340,0.455060,0.436309,0.446142,684000000
2011-04-29,0.449115,0.467409,0.448429,0.457347,836000000
2011-05-02,0.466951,0.467180,0.448886,0.451173,613824000
2011-05-03,0.445913,0.447285,0.424189,0.429678,808000000
2011-05-04,0.431050,0.435852,0.418473,0.426476,639356000
2011-05-05,0.423046,0.431736,0.417329,0.426705,544000000
2011-05-06,0.435623,0.445913,0.432193,0.441797,841080000
2011-05-09,0.443169,0.453917,0.442026,0.451630,706328000
2011-05-10,0.455289,0.455746,0.447743,0.452316,690976000
2011-05-11,0.454603,0.459176,0.448200,0.454374,616000000
2011-05-12,0.452774,0.469238,0.451630,0.468781,1224000000
2011-05-13,0.439053,0.440196,0.414356,0.417558,2025192000
2011-05-16,0.416414,0.417329,0.404523,0.404752,728188000
2011-05-17,0.403380,0.403609,0.391489,0.403151,1420364000
2011-05-18,0.404752,0.415957,0.403380,0.412527,658844000
2011-05-19,0.415728,0.415957,0.400407,0.406581,650884000
2011-05-20,0.405667,0.414585,0.403837,0.413670,575820000
2011-05-23,0.407725,0.416186,0.402465,0.413213,588000000
2011-05-24,0.415271,0.431507,0.414128,0.414814,720372000
2011-05-25,0.412756,0.422589,0.408639,0.419844,545312000
2011-05-26,0.419845,0.434022,0.418701,0.430364,706436000
2011-05-27,0.432193,0.446599,0.431736,0.445913,658824000
2011-05-31,0.454603,0.458490,0.443627,0.458262,1200716000
2011-06-01,0.456204,0.456890,0.436766,0.437681,762208000
2011-06-02,0.438367,0.441569,0.430364,0.435623,607592000
2011-06-03,0.430592,0.434480,0.420073,0.422131,549300000
2011-06-06,0.421445,0.425333,0.412756,0.413213,435988000
2011-06-07,0.416415,0.418701,0.411155,0.412984,433956000
2011-06-08,0.410926,0.413442,0.398578,0.401779,569288000
2011-06-09,0.401551,0.402465,0.382799,0.397206,741632000
2011-06-10,0.397892,0.400407,0.388288,0.391489,493548000
2011-06-13,0.391489,0.396520,0.386001,0.388745,574760000
2011-06-14,0.392175,0.400636,0.390346,0.391946,534576000
2011-06-15,0.386687,0.388974,0.375482,0.383486,935916000
2011-06-16,0.383714,0.389660,0.364734,0.370222,1024908000
2011-06-17,0.374567,0.374796,0.350099,0.361533,1467884000
2011-06-20,0.358331,0.365878,0.354444,0.357188,745960000
2011-06-21,0.358560,0.367707,0.355130,0.364963,704276000
2011-06-22,0.362448,0.367250,0.359246,0.359932,651720000
2011-06-23,0.355359,0.373195,0.352157,0.370680,744024000
2011-06-24,0.368850,0.372052,0.357645,0.359932,529052000
2011-06-27,0.359932,0.362219,0.339809,0.352386,1142152000
2011-06-28,0.352386,0.358560,0.349870,0.354444,692200000
2011-06-29,0.356731,0.363591,0.344382,0.359932,960544000
2011-06-30,0.360847,0.368393,0.355359,0.364506,652300000
2011-07-01,0.364506,0.370680,0.357188,0.369308,540804000
2011-07-05,0.368850,0.372281,0.359932,0.363134,535296000
2011-07-06,0.362905,0.363591,0.353987,0.358331,529580000
2011-07-07,0.360161,0.361990,0.353301,0.359703,986136000
2011-07-08,0.354673,0.357188,0.349870,0.352843,619516000
2011-07-11,0.346212,0.347584,0.339580,0.340495,714388000
2011-07-12,0.338894,0.342096,0.330205,0.335921,867604000
2011-07-13,0.340495,0.342782,0.332034,0.335235,634368000
2011-07-14,0.336607,0.338665,0.320372,0.321972,1088996000
2011-07-15,0.323802,0.325860,0.315798,0.322430,827736000
2011-07-18,0.319914,0.321744,0.311453,0.315569,818200000
2011-07-19,0.316484,0.325860,0.316484,0.325174,602224000
2011-07-20,0.326317,0.328147,0.320143,0.321058,662956000
2011-07-21,0.321515,0.338437,0.316713,0.336150,1143420000
2011-07-22,0.339123,0.344154,0.334778,0.343010,737192000
2011-07-25,0.337751,0.339123,0.332720,0.337522,566920000
2011-07-26,0.327918,0.336150,0.324488,0.329290,698276000
2011-07-27,0.324716,0.326317,0.316027,0.316942,652212000
2011-07-28,0.315798,0.322887,0.310767,0.316255,648176000
2011-07-29,0.313054,0.319228,0.311453,0.316255,677656000
2011-08-01,0.323573,0.334092,0.320829,0.333177,1019620000
2011-08-02,0.330891,0.351700,0.329747,0.329747,1356432000
2011-08-03,0.330433,0.339809,0.327232,0.338665,765236000
2011-08-04,0.332491,0.332491,0.306423,0.306423,979732000
2011-08-05,0.313511,0.317399,0.288129,0.296132,1270588000
2011-08-08,0.281726,0.291787,0.270978,0.272807,1084180000
2011-08-09,0.278067,0.296132,0.274408,0.295675,1329832000
2011-08-10,0.286985,0.295218,0.280582,0.282183,1140052000
2011-08-11,0.282183,0.310767,0.282183,0.306651,1078792000
2011-08-12,0.339352,0.339809,0.289729,0.294532,3195784000
2011-08-15,0.297504,0.306423,0.295904,0.305737,864152000
2011-08-16,0.302306,0.306423,0.291559,0.297047,716868000
2011-08-17,0.297961,0.302992,0.289043,0.292931,553328000
2011-08-18,0.279668,0.282412,0.269835,0.273036,802564000
2011-08-19,0.268463,0.283326,0.266405,0.268234,761332000
2011-08-22,0.275780,0.278982,0.270063,0.273036,611876000
2011-08-23,0.279668,0.302764,0.279210,0.302535,938312000
2011-08-24,0.301849,0.302764,0.290415,0.298190,687500000
2011-08-25,0.292245,0.297504,0.284927,0.285385,690968000
2011-08-26,0.284241,0.300477,0.279210,0.297504,732660000
2011-08-29,0.305965,0.306651,0.298876,0.305508,601528000
2011-08-30,0.303450,0.315341,0.301392,0.312825,684760000
2011-08-31,0.315112,0.318314,0.301849,0.304364,705808000
2011-09-01,0.308481,0.315112,0.303450,0.303678,762312000
2011-09-02,0.296818,0.300934,0.293159,0.295446,471356000
2011-09-06,0.285842,0.302078,0.283098,0.301392,696248000
2011-09-07,0.325860,0.334778,0.316942,0.325860,1606620000
2011-09-08,0.322658,0.330433,0.319000,0.324259,880164000
2011-09-09,0.321515,0.330205,0.314655,0.317399,869828000
2011-09-12,0.313054,0.327689,0.313054,0.324945,916480000
2011-09-13,0.327689,0.333863,0.322658,0.332263,853836000
2011-09-14,0.340952,0.353758,0.340724,0.349413,1547192000
2011-09-15,0.357188,0.359017,0.351243,0.354444,752908000
2011-09-16,0.355130,0.368164,0.351700,0.353529,1391588000
2011-09-19,0.347584,0.350099,0.337293,0.346212,968204000
2011-09-20,0.350556,0.351928,0.335693,0.337293,792436000
2011-09-21,0.339123,0.345068,0.330662,0.330891,715252000
2011-09-22,0.317856,0.318313,0.302992,0.308938,1314632000
2011-09-23,0.307109,0.324259,0.305279,0.315341,1011440000
2011-09-26,0.319228,0.320143,0.301849,0.316027,972124000
2011-09-27,0.324030,0.326774,0.313969,0.316484,781388000
2011-09-28,0.317170,0.325174,0.301849,0.306880,1236532000
2011-09-29,0.312368,0.317627,0.291559,0.299334,866416000
2011-09-30,0.294531,0.296132,0.285613,0.286070,677784000
2011-10-03,0.282412,0.291330,0.270063,0.270063,949896000
2011-10-04,0.263432,0.294989,0.262289,0.294989,1361548000
2011-10-05,0.294303,0.308252,0.288357,0.305508,856708000
2011-10-06,0.307109,0.318542,0.306651,0.317628,773192000
2011-10-07,0.318999,0.328375,0.312368,0.323573,806976000
2011-10-10,0.329061,0.337979,0.328375,0.337979,534376000
2011-10-11,0.335235,0.340724,0.333177,0.334321,816080000
2011-10-12,0.340724,0.340952,0.333863,0.334092,612064000
2011-10-13,0.332491,0.354215,0.331577,0.353529,854832000
2011-10-14,0.359703,0.363362,0.350785,0.359475,702452000
2011-10-17,0.355359,0.355359,0.339809,0.341638,611780000
2011-10-18,0.339809,0.354901,0.337751,0.353987,590916000
2011-10-19,0.354444,0.360618,0.345983,0.346898,557568000
2011-10-20,0.337522,0.338894,0.316484,0.329518,990308000
2011-10-21,0.333635,0.339123,0.325631,0.331119,628428000
2011-10-24,0.332491,0.348727,0.331805,0.343468,535256000
2011-10-25,0.338665,0.341410,0.329747,0.330433,577996000
2011-10-26,0.336836,0.338666,0.324716,0.334321,503116000
2011-10-27,0.346669,0.352157,0.338894,0.348727,577732000
2011-10-28,0.345754,0.359932,0.344840,0.356731,490156000
2011-10-31,0.345297,0.347355,0.338437,0.338437,519984000
2011-11-01,0.326088,0.327003,0.318314,0.321515,790824000
2011-11-02,0.324716,0.326317,0.309395,0.316027,961608000
2011-11-03,0.319457,0.335693,0.310996,0.335007,749372000
2011-11-04,0.332034,0.340038,0.326774,0.338894,654840000
2011-11-07,0.336379,0.342096,0.329290,0.337065,613536000
2011-11-08,0.341410,0.346898,0.335921,0.344840,549728000
2011-11-09,0.336836,0.341181,0.326088,0.327461,532244000
2011-11-10,0.335464,0.338894,0.322658,0.330891,990484000
2011-11-11,0.340266,0.345297,0.321744,0.342553,1751560000
2011-11-14,0.342553,0.345983,0.335007,0.335921,500292000
2011-11-15,0.332720,0.342782,0.331805,0.340266,505660000
2011-11-16,0.333863,0.342782,0.332263,0.333406,512420000
2011-11-17,0.332720,0.333635,0.315569,0.321515,657504000
2011-11-18,0.323344,0.323344,0.315112,0.318542,501352000
2011-11-21,0.313511,0.337751,0.308709,0.334549,1330788000
2011-11-22,0.338208,0.346669,0.336379,0.344840,1287480000
2011-11-23,0.341181,0.343696,0.329976,0.330205,825340000
2011-11-25,0.325860,0.333406,0.320143,0.321058,406620000
2011-11-28,0.331577,0.344154,0.331577,0.339123,690616000
2011-11-29,0.338665,0.345297,0.335464,0.340952,623440000
2011-11-30,0.351242,0.358331,0.348270,0.357417,730324000
2011-12-01,0.354444,0.362676,0.352843,0.361762,529760000
2011-12-02,0.365649,0.367021,0.356045,0.359475,546464000
2011-12-05,0.365420,0.365878,0.351014,0.353987,644696000
2011-12-06,0.356045,0.356731,0.345297,0.348956,573832000
2011-12-07,0.346669,0.349413,0.339580,0.346898,510016000
2011-12-08,0.343468,0.349184,0.334778,0.335921,491488000
2011-12-09,0.333406,0.343468,0.328833,0.340724,555840000
2011-12-12,0.333406,0.334778,0.326088,0.332263,573208000
2011-12-13,0.336607,0.340724,0.321058,0.323116,516596000
2011-12-14,0.320372,0.322201,0.307109,0.310539,636020000
2011-12-15,0.315798,0.317856,0.307109,0.307795,435148000
2011-12-16,0.310310,0.316255,0.307566,0.308938,619116000
2011-12-19,0.310310,0.313969,0.299791,0.300934,463276000
2011-12-20,0.307794,0.318999,0.307794,0.317856,445208000
2011-12-21,0.316027,0.319457,0.307566,0.313740,548424000
2011-12-22,0.314655,0.328147,0.314655,0.327232,576560000
2011-12-23,0.328832,0.329290,0.321286,0.324030,248948000
2011-12-27,0.322658,0.326546,0.320600,0.321515,195712000
2011-12-28,0.321515,0.322201,0.313283,0.313511,233960000
2011-12-29,0.316713,0.320143,0.312139,0.319457,211112000
2011-12-30,0.318314,0.321744,0.316484,0.316942,186956000
2012-01-03,0.327003,0.329290,0.320372,0.321058,468044000
2012-01-04,0.321286,0.326088,0.318314,0.324716,347372000
2012-01-05,0.323116,0.337980,0.321744,0.336379,563548000
2012-01-06,0.336150,0.336379,0.328604,0.332491,533252000
2012-01-09,0.332720,0.338894,0.330205,0.332491,508244000
2012-01-10,0.337522,0.337751,0.328832,0.331119,546328000
2012-01-11,0.328146,0.331119,0.323116,0.324488,484272000
2012-01-12,0.325174,0.325402,0.315341,0.322430,652364000
2012-01-13,0.320143,0.320829,0.312368,0.313969,504300000
2012-01-17,0.318771,0.318771,0.308709,0.309167,627176000
2012-01-18,0.315112,0.322201,0.313511,0.319686,632676000
2012-01-19,0.322430,0.328604,0.318999,0.328146,608312000
2012-01-20,0.327689,0.331577,0.324030,0.325174,546272000
2012-01-23,0.325402,0.334321,0.321286,0.334092,562792000
2012-01-24,0.331805,0.343010,0.331577,0.341638,730920000
2012-01-25,0.332491,0.340495,0.322887,0.339580,1274152000
2012-01-26,0.344611,0.348499,0.334549,0.336379,799672000
2012-01-27,0.334321,0.342781,0.331577,0.340952,449996000
2012-01-30,0.335007,0.340037,0.329976,0.338437,399076000
2012-01-31,0.339351,0.339580,0.331805,0.337751,357900000
2012-02-01,0.341638,0.345297,0.336836,0.341409,428020000
2012-02-02,0.343239,0.355587,0.339809,0.354215,696236000
2012-02-03,0.359475,0.364734,0.358789,0.361762,495232000
2012-02-06,0.359932,0.360390,0.355816,0.359017,278868000
2012-02-07,0.359475,0.361990,0.353529,0.359932,410296000
2012-02-08,0.359932,0.380055,0.358103,0.372967,847612000
2012-02-09,0.377540,0.379598,0.372052,0.372738,561944000
2012-02-10,0.369079,0.370451,0.361533,0.363591,440268000
2012-02-13,0.372738,0.374110,0.361761,0.369308,610668000
2012-02-14,0.369308,0.374567,0.366106,0.371366,453756000
2012-02-15,0.374796,0.386458,0.368850,0.369765,1110856000
2012-02-16,0.344382,0.379141,0.343010,0.376168,1888588000
2012-02-17,0.376397,0.378912,0.359017,0.362448,1020360000
2012-02-21,0.362219,0.373195,0.361533,0.364277,518176000
2012-02-22,0.362448,0.371366,0.361304,0.361762,492432000
2012-02-23,0.362447,0.365878,0.356731,0.363820,323968000
2012-02-24,0.364963,0.365420,0.359475,0.361075,366668000
2012-02-27,0.356502,0.358103,0.348727,0.353758,745268000
2012-02-28,0.353758,0.357874,0.346898,0.350556,699884000
2012-02-29,0.351700,0.357645,0.346212,0.346440,689196000
2012-03-01,0.347812,0.352843,0.346440,0.348727,449944000
2012-03-02,0.347584,0.356731,0.347584,0.351700,684076000
2012-03-05,0.349184,0.349870,0.337293,0.339809,514848000
2012-03-06,0.335921,0.338665,0.330662,0.336607,471400000
2012-03-07,0.338437,0.340038,0.333863,0.338665,441984000
2012-03-08,0.339580,0.343239,0.337751,0.339809,430852000
2012-03-09,0.340724,0.343239,0.337065,0.338894,367836000
2012-03-12,0.340266,0.342553,0.332720,0.333635,299948000
2012-03-13,0.335007,0.340037,0.333406,0.338208,553288000
2012-03-14,0.338208,0.338894,0.327461,0.328604,735708000
2012-03-15,0.329519,0.335235,0.328375,0.333406,382380000
2012-03-16,0.333635,0.335235,0.331805,0.333863,428340000
2012-03-19,0.335693,0.337293,0.333177,0.334778,405400000
2012-03-20,0.332949,0.332949,0.326317,0.329290,449616000
2012-03-21,0.329290,0.333635,0.325631,0.330662,467840000
2012-03-22,0.328147,0.332949,0.327232,0.330205,425372000
2012-03-23,0.329290,0.333635,0.327003,0.332720,315456000
2012-03-26,0.335921,0.338208,0.332720,0.336607,288600000
2012-03-27,0.337979,0.343010,0.337293,0.338894,419968000
2012-03-28,0.343239,0.351243,0.340724,0.346669,892448000
2012-03-29,0.346212,0.351014,0.341867,0.348270,372700000
2012-03-30,0.351242,0.354215,0.346212,0.352157,527240000
2012-04-02,0.351242,0.354215,0.345526,0.350556,407776000
2012-04-03,0.353072,0.353529,0.343010,0.344840,430476000
2012-04-04,0.339580,0.343925,0.332949,0.335007,495896000
2012-04-05,0.335464,0.339580,0.333406,0.334549,369424000
2012-04-09,0.329290,0.331348,0.323802,0.330205,365504000
2012-04-10,0.328832,0.333406,0.322201,0.323802,470360000
2012-04-11,0.328147,0.335007,0.327003,0.327918,372960000
2012-04-12,0.328375,0.337522,0.327003,0.335693,384868000
2012-04-13,0.332720,0.334549,0.323573,0.323802,311324000
2012-04-16,0.326088,0.327003,0.314655,0.319914,463468000
2012-04-17,0.320829,0.324716,0.319457,0.320600,460696000
2012-04-18,0.318542,0.320143,0.313283,0.317170,400764000
2012-04-19,0.313054,0.324945,0.310767,0.312368,667188000
2012-04-20,0.314197,0.315112,0.305508,0.306194,509592000
2012-04-23,0.300934,0.303907,0.295218,0.302535,706244000
2012-04-24,0.303450,0.305965,0.291559,0.293160,730440000
2012-04-25,0.297504,0.301392,0.292016,0.299105,727112000
2012-04-26,0.298876,0.301849,0.296818,0.299334,539208000
2012-04-27,0.298876,0.300706,0.293617,0.296818,475356000
2012-04-30,0.295217,0.298876,0.293159,0.297276,262268000
2012-05-01,0.295675,0.305736,0.295675,0.302535,408680000
2012-05-02,0.301392,0.302535,0.292245,0.293845,684008000
2012-05-03,0.294532,0.296361,0.286985,0.288815,419536000
2012-05-04,0.286985,0.288586,0.280354,0.280354,545092000
2012-05-07,0.285385,0.290187,0.282869,0.285156,604440000
2012-05-08,0.282640,0.286757,0.277610,0.284927,462312000
2012-05-09,0.279896,0.288357,0.277152,0.286070,520608000
2012-05-10,0.288815,0.289272,0.279439,0.284012,597092000
2012-05-11,0.307566,0.312825,0.300934,0.302078,1435140000
2012-05-14,0.299562,0.304822,0.293388,0.300248,437472000
2012-05-15,0.300248,0.306880,0.295903,0.297276,599940000
2012-05-16,0.297733,0.301163,0.290415,0.291330,470484000
2012-05-17,0.292473,0.295217,0.289272,0.289272,335364000
2012-05-18,0.289958,0.291330,0.274865,0.276238,567288000
2012-05-21,0.276695,0.282412,0.274866,0.281040,416260000
2012-05-22,0.280811,0.281268,0.273493,0.277610,410140000
2012-05-23,0.274637,0.284927,0.270521,0.284470,496000000
2012-05-24,0.286071,0.286528,0.274866,0.276924,520420000
2012-05-25,0.276695,0.285842,0.276695,0.283555,391752000
2012-05-29,0.288129,0.292702,0.286985,0.290873,310000000
2012-05-30,0.287671,0.289729,0.282412,0.287443,379792000
2012-05-31,0.287443,0.288586,0.280582,0.284241,358192000
2012-06-01,0.278296,0.281040,0.273494,0.273951,440984000
2012-06-04,0.275323,0.276924,0.265947,0.268234,432856000
2012-06-05,0.266862,0.276695,0.266862,0.276009,365224000
2012-06-06,0.278067,0.284012,0.276009,0.283326,368968000
2012-06-07,0.287443,0.289043,0.271664,0.271893,526780000
2012-06-08,0.272807,0.278067,0.272350,0.277152,370308000
2012-06-11,0.286071,0.291101,0.279668,0.280354,839080000
2012-06-12,0.283555,0.288815,0.283098,0.286070,496128000
2012-06-13,0.285842,0.286528,0.277152,0.278524,494276000
2012-06-14,0.278067,0.280354,0.272350,0.275094,589884000
2012-06-15,0.277152,0.281268,0.274637,0.281040,385288000
2012-06-18,0.278982,0.285842,0.276695,0.283555,304424000
2012-06-19,0.295218,0.307109,0.293845,0.302764,960476000
2012-06-20,0.305737,0.313283,0.303907,0.307566,972720000
2012-06-21,0.307337,0.307337,0.292931,0.293617,516376000
2012-06-22,0.297276,0.300706,0.293159,0.297276,865360000
2012-06-25,0.297504,0.298419,0.286757,0.287900,494616000
2012-06-26,0.289501,0.293159,0.285385,0.291101,437152000
2012-06-27,0.291330,0.302535,0.291330,0.300477,506064000
2012-06-28,0.297733,0.304593,0.295218,0.302764,545896000
2012-06-29,0.309853,0.316713,0.309624,0.316027,616508000
2012-07-02,0.317628,0.317856,0.305050,0.307566,581684000
2012-07-03,0.307566,0.316255,0.307337,0.315569,219284000
2012-07-05,0.313511,0.314883,0.307566,0.312368,280076000
2012-07-06,0.310081,0.310996,0.302992,0.306423,382760000
2012-07-09,0.304593,0.305965,0.299791,0.302306,306336000
2012-07-10,0.299105,0.308023,0.290873,0.293160,512028000
2012-07-11,0.294074,0.297733,0.286985,0.288357,485216000
2012-07-12,0.285156,0.285613,0.281040,0.283555,472160000
2012-07-13,0.283784,0.288586,0.281954,0.287214,324260000
2012-07-16,0.285385,0.290415,0.282640,0.288129,334460000
2012-07-17,0.289043,0.290644,0.278067,0.282869,447476000
2012-07-18,0.282183,0.302764,0.280811,0.298648,616008000
2012-07-19,0.300706,0.305508,0.298648,0.301620,403036000
2012-07-20,0.299791,0.301849,0.289729,0.292931,451000000
2012-07-23,0.285156,0.298876,0.281954,0.296818,451584000
2012-07-24,0.297276,0.299105,0.290187,0.293617,351164000
2012-07-25,0.292702,0.302306,0.291330,0.299334,415044000
2012-07-26,0.304822,0.308252,0.298419,0.300706,338440000
2012-07-27,0.301849,0.309167,0.299562,0.308252,376516000
2012-07-30,0.308252,0.312139,0.302306,0.304822,363552000
2012-07-31,0.304822,0.313969,0.304364,0.309624,387788000
2012-08-01,0.311453,0.314426,0.304822,0.306194,335912000
2012-08-02,0.304593,0.311911,0.299562,0.307337,367912000
2012-08-03,0.312139,0.316941,0.304822,0.313740,326548000
2012-08-06,0.316713,0.321972,0.316255,0.320372,360324000
2012-08-07,0.324259,0.327003,0.321744,0.323573,407340000
2012-08-08,0.323344,0.328832,0.322430,0.325402,517064000
2012-08-09,0.325860,0.337065,0.325402,0.336379,822300000
2012-08-10,0.345297,0.348041,0.329976,0.334321,1278744000
2012-08-13,0.334778,0.338894,0.333406,0.338665,447244000
2012-08-14,0.339809,0.340266,0.332263,0.333635,388828000
2012-08-15,0.334778,0.337522,0.329519,0.331119,594404000
2012-08-16,0.334092,0.339123,0.332949,0.337979,371008000
2012-08-17,0.337979,0.337979,0.332034,0.335007,309864000
2012-08-20,0.333863,0.335464,0.329976,0.335007,314392000
2012-08-21,0.336150,0.338208,0.330662,0.334092,340248000
2012-08-22,0.332034,0.336150,0.330891,0.334778,313556000
2012-08-23,0.334092,0.334321,0.325860,0.327232,379040000
2012-08-24,0.327232,0.335464,0.326546,0.333863,347724000
2012-08-27,0.333635,0.334549,0.327918,0.328146,340944000
2012-08-28,0.325631,0.329976,0.324945,0.326774,310764000
2012-08-29,0.326546,0.329519,0.325860,0.327461,250412000
2012-08-30,0.326774,0.327918,0.319686,0.321286,307488000
2012-08-31,0.323573,0.325860,0.317627,0.320829,485064000
2012-09-04,0.315569,0.316713,0.300706,0.303678,694452000
2012-09-05,0.304822,0.309167,0.301392,0.304593,480256000
2012-09-06,0.306880,0.322201,0.306651,0.313969,657296000
2012-09-07,0.305965,0.308481,0.296132,0.306423,781064000
2012-09-10,0.305736,0.310081,0.302992,0.303678,371108000
2012-09-11,0.303450,0.312139,0.302306,0.307337,382808000
2012-09-12,0.309853,0.312368,0.306880,0.310767,322608000
2012-09-13,0.313511,0.314655,0.306880,0.312825,433836000
2012-09-14,0.312597,0.321972,0.312597,0.316484,339468000
2012-09-17,0.317170,0.317170,0.304365,0.307795,493348000
2012-09-18,0.304364,0.313511,0.304136,0.309853,359952000
2012-09-19,0.310539,0.317856,0.306880,0.313511,451936000
2012-09-20,0.312825,0.314426,0.308709,0.311225,320596000
2012-09-21,0.311682,0.314426,0.310539,0.312597,340136000
2012-09-24,0.307566,0.312825,0.307109,0.312368,357832000
2012-09-25,0.316484,0.317856,0.306194,0.306651,481544000
2012-09-26,0.305508,0.305737,0.297733,0.301392,436812000
2012-09-27,0.302078,0.304136,0.299562,0.303678,558888000
2012-09-28,0.302306,0.309395,0.298419,0.305050,485508000
2012-10-01,0.306423,0.308252,0.298876,0.300020,504236000
2012-10-02,0.302078,0.302078,0.297733,0.301163,295492000
2012-10-03,0.301849,0.302764,0.296590,0.298190,430872000
2012-10-04,0.298876,0.313283,0.297276,0.311453,502608000
2012-10-05,0.312368,0.315569,0.302992,0.304136,483068000
2012-10-08,0.302992,0.304364,0.298876,0.301163,240596000
2012-10-09,0.300706,0.301620,0.293845,0.294760,366360000
2012-10-10,0.293388,0.294760,0.288586,0.289729,326568000
2012-10-11,0.292473,0.293388,0.289043,0.291330,320516000
2012-10-12,0.289272,0.291559,0.286985,0.288815,260696000
2012-10-15,0.289272,0.292702,0.285842,0.292474,249580000
2012-10-16,0.294989,0.301849,0.292245,0.300934,367696000
2012-10-17,0.297276,0.300020,0.294303,0.298648,391752000
2012-10-18,0.297962,0.297962,0.292931,0.294074,254772000
2012-10-19,0.289729,0.291787,0.275323,0.276924,709412000
2012-10-22,0.278067,0.279668,0.271435,0.273722,480840000
2012-10-23,0.271207,0.283784,0.270521,0.281954,573948000
2012-10-24,0.283784,0.284927,0.275552,0.278296,332916000
2012-10-25,0.280582,0.283555,0.277381,0.278524,307356000
2012-10-26,0.278982,0.280582,0.275552,0.275552,389376000
2012-10-31,0.276695,0.278982,0.273265,0.273951,347112000
2012-11-01,0.275323,0.287214,0.275094,0.286985,473220000
2012-11-02,0.289958,0.290415,0.283784,0.285613,256700000
2012-11-05,0.284927,0.298876,0.284927,0.297733,444840000
2012-11-06,0.298419,0.298419,0.292473,0.297504,350804000
2012-11-07,0.295218,0.297047,0.286985,0.288357,324620000
2012-11-08,0.291559,0.299105,0.289272,0.289958,839024000
2012-11-09,0.291559,0.294989,0.277838,0.278753,846280000
2012-11-12,0.279210,0.280354,0.269835,0.272579,643624000
2012-11-13,0.271207,0.277381,0.270292,0.270521,492120000
2012-11-14,0.272122,0.274866,0.263661,0.263889,619300000
2012-11-15,0.265490,0.272350,0.263203,0.265033,466688000
2012-11-16,0.265033,0.265947,0.254971,0.260230,624552000
2012-11-19,0.265033,0.268463,0.261831,0.267548,404092000
2012-11-20,0.266512,0.267663,0.261679,0.264441,336976000
2012-11-21,0.264441,0.272726,0.264211,0.272036,422312000
2012-11-23,0.273187,0.277099,0.271806,0.273877,276932000
2012-11-26,0.274337,0.279401,0.273877,0.278710,364600000
2012-11-27,0.277560,0.284004,0.275258,0.279861,451404000
2012-11-28,0.278710,0.283543,0.275258,0.282162,398332000
2012-11-29,0.282623,0.284003,0.276178,0.277099,488688000
2012-11-30,0.276869,0.278940,0.273877,0.275488,460504000
2012-12-03,0.278940,0.278940,0.269734,0.270425,391380000
2012-12-04,0.270885,0.278940,0.269274,0.278480,528068000
2012-12-05,0.276179,0.278020,0.271346,0.275258,633024000
2012-12-06,0.274568,0.277559,0.273647,0.275718,412896000
2012-12-07,0.275948,0.277329,0.272036,0.275258,338288000
2012-12-10,0.275258,0.286535,0.274567,0.284464,513644000
2012-12-11,0.285384,0.294821,0.284694,0.291138,816724000
2012-12-12,0.292059,0.293670,0.286996,0.288146,399404000
2012-12-13,0.287686,0.293900,0.285615,0.288376,377556000
2012-12-14,0.289527,0.292749,0.287456,0.289757,338660000
2012-12-17,0.289067,0.290678,0.284234,0.288607,445232000
2012-12-18,0.288607,0.292289,0.287686,0.289067,416436000
2012-12-19,0.291138,0.294590,0.289987,0.291138,458544000
2012-12-20,0.292289,0.292519,0.287686,0.290908,334332000
2012-12-21,0.286995,0.286995,0.281012,0.284234,462172000
2012-12-24,0.284004,0.284924,0.281012,0.281932,127376000
2012-12-26,0.281242,0.285845,0.280551,0.281702,196740000
2012-12-27,0.282163,0.282623,0.276639,0.279861,299804000
2012-12-28,0.277329,0.282853,0.276869,0.278480,220600000
2012-12-31,0.277560,0.283313,0.276869,0.282162,326460000
2013-01-02,0.289067,0.292979,0.287916,0.292749,478836000
2013-01-03,0.292749,0.296202,0.289527,0.292979,298888000
2013-01-04,0.293440,0.303566,0.292519,0.302646,524968000
2013-01-07,0.302416,0.303336,0.291829,0.293900,610732000
2013-01-08,0.294591,0.295511,0.285385,0.287456,466424000
2013-01-09,0.289757,0.291138,0.279171,0.281012,695020000
2013-01-10,0.283543,0.284924,0.279861,0.281472,506368000
2013-01-11,0.282623,0.282853,0.278250,0.281012,513172000
2013-01-14,0.282853,0.282853,0.277559,0.280782,305684000
2013-01-15,0.279401,0.279401,0.274107,0.275718,375888000
2013-01-16,0.275258,0.280551,0.275258,0.278250,337376000
2013-01-17,0.279171,0.283083,0.278480,0.281932,580736000
2013-01-18,0.281932,0.281932,0.276639,0.280091,397088000
2013-01-22,0.279861,0.282393,0.277329,0.278710,308224000
2013-01-23,0.279631,0.279861,0.276179,0.279170,421808000
2013-01-24,0.278250,0.281702,0.276869,0.280551,396980000
2013-01-25,0.281012,0.285845,0.279631,0.285615,393920000
2013-01-28,0.286995,0.292059,0.286305,0.290218,422492000
2013-01-29,0.289067,0.289757,0.282853,0.284004,388872000
2013-01-30,0.284234,0.288146,0.282623,0.283543,287592000
2013-01-31,0.283543,0.286765,0.280321,0.282162,470544000
2013-02-01,0.284464,0.285615,0.282162,0.284694,288816000
2013-02-04,0.283083,0.288837,0.279631,0.279861,511744000
2013-02-05,0.281242,0.287916,0.280321,0.286305,367296000
2013-02-06,0.279401,0.286305,0.277790,0.284004,530688000
2013-02-07,0.283083,0.285384,0.280091,0.282853,440000000
2013-02-08,0.284694,0.286996,0.282853,0.284694,307232000
2013-02-11,0.286996,0.290908,0.284234,0.287916,408308000
2013-02-12,0.285385,0.289297,0.284924,0.286075,277804000
2013-02-13,0.286305,0.291599,0.283774,0.284694,856396000
2013-02-14,0.280782,0.293210,0.277329,0.292979,882096000
2013-02-15,0.292289,0.294360,0.286535,0.292979,733860000
2013-02-19,0.293210,0.293440,0.287226,0.289067,433552000
2013-02-20,0.289987,0.294590,0.284004,0.284924,713012000
2013-02-21,0.284464,0.287686,0.282162,0.282853,580408000
2013-02-22,0.284694,0.288377,0.283083,0.288146,370148000
2013-02-25,0.288837,0.291138,0.282623,0.283083,644444000
2013-02-26,0.283662,0.288062,0.282736,0.286441,487504000
2013-02-27,0.286441,0.293851,0.285746,0.291767,476980000
2013-02-28,0.290840,0.297556,0.289683,0.293156,591392000
2013-03-01,0.291072,0.295240,0.288525,0.294314,389396000
2013-03-04,0.292230,0.295935,0.289914,0.293156,353680000
2013-03-05,0.294777,0.296861,0.293387,0.296398,366168000
2013-03-06,0.298250,0.301029,0.294777,0.296166,342928000
2013-03-07,0.297787,0.300798,0.293851,0.295472,314824000
2013-03-08,0.296166,0.298250,0.294777,0.296861,246464000
2013-03-11,0.293851,0.295240,0.291535,0.294082,299748000
2013-03-12,0.293619,0.295935,0.290840,0.295008,310856000
2013-03-13,0.295008,0.300103,0.292230,0.295008,485840000
2013-03-14,0.296861,0.297787,0.293388,0.295240,383304000
2013-03-15,0.295240,0.295240,0.291535,0.292693,355776000
2013-03-18,0.290840,0.293388,0.288525,0.290609,298312000
2013-03-19,0.290840,0.292230,0.286672,0.288756,355480000
2013-03-20,0.291535,0.293156,0.288988,0.292230,340588000
2013-03-21,0.290609,0.291072,0.287135,0.287598,339032000
2013-03-22,0.288525,0.290146,0.287367,0.288988,232476000
2013-03-25,0.290609,0.290840,0.285283,0.287367,362076000
2013-03-26,0.288062,0.289683,0.286904,0.289451,232540000
2013-03-27,0.288293,0.294545,0.287598,0.292924,254944000
2013-03-28,0.292230,0.297324,0.290146,0.297093,349276000
2013-04-01,0.296398,0.296398,0.285283,0.287367,442828000
2013-04-02,0.287599,0.288293,0.282504,0.284357,371524000
2013-04-03,0.283893,0.285514,0.278799,0.280883,353156000
2013-04-04,0.279957,0.284588,0.279031,0.283662,294676000
2013-04-05,0.279494,0.288525,0.278799,0.288525,551352000
2013-04-08,0.288756,0.288756,0.282504,0.287830,326660000
2013-04-09,0.288062,0.294545,0.285978,0.292461,380584000
2013-04-10,0.292693,0.297556,0.291998,0.297093,384688000
2013-04-11,0.292924,0.297556,0.284820,0.295703,969220000
2013-04-12,0.297093,0.306355,0.294545,0.303113,770548000
2013-04-15,0.302187,0.303113,0.295009,0.296861,430420000
2013-04-16,0.299640,0.302187,0.298019,0.300103,468844000
2013-04-17,0.297787,0.300566,0.294314,0.296166,532948000
2013-04-18,0.296861,0.298713,0.290377,0.290377,402548000
2013-04-19,0.290146,0.291998,0.286441,0.291072,303028000
2013-04-22,0.290840,0.294082,0.288525,0.291535,245568000
2013-04-23,0.294082,0.302187,0.293619,0.299177,376948000
2013-04-24,0.300103,0.311912,0.299871,0.309365,556556000
2013-04-25,0.310986,0.312607,0.308207,0.311912,353224000
2013-04-26,0.311449,0.311912,0.308902,0.310523,324332000
2013-04-29,0.310986,0.315386,0.309597,0.314228,269712000
2013-04-30,0.314923,0.318859,0.312839,0.318859,276712000
2013-05-01,0.318859,0.320943,0.314923,0.316080,341316000
2013-05-02,0.315849,0.320712,0.313996,0.319785,323480000
2013-05-03,0.321869,0.323490,0.320017,0.321175,293864000
2013-05-06,0.321175,0.323027,0.318396,0.320249,217116000
2013-05-07,0.320249,0.320943,0.313070,0.316080,448068000
2013-05-08,0.316543,0.323722,0.315386,0.321869,334032000
2013-05-09,0.316081,0.323490,0.315617,0.322101,566800000
2013-05-10,0.328816,0.338079,0.328816,0.336689,861136000
2013-05-13,0.334374,0.335763,0.328353,0.329743,289812000
2013-05-14,0.333679,0.337384,0.330437,0.334605,454140000
2013-05-15,0.332984,0.341552,0.332984,0.340394,313172000
2013-05-16,0.339931,0.343405,0.337616,0.338773,308368000
2013-05-17,0.340394,0.346646,0.337847,0.344331,312116000
2013-05-20,0.342941,0.345025,0.341784,0.343636,236380000
2013-05-21,0.345614,0.348640,0.341658,0.347244,357784000
2013-05-22,0.348640,0.348640,0.333745,0.335141,480404000
2013-05-23,0.331185,0.341658,0.330254,0.340494,393884000
2013-05-24,0.338632,0.341425,0.334676,0.338400,283304000
2013-05-28,0.340960,0.341891,0.334909,0.338167,279300000
2013-05-29,0.336072,0.338167,0.334676,0.336072,335052000
2013-05-30,0.335607,0.343985,0.334676,0.340494,284504000
2013-05-31,0.338632,0.343520,0.336771,0.336771,577508000
2013-06-03,0.337236,0.339796,0.329323,0.336305,444468000
2013-06-04,0.338400,0.344451,0.334676,0.336771,363676000
2013-06-05,0.336305,0.338865,0.328625,0.329556,464520000
2013-06-06,0.329556,0.334210,0.329323,0.331650,341044000
2013-06-07,0.333978,0.338400,0.332581,0.336305,274584000
2013-06-10,0.335374,0.338167,0.333512,0.336072,224148000
2013-06-11,0.331650,0.336305,0.329788,0.329788,296336000
2013-06-12,0.331418,0.334210,0.325134,0.326996,312588000
2013-06-13,0.325832,0.336072,0.325599,0.334443,236256000
2013-06-14,0.335607,0.336072,0.331650,0.333978,236012000
2013-06-17,0.336538,0.340261,0.334676,0.337236,255336000
2013-06-18,0.338865,0.342589,0.332348,0.335141,486772000
2013-06-19,0.338167,0.360277,0.337003,0.345382,1159588000
2013-06-20,0.342589,0.343054,0.333745,0.336072,628696000
2013-06-21,0.337934,0.339098,0.330021,0.335607,714228000
2013-06-24,0.330719,0.334908,0.323737,0.328625,580772000
2013-06-25,0.332116,0.332814,0.327461,0.330952,457360000
2013-06-26,0.334676,0.335141,0.327694,0.329090,579752000
2013-06-27,0.330021,0.330486,0.322573,0.326064,808036000
2013-06-28,0.326065,0.330021,0.321875,0.326763,431536000
2013-07-01,0.329090,0.329788,0.326065,0.328159,199524000
2013-07-02,0.326297,0.332814,0.324901,0.327926,256392000
2013-07-03,0.325134,0.332814,0.325134,0.328857,140388000
2013-07-05,0.329788,0.332116,0.327694,0.331417,184684000
2013-07-08,0.332348,0.333978,0.327926,0.329788,262084000
2013-07-09,0.330487,0.333512,0.329556,0.331417,157364000
2013-07-10,0.331417,0.336770,0.330487,0.335839,208468000
2013-07-11,0.337701,0.340960,0.337003,0.340494,239832000
2013-07-12,0.339796,0.343985,0.338632,0.340727,216360000
2013-07-15,0.341425,0.341425,0.334676,0.340029,201332000
2013-07-16,0.341425,0.343753,0.339796,0.341891,162560000
2013-07-17,0.341891,0.343054,0.339098,0.340029,166100000
2013-07-18,0.339563,0.340727,0.334210,0.338632,344488000
2013-07-19,0.336538,0.338167,0.327926,0.331417,480532000
2013-07-22,0.333978,0.337003,0.329788,0.331185,292384000
2013-07-23,0.335374,0.335374,0.329090,0.330719,246792000
2013-07-24,0.333745,0.334676,0.330254,0.330719,284252000
2013-07-25,0.330487,0.336305,0.328159,0.331883,243320000
2013-07-26,0.327926,0.332581,0.327926,0.330487,227360000
2013-07-29,0.329788,0.333978,0.328857,0.329788,179540000
2013-07-30,0.330952,0.339796,0.330719,0.335374,266076000
2013-07-31,0.333745,0.339331,0.333512,0.336072,270160000
2013-08-01,0.337236,0.341425,0.333279,0.340727,277648000
2013-08-02,0.340029,0.344218,0.337701,0.343520,209628000
2013-08-05,0.342589,0.346313,0.340727,0.345149,185188000
2013-08-06,0.345382,0.346080,0.339331,0.340029,206608000
2013-08-07,0.338167,0.343287,0.337934,0.339796,244380000
2013-08-08,0.341658,0.343752,0.337701,0.342123,345696000
2013-08-09,0.328625,0.342356,0.328392,0.337236,906224000
2013-08-12,0.323504,0.339331,0.305118,0.334443,257568000
2013-08-13,0.334909,0.337003,0.332814,0.335607,197468000
2013-08-14,0.334909,0.351898,0.334676,0.349804,828508000
2013-08-15,0.346080,0.354924,0.344684,0.352131,723616000
2013-08-16,0.351433,0.358415,0.350735,0.353528,660456000
2013-08-19,0.351433,0.352597,0.347709,0.347942,393432000
2013-08-20,0.347825,0.352035,0.347357,0.349696,234192000
2013-08-21,0.347591,0.352035,0.346655,0.348059,261540000
2013-08-22,0.347825,0.353205,0.347825,0.349930,129016000
2013-08-23,0.350398,0.353205,0.349228,0.349930,245120000
2013-08-26,0.350164,0.351567,0.349228,0.350632,300152000
2013-08-27,0.347357,0.349696,0.345018,0.346188,277464000
2013-08-28,0.346889,0.349462,0.344784,0.346188,318824000
2013-08-29,0.345018,0.348761,0.344082,0.345486,276216000
2013-08-30,0.345720,0.346655,0.343381,0.345018,378120000
2013-09-03,0.345954,0.350164,0.343147,0.345252,284680000
2013-09-04,0.345252,0.350632,0.344784,0.348527,222080000
2013-09-05,0.347123,0.350866,0.346889,0.349462,174904000
2013-09-06,0.349696,0.351567,0.345486,0.348059,226756000
2013-09-09,0.350866,0.353907,0.349930,0.353907,246408000
2013-09-10,0.356480,0.361626,0.354842,0.361392,292132000
2013-09-11,0.360924,0.368409,0.358351,0.367473,396164000
2013-09-12,0.365602,0.371918,0.365602,0.367240,303808000
2013-09-13,0.368409,0.371216,0.365836,0.369579,159696000
2013-09-16,0.372619,0.375192,0.368409,0.369812,231412000
2013-09-17,0.371216,0.374023,0.369579,0.370982,168608000
2013-09-18,0.371216,0.375192,0.369345,0.374257,268168000
2013-09-19,0.375894,0.376596,0.370982,0.372619,227572000
2013-09-20,0.373555,0.375894,0.368643,0.369345,356036000
2013-09-23,0.369111,0.372152,0.363731,0.365836,271244000
2013-09-24,0.366070,0.368643,0.363965,0.367240,229732000
2013-09-25,0.366538,0.370514,0.364900,0.367707,233156000
2013-09-26,0.368643,0.369345,0.364433,0.366538,148816000
2013-09-27,0.363731,0.366772,0.362327,0.364433,151920000
2013-09-30,0.360690,0.366538,0.358585,0.363965,226640000
2013-10-01,0.364432,0.366070,0.361625,0.363731,226976000
2013-10-02,0.359988,0.364900,0.359988,0.363497,162036000
2013-10-03,0.363731,0.367005,0.358117,0.359754,436768000
2013-10-04,0.359287,0.367707,0.358351,0.364666,246228000
2013-10-07,0.363263,0.367239,0.361392,0.364666,169952000
2013-10-08,0.363731,0.368877,0.358819,0.361626,290712000
2013-10-09,0.363965,0.364199,0.354140,0.356012,275860000
2013-10-10,0.358585,0.360924,0.356012,0.359988,223484000
2013-10-11,0.354374,0.358819,0.353205,0.356947,213704000
2013-10-14,0.356012,0.362327,0.356012,0.362327,166628000
2013-10-15,0.362327,0.364432,0.360222,0.360456,208820000
2013-10-16,0.362561,0.366304,0.362094,0.364900,210072000
2013-10-17,0.362093,0.366538,0.362093,0.365602,213324000
2013-10-18,0.364900,0.370982,0.363497,0.369812,255068000
2013-10-21,0.374257,0.374491,0.369579,0.370748,195008000
2013-10-22,0.370748,0.370982,0.365602,0.368877,179452000
2013-10-23,0.368175,0.368175,0.361392,0.362561,252216000
2013-10-24,0.363497,0.365836,0.359287,0.359988,236436000
2013-10-25,0.361860,0.362094,0.355310,0.356480,330492000
2013-10-28,0.356012,0.357649,0.350866,0.355778,394024000
2013-10-29,0.355310,0.356947,0.352035,0.356246,387952000
2013-10-30,0.357415,0.359053,0.352971,0.356012,204032000
2013-10-31,0.356480,0.359053,0.354608,0.355310,293368000
2013-11-01,0.357181,0.358585,0.354374,0.356947,206136000
2013-11-04,0.358117,0.358117,0.345954,0.346655,410264000
2013-11-05,0.344550,0.347825,0.340808,0.346188,422368000
2013-11-06,0.346188,0.348761,0.342679,0.348527,198044000
2013-11-07,0.347357,0.348293,0.339638,0.340340,553076000
2013-11-08,0.350866,0.365134,0.349462,0.363965,734532000
2013-11-11,0.362561,0.367941,0.361860,0.367006,297624000
2013-11-12,0.368643,0.370748,0.363497,0.367707,316032000
2013-11-13,0.366772,0.377766,0.366070,0.377766,332792000
2013-11-14,0.376596,0.381742,0.376362,0.379403,307980000
2013-11-15,0.380806,0.381274,0.374491,0.378233,450332000
2013-11-18,0.370046,0.373321,0.368175,0.369111,316948000
2013-11-19,0.367347,0.370639,0.362643,0.363114,206716000
2013-11-20,0.363349,0.364290,0.356999,0.357705,204776000
2013-11-21,0.358175,0.361232,0.356529,0.360527,213568000
2013-11-22,0.360997,0.360997,0.356294,0.356999,158668000
2013-11-25,0.356999,0.365230,0.356999,0.364760,248208000
2013-11-26,0.368758,0.371815,0.366406,0.367817,753176000
2013-11-27,0.367582,0.370404,0.365230,0.369228,181272000
2013-11-29,0.369228,0.370169,0.364525,0.366877,116964000
2013-12-02,0.365466,0.372991,0.364760,0.370404,373872000
2013-12-03,0.370404,0.375343,0.367817,0.370169,290560000
2013-12-04,0.369228,0.376049,0.368288,0.375343,493176000
2013-12-05,0.376048,0.376048,0.368758,0.369228,271812000
2013-12-06,0.373697,0.373697,0.362879,0.363819,281000000
2013-12-09,0.363819,0.364995,0.356999,0.357705,385220000
2013-12-10,0.357705,0.367582,0.357234,0.365936,524268000
2013-12-11,0.366641,0.367112,0.361703,0.362408,414156000
2013-12-12,0.361232,0.363114,0.354647,0.355353,258724000
2013-12-13,0.356058,0.358645,0.352766,0.353236,184588000
2013-12-16,0.353471,0.356764,0.353236,0.353707,237620000
2013-12-17,0.353472,0.356294,0.350414,0.355353,274104000
2013-12-18,0.356058,0.360997,0.351590,0.360292,426232000
2013-12-19,0.359821,0.362173,0.357469,0.361703,258544000
2013-12-20,0.362408,0.369228,0.361467,0.368993,382080000
2013-12-23,0.371110,0.374167,0.368053,0.371110,168568000
2013-12-24,0.373226,0.373226,0.368288,0.372050,79600000
2013-12-26,0.373462,0.374637,0.367582,0.368523,168920000
2013-12-27,0.370404,0.371345,0.368288,0.370639,210976000
2013-12-30,0.370874,0.375813,0.370404,0.375578,248180000
2013-12-31,0.376284,0.378635,0.373932,0.376754,235776000
2014-01-02,0.374402,0.375813,0.369699,0.372991,260092000
2014-01-03,0.373697,0.374402,0.367347,0.368523,259332000
2014-01-06,0.372286,0.376284,0.368758,0.373462,409492000
2014-01-07,0.377224,0.380987,0.374637,0.379576,333288000
2014-01-08,0.380987,0.386631,0.379576,0.384750,308192000
2014-01-09,0.378871,0.379576,0.369228,0.370404,292172000
2014-01-10,0.371580,0.374167,0.366641,0.369934,218492000
2014-01-13,0.369934,0.372286,0.360527,0.361232,243332000
2014-01-14,0.363114,0.373226,0.361468,0.372521,241828000
2014-01-15,0.374167,0.377930,0.372521,0.376519,175044000
2014-01-16,0.376519,0.378400,0.374873,0.377695,220652000
2014-01-17,0.377695,0.382163,0.373697,0.376048,340400000
2014-01-21,0.376519,0.379811,0.373462,0.377460,246076000
2014-01-22,0.378165,0.378636,0.372521,0.376989,337940000
2014-01-23,0.375813,0.379811,0.372756,0.375578,185028000
2014-01-24,0.372521,0.373932,0.365936,0.365936,246696000
2014-01-27,0.365936,0.371110,0.361467,0.363584,233812000
2014-01-28,0.362879,0.367347,0.361468,0.367112,167996000
2014-01-29,0.365701,0.367817,0.363349,0.363584,162944000
2014-01-30,0.365701,0.370404,0.364525,0.369699,202896000
2014-01-31,0.364525,0.371345,0.364289,0.369228,335348000
2014-02-03,0.371815,0.372286,0.362878,0.364290,431728000
2014-02-04,0.364054,0.367112,0.362173,0.366406,280692000
2014-02-05,0.363819,0.364995,0.360292,0.363114,214676000
2014-02-06,0.363584,0.368758,0.363114,0.367817,168380000
2014-02-07,0.368758,0.373697,0.365466,0.373226,157248000
2014-02-10,0.372756,0.379341,0.372521,0.374402,324372000
2014-02-11,0.376519,0.383104,0.374637,0.382163,235384000
2014-02-12,0.383339,0.398625,0.383339,0.395803,744528000
2014-02-13,0.405681,0.410620,0.398625,0.408268,902836000
2014-02-14,0.404505,0.422143,0.404270,0.421203,817536000
2014-02-18,0.421438,0.422849,0.417440,0.420967,428988000
2014-02-19,0.420967,0.430374,0.419086,0.426612,450340000
2014-02-20,0.427552,0.442604,0.426847,0.441663,398088000
2014-02-21,0.440957,0.446602,0.435548,0.438370,451052000
2014-02-24,0.437430,0.448013,0.433432,0.444720,403112000
2014-02-25,0.444130,0.446020,0.437987,0.442712,242184000
2014-02-26,0.441767,0.448382,0.440586,0.442004,360884000
2014-02-27,0.442003,0.446492,0.435861,0.437042,388848000
2014-02-28,0.434680,0.438932,0.427829,0.434208,321692000
2014-03-03,0.424522,0.432081,0.420742,0.432081,375948000
2014-03-04,0.434208,0.439405,0.433499,0.436570,260344000
2014-03-05,0.436098,0.440586,0.434208,0.440350,241472000
2014-03-06,0.441059,0.443421,0.433499,0.434208,290144000
2014-03-07,0.436098,0.436806,0.430428,0.433735,268452000
2014-03-10,0.432318,0.434208,0.425467,0.427357,300888000
2014-03-11,0.429483,0.435389,0.428065,0.431609,297220000
2014-03-12,0.429483,0.435389,0.427829,0.432790,239428000
2014-03-13,0.433735,0.435389,0.416962,0.419088,385172000
2014-03-14,0.414836,0.424758,0.414836,0.420978,460048000
2014-03-17,0.422159,0.425230,0.420506,0.420978,299656000
2014-03-18,0.422632,0.433735,0.420742,0.430900,293904000
2014-03-19,0.434208,0.446728,0.433026,0.438460,366168000
2014-03-20,0.436098,0.442476,0.434208,0.438696,191800000
2014-03-21,0.442476,0.446020,0.435625,0.437988,566116000
2014-03-24,0.438224,0.441767,0.429483,0.435861,306096000
2014-03-25,0.440586,0.441058,0.432554,0.435861,304424000
2014-03-26,0.439877,0.448146,0.422159,0.425939,557756000
2014-03-27,0.424994,0.428538,0.415545,0.420269,540728000
2014-03-28,0.419561,0.425467,0.418380,0.422868,398820000
2014-03-31,0.423577,0.427357,0.420742,0.423104,273404000
2014-04-01,0.436570,0.445783,0.431373,0.440586,656272000
2014-04-02,0.440586,0.441531,0.435861,0.437751,239948000
2014-04-03,0.438696,0.453107,0.438460,0.442476,599548000
2014-04-04,0.444838,0.447437,0.426884,0.428774,368032000
2014-04-07,0.429010,0.438460,0.426648,0.430191,428576000
2014-04-08,0.430191,0.446728,0.429483,0.445547,470692000
2014-04-09,0.447673,0.451453,0.441531,0.445075,421968000
2014-04-10,0.443185,0.449327,0.432790,0.434208,372748000
2014-04-11,0.430900,0.437515,0.422396,0.428065,353112000
2014-04-14,0.430900,0.434444,0.428065,0.432790,290184000
2014-04-15,0.433263,0.438224,0.429010,0.435861,304636000
2014-04-16,0.437987,0.438460,0.431373,0.436806,235136000
2014-04-17,0.435153,0.442476,0.434208,0.438460,153532000
2014-04-21,0.438696,0.443185,0.435861,0.442004,117004000
2014-04-22,0.442712,0.448618,0.440350,0.445783,255120000
2014-04-23,0.446492,0.452162,0.445783,0.450981,261580000
2014-04-24,0.454052,0.459721,0.454052,0.454997,391492000
2014-04-25,0.454052,0.458304,0.441531,0.442476,313600000
2014-04-28,0.446020,0.448382,0.435153,0.440586,226788000
2014-04-29,0.442240,0.443185,0.436570,0.441531,171300000
2014-04-30,0.440822,0.441295,0.435389,0.436334,305740000
2014-05-01,0.442948,0.443893,0.435153,0.438696,198104000
2014-05-02,0.440822,0.440822,0.432790,0.435389,156376000
2014-05-05,0.434916,0.443421,0.434444,0.440114,239260000
2014-05-06,0.444366,0.448146,0.429955,0.431136,416188000
2014-05-07,0.431137,0.435153,0.426884,0.431609,293900000
2014-05-08,0.429955,0.443893,0.427829,0.437042,432728000
2014-05-09,0.423813,0.427829,0.418379,0.426412,539532000
2014-05-12,0.427357,0.439877,0.427120,0.438932,299856000
2014-05-13,0.433026,0.440114,0.430428,0.431845,221104000
2014-05-14,0.432081,0.433735,0.427357,0.427593,214320000
2014-05-15,0.426648,0.429010,0.420978,0.425231,325896000
2014-05-16,0.421923,0.427357,0.421923,0.424286,283960000
2014-05-19,0.428774,0.440350,0.426884,0.437988,360076000
2014-05-20,0.438106,0.439293,0.430749,0.432885,256200000
2014-05-21,0.434546,0.438343,0.430274,0.432885,216712000
2014-05-22,0.431936,0.437157,0.431936,0.434784,130364000
2014-05-23,0.437157,0.440954,0.434546,0.438818,182656000
2014-05-27,0.441429,0.446650,0.440005,0.446650,209680000
2014-05-28,0.448311,0.453295,0.444039,0.450447,224676000
2014-05-29,0.450210,0.454007,0.448786,0.449735,171884000
2014-05-30,0.449735,0.452108,0.447362,0.450922,239128000
2014-06-02,0.452346,0.455194,0.445700,0.449498,181500000
2014-06-03,0.450447,0.450922,0.441666,0.447599,243212000
2014-06-04,0.446413,0.451396,0.446175,0.448074,161236000
2014-06-05,0.448786,0.451396,0.446175,0.449972,188696000
2014-06-06,0.452108,0.455668,0.450447,0.451634,161052000
2014-06-09,0.451159,0.456380,0.448074,0.452108,247456000
2014-06-10,0.450447,0.456618,0.448548,0.454482,217608000
2014-06-11,0.452820,0.461601,0.452820,0.460415,266228000
2014-06-12,0.460415,0.465399,0.456380,0.463263,337148000
2014-06-13,0.468009,0.468247,0.459228,0.463738,227852000
2014-06-16,0.461602,0.465399,0.458279,0.462313,198620000
2014-06-17,0.462788,0.467297,0.460415,0.465399,157608000
2014-06-18,0.464212,0.467060,0.459940,0.464924,215536000
2014-06-19,0.456380,0.458753,0.450922,0.454244,474592000
2014-06-20,0.455431,0.457092,0.445701,0.449261,353148000
2014-06-23,0.443327,0.444277,0.438106,0.444039,414200000
2014-06-24,0.443327,0.446887,0.435258,0.437157,275780000
2014-06-25,0.438343,0.441903,0.434309,0.441666,215420000
2014-06-26,0.441666,0.441903,0.434309,0.435733,256908000
2014-06-27,0.435258,0.438818,0.432648,0.436207,302820000
2014-06-30,0.434546,0.441191,0.434546,0.440005,180512000
2014-07-01,0.439530,0.447599,0.438106,0.444989,321180000
2014-07-02,0.443327,0.445226,0.440717,0.443327,179284000
2014-07-03,0.439293,0.448548,0.439293,0.447362,136892000
2014-07-07,0.448074,0.448311,0.443090,0.443802,127496000
2014-07-08,0.442615,0.444514,0.435970,0.440242,221940000
2014-07-09,0.444039,0.455431,0.440717,0.453532,387668000
2014-07-10,0.444989,0.453058,0.441429,0.451159,266308000
2014-07-11,0.451634,0.453532,0.449972,0.452108,191188000
2014-07-14,0.454007,0.458991,0.452346,0.457804,272636000
2014-07-15,0.458516,0.460890,0.455431,0.459703,395440000
2014-07-16,0.461601,0.465161,0.456618,0.459228,319728000
2014-07-17,0.454007,0.462788,0.454007,0.458042,324832000
2014-07-18,0.448549,0.452108,0.436920,0.437631,567816000
2014-07-21,0.435970,0.443327,0.435970,0.440242,243364000
2014-07-22,0.443565,0.445938,0.437394,0.438343,298816000
2014-07-23,0.438581,0.438818,0.428613,0.429088,297352000
2014-07-24,0.431461,0.432648,0.426714,0.429800,254576000
2014-07-25,0.428376,0.429325,0.421493,0.422205,266132000
2014-07-28,0.424104,0.424104,0.413424,0.420544,330352000
2014-07-29,0.420781,0.427664,0.420544,0.421968,217972000
2014-07-30,0.424578,0.430274,0.423392,0.429088,246184000
2014-07-31,0.423867,0.427189,0.414611,0.415323,401880000
2014-08-01,0.415323,0.422205,0.413899,0.419832,219884000
2014-08-04,0.419357,0.422917,0.416747,0.418883,241724000
2014-08-05,0.417696,0.425290,0.414136,0.419120,298136000
2014-08-06,0.416272,0.423866,0.413187,0.418645,223456000
2014-08-07,0.422205,0.426002,0.411525,0.414373,407696000
2014-08-08,0.432410,0.453295,0.432410,0.450922,894348000
2014-08-11,0.451396,0.453295,0.447362,0.448549,344624000
2014-08-12,0.448311,0.450922,0.443565,0.448549,296152000
2014-08-13,0.449261,0.454956,0.446413,0.451159,256596000
2014-08-14,0.452820,0.452820,0.444276,0.446175,255992000
2014-08-15,0.447599,0.454482,0.443327,0.451871,369796000
2014-08-18,0.453770,0.458516,0.449260,0.458042,284076000
2014-08-19,0.458161,0.464120,0.456492,0.461736,248260000
2014-08-20,0.460068,0.462213,0.457684,0.458876,221468000
2014-08-21,0.457684,0.460068,0.453870,0.454585,272796000
2014-08-22,0.454108,0.458637,0.451248,0.454823,251224000
2014-08-25,0.456730,0.459829,0.454585,0.455539,153380000
2014-08-26,0.456730,0.464597,0.455062,0.463643,269636000
2014-08-27,0.460783,0.464359,0.457684,0.458399,182972000
2014-08-28,0.457446,0.463167,0.456015,0.462213,179704000
2014-08-29,0.463882,0.464597,0.458876,0.463643,207932000
2014-09-02,0.464835,0.464835,0.460545,0.464835,192636000
2014-09-03,0.467219,0.470795,0.464120,0.469126,259456000
2014-09-04,0.468411,0.480330,0.468173,0.477469,491832000
2014-09-05,0.476993,0.479138,0.472940,0.476039,253792000
2014-09-08,0.475562,0.476516,0.469841,0.471748,319288000
2014-09-09,0.469603,0.472702,0.465312,0.465789,198588000
2014-09-10,0.468411,0.469126,0.463167,0.467457,172376000
2014-09-11,0.464120,0.465789,0.457684,0.462690,250720000
2014-09-12,0.465550,0.465550,0.455300,0.455777,262536000
2014-09-15,0.457207,0.457922,0.447672,0.449579,294152000
2014-09-16,0.448387,0.458637,0.446957,0.456254,219936000
2014-09-17,0.455062,0.460783,0.452916,0.456492,173584000
2014-09-18,0.459353,0.463882,0.457922,0.463405,219604000
2014-09-19,0.464835,0.465312,0.454108,0.454823,601316000
2014-09-22,0.464120,0.464120,0.449818,0.450294,221464000
2014-09-23,0.447911,0.453393,0.446242,0.448387,196144000
2014-09-24,0.448149,0.452440,0.447672,0.451009,159592000
2014-09-25,0.450533,0.451725,0.440283,0.441236,298440000
2014-09-26,0.442666,0.445527,0.440759,0.442189,241188000
2014-09-29,0.438614,0.444573,0.434323,0.441474,208540000
2014-09-30,0.439567,0.442905,0.434561,0.439806,277204000
2014-10-01,0.440521,0.443620,0.434323,0.435515,350976000
2014-10-02,0.434800,0.436945,0.423596,0.433608,288996000
2014-10-03,0.436230,0.442189,0.434561,0.434561,239140000
2014-10-06,0.436230,0.439806,0.429079,0.431939,199032000
2014-10-07,0.430032,0.434323,0.426933,0.427410,301896000
2014-10-08,0.426933,0.437422,0.423596,0.435277,260172000
2014-10-09,0.433370,0.433846,0.423358,0.426933,306956000
2014-10-10,0.423596,0.425026,0.401427,0.401665,691376000
2014-10-13,0.404288,0.412392,0.399758,0.400235,397628000
2014-10-14,0.405718,0.420736,0.403334,0.409532,376620000
2014-10-15,0.403572,0.417875,0.400950,0.415730,404428000
2014-10-16,0.408340,0.420736,0.407386,0.415968,351116000
2014-10-17,0.420974,0.425742,0.413584,0.415253,290716000
2014-10-20,0.415253,0.422643,0.412393,0.418829,200336000
2014-10-21,0.421927,0.437184,0.420736,0.436707,351092000
2014-10-22,0.435992,0.437422,0.426457,0.426457,239512000
2014-10-23,0.433846,0.439091,0.430747,0.435992,214476000
2014-10-24,0.438614,0.443143,0.435992,0.440521,210156000
2014-10-27,0.440282,0.442428,0.435515,0.440759,145092000
2014-10-28,0.439567,0.451725,0.439091,0.451248,192580000
2014-10-29,0.449341,0.451963,0.444335,0.448387,168340000
2014-10-30,0.447195,0.449102,0.439806,0.445527,170260000
2014-10-31,0.455777,0.466027,0.453393,0.465789,256316000
2014-11-03,0.476516,0.478184,0.471271,0.473655,308732000
2014-11-04,0.476754,0.481522,0.468888,0.479853,360196000
2014-11-05,0.482714,0.482952,0.476277,0.479853,335652000
2014-11-06,0.480807,0.482714,0.473417,0.481998,394088000
2014-11-07,0.487481,0.493202,0.466981,0.471748,450800000
2014-11-10,0.471272,0.480330,0.470080,0.477231,293388000
2014-11-11,0.474370,0.476992,0.467457,0.471510,212992000
2014-11-12,0.469841,0.471033,0.461975,0.468411,204584000
2014-11-13,0.470080,0.470795,0.462213,0.466027,225328000
2014-11-14,0.466504,0.471748,0.461975,0.471748,160248000
2014-11-17,0.469603,0.474609,0.466504,0.469603,158732000
2014-11-18,0.469841,0.481998,0.468649,0.480807,207772000
2014-11-19,0.481166,0.482602,0.473984,0.479011,240300000
2014-11-20,0.475660,0.487390,0.474224,0.486911,220968000
2014-11-21,0.491220,0.491938,0.485475,0.489544,198976000
2014-11-24,0.490741,0.494810,0.488826,0.492656,136004000
2014-11-25,0.491699,0.496008,0.490741,0.492417,190240000
2014-11-26,0.489544,0.501274,0.489305,0.500796,219264000
2014-11-28,0.502471,0.504865,0.497922,0.501992,124832000
2014-12-01,0.499838,0.502710,0.491938,0.492656,190060000
2014-12-02,0.492177,0.495529,0.487629,0.493374,245952000
2014-12-03,0.495768,0.506301,0.494332,0.506062,284424000
2014-12-04,0.505343,0.507258,0.498162,0.501513,185332000
2014-12-05,0.501753,0.507019,0.501513,0.504386,165680000
2014-12-08,0.503668,0.508695,0.493853,0.497922,226944000
2014-12-09,0.494811,0.497444,0.487390,0.496247,239448000
2014-12-10,0.494811,0.496726,0.484757,0.485235,204364000
2014-12-11,0.488108,0.491459,0.484038,0.484996,135652000
2014-12-12,0.478532,0.482841,0.469436,0.469914,323964000
2014-12-15,0.475420,0.484038,0.467042,0.468478,254696000
2014-12-16,0.467999,0.475420,0.462972,0.463212,185308000
2014-12-17,0.472548,0.482841,0.457227,0.482123,345596000
2014-12-18,0.488108,0.493853,0.479490,0.484038,226156000
2014-12-19,0.487390,0.490741,0.482841,0.488826,325528000
2014-12-22,0.488347,0.497444,0.486672,0.497444,148976000
2014-12-23,0.501274,0.503668,0.493853,0.494332,109280000
2014-12-24,0.495529,0.496247,0.491938,0.492417,45644000
2014-12-26,0.492417,0.495529,0.491220,0.492896,52636000
2014-12-29,0.491459,0.495529,0.489065,0.492177,82944000
2014-12-30,0.488826,0.491220,0.486911,0.487629,112120000
2014-12-31,0.488347,0.490981,0.478533,0.479969,166300000
2015-01-02,0.481884,0.485475,0.474223,0.481884,113680000
2015-01-05,0.481884,0.483320,0.471590,0.473745,197952000
2015-01-06,0.474463,0.474942,0.458903,0.459382,197764000
2015-01-07,0.462733,0.466802,0.456748,0.458185,321808000
2015-01-08,0.463451,0.478293,0.463212,0.475420,283780000
2015-01-09,0.477096,0.480926,0.470633,0.477335,209540000
2015-01-12,0.478532,0.478772,0.467042,0.471351,190732000
2015-01-13,0.474941,0.484517,0.467281,0.470633,236720000
2015-01-14,0.465606,0.473984,0.464409,0.472548,155260000
2015-01-15,0.475899,0.478772,0.468957,0.469196,188932000
2015-01-16,0.468478,0.478293,0.467042,0.477814,181512000
2015-01-20,0.481166,0.483799,0.473266,0.479251,140308000
2015-01-21,0.476617,0.487150,0.473266,0.485953,144780000
2015-01-22,0.486911,0.495768,0.481884,0.494332,159712000
2015-01-23,0.494811,0.496726,0.490741,0.495768,120416000
2015-01-26,0.493614,0.496008,0.490502,0.493614,133240000
2015-01-27,0.485953,0.486432,0.468957,0.469914,357948000
2015-01-28,0.475660,0.477575,0.462015,0.462254,272728000
2015-01-29,0.462494,0.476139,0.460339,0.473505,235340000
2015-01-30,0.470154,0.475660,0.458903,0.459621,298200000
2015-02-02,0.462494,0.471590,0.453397,0.469675,259604000
2015-02-03,0.473027,0.481884,0.470633,0.481405,183468000
2015-02-04,0.479969,0.488108,0.478532,0.482602,181516000
2015-02-05,0.483081,0.490741,0.482602,0.490502,140448000
2015-02-06,0.490023,0.495768,0.486193,0.488347,210524000
2015-02-09,0.485475,0.489305,0.482363,0.487868,273944000
2015-02-10,0.488347,0.501753,0.486192,0.501513,226204000
2015-02-11,0.502710,0.502710,0.494810,0.498162,320832000
2015-02-12,0.526649,0.538619,0.523537,0.533831,676904000
2015-02-13,0.532634,0.534788,0.524495,0.534070,310084000
2015-02-17,0.533112,0.538379,0.529761,0.535746,203340000
2015-02-18,0.535027,0.535985,0.528564,0.529521,170948000
2015-02-19,0.536224,0.537182,0.528564,0.530958,169432000
2015-02-20,0.530479,0.535027,0.526649,0.534788,157752000
2015-02-23,0.534549,0.534549,0.527846,0.530479,125008000
2015-02-24,0.532522,0.536126,0.527716,0.536126,149356000
2015-02-25,0.533964,0.536367,0.529638,0.532041,123820000
2015-02-26,0.532522,0.536607,0.529157,0.533483,152864000
2015-02-27,0.532041,0.533243,0.528196,0.530119,157492000
2015-03-02,0.528677,0.545979,0.527956,0.543096,301512000
2015-03-03,0.539010,0.541653,0.531320,0.533002,160344000
2015-03-04,0.531080,0.540212,0.528917,0.539010,226840000
2015-03-05,0.539010,0.550305,0.537568,0.549343,323056000
2015-03-06,0.546219,0.548863,0.541413,0.541894,257392000
2015-03-09,0.542134,0.547421,0.540932,0.543335,222388000
2015-03-10,0.545739,0.556312,0.544777,0.552707,527212000
2015-03-11,0.552708,0.559917,0.548382,0.549824,262120000
2015-03-12,0.544537,0.548622,0.534444,0.544777,406972000
2015-03-13,0.542134,0.546940,0.534685,0.545498,359288000
2015-03-16,0.549824,0.555351,0.546219,0.551987,236956000
2015-03-17,0.550785,0.558956,0.546940,0.558715,299900000
2015-03-18,0.558715,0.561599,0.544537,0.549584,413844000
2015-03-19,0.551506,0.559917,0.547421,0.557994,310756000
2015-03-20,0.562560,0.567367,0.557274,0.564002,462084000
2015-03-23,0.547181,0.554390,0.545498,0.545739,426012000
2015-03-24,0.544056,0.547901,0.535886,0.538289,330480000
2015-03-25,0.538049,0.538049,0.503925,0.505607,542552000
2015-03-26,0.495274,0.506088,0.491669,0.503925,311920000
2015-03-27,0.506809,0.515700,0.498638,0.513778,318288000
2015-03-30,0.516181,0.518584,0.509452,0.515941,253252000
2015-03-31,0.514499,0.514979,0.502483,0.502964,357276000
2015-04-01,0.504886,0.506568,0.496235,0.504886,330768000
2015-04-02,0.507770,0.509212,0.501762,0.506088,192204000
2015-04-06,0.503925,0.522429,0.498638,0.520747,515864000
2015-04-07,0.520747,0.531080,0.517863,0.525312,413964000
2015-04-08,0.525793,0.531080,0.520747,0.529158,366432000
2015-04-09,0.525072,0.543095,0.524832,0.541413,379432000
2015-04-10,0.541894,0.547180,0.539971,0.546940,258728000
2015-04-13,0.545739,0.548863,0.539491,0.541894,236724000
2015-04-14,0.539731,0.541894,0.532041,0.537328,220276000
2015-04-15,0.538770,0.547902,0.536127,0.543816,243560000
2015-04-16,0.540692,0.545258,0.536607,0.540452,155284000
2015-04-17,0.529157,0.538770,0.528917,0.533483,293636000
2015-04-20,0.535886,0.539250,0.529878,0.530840,231624000
2015-04-21,0.537328,0.537328,0.527475,0.530119,230456000
2015-04-22,0.533243,0.536847,0.525072,0.536126,207420000
2015-04-23,0.526274,0.539010,0.520266,0.533964,259380000
2015-04-24,0.533723,0.533964,0.523390,0.529398,240960000
2015-04-27,0.531080,0.542855,0.526514,0.533483,248456000
2015-04-28,0.532522,0.538049,0.527475,0.536126,234484000
2015-04-29,0.532282,0.537568,0.529878,0.532041,195156000
2015-04-30,0.529398,0.536126,0.528196,0.533483,218844000
2015-05-01,0.537809,0.548382,0.535405,0.546700,256968000
2015-05-04,0.546219,0.549824,0.541653,0.543335,200720000
2015-05-05,0.541413,0.542134,0.526995,0.529398,292928000
2015-05-06,0.532281,0.537328,0.524111,0.531080,316484000
2015-05-07,0.528917,0.542134,0.527235,0.540452,534564000
2015-05-08,0.504886,0.524832,0.492390,0.500561,1146552000
2015-05-11,0.493592,0.500801,0.489747,0.495755,544144000
2015-05-12,0.492150,0.504646,0.491910,0.500561,388800000
2015-05-13,0.504165,0.508010,0.498638,0.503444,308524000
2015-05-14,0.504887,0.514259,0.503685,0.511615,293052000
2015-05-15,0.513778,0.516181,0.508731,0.511855,215824000
2015-05-18,0.510654,0.514259,0.508251,0.511135,324972000
2015-05-19,0.511810,0.513500,0.506982,0.507948,253808000
2015-05-20,0.508189,0.514225,0.507465,0.507948,196824000
2015-05-21,0.508189,0.510362,0.503843,0.504326,239692000
2015-05-22,0.505533,0.507465,0.502395,0.503602,212592000
2015-05-26,0.501188,0.504568,0.496601,0.500464,259732000
2015-05-27,0.503843,0.529675,0.502153,0.527261,432332000
2015-05-28,0.527261,0.536194,0.526296,0.534504,327656000
2015-05-29,0.534504,0.537884,0.533538,0.534263,335168000
2015-06-01,0.537642,0.545609,0.534263,0.540298,372660000
2015-06-02,0.536918,0.539815,0.529193,0.529676,224304000
2015-06-03,0.531124,0.535228,0.522916,0.523881,250788000
2015-06-04,0.520743,0.534987,0.520743,0.533297,323712000
2015-06-05,0.531607,0.539815,0.526054,0.537401,313320000
2015-06-08,0.535711,0.539332,0.519053,0.525088,342812000
2015-06-09,0.525571,0.531607,0.524606,0.527744,256888000
2015-06-10,0.521467,0.524847,0.515432,0.518329,529460000
2015-06-11,0.518329,0.527503,0.518329,0.523881,283052000
2015-06-12,0.520501,0.523640,0.508430,0.509638,323728000
2015-06-15,0.506982,0.511086,0.503119,0.508672,306548000
2015-06-16,0.507706,0.515673,0.502636,0.514949,256892000
2015-06-17,0.514708,0.523882,0.513501,0.520985,233544000
2015-06-18,0.525330,0.533055,0.523882,0.529676,299404000
2015-06-19,0.529676,0.534021,0.523157,0.527986,355656000
2015-06-22,0.528951,0.531848,0.517846,0.525813,514236000
2015-06-23,0.526778,0.530883,0.508189,0.512293,414064000
2015-06-24,0.511569,0.514224,0.504809,0.507223,253368000
2015-06-25,0.507223,0.514225,0.507223,0.511086,350460000
2015-06-26,0.506982,0.507465,0.498532,0.500705,421296000
2015-06-29,0.494911,0.499981,0.485013,0.485737,391724000
2015-06-30,0.488634,0.490807,0.482116,0.485496,315916000
2015-07-01,0.497567,0.504568,0.488151,0.492497,302892000
2015-07-02,0.492255,0.496118,0.489841,0.492980,145764000
2015-07-06,0.488876,0.495635,0.483323,0.486944,214776000
2015-07-07,0.484047,0.485978,0.462561,0.477770,594252000
2015-07-08,0.475115,0.478012,0.470528,0.474390,332492000
2015-07-09,0.481874,0.484047,0.465699,0.468596,357588000
2015-07-10,0.474632,0.481150,0.473425,0.476805,216708000
2015-07-13,0.481633,0.482598,0.476804,0.479943,212472000
2015-07-14,0.480667,0.481150,0.473907,0.480184,249216000
2015-07-15,0.478977,0.482116,0.472459,0.476805,265732000
2015-07-16,0.479701,0.487427,0.478011,0.487427,282848000
2015-07-17,0.485737,0.486220,0.478253,0.484530,220372000
2015-07-20,0.484530,0.486461,0.474390,0.475597,188412000
2015-07-21,0.474632,0.484530,0.474632,0.477770,149720000
2015-07-22,0.474390,0.474390,0.462802,0.468596,356472000
2015-07-23,0.469562,0.481391,0.468596,0.474390,169916000
2015-07-24,0.477770,0.478253,0.466906,0.468838,188844000
2015-07-27,0.464733,0.471493,0.460871,0.466182,192420000
2015-07-28,0.467389,0.479460,0.462561,0.476322,198308000
2015-07-29,0.475356,0.485979,0.473425,0.482116,232680000
2015-07-30,0.480909,0.488151,0.480909,0.483323,190180000
2015-07-31,0.485254,0.485495,0.478736,0.481633,218340000
2015-08-03,0.485496,0.490324,0.479219,0.489841,397132000
2015-08-04,0.488151,0.493221,0.486220,0.491773,260100000
2015-08-05,0.503843,0.504326,0.495876,0.496842,234628000
2015-08-06,0.495635,0.499257,0.485496,0.493704,655676000
2015-08-07,0.542229,0.564198,0.528227,0.554783,1405248000
2015-08-10,0.550920,0.578201,0.547541,0.574097,662304000
2015-08-11,0.565647,0.576752,0.565647,0.571200,435008000
2015-08-12,0.562026,0.576752,0.562026,0.572648,384048000
2015-08-13,0.573372,0.574579,0.566371,0.567820,276884000
2015-08-14,0.567337,0.571683,0.563957,0.568303,214652000
2015-08-17,0.567337,0.567337,0.557680,0.564681,273880000
2015-08-18,0.562936,0.566815,0.555178,0.559542,287084000
2015-08-19,0.558814,0.565118,0.551299,0.557360,249248000
2015-08-20,0.551057,0.553723,0.534571,0.537238,426932000
2015-08-21,0.533358,0.542328,0.520024,0.520509,382664000
2015-08-24,0.491417,0.529237,0.484872,0.502084,682284000
2015-08-25,0.524146,0.526086,0.491660,0.491660,622684000
2015-08-26,0.507661,0.529237,0.503782,0.528752,614976000
2015-08-27,0.534328,0.548875,0.531177,0.548632,463764000
2015-08-28,0.548632,0.554451,0.544753,0.551057,320944000
2015-08-31,0.548390,0.552269,0.542814,0.544996,219352000
2015-09-01,0.529237,0.538207,0.518813,0.522692,353408000
2015-09-02,0.536995,0.538692,0.528025,0.538450,344044000
2015-09-03,0.546450,0.549117,0.538935,0.539904,262556000
2015-09-04,0.530692,0.539177,0.527055,0.527298,287972000
2015-09-08,0.540147,0.552026,0.537965,0.549844,238448000
2015-09-09,0.551542,0.556148,0.537723,0.538935,289392000
2015-09-10,0.535783,0.554208,0.533359,0.547420,357076000
2015-09-11,0.541359,0.552754,0.539177,0.549117,301584000
2015-09-14,0.551784,0.553481,0.547177,0.550087,192460000
2015-09-15,0.550329,0.559057,0.548632,0.556148,327976000
2015-09-16,0.555178,0.563178,0.551056,0.560027,173508000
2015-09-17,0.569724,0.574815,0.563905,0.565118,268712000
2015-09-18,0.557360,0.569482,0.553966,0.564633,326412000
2015-09-21,0.565360,0.571664,0.562451,0.570451,281840000
2015-09-22,0.558087,0.561966,0.552026,0.554935,228356000
2015-09-23,0.555420,0.560996,0.553238,0.557602,161632000
2015-09-24,0.554208,0.574088,0.545481,0.568270,382440000
2015-09-25,0.575300,0.583543,0.566815,0.572391,369692000
2015-09-28,0.572391,0.576027,0.561239,0.564875,395584000
2015-09-29,0.570936,0.575785,0.562936,0.574815,380736000
2015-09-30,0.580149,0.598331,0.576755,0.597604,556380000
2015-10-01,0.597604,0.599301,0.568997,0.585967,489296000
2015-10-02,0.582816,0.601241,0.576755,0.601241,386144000
2015-10-05,0.605120,0.623787,0.601968,0.616272,482024000
2015-10-06,0.609726,0.626939,0.607301,0.624272,453216000
2015-10-07,0.625727,0.637121,0.615544,0.630818,310152000
2015-10-08,0.628151,0.636151,0.617484,0.634454,460068000
2015-10-09,0.631060,0.637121,0.620151,0.632030,423248000
2015-10-12,0.632757,0.642455,0.628151,0.638818,227588000
2015-10-13,0.633727,0.643909,0.631545,0.640030,298444000
2015-10-14,0.640758,0.673729,0.640031,0.663304,612148000
2015-10-15,0.664516,0.678578,0.657728,0.665001,526048000
2015-10-16,0.667183,0.681729,0.665486,0.675426,448396000
2015-10-19,0.677608,0.680760,0.666456,0.674214,294712000
2015-10-20,0.671305,0.676396,0.666214,0.673244,264824000
2015-10-21,0.677366,0.681487,0.663305,0.664517,386280000
2015-10-22,0.672274,0.690699,0.671304,0.688517,306884000
2015-10-23,0.694578,0.697730,0.684154,0.693124,381776000
2015-10-26,0.693608,0.695305,0.683669,0.689972,247436000
2015-10-27,0.686578,0.693851,0.686093,0.689487,208268000
2015-10-28,0.693851,0.695064,0.683669,0.695064,217036000
2015-10-29,0.683911,0.690942,0.669850,0.671062,327168000
2015-10-30,0.678335,0.692639,0.673244,0.687790,301160000
2015-11-02,0.689972,0.696518,0.685851,0.695790,190088000
2015-11-03,0.691669,0.695548,0.683184,0.690942,376768000
2015-11-04,0.689003,0.694094,0.676396,0.679548,442264000
2015-11-05,0.682941,0.684881,0.669850,0.671789,478800000
2015-11-06,0.738217,0.774340,0.722943,0.764885,1172272000
2015-11-09,0.757369,0.763672,0.750823,0.761491,492568000
2015-11-10,0.751551,0.755672,0.730944,0.746944,552260000
2015-11-11,0.747429,0.752763,0.737005,0.739671,619896000
2015-11-12,0.737974,0.744763,0.733853,0.737005,291080000
2015-11-13,0.737732,0.740884,0.718822,0.722458,292940000
2015-11-16,0.731913,0.737489,0.726095,0.737005,344280000
2015-11-17,0.738944,0.743308,0.733853,0.737005,257048000
2015-11-18,0.740046,0.756108,0.732016,0.755135,350216000
2015-11-19,0.757812,0.764869,0.751728,0.757325,254072000
2015-11-20,0.762922,0.768276,0.758298,0.763895,239744000
2015-11-23,0.770223,0.770223,0.749781,0.752458,242552000
2015-11-24,0.752458,0.765112,0.749051,0.758542,195428000
2015-11-25,0.757081,0.766086,0.754891,0.757568,138300000
2015-11-27,0.759028,0.766329,0.755135,0.763895,86996000
2015-11-30,0.764626,0.775333,0.763895,0.771926,327244000
2015-12-01,0.778740,0.797722,0.778010,0.796992,409496000
2015-12-02,0.798209,0.806483,0.789205,0.790908,294240000
2015-12-03,0.797235,0.805509,0.785311,0.789205,246656000
2015-12-04,0.789205,0.822788,0.789205,0.821328,458756000
2015-12-07,0.821084,0.821084,0.803319,0.805753,333588000
2015-12-08,0.795775,0.820111,0.790665,0.816704,314488000
2015-12-09,0.816460,0.821328,0.787744,0.796018,372676000
2015-12-10,0.798452,0.806970,0.795775,0.802589,236596000
2015-12-11,0.794559,0.800156,0.788961,0.790665,227320000
2015-12-14,0.791395,0.796992,0.783121,0.792611,275892000
2015-12-15,0.801616,0.807943,0.797235,0.802346,307296000
2015-12-16,0.804049,0.809890,0.796992,0.807213,236356000
2015-12-17,0.808430,0.816704,0.794558,0.795045,254160000
2015-12-18,0.789448,0.797479,0.781174,0.782147,395896000
2015-12-21,0.790665,0.801372,0.783607,0.800642,284216000
2015-12-22,0.803076,0.809403,0.796505,0.801372,130012000
2015-12-23,0.802589,0.807700,0.801129,0.804536,122524000
2015-12-24,0.802102,0.809160,0.800886,0.807213,52448000
2015-12-28,0.798696,0.806483,0.787501,0.806483,142024000
2015-12-29,0.806970,0.822058,0.804779,0.819624,203660000
2015-12-30,0.818894,0.825951,0.812324,0.812567,180344000
2015-12-31,0.811350,0.815000,0.802103,0.802103,148528000
2016-01-04,0.785798,0.792855,0.779714,0.787744,358076000
2016-01-05,0.802589,0.813784,0.790908,0.800399,490272000
2016-01-06,0.787258,0.790908,0.758298,0.767303,449344000
2016-01-07,0.748077,0.753188,0.727149,0.736883,645304000
2016-01-08,0.746374,0.747104,0.719605,0.721065,398472000
2016-01-11,0.721795,0.727392,0.709384,0.722282,409372000
2016-01-12,0.735180,0.745157,0.729339,0.734449,469356000
2016-01-13,0.740047,0.744914,0.711331,0.712061,481672000
2016-01-14,0.697459,0.705734,0.677018,0.697703,600236000
2016-01-15,0.669717,0.677747,0.648301,0.659739,841452000
2016-01-19,0.673367,0.692349,0.662416,0.665093,457140000
2016-01-20,0.652438,0.677261,0.643677,0.668743,481180000
2016-01-21,0.676044,0.686995,0.662172,0.676530,481456000
2016-01-22,0.689429,0.696973,0.687968,0.692349,257996000
2016-01-25,0.692105,0.700136,0.690159,0.691619,270728000
2016-01-26,0.693079,0.701353,0.686021,0.698433,227944000
2016-01-27,0.697459,0.699649,0.677017,0.690159,231700000
2016-01-28,0.695756,0.698189,0.669230,0.682615,276776000
2016-01-29,0.688455,0.714251,0.685778,0.712791,310504000
2016-02-01,0.712061,0.716684,0.705977,0.713034,289884000
2016-02-02,0.705733,0.709384,0.677991,0.682858,341908000
2016-02-03,0.688212,0.692349,0.670447,0.686265,326772000
2016-02-04,0.687238,0.702083,0.679694,0.686508,348140000
2016-02-05,0.681885,0.689429,0.641244,0.643191,600428000
2016-02-08,0.633456,0.636620,0.604740,0.613745,608852000
2016-02-09,0.606444,0.646111,0.603523,0.620315,425372000
2016-02-10,0.624209,0.642217,0.615448,0.618855,335800000
2016-02-11,0.603037,0.622019,0.603037,0.615692,340144000
2016-02-12,0.625426,0.627373,0.602307,0.626156,340816000
2016-02-16,0.635160,0.657792,0.633213,0.656819,485352000
2016-02-17,0.665093,0.679451,0.662416,0.673124,771468000
2016-02-18,0.728366,0.753918,0.727635,0.731042,1068660000
2016-02-19,0.727149,0.747347,0.721552,0.740777,525628000
2016-02-22,0.751484,0.775577,0.750024,0.767059,449668000
2016-02-23,0.760975,0.776307,0.757325,0.769006,369380000
2016-02-24,0.765842,0.775577,0.744670,0.774360,336852000
2016-02-25,0.777280,0.779957,0.762192,0.776063,349616000
2016-02-26,0.779714,0.781661,0.763165,0.770953,361964000
2016-02-29,0.772052,0.782066,0.765458,0.765946,323344000
2016-03-01,0.767900,0.799895,0.766678,0.799895,348700000
2016-03-02,0.795499,0.807467,0.794034,0.804536,233812000
2016-03-03,0.803559,0.806979,0.786707,0.797453,302004000
2016-03-04,0.803559,0.804292,0.788905,0.795011,175304000
2016-03-07,0.790614,0.795988,0.779623,0.789882,239968000
2016-03-08,0.781822,0.786462,0.773029,0.775471,274940000
2016-03-09,0.782310,0.783531,0.764969,0.774983,222788000
2016-03-10,0.779623,0.784020,0.758130,0.773762,286084000
2016-03-11,0.785241,0.787195,0.775960,0.786950,277400000
2016-03-14,0.783287,0.792080,0.779624,0.788905,190312000
2016-03-15,0.784752,0.789881,0.771075,0.784997,226216000
2016-03-16,0.779135,0.811131,0.775471,0.808444,363644000
2016-03-17,0.805513,0.809421,0.790614,0.801605,353680000
2016-03-18,0.811131,0.836532,0.806002,0.825786,545512000
2016-03-21,0.818458,0.828472,0.809665,0.828228,337780000
2016-03-22,0.825541,0.832624,0.816504,0.826762,242012000
2016-03-23,0.830426,0.847035,0.826763,0.840929,429008000
2016-03-24,0.833357,0.843615,0.830670,0.842150,244956000
2016-03-28,0.840684,0.854362,0.839707,0.850698,265388000
2016-03-29,0.847035,0.866330,0.845081,0.864376,261812000
2016-03-30,0.867551,0.885381,0.867062,0.873413,376700000
2016-03-31,0.877320,0.879274,0.863399,0.870237,379884000
2016-04-01,0.864864,0.883427,0.858270,0.882938,348292000
2016-04-04,0.890265,0.894906,0.870970,0.874390,393940000
2016-04-05,0.866574,0.881229,0.863155,0.873169,339568000
2016-04-06,0.862178,0.874878,0.845813,0.874390,453376000
2016-04-07,0.868772,0.876588,0.861689,0.865353,378104000
2016-04-08,0.872436,0.878054,0.862422,0.870970,255936000
2016-04-11,0.876099,0.890754,0.873413,0.876344,387524000
2016-04-12,0.879274,0.880496,0.858270,0.875367,292764000
2016-04-13,0.879275,0.897593,0.879275,0.897349,350716000
2016-04-14,0.894906,0.903699,0.891242,0.899791,416564000
2016-04-15,0.899547,0.914934,0.896616,0.906874,436972000
2016-04-18,0.905164,0.905164,0.894173,0.902966,307320000
2016-04-19,0.906385,0.908095,0.881228,0.886846,309152000
2016-04-20,0.885381,0.895639,0.884404,0.890265,200172000
2016-04-21,0.890510,0.894662,0.885381,0.889288,178280000
2016-04-22,0.892220,0.898326,0.882938,0.885869,223540000
2016-04-25,0.886113,0.895150,0.883671,0.890265,191972000
2016-04-26,0.895639,0.905897,0.887090,0.890998,214536000
2016-04-27,0.888800,0.911759,0.887091,0.911271,352396000
2016-04-28,0.905653,0.911026,0.881961,0.884159,381224000
2016-04-29,0.880496,0.882450,0.858270,0.867795,321904000
2016-05-02,0.876099,0.884648,0.871947,0.879275,256076000
2016-05-03,0.869261,0.872924,0.861201,0.868772,224024000
2016-05-04,0.858269,0.859002,0.840195,0.848988,525764000
2016-05-05,0.856072,0.864132,0.847767,0.854118,246884000
2016-05-06,0.852652,0.865109,0.850942,0.862910,183240000
2016-05-09,0.865109,0.868772,0.854606,0.861689,333336000
2016-05-10,0.867063,0.879763,0.858758,0.878298,269676000
2016-05-11,0.880984,0.890510,0.876099,0.880740,328176000
2016-05-12,0.887090,0.890998,0.853141,0.868772,670540000
2016-05-13,0.957188,1.001396,0.952548,1.000908,2110256000
2016-05-16,0.993336,1.045360,0.990161,1.030461,973032000
2016-05-17,1.025820,1.039986,1.012631,1.032659,628392000
2016-05-18,1.025820,1.071006,1.025820,1.059038,541072000
2016-05-19,1.054885,1.071249,1.053420,1.063678,398880000
2016-05-20,1.070273,1.087125,1.068563,1.082729,391084000
2016-05-23,1.087369,1.091522,1.077844,1.084439,413636000
2016-05-24,1.087745,1.114191,1.084806,1.110763,415788000
2016-05-25,1.114191,1.118844,1.097295,1.106110,458076000
2016-05-26,1.108069,1.125945,1.104886,1.117864,309964000
2016-05-27,1.119089,1.125700,1.115415,1.123986,277416000
2016-05-31,1.128884,1.146515,1.128150,1.144067,412524000
2016-06-01,1.138679,1.157290,1.135251,1.146271,387132000
2016-06-02,1.152392,1.164147,1.141128,1.154351,329208000
2016-06-03,1.143087,1.144556,1.118110,1.138189,461076000
2016-06-06,1.141128,1.149943,1.126435,1.132312,322512000
2016-06-07,1.139168,1.145535,1.134026,1.134516,193400000
2016-06-08,1.134761,1.138924,1.121538,1.130843,234616000
2016-06-09,1.126925,1.161942,1.124476,1.160228,472168000
2016-06-10,1.146515,1.156800,1.129863,1.131333,400024000
2016-06-13,1.132557,1.168064,1.132557,1.145780,475588000
2016-06-14,1.143087,1.153371,1.130353,1.147984,298344000
2016-06-15,1.157534,1.169778,1.144801,1.159738,301036000
2016-06-16,1.151168,1.166350,1.139903,1.164391,246456000
2016-06-17,1.165861,1.166106,1.139414,1.144067,471000000
2016-06-20,1.162432,1.179574,1.161698,1.164636,293768000
2016-06-21,1.169533,1.172717,1.155820,1.157534,212508000
2016-06-22,1.159984,1.167575,1.154597,1.156556,202620000
2016-06-23,1.167575,1.188634,1.166840,1.187410,297880000
2016-06-24,1.138679,1.159738,1.109294,1.119823,1017684000
2016-06-27,1.110518,1.119089,1.091418,1.107824,449088000
2016-06-28,1.128884,1.130108,1.108559,1.123986,381920000
2016-06-29,1.133781,1.151168,1.130843,1.142352,318932000
2016-06-30,1.144311,1.158269,1.135006,1.151168,430940000
2016-07-01,1.144801,1.159739,1.138679,1.142597,218488000
2016-07-05,1.136230,1.161453,1.127170,1.159494,371084000
2016-07-06,1.151413,1.173697,1.145536,1.166840,273104000
2016-07-07,1.174676,1.201367,1.169288,1.197204,395400000
2016-07-08,1.209939,1.251078,1.205286,1.245201,481932000
2016-07-11,1.263077,1.283157,1.261607,1.273851,448776000
2016-07-12,1.288054,1.304705,1.271892,1.292951,436760000
2016-07-13,1.295400,1.302746,1.290503,1.292462,324604000
2016-07-14,1.299318,1.317439,1.288544,1.305685,316892000
2016-07-15,1.289033,1.296380,1.269443,1.290503,428616000
2016-07-18,1.306420,1.308379,1.292217,1.297114,252992000
2016-07-19,1.296380,1.315725,1.293931,1.310583,382652000
2016-07-20,1.314991,1.334826,1.309603,1.327724,296460000
2016-07-21,1.324785,1.328948,1.298828,1.303236,361308000
2016-07-22,1.307889,1.338744,1.298339,1.338744,315768000
2016-07-25,1.346825,1.366660,1.340947,1.363476,312528000
2016-07-26,1.375475,1.393841,1.373516,1.386739,514508000
2016-07-27,1.398738,1.401187,1.364455,1.372781,446676000
2016-07-28,1.375965,1.386005,1.371557,1.375720,221916000
2016-07-29,1.380862,1.401922,1.356130,1.398249,409588000
2016-08-01,1.404126,1.409268,1.380128,1.389188,301120000
2016-08-02,1.395800,1.396535,1.359069,1.372292,282748000
2016-08-03,1.370577,1.378658,1.362986,1.375965,299828000
2016-08-04,1.382577,1.407799,1.379883,1.401432,272712000
2016-08-05,1.417594,1.425920,1.410737,1.425185,371588000
2016-08-08,1.444775,1.448203,1.423226,1.438408,305064000
2016-08-09,1.445510,1.456040,1.438409,1.442082,372344000
2016-08-10,1.454815,1.457019,1.428124,1.432776,375740000
2016-08-11,1.440368,1.468039,1.437429,1.461917,681064000
2016-08-12,1.515790,1.552031,1.484690,1.543706,1425744000
2016-08-15,1.545420,1.554970,1.521422,1.542237,573304000
2016-08-16,1.540033,1.542481,1.528279,1.532931,287652000
2016-08-17,1.532931,1.536360,1.485425,1.497424,595212000
2016-08-18,1.495220,1.523136,1.489343,1.520687,331684000
2016-08-19,1.519953,1.536115,1.513341,1.524605,291560000
2016-08-22,1.529258,1.533176,1.511137,1.530972,244748000
2016-08-23,1.546551,1.553420,1.538945,1.543361,339764000
2016-08-24,1.548759,1.549495,1.512450,1.519565,298448000
2016-08-25,1.520055,1.520791,1.490616,1.509506,406032000
2016-08-26,1.513431,1.530359,1.501410,1.521772,300024000
2016-08-29,1.527905,1.534039,1.518338,1.520791,274652000
2016-08-30,1.518828,1.526924,1.507788,1.511959,285544000
2016-08-31,1.514903,1.519074,1.500429,1.504845,388544000
2016-09-01,1.506071,1.554892,1.504845,1.549249,428492000
2016-09-02,1.552438,1.554156,1.516620,1.534039,323148000
2016-09-06,1.539436,1.548513,1.531586,1.548513,306812000
2016-09-07,1.543606,1.551212,1.516866,1.525697,397988000
2016-09-08,1.524226,1.539191,1.506807,1.536737,315808000
2016-09-09,1.519810,1.528396,1.447438,1.460195,697760000
2016-09-12,1.440814,1.493314,1.406223,1.490370,598260000
2016-09-13,1.486690,1.503863,1.460440,1.468781,471768000
2016-09-14,1.472216,1.486690,1.459950,1.481784,319048000
2016-09-15,1.484237,1.539681,1.480802,1.537964,515212000
2016-09-16,1.543362,1.551703,1.523981,1.541644,902444000
2016-09-19,1.557836,1.601014,1.550721,1.562006,417128000
2016-09-20,1.579916,1.579916,1.539191,1.547778,331112000
2016-09-21,1.552439,1.594144,1.552193,1.591200,336212000
2016-09-22,1.600523,1.605429,1.586048,1.595126,308732000
2016-09-23,1.597089,1.601750,1.586294,1.593409,276132000
2016-09-26,1.575254,1.584821,1.558571,1.578443,230040000
2016-09-27,1.572310,1.634869,1.571574,1.632415,402752000
2016-09-28,1.634869,1.639530,1.617450,1.638303,319788000
2016-09-29,1.635605,1.658666,1.620395,1.653514,336684000
2016-09-30,1.662591,1.697427,1.652777,1.680990,429932000
2016-10-03,1.680991,1.705278,1.676330,1.679273,242596000
2016-10-04,1.681727,1.709940,1.663082,1.675594,281624000
2016-10-05,1.689822,1.706995,1.668724,1.673876,305440000
2016-10-06,1.653759,1.664063,1.625546,1.652042,360212000
2016-10-07,1.663081,1.667497,1.635359,1.640020,286260000
2016-10-10,1.648607,1.657439,1.630698,1.646154,287876000
2016-10-11,1.640757,1.643210,1.609845,1.622357,388540000
2016-10-12,1.615733,1.638304,1.602240,1.629717,419920000
2016-10-13,1.610581,1.614261,1.562742,1.603222,390116000
2016-10-14,1.622848,1.633887,1.609355,1.618922,330636000
2016-10-17,1.618677,1.633887,1.607392,1.609600,195328000
2016-10-18,1.631925,1.643455,1.625301,1.634133,269372000
2016-10-19,1.623093,1.638303,1.614751,1.630698,199060000
2016-10-20,1.649833,1.667006,1.626527,1.661609,312084000
2016-10-21,1.655722,1.659892,1.641247,1.656948,279508000
2016-10-24,1.668234,1.736680,1.667988,1.734717,339836000
2016-10-25,1.731774,1.773725,1.723433,1.763176,397460000
2016-10-26,1.748456,1.789671,1.746739,1.770290,333792000
2016-10-27,1.783783,1.787218,1.726867,1.733981,388664000
2016-10-28,1.742323,1.768818,1.727848,1.731037,290856000
2016-10-31,1.736680,1.757288,1.735699,1.745757,252388000
2016-11-01,1.752136,1.761704,1.675348,1.693993,473224000
2016-11-02,1.706995,1.730056,1.683934,1.686878,295848000
2016-11-03,1.694729,1.696201,1.634869,1.667252,309664000
2016-11-04,1.656212,1.686143,1.633397,1.657684,328780000
2016-11-07,1.706260,1.759496,1.705033,1.748456,487580000
2016-11-08,1.755080,1.760722,1.729566,1.745757,429884000
2016-11-09,1.698409,1.739378,1.685897,1.716318,456532000
2016-11-10,1.753853,1.754098,1.637813,1.662591,869280000
2016-11-11,1.950606,2.177781,1.925828,2.158154,2175344000
2016-11-14,2.161098,2.163552,2.051437,2.051927,1348796000
2016-11-15,2.067874,2.145398,2.059042,2.114486,626092000
2016-11-16,2.142699,2.270760,2.118411,2.247945,987984000
2016-11-17,2.264627,2.325469,2.223903,2.266590,832988000
2016-11-18,2.266590,2.314184,2.252116,2.290387,576060000
2016-11-21,2.308295,2.314674,2.266835,2.281064,436436000
2016-11-22,2.288914,2.299708,2.266344,2.297500,330368000
2016-11-23,2.302661,2.340253,2.279320,2.308804,443236000
2016-11-25,2.319859,2.336566,2.295044,2.313471,195564000
2016-11-28,2.306346,2.327722,2.299712,2.312243,278736000
2016-11-29,2.309540,2.320350,2.273422,2.291112,444568000
2016-11-30,2.299712,2.313471,2.262858,2.265315,440500000
2016-12-01,2.262858,2.264578,2.082763,2.153277,1035524000
2016-12-02,2.119126,2.181778,2.091362,2.173179,478292000
2016-12-05,2.211016,2.275388,2.186692,2.257452,602284000
2016-12-06,2.265560,2.302905,2.249835,2.294552,498796000
2016-12-07,2.281039,2.341480,2.262857,2.335829,480804000
2016-12-08,2.338778,2.373912,2.286199,2.296763,381544000
2016-12-09,2.314454,2.316174,2.228706,2.255978,382312000
2016-12-12,2.207576,2.210033,2.150820,2.201188,601332000
2016-12-13,2.213473,2.267526,2.212490,2.240008,387796000
2016-12-14,2.273668,2.385952,2.249836,2.369736,983980000
2016-12-15,2.380792,2.455484,2.373421,2.425263,746548000
2016-12-16,2.452780,2.474156,2.401184,2.467031,1089528000
2016-12-19,2.449587,2.517153,2.432388,2.497006,744656000
2016-12-20,2.569486,2.607569,2.558184,2.583982,848056000
2016-12-21,2.595531,2.603147,2.548111,2.600199,576136000
2016-12-22,2.624522,2.674890,2.617397,2.631648,718612000
2016-12-23,2.613711,2.698722,2.611009,2.697248,647692000
2016-12-27,2.753266,2.883485,2.732628,2.882502,1194272000
2016-12-28,2.938521,2.946629,2.670467,2.684226,2295764000
2016-12-29,2.577349,2.739263,2.525753,2.737788,2175368000
2016-12-30,2.735822,2.749827,2.611746,2.622556,1212932000
2017-01-03,2.565063,2.613465,2.441724,2.506342,1501996000
2017-01-04,2.540494,2.592090,2.494549,2.564818,1199220000
2017-01-05,2.568258,2.599952,2.482755,2.499708,984296000
2017-01-06,2.526981,2.561379,2.486441,2.533124,822856000
2017-01-09,2.542952,2.653515,2.542952,2.635824,916248000
2017-01-10,2.648845,2.682751,2.595284,2.615922,880920000
2017-01-11,2.604375,2.609289,2.558922,2.583737,525664000
2017-01-12,2.560887,2.572434,2.496760,2.541477,625616000
2017-01-13,2.545408,2.579805,2.532140,2.541231,457820000
2017-01-17,2.530666,2.535580,2.470962,2.484230,580612000
2017-01-18,2.462854,2.536317,2.435090,2.529437,654424000
2017-01-19,2.532387,2.615677,2.530175,2.583737,644872000
2017-01-20,2.606340,2.624030,2.533614,2.555481,492024000
2017-01-23,2.550322,2.601918,2.547865,2.582016,369904000
2017-01-24,2.592091,2.643195,2.577349,2.637053,428052000
2017-01-25,2.679312,2.685455,2.612483,2.648355,522760000
2017-01-26,2.651058,2.701425,2.621574,2.694055,458800000
2017-01-27,2.700933,2.749090,2.674398,2.746141,471996000
2017-01-30,2.725257,2.727468,2.651303,2.703145,496004000
2017-01-31,2.676856,2.703882,2.658428,2.682507,362756000
2017-02-01,2.716903,2.803879,2.699213,2.799703,590004000
2017-02-02,2.783732,2.843682,2.753266,2.835083,483240000
2017-02-03,2.836557,2.847614,2.798474,2.810268,372744000
2017-02-06,2.800932,2.882749,2.800932,2.882257,506768000
2017-02-07,2.916409,2.970953,2.896753,2.926974,746224000
2017-02-08,2.909038,2.931396,2.859407,2.914197,449580000
2017-02-09,2.920339,2.925253,2.840243,2.859407,842568000
2017-02-10,2.946629,2.965548,2.766534,2.791595,1651092000
2017-02-13,2.785944,2.800440,2.658428,2.662851,1180724000
2017-02-14,2.653268,2.706339,2.611500,2.672678,850632000
2017-02-15,2.675627,2.697740,2.647618,2.678084,373020000
2017-02-16,2.687666,2.688895,2.596022,2.635087,647176000
2017-02-17,2.621574,2.639019,2.574646,2.634596,563740000
2017-02-21,2.659165,2.732874,2.658919,2.728943,551952000
2017-02-22,2.740997,2.750346,2.705818,2.724761,433772000
2017-02-23,2.595362,2.617257,2.452187,2.472113,1592888000
2017-02-24,2.387978,2.509259,2.354275,2.495975,1029904000
2017-02-27,2.514180,2.583554,2.498436,2.568547,715400000
2017-02-28,2.578141,2.587982,2.479247,2.496467,625360000
2017-03-01,2.553294,2.567563,2.487365,2.528694,504804000
2017-03-02,2.515902,2.529924,2.432752,2.435458,754332000
2017-03-03,2.424880,2.429800,2.367068,2.421436,864692000
2017-03-06,2.385273,2.413317,2.341238,2.402739,883568000
2017-03-07,2.402739,2.448496,2.389947,2.429062,603400000
2017-03-08,2.477278,2.492039,2.422419,2.424633,638712000
2017-03-09,2.408644,2.446528,2.396097,2.424142,478060000
2017-03-10,2.450464,2.462272,2.420205,2.438409,499740000
2017-03-13,2.448742,2.515410,2.448004,2.505569,774136000
2017-03-14,2.518362,2.527710,2.471620,2.503847,522016000
2017-03-15,2.515410,2.533614,2.467931,2.522790,615036000
2017-03-16,2.533368,2.554279,2.519346,2.553787,523100000
2017-03-17,2.571253,2.610614,2.553787,2.609384,1119688000
2017-03-20,2.626850,2.696469,2.610859,2.692533,748568000
2017-03-21,2.675313,2.705080,2.597575,2.605448,913484000
2017-03-22,2.594378,2.663259,2.590442,2.658585,616764000
2017-03-23,2.650713,2.670640,2.624883,2.634477,533940000
2017-03-24,2.680726,2.688598,2.617995,2.643825,439500000
2017-03-27,2.597330,2.666950,2.548129,2.663013,506644000
2017-03-28,2.664243,2.678758,2.638905,2.649237,432444000
2017-03-29,2.656617,2.668917,2.638412,2.640626,349992000
2017-03-30,2.647761,2.706065,2.642103,2.691304,525532000
2017-03-31,2.681710,2.703358,2.666703,2.679741,440808000
2017-04-03,2.680234,2.697454,2.642595,2.666211,445232000
2017-04-04,2.543700,2.568793,2.468422,2.479247,1271280000
2017-04-05,2.460550,2.518362,2.447758,2.460796,747048000
2017-04-06,2.465962,2.490809,2.420943,2.478755,635120000
2017-04-07,2.485151,2.502618,2.453170,2.468177,429068000
2017-04-10,2.468914,2.475556,2.401016,2.405199,756332000
2017-04-11,2.375186,2.432998,2.370266,2.413809,618148000
2017-04-12,2.413810,2.428078,2.388717,2.393883,414092000
2017-04-13,2.369774,2.391423,2.349110,2.349110,506892000
2017-04-17,2.361902,2.441362,2.356736,2.441116,497292000
2017-04-18,2.426848,2.448743,2.401017,2.442592,370116000
2017-04-19,2.460058,2.484167,2.445544,2.452186,380828000
2017-04-20,2.466701,2.495730,2.445545,2.491056,404016000
2017-04-21,2.480722,2.504093,2.468914,2.501387,341896000
2017-04-24,2.532876,2.545668,2.511965,2.532630,371820000
2017-04-25,2.547144,2.591180,2.525742,2.576665,388440000
2017-04-26,2.590196,2.592655,2.556985,2.558953,327004000
2017-04-27,2.566333,2.607169,2.548374,2.598805,319700000
2017-04-28,2.591918,2.598806,2.560183,2.565841,348248000
2017-05-01,2.576664,2.628572,2.569530,2.623405,307732000
2017-05-02,2.596591,2.597821,2.523035,2.545668,629972000
2017-05-03,2.538780,2.574205,2.524020,2.564611,336904000
2017-05-04,2.570761,2.581831,2.546898,2.554770,209788000
2017-05-05,2.543209,2.562151,2.527710,2.555017,228428000
2017-05-08,2.566825,2.568301,2.516886,2.528203,365240000
2017-05-09,2.533860,2.581339,2.525496,2.532384,847672000
2017-05-10,2.811600,2.996843,2.804958,2.983804,2129096000
2017-05-11,2.953300,3.208654,2.949856,3.111974,1939792000
2017-05-12,3.115172,3.188236,3.094261,3.146168,962620000
2017-05-15,3.187252,3.306565,3.182824,3.304105,1087540000
2017-05-16,3.355027,3.381104,3.280733,3.365605,1120700000
2017-05-17,3.298938,3.317635,3.137805,3.141987,1271368000
2017-05-18,3.185775,3.282456,3.125504,3.273600,1156032000
2017-05-19,3.374568,3.403873,3.329994,3.349203,1018372000
2017-05-22,3.392792,3.434903,3.381956,3.420619,836608000
2017-05-23,3.440321,3.442537,3.342061,3.374568,681248000
2017-05-24,3.471350,3.474059,3.400425,3.412493,815996000
2017-05-25,3.447709,3.448448,3.360039,3.404859,608228000
2017-05-26,3.396732,3.577737,3.376539,3.493022,779140000
2017-05-30,3.538827,3.602609,3.522820,3.567640,989652000
2017-05-31,3.612460,3.620094,3.498193,3.554834,887316000
2017-06-01,3.570595,3.571580,3.509768,3.555081,503340000
2017-06-02,3.552125,3.578229,3.531439,3.537349,487456000
2017-06-05,3.521096,3.657772,3.509521,3.644967,817376000
2017-06-06,3.640288,3.686340,3.615169,3.628468,758728000
2017-06-07,3.652846,3.691017,3.637332,3.672301,612612000
2017-06-08,3.779181,3.940239,3.738055,3.938761,1161744000
2017-06-09,4.056969,4.149564,3.515432,3.684124,3692928000
2017-06-12,3.592512,3.735838,3.499670,3.693234,1697532000
2017-06-13,3.802330,3.811442,3.586848,3.728451,1672504000
2017-06-14,3.731407,3.793958,3.657035,3.736332,1184640000
2017-06-15,3.619110,3.782630,3.607781,3.752339,963824000
2017-06-16,3.761943,3.809718,3.699884,3.733869,924960000
2017-06-19,3.777950,3.879411,3.774256,3.874240,778176000
2017-06-20,3.916351,3.983088,3.864389,3.868575,1095444000
2017-06-21,3.896158,3.930881,3.834345,3.927187,682652000
2017-06-22,3.935314,3.948612,3.876210,3.900098,469132000
2017-06-23,3.907732,3.923493,3.773271,3.788293,1088588000
2017-06-26,3.821047,3.856509,3.652848,3.746921,1063960000
2017-06-27,3.729436,3.738056,3.604088,3.609752,999492000
2017-06-28,3.677228,3.741749,3.589311,3.737070,994948000
2017-06-29,3.708750,3.711705,3.548185,3.612214,1064424000
2017-06-30,3.629453,3.642998,3.533903,3.560007,731060000
2017-07-03,3.572073,3.586849,3.412739,3.431209,709072000
2017-07-05,3.494499,3.551633,3.475537,3.522820,820188000
2017-07-06,3.493761,3.580200,3.441799,3.533409,746284000
2017-07-07,3.590049,3.632406,3.567146,3.614182,654972000
2017-07-10,3.687571,3.792479,3.661466,3.785091,958492000
2017-07-11,3.788785,3.846411,3.746920,3.838777,757956000
2017-07-12,3.898373,4.014117,3.855523,4.002050,1145208000
2017-07-13,4.014118,4.095385,3.909456,3.955753,1369132000
2017-07-14,3.972007,4.063618,3.965112,4.062140,941948000
2017-07-17,4.096124,4.124937,3.983334,4.044900,930792000
2017-07-18,3.984075,4.101544,3.972254,4.087014,776640000
2017-07-19,4.096124,4.122474,4.053767,4.065834,687044000
2017-07-20,4.086274,4.125183,4.036528,4.124937,699596000
2017-07-21,4.104497,4.169264,4.090213,4.139712,648332000
2017-07-24,4.146856,4.156460,4.081103,4.091692,652524000
2017-07-25,4.068787,4.086272,4.028400,4.071989,496556000
2017-07-26,4.129371,4.184781,4.084305,4.119028,640404000
2017-07-27,4.143900,4.155474,3.880150,3.983089,782856000
2017-07-28,3.947379,4.072728,3.922507,4.048348,513348000
2017-07-31,4.061892,4.097847,3.955506,4.002050,559672000
2017-08-01,3.992694,4.052536,3.964866,4.050812,431384000
2017-08-02,4.081840,4.085780,3.971514,4.048348,478444000
2017-08-03,4.047858,4.103514,4.030866,4.099820,442420000
2017-08-04,4.122475,4.188228,4.099819,4.117796,589096000
2017-08-07,4.146856,4.244869,4.137251,4.244377,717412000
2017-08-08,4.282300,4.298800,4.154735,4.193892,755336000
2017-08-09,4.147841,4.240929,4.129125,4.238466,530784000
2017-08-10,4.239697,4.252010,4.046872,4.056969,1328088000
2017-08-11,3.869806,3.915612,3.765636,3.840747,1497196000
2017-08-14,3.932113,4.150796,3.920538,4.147102,1279020000
2017-08-15,4.152272,4.178376,4.077900,4.112131,764532000
2017-08-16,4.127153,4.150548,4.034803,4.067064,596632000
2017-08-17,4.058693,4.075685,3.974224,3.976440,525444000
2017-08-18,4.030619,4.047611,3.931374,3.977179,601204000
2017-08-21,4.001559,4.012887,3.875471,3.919307,623672000
2017-08-22,3.955784,4.012474,3.936558,4.006559,450456000
2017-08-23,3.973286,4.097759,3.964658,4.086667,579520000
2017-08-24,4.118709,4.123146,4.045258,4.071631,469700000
2017-08-25,4.095787,4.105893,4.031208,4.037617,357200000
2017-08-28,4.056596,4.069413,4.001138,4.066209,389496000
2017-08-29,4.007545,4.081243,3.999411,4.059552,324096000
2017-08-30,4.079272,4.094800,4.048955,4.083709,384400000
2017-08-31,4.103921,4.180330,4.096526,4.176386,612684000
2017-09-01,4.188957,4.237021,4.180330,4.201528,445432000
2017-09-05,4.150260,4.155190,4.031456,4.089379,695364000
2017-09-06,4.122159,4.135962,4.052159,4.086912,397672000
2017-09-07,4.103674,4.138181,4.065716,4.105893,352868000
2017-09-08,4.094309,4.109098,4.010505,4.034660,498856000
2017-09-11,4.080260,4.176141,4.074837,4.165542,567444000
2017-09-12,4.190189,4.190189,4.115505,4.180576,411488000
2017-09-13,4.155435,4.228147,4.123146,4.199309,580960000
2017-09-14,4.160365,4.253289,4.135964,4.175401,513712000
2017-09-15,4.260683,4.439383,4.255507,4.439383,1364792000
2017-09-18,4.563363,4.712731,4.556461,4.622765,1684460000
2017-09-19,4.572482,4.679455,4.550545,4.617835,874280000
2017-09-20,4.621532,4.668856,4.540439,4.580616,724920000
2017-09-21,4.477095,4.503222,4.377762,4.455404,1075600000
2017-09-22,4.444066,4.493609,4.402164,4.412023,491232000
2017-09-25,4.381213,4.382446,4.194134,4.214838,874580000
2017-09-26,4.349170,4.404136,4.198816,4.238500,1125620000
2017-09-27,4.328713,4.344734,4.257973,4.331424,713720000
2017-09-28,4.338570,4.342514,4.282865,4.330190,435244000
2017-09-29,4.413996,4.430017,4.368890,4.406355,619092000
2017-10-02,4.456390,4.485475,4.362727,4.412023,503480000
2017-10-03,4.418186,4.450968,4.377024,4.421144,390332000
2017-10-04,4.427305,4.480298,4.390825,4.458115,427848000
2017-10-05,4.482518,4.485969,4.425827,4.455651,437364000
2017-10-06,4.428042,4.482021,4.412020,4.468711,318800000
2017-10-09,4.505440,4.602554,4.486707,4.569525,563492000
2017-10-10,4.718400,4.755866,4.615617,4.656780,974876000
2017-10-11,4.673293,4.707800,4.627447,4.706321,529508000
2017-10-12,4.709773,4.759316,4.681427,4.708540,528292000
2017-10-13,4.770656,4.806396,4.723825,4.796290,628728000
2017-10-16,4.826112,4.881570,4.763012,4.878612,576640000
2017-10-17,4.857908,4.902521,4.839669,4.874176,478596000
2017-10-18,4.883050,4.883789,4.764985,4.869986,567316000
2017-10-19,4.792591,4.880338,4.743541,4.875409,570772000
2017-10-20,4.892416,4.919529,4.844352,4.853225,451620000
2017-10-23,4.874917,4.901290,4.826113,4.846325,428696000
2017-10-24,4.855443,4.898824,4.829563,4.897099,407244000
2017-10-25,4.857662,4.910410,4.711992,4.773365,828160000
2017-10-26,4.800972,4.834986,4.777063,4.823402,322744000
2017-10-27,4.875408,4.975726,4.849528,4.975480,572192000
2017-10-30,4.975481,5.079742,4.959705,5.024284,504056000
2017-10-31,5.056079,5.124108,5.050410,5.097488,411908000
2017-11-01,5.160095,5.175377,5.043016,5.107101,502576000
2017-11-02,5.077523,5.122136,5.019599,5.076044,342308000
2017-11-03,5.107100,5.143826,5.061255,5.143826,353640000
2017-11-06,5.107101,5.175623,5.094778,5.166996,389944000
2017-11-07,5.189672,5.247596,5.177595,5.226151,427700000
2017-11-08,5.221717,5.225414,5.108089,5.155413,522988000
2017-11-09,5.059532,5.085658,4.938756,5.060764,978564000
2017-11-10,5.252033,5.389816,5.216293,5.327456,1253256000
2017-11-13,5.327456,5.352843,5.225659,5.240941,582376000
2017-11-14,5.250061,5.294428,5.206434,5.279146,529292000
2017-11-15,5.224181,5.225414,5.121892,5.175624,501948000
2017-11-16,5.249568,5.279639,5.206927,5.215800,441768000
2017-11-17,5.272738,5.307984,5.194603,5.209638,515664000
2017-11-20,5.225165,5.288758,5.188440,5.276680,396100000
2017-11-21,5.316364,5.336822,5.284568,5.325237,399176000
2017-11-22,5.352371,5.352371,5.268755,5.301313,356640000
2017-11-24,5.317592,5.352371,5.293174,5.351384,180752000
2017-11-27,5.360016,5.361249,5.278620,5.281826,422896000
2017-11-28,5.287006,5.296379,5.136301,5.197225,512752000
2017-11-29,5.179959,5.182672,4.716745,4.844758,1396788000
2017-11-30,4.913328,4.999163,4.850432,4.950572,823768000
2017-12-01,4.916041,4.936267,4.747330,4.875836,811548000
2017-12-04,4.934293,4.940460,4.550748,4.604025,1240844000
2017-12-05,4.498950,4.753003,4.454059,4.630663,981488000
2017-12-06,4.580346,4.689860,4.559134,4.668155,467032000
2017-12-07,4.734750,4.775201,4.689366,4.735490,542600000
2017-12-08,4.785315,4.804307,4.714772,4.723158,466876000
2017-12-11,4.737216,4.804306,4.721431,4.801346,372748000
2017-12-12,4.757938,4.781123,4.683695,4.707127,455016000
2017-12-13,4.748069,4.749302,4.584784,4.592184,554280000
2017-12-14,4.585773,4.670128,4.553214,4.599339,438164000
2017-12-15,4.643243,4.745110,4.578373,4.724885,670036000
2017-12-18,4.765335,4.884222,4.735737,4.881262,477704000
2017-12-19,4.871891,4.877071,4.808748,4.837113,373100000
2017-12-20,4.876329,4.885454,4.798633,4.854130,288820000
2017-12-21,4.857584,4.882495,4.823299,4.831685,300904000
2017-12-22,4.794934,4.825766,4.717238,4.816393,466276000
2017-12-26,4.761142,4.877562,4.731297,4.869916,355080000
2017-12-27,4.856598,4.932320,4.842045,4.863257,329488000
2017-12-28,4.886936,4.917768,4.862765,4.868931,240248000
2017-12-29,4.895076,4.895076,4.772736,4.772736,279964000
2018-01-02,4.828972,4.920728,4.797401,4.917027,355616000
2018-01-03,5.034187,5.270974,5.025555,5.240636,914704000
2018-01-04,5.321786,5.378270,5.246064,5.268262,583268000
2018-01-05,5.283060,5.350150,5.206351,5.312905,580124000
2018-01-08,5.436234,5.549694,5.391342,5.475698,881216000
2018-01-09,5.481122,5.520587,5.392821,5.474216,497000000
2018-01-10,5.381968,5.520587,5.327704,5.517134,582664000
2018-01-11,5.549694,5.581019,5.505543,5.527002,406032000
2018-01-12,5.515161,5.549446,5.459418,5.499869,359916000
2018-01-16,5.526261,5.611603,5.344724,5.429080,702348000
2018-01-17,5.443632,5.552652,5.349904,5.542786,538408000
2018-01-18,5.523546,5.590143,5.492468,5.535879,408632000
2018-01-19,5.625908,5.699904,5.599023,5.675732,609380000
2018-01-22,5.683624,5.765760,5.626154,5.764033,550944000
2018-01-23,5.817311,5.915479,5.798813,5.892787,475228000
2018-01-24,5.895993,5.931758,5.760581,5.816078,579972000
2018-01-25,5.870341,5.913505,5.814844,5.829643,409884000
2018-01-26,5.873300,6.002053,5.860474,6.001806,516356000
2018-01-29,5.987255,6.119708,5.934718,6.088629,455116000
2018-01-30,5.947050,6.078022,5.880453,5.986761,570832000
2018-01-31,6.061993,6.148321,6.029434,6.062733,478576000
2018-02-01,5.883168,6.089863,5.871822,5.932005,519224000
2018-02-02,5.845675,5.869600,5.701876,5.759840,718464000
2018-02-05,5.599022,5.752687,5.056385,5.270974,1165204000
2018-02-06,5.041588,5.566958,5.031721,5.563999,1114800000
2018-02-07,5.662658,5.795604,5.591622,5.643419,802932000
2018-02-08,5.768720,5.801772,5.364949,5.365196,1144000000
2018-02-09,5.876506,5.892292,5.365195,5.724321,1674604000
2018-02-12,5.805225,5.808185,5.550433,5.624428,1093172000
2018-02-13,5.588170,5.784013,5.555858,5.737888,625524000
2018-02-14,5.697683,5.983554,5.686584,5.954695,744988000
2018-02-15,6.037819,6.126120,5.957163,6.079996,698900000
2018-02-16,6.052864,6.166324,6.005260,6.014386,637656000
2018-02-20,6.036832,6.212449,6.033132,6.143633,686240000
2018-02-21,6.208009,6.214916,5.953217,5.956916,892292000
2018-02-22,5.990730,6.062304,5.911012,5.976415,534364000
2018-02-23,6.036140,6.069706,5.985545,6.069706,415300000
2018-02-26,6.115859,6.120301,6.023553,6.085749,469312000
2018-02-27,6.059093,6.143254,6.049962,6.072915,455436000
2018-02-28,6.083775,6.123264,5.961112,5.972712,523116000
2018-03-01,5.970492,6.024296,5.630146,5.731090,1040120000
2018-03-02,5.623726,5.844371,5.475395,5.837954,913428000
2018-03-05,5.787854,5.855479,5.664698,5.815990,620776000
2018-03-06,5.901136,5.995910,5.858192,5.976659,636808000
2018-03-07,5.873989,6.020839,5.872755,5.968762,581208000
2018-03-08,5.996159,5.996159,5.908296,5.952475,411912000
2018-03-09,5.999862,6.067734,5.983820,6.054900,505524000
2018-03-12,6.096115,6.244198,6.087970,6.164233,605060000
2018-03-13,6.206932,6.281221,6.072422,6.113639,619772000
2018-03-14,6.156581,6.183729,6.076862,6.139058,505496000
2018-03-15,6.152633,6.234819,6.111910,6.153867,401952000
2018-03-16,6.170156,6.201007,6.132641,6.182003,399456000
2018-03-19,6.125238,6.154114,5.849309,5.948031,713772000
2018-03-20,5.950992,6.198539,5.950992,6.159791,554696000
2018-03-21,6.153374,6.219519,6.104260,6.134617,438688000
2018-03-22,6.071435,6.117834,5.931742,5.969010,551196000
2018-03-23,5.982584,5.985052,5.738739,5.749846,735620000
2018-03-26,5.873989,6.035153,5.822160,6.033919,611424000
2018-03-27,6.114624,6.170155,5.426035,5.565974,1409000000
2018-03-28,5.531671,5.661491,5.355698,5.463058,945904000
2018-03-29,5.531175,5.812287,5.447014,5.715786,916628000
2018-04-02,5.645446,5.791308,5.368036,5.455652,922092000
2018-04-03,5.622247,5.685182,5.463057,5.561779,667432000
2018-04-04,5.306580,5.594110,5.281653,5.583744,789168000
2018-04-05,5.641992,5.655073,5.392471,5.463798,701240000
2018-04-06,5.361374,5.469228,5.258702,5.287826,662988000
2018-04-09,5.350759,5.478358,5.296461,5.316453,499524000
2018-04-10,5.546231,5.651864,5.489218,5.624962,761676000
2018-04-11,5.610152,5.651369,5.551166,5.583744,460244000
2018-04-12,5.676544,5.807845,5.632366,5.790075,593920000
2018-04-13,5.853505,5.861896,5.665439,5.713566,503036000
2018-04-16,5.720228,5.746637,5.619285,5.713318,350792000
2018-04-17,5.765395,5.883862,5.709863,5.862636,447224000
2018-04-18,5.812288,5.904841,5.744910,5.833760,391364000
2018-04-19,5.719734,5.753053,5.597565,5.652850,471996000
2018-04-20,5.644212,5.728373,5.613608,5.644706,386200000
2018-04-23,5.662477,5.713566,5.499585,5.525499,427508000
2018-04-24,5.551167,5.646928,5.394199,5.459355,414596000
2018-04-25,5.429739,5.468734,5.190337,5.347305,588492000
2018-04-26,5.508716,5.566715,5.442818,5.558570,375824000
2018-04-27,5.664204,5.683949,5.543762,5.585966,400848000
2018-04-30,5.602255,5.651863,5.531422,5.550673,327844000
2018-05-01,5.542528,5.608672,5.484034,5.605957,253788000
2018-05-02,5.602503,5.646927,5.559311,5.585473,268248000
2018-05-03,5.617310,5.776500,5.572144,5.750339,443144000
2018-05-04,5.721709,5.903359,5.704433,5.900150,400660000
2018-05-07,6.004550,6.194591,5.994678,6.137578,687616000
2018-05-08,6.137825,6.182744,6.088958,6.180029,506616000
2018-05-09,6.200020,6.315031,6.172871,6.312810,596760000
2018-05-10,6.365626,6.429302,6.347856,6.420171,994080000
2018-05-11,6.238768,6.411779,6.183484,6.281959,1214456000
2018-05-14,6.319968,6.379695,6.278751,6.302444,523140000
2018-05-15,6.239015,6.241731,5.960371,6.060575,963528000
2018-05-16,6.022072,6.133628,5.985298,6.071680,553828000
2018-05-17,6.073409,6.207178,6.057367,6.113639,519784000
2018-05-18,6.165467,6.228649,6.065017,6.069953,483716000
2018-05-21,6.167195,6.170897,5.935444,6.027996,640624000
2018-05-22,6.041325,6.066499,5.929522,5.989989,518264000
2018-05-23,5.933928,6.114455,5.933187,6.113220,442956000
2018-05-24,6.109516,6.159155,6.056420,6.116924,437372000
2018-05-25,6.129520,6.172491,6.093958,6.156192,292112000
2018-05-29,6.138161,6.207063,6.092474,6.139149,352684000
2018-05-30,6.172738,6.256457,6.148042,6.247814,390996000
2018-05-31,6.215956,6.302392,6.205337,6.228057,493868000
2018-06-01,6.272757,6.368330,6.264113,6.362156,421968000
2018-06-04,6.396235,6.562686,6.364131,6.540707,642024000
2018-06-05,6.543916,6.583677,6.499217,6.546139,391712000
2018-06-06,6.456245,6.551324,6.439945,6.548113,371356000
2018-06-07,6.544412,6.556266,6.402410,6.492550,369448000
2018-06-08,6.419944,6.519715,6.401175,6.477238,360456000
2018-06-11,6.464644,6.506133,6.423402,6.436244,265372000
2018-06-12,6.462669,6.496749,6.412536,6.484648,319160000
2018-06-13,6.486128,6.560957,6.471064,6.480201,338208000
2018-06-14,6.525148,6.648133,6.510330,6.591579,430016000
2018-06-15,6.534533,6.605658,6.503664,6.550833,432260000
2018-06-18,6.506874,6.564169,6.479709,6.546635,356268000
2018-06-19,6.443652,6.510825,6.297947,6.425130,594932000
2018-06-20,6.466126,6.530829,6.427847,6.477980,369780000
2018-06-21,6.509837,6.528111,6.341905,6.349560,359516000
2018-06-22,6.370305,6.383641,6.182122,6.197433,434160000
2018-06-25,6.091240,6.094944,5.816869,5.905280,665816000
2018-06-26,6.018389,6.066546,5.924791,5.976159,478884000
2018-06-27,6.019623,6.085808,5.815881,5.821315,453892000
2018-06-28,5.811437,5.960107,5.803781,5.948253,338012000
2018-06-29,6.013202,6.025796,5.849221,5.850456,392300000
2018-07-02,5.781060,5.986036,5.760562,5.982331,357572000
2018-07-03,6.016906,6.022833,5.840577,5.848974,222732000
2018-07-05,5.904048,5.999374,5.865276,5.994435,306216000
2018-07-06,5.969985,6.116432,5.948746,6.108035,296352000
2018-07-09,6.182123,6.191755,6.076919,6.155451,303880000
2018-07-10,6.167799,6.276213,6.127544,6.254234,360016000
2018-07-11,6.161624,6.196198,6.102354,6.112973,367508000
2018-07-12,6.158168,6.252259,6.148289,6.204349,345508000
2018-07-13,6.222872,6.222872,6.115197,6.157180,246988000
2018-07-16,6.129521,6.182370,6.117173,6.129521,197036000
2018-07-17,6.080376,6.280166,6.054939,6.265101,362136000
2018-07-18,6.257692,6.271522,6.165083,6.215956,277640000
2018-07-19,6.197187,6.257692,6.182122,6.224105,235752000
2018-07-20,6.221636,6.260409,6.185086,6.195952,222352000
2018-07-23,6.169527,6.171256,6.008016,6.159402,301584000
2018-07-24,6.207311,6.293747,6.124580,6.142114,354620000
2018-07-25,6.151499,6.232749,6.093711,6.220154,319112000
2018-07-26,6.200152,6.330299,6.183358,6.293502,325124000
2018-07-27,6.330051,6.336966,6.170022,6.223859,295420000
2018-07-30,6.237936,6.243863,5.994187,6.029008,340340000
2018-07-31,6.018637,6.121619,5.979865,6.047038,283988000
2018-08-01,6.078401,6.133473,6.023082,6.086798,283556000
2018-08-02,6.015671,6.193234,5.956895,6.189283,269668000
2018-08-03,6.213732,6.249541,6.196939,6.225833,214288000
2018-08-06,6.213238,6.276954,6.166810,6.273496,207508000
2018-08-07,6.322149,6.364132,6.295477,6.345610,258132000
2018-08-08,6.346844,6.426858,6.312022,6.381911,262100000
2018-08-09,6.399692,6.402408,6.325851,6.333507,204280000
2018-08-10,6.251765,6.324618,6.240652,6.292266,256396000
2018-08-13,6.300910,6.445628,6.299181,6.325112,375208000
2018-08-14,6.430316,6.470324,6.347338,6.456247,466220000
2018-08-15,6.476991,6.510825,6.319679,6.398212,591136000
2018-08-16,6.467854,6.470324,6.297699,6.357710,801260000
2018-08-17,6.246580,6.247321,6.019131,6.046050,1143188000
2018-08-20,6.005547,6.252999,5.895403,6.120629,854388000
2018-08-21,6.136930,6.260409,6.117173,6.255964,673988000
2018-08-22,6.223365,6.495513,6.219907,6.490574,749856000
2018-08-23,6.452048,6.655048,6.438218,6.589851,720684000
2018-08-24,6.598249,6.737287,6.593804,6.722716,531512000
2018-08-27,6.752349,6.887682,6.720985,6.813595,505776000
2018-08-28,6.807669,6.830389,6.656283,6.776058,475384000
2018-08-29,6.768398,6.906276,6.747642,6.881320,420108000
2018-08-30,6.850187,6.961133,6.827702,6.864519,346608000
2018-08-31,6.844504,6.948283,6.834620,6.935434,306592000
2018-09-04,6.922336,7.047613,6.893921,7.010055,391720000
2018-09-05,6.992513,7.027847,6.798791,6.879591,393156000
2018-09-06,6.863281,6.865752,6.705882,6.738746,322796000
2018-09-07,6.646827,6.842773,6.602103,6.717496,295420000
2018-09-10,6.739985,6.818067,6.696250,6.788415,220140000
2018-09-11,6.742207,6.829678,6.721451,6.740725,243112000
2018-09-12,6.700942,6.720462,6.471886,6.627061,419092000
2018-09-13,6.692788,6.795085,6.675492,6.704649,305536000
2018-09-14,6.794837,6.896393,6.758020,6.830419,386936000
2018-09-17,6.804969,6.853893,6.749373,6.768646,205528000
2018-09-18,6.772599,6.875143,6.690070,6.696741,299520000
2018-09-19,6.678209,6.738253,6.628296,6.720462,224860000
2018-09-20,6.598645,6.640898,6.525752,6.579618,430584000
2018-09-21,6.591479,6.636944,6.476580,6.509691,435128000
2018-09-24,6.478805,6.568747,6.391828,6.565288,293912000
2018-09-25,6.631262,6.657207,6.545768,6.632251,280388000
2018-09-26,6.637192,6.677468,6.579619,6.595433,268548000
2018-09-27,6.630519,6.651769,6.575912,6.607292,214428000
2018-09-28,6.738994,6.966073,6.711072,6.943835,709396000
2018-10-01,7.021421,7.216625,6.982875,7.149910,622060000
2018-10-02,7.122485,7.233924,7.056511,7.078749,383964000
2018-10-03,7.148922,7.156335,6.981146,7.084925,320552000
2018-10-04,7.048849,7.073064,6.824241,6.901087,391220000
2018-10-05,6.876379,6.938400,6.610753,6.668079,426636000
2018-10-08,6.585053,6.700199,6.426419,6.567016,408612000
2018-10-09,6.546508,6.640898,6.493630,6.561334,273500000
2018-10-10,6.455578,6.501291,6.068629,6.070853,684940000
2018-10-11,5.983874,6.117058,5.788423,5.809920,725436000
2018-10-12,6.066404,6.165983,5.921607,6.091854,608236000
2018-10-15,6.078512,6.078512,5.815109,5.816098,449760000
2018-10-16,5.928525,6.085430,5.879354,6.074311,408712000
2018-10-17,6.136332,6.174385,5.956942,6.005867,329668000
2018-10-18,6.075052,6.113352,5.858351,5.918642,524020000
2018-10-19,5.973743,5.993264,5.626329,5.662652,613608000
2018-10-22,5.714790,5.814615,5.610763,5.713307,368844000
2018-10-23,5.446693,5.539601,5.354774,5.462260,626436000
2018-10-24,5.423960,5.470414,4.913464,4.927301,884288000
2018-10-25,4.829945,5.182796,4.785715,5.135601,951720000
2018-10-26,4.900121,5.061473,4.771879,4.899627,664784000
2018-10-29,5.040470,5.043930,4.349101,4.586559,758016000
2018-10-30,4.609539,5.025892,4.586559,5.016008,807192000
2018-10-31,5.180326,5.252971,5.040964,5.209483,745772000
2018-11-01,5.245805,5.398757,5.119540,5.389367,566528000
2018-11-02,5.379978,5.485487,5.194163,5.310544,452960000
2018-11-05,5.297445,5.320673,5.072343,5.232707,379332000
2018-11-06,5.224802,5.308814,5.178101,5.215165,299012000
2018-11-07,5.281636,5.372072,5.218133,5.282624,483812000
2018-11-08,5.223568,5.224309,5.036518,5.089890,511352000
2018-11-09,5.001182,5.172170,4.967577,5.081981,413240000
2018-11-12,4.990803,5.012795,4.661674,4.683419,617116000
2018-11-13,4.781021,5.045905,4.774843,4.924829,644712000
2018-11-14,5.097548,5.111880,4.764713,4.872446,526580000
2018-11-15,4.866515,5.072839,4.830687,5.000935,840708000
2018-11-16,4.035539,4.216906,3.993286,4.062967,1963520000
2018-11-19,3.997734,3.998475,3.573721,3.575450,1697820000
2018-11-20,3.312542,3.811672,3.294010,3.683677,1692032000
2018-11-21,3.820567,3.837369,3.548516,3.575697,1025496000
2018-11-23,3.541103,3.696278,3.528254,3.582862,411968000
2018-11-26,3.703692,3.792152,3.621410,3.781774,814832000
2018-11-27,3.755828,3.879622,3.720000,3.798575,738060000
2018-11-28,3.915946,3.960423,3.783751,3.955234,804524000
2018-11-29,3.957459,3.994561,3.861986,3.892161,549172000
2018-11-30,3.901808,4.052934,3.851598,4.042298,729564000
2018-12-03,4.269109,4.320556,4.139007,4.205790,890804000
2018-12-04,4.161269,4.166216,3.870891,3.885979,812112000
2018-12-06,3.745736,3.920111,3.730153,3.915164,692308000
2018-12-07,3.919369,3.929510,3.601783,3.651004,681676000
2018-12-10,3.606235,3.780858,3.602525,3.756124,629472000
2018-12-11,3.847641,3.855803,3.586449,3.665350,671912000
2018-12-12,3.671038,3.778879,3.581996,3.682911,654136000
2018-12-13,3.729659,3.793720,3.646799,3.682664,471384000
2018-12-14,3.641110,3.724711,3.598814,3.622312,471820000
2018-12-17,3.592384,3.664360,3.493448,3.551326,662868000
2018-12-18,3.595105,3.718281,3.567897,3.634432,564372000
2018-12-19,3.600793,3.654219,3.374476,3.425923,745364000
2018-12-20,3.417514,3.507299,3.281971,3.341580,749588000
2018-12-21,3.368045,3.400942,3.177345,3.204800,863740000
2018-12-24,3.128619,3.214941,3.079398,3.143212,463840000
2018-12-26,3.189218,3.293101,3.078409,3.292112,695100000
2018-12-27,3.239923,3.274303,3.096217,3.244375,637044000
2018-12-28,3.264904,3.398221,3.223103,3.305715,628728000
2018-12-31,3.349000,3.381402,3.271335,3.302006,465140000
2019-01-02,3.231266,3.425181,3.216673,3.369282,508752000
2019-01-03,3.309178,3.343064,3.158300,3.165720,705552000
2019-01-04,3.238686,3.406631,3.208016,3.368540,585620000
2019-01-07,3.425675,3.583726,3.374476,3.546873,709160000
2019-01-08,3.628249,3.630475,3.386102,3.458573,786016000
2019-01-09,3.509772,3.573834,3.459315,3.526592,617260000
2019-01-10,3.507298,3.600793,3.446947,3.592136,523156000
2019-01-11,3.569876,3.703935,3.542173,3.681179,874764000
2019-01-14,3.628990,3.746230,3.605493,3.721001,730168000
2019-01-15,3.753650,3.792977,3.688599,3.706903,617012000
2019-01-16,3.734111,3.767007,3.675985,3.681427,470104000
2019-01-17,3.648530,3.792483,3.621323,3.752661,493436000
2019-01-18,3.802377,3.907497,3.750930,3.881526,651336000
2019-01-22,3.851350,3.862975,3.649519,3.679695,661552000
2019-01-23,3.734853,3.823401,3.661393,3.692558,591020000
2019-01-24,3.776901,3.921595,3.772201,3.904034,708972000
2019-01-25,3.844672,3.979226,3.742273,3.961170,1154572000
2019-01-28,3.377444,3.503340,3.240170,3.413556,2511528000
2019-01-29,3.367551,3.415782,3.240417,3.255010,1153932000
2019-01-30,3.330944,3.412567,3.251548,3.398221,974228000
2019-01-31,3.395006,3.591148,3.373240,3.555531,842852000
2019-02-01,3.574081,3.630722,3.526591,3.579770,625048000
2019-02-04,3.595598,3.726937,3.573585,3.689836,528592000
2019-02-05,3.701708,3.745488,3.668070,3.708881,542424000
2019-02-06,3.742025,3.848630,3.736584,3.784321,702464000
2019-02-07,3.738068,3.740294,3.603514,3.646304,637120000
2019-02-08,3.579275,3.675490,3.564929,3.664855,461604000
2019-02-11,3.620828,3.674995,3.574080,3.622312,495180000
2019-02-12,3.660651,3.754640,3.646305,3.739058,591060000
2019-02-13,3.768491,3.854318,3.754887,3.781353,605372000
2019-02-14,3.780363,3.850361,3.737326,3.822164,827264000
2019-02-15,4.030425,4.053180,3.868911,3.891667,1516748000
2019-02-19,3.881031,3.954738,3.861985,3.874352,551892000
2019-02-20,3.903539,3.988624,3.892409,3.921595,540988000
2019-02-21,3.934209,3.958696,3.838241,3.852834,448548000
2019-02-22,3.904529,3.956223,3.890925,3.937425,401740000
2019-02-25,4.020779,4.088056,3.916401,3.925058,656020000
2019-02-26,3.920359,3.976258,3.852340,3.885731,488464000
2019-02-27,3.871385,3.897851,3.787042,3.843930,500256000
2019-02-28,3.837740,3.860024,3.797134,3.819418,324944000
2019-03-01,3.869184,3.915732,3.810999,3.873641,357188000
2019-03-04,3.912019,3.934797,3.825360,3.881812,409992000
2019-03-05,3.866214,3.913504,3.811990,3.875375,362924000
2019-03-06,3.866462,3.874880,3.761976,3.764699,403524000
2019-03-07,3.741177,3.750834,3.649567,3.695620,450104000
2019-03-08,3.606485,3.740435,3.585192,3.729788,422416000
2019-03-11,3.753310,4.012543,3.706267,3.989764,859728000
2019-03-12,4.017495,4.070233,3.941483,4.023932,579576000
2019-03-13,4.061320,4.204183,4.053892,4.174967,768900000
2019-03-14,4.184126,4.196011,4.091525,4.099201,519384000
2019-03-15,4.142283,4.247016,4.138816,4.204430,661484000
2019-03-18,4.235874,4.289603,4.156148,4.183136,486992000
2019-03-19,4.277472,4.394832,4.260635,4.350513,854972000
2019-03-20,4.379480,4.432713,4.283413,4.318077,719148000
2019-03-21,4.341103,4.580528,4.336151,4.554283,824312000
2019-03-22,4.527048,4.575577,4.380966,4.394832,747644000
2019-03-25,4.354225,4.418352,4.236617,4.302725,525212000
2019-03-26,4.444103,4.500060,4.323028,4.379233,703508000
2019-03-27,4.404737,4.451037,4.300746,4.370073,474372000
2019-03-28,4.396069,4.454255,4.335656,4.388642,480264000
2019-03-29,4.455245,4.470101,4.404983,4.445837,456896000
2019-04-01,4.537447,4.543389,4.465892,4.513183,483824000
2019-04-02,4.537199,4.575328,4.494364,4.531008,440920000
2019-04-03,4.580527,4.729085,4.575575,4.670157,783504000
2019-04-04,4.654807,4.703583,4.598603,4.661244,457376000
2019-04-05,4.704326,4.745179,4.667929,4.727847,481744000
2019-04-08,4.697394,4.773654,4.673377,4.748647,424192000
2019-04-09,4.715221,4.726363,4.643913,4.686005,439972000
2019-04-10,4.685263,4.782072,4.680806,4.756322,444772000
2019-04-11,4.758797,4.790242,4.693184,4.742456,374600000
2019-04-12,4.781082,4.785044,4.695909,4.704575,471708000
2019-04-15,4.696898,4.701850,4.533484,4.573100,440092000
2019-04-16,4.612221,4.678824,4.579539,4.660007,394964000
2019-04-17,4.694918,4.715716,4.614945,4.637228,351004000
2019-04-18,4.643913,4.677833,4.584985,4.612715,380988000
2019-04-22,4.589196,4.682044,4.557751,4.666446,279936000
2019-04-23,4.679567,4.752113,4.669911,4.720915,346856000
2019-04-24,4.731313,4.773900,4.670653,4.733294,318204000
2019-04-25,4.693184,4.715468,4.548341,4.627819,499296000
2019-04-26,4.474310,4.478767,4.290841,4.409440,868988000
2019-04-29,4.417364,4.467873,4.345313,4.440143,391920000
2019-04-30,4.407954,4.506993,4.388890,4.481491,362920000
2019-05-01,4.533731,4.575823,4.468118,4.468366,354280000
2019-05-02,4.478025,4.577311,4.434943,4.535715,394684000
2019-05-03,4.544131,4.554035,4.469852,4.531256,336824000
2019-05-06,4.345312,4.465149,4.308173,4.453017,422176000
2019-05-07,4.404736,4.404736,4.238103,4.286137,555220000
2019-05-08,4.258654,4.386165,4.246769,4.306192,419168000
2019-05-09,4.237360,4.247016,4.095240,4.213838,660248000
2019-05-10,4.183137,4.248503,4.060577,4.179918,569500000
2019-05-13,4.048197,4.071223,3.907314,3.923161,656912000
2019-05-14,3.962776,4.047206,3.924151,4.012048,524880000
2019-05-15,3.956586,3.987535,3.897411,3.951139,502320000
2019-05-16,3.945692,4.008829,3.903353,3.966243,781088000
2019-05-17,3.924399,4.053397,3.836255,3.875623,1022068000
2019-05-20,3.777079,3.832046,3.732512,3.757272,572064000
2019-05-21,3.817932,3.855071,3.779307,3.839225,361848000
2019-05-22,3.800601,3.826599,3.757519,3.768414,325868000
2019-05-23,3.706267,3.706267,3.587916,3.647587,591844000
2019-05-24,3.666404,3.701563,3.587173,3.593858,357584000
2019-05-28,3.611437,3.644120,3.546815,3.548795,428356000
2019-05-29,3.501257,3.536168,3.440101,3.474764,559800000
2019-05-30,3.477987,3.513682,3.410068,3.448242,394300000
2019-05-31,3.399409,3.466584,3.356030,3.357765,389720000
2019-06-03,3.368920,3.407589,3.286872,3.316122,478644000
2019-06-04,3.380075,3.549872,3.358014,3.544666,641836000
2019-06-05,3.618286,3.623739,3.465840,3.502031,511616000
2019-06-06,3.506245,3.588540,3.503766,3.564000,408140000
2019-06-07,3.569950,3.640843,3.550863,3.606636,348856000
2019-06-10,3.662656,3.747678,3.662656,3.679264,402780000
2019-06-11,3.739003,3.776681,3.697359,3.736772,383872000
2019-06-12,3.693393,3.699590,3.608866,3.623987,358892000
2019-06-13,3.646048,3.693392,3.628448,3.675050,308080000
2019-06-14,3.582096,3.606389,3.540701,3.585319,394428000
2019-06-17,3.583583,3.631919,3.560778,3.594985,276040000
2019-06-18,3.656211,3.844847,3.645305,3.789570,581920000
2019-06-19,3.824769,3.836171,3.769492,3.795519,331644000
2019-06-20,3.885995,3.899876,3.805435,3.819812,350168000
2019-06-21,3.804939,3.854018,3.755363,3.761807,434428000
2019-06-24,3.783126,3.813615,3.736029,3.784117,282948000
2019-06-25,3.789075,3.863934,3.752141,3.754867,311868000
2019-06-26,3.882029,4.008695,3.869139,3.947717,584072000
2019-06-27,4.033236,4.065212,3.997293,4.046125,445440000
2019-06-28,4.089999,4.099171,4.024312,4.070913,397668000
2019-07-01,4.277644,4.311851,4.081571,4.119001,709756000
2019-07-02,4.102392,4.123462,4.008198,4.021336,400228000
2019-07-03,4.044637,4.050338,3.974487,4.034226,246636000
2019-07-05,3.975975,3.980437,3.908552,3.971761,396552000
2019-07-08,3.912270,3.931109,3.866909,3.896902,329788000
2019-07-09,3.854762,3.927391,3.842120,3.899380,342860000
2019-07-10,3.942759,4.024807,3.928878,3.967547,452076000
2019-07-11,4.040423,4.162379,4.003241,4.121727,682560000
2019-07-12,4.149489,4.225588,4.149489,4.154694,506392000
2019-07-15,4.175766,4.191878,4.118011,4.146268,289840000
2019-07-16,4.131396,4.168577,4.086034,4.141559,341444000
2019-07-17,4.143293,4.213691,4.114044,4.206750,348204000
2019-07-18,4.217161,4.281113,4.160644,4.218400,442192000
2019-07-19,4.256575,4.263020,4.169321,4.175271,344896000
2019-07-22,4.196587,4.259549,4.189151,4.246659,315940000
2019-07-23,4.285823,4.356220,4.270206,4.354237,428176000
2019-07-24,4.397367,4.434301,4.321516,4.428600,366236000
2019-07-25,4.387206,4.399848,4.274421,4.297722,392700000
2019-07-26,4.324740,4.386214,4.324740,4.339613,274160000
2019-07-29,4.332424,4.349527,4.245418,4.333415,248160000
2019-07-30,4.287062,4.361178,4.272685,4.349032,197772000
2019-07-31,4.317552,4.318544,4.140071,4.182210,359416000
2019-08-01,4.192621,4.282849,4.035961,4.088016,421212000
2019-08-02,3.995558,4.064716,3.948213,3.995558,428348000
2019-08-05,3.812376,3.813615,3.690915,3.737764,589156000
2019-08-06,3.812375,3.857737,3.728840,3.776432,361272000
2019-08-07,3.715703,3.826505,3.698352,3.814607,372560000
2019-08-08,3.872114,3.924169,3.814854,3.922929,309300000
2019-08-09,3.882029,3.885500,3.771475,3.821795,341816000
2019-08-12,3.769740,3.821795,3.732311,3.754124,279200000
2019-08-13,3.752636,3.914005,3.713719,3.868148,351956000
2019-08-14,3.780151,3.791306,3.676290,3.719917,419880000
2019-08-15,3.738755,3.758586,3.653485,3.687692,477200000
2019-08-16,3.949948,4.004233,3.888722,3.955153,1007960000
2019-08-19,4.068187,4.249138,4.052074,4.233274,815112000
2019-08-20,4.227820,4.228316,4.140071,4.161141,463188000
2019-08-21,4.227077,4.299458,4.205512,4.244429,427244000
2019-08-22,4.254094,4.296482,4.211459,4.250624,303488000
2019-08-23,4.174278,4.228563,4.006712,4.026542,568056000
2019-08-26,4.105120,4.129164,4.062980,4.101153,318208000
2019-08-27,4.139325,4.142051,3.981426,4.010676,290968000
2019-08-28,3.984378,4.052860,3.945174,4.000258,255612000
2019-08-29,4.091567,4.175929,4.088093,4.143673,357976000
2019-08-30,4.189824,4.239449,4.138214,4.156327,290616000
2019-09-03,4.083626,4.116626,4.050626,4.073453,296140000
2019-09-04,4.133996,4.194787,4.133996,4.187343,227728000
2019-09-05,4.289322,4.465986,4.287585,4.459783,695676000
2019-09-06,4.436459,4.493280,4.394774,4.432737,376976000
2019-09-09,4.463754,4.564989,4.462265,4.478642,417524000
2019-09-10,4.445887,4.571686,4.436211,4.545137,352812000
2019-09-11,4.559778,4.621809,4.530748,4.573673,361512000
2019-09-12,4.620071,4.674658,4.564243,4.572183,327840000
2019-09-13,4.505686,4.542656,4.470700,4.514370,324592000
2019-09-16,4.439437,4.505934,4.429016,4.471445,231832000
2019-09-17,4.478145,4.497002,4.431745,4.492784,223048000
2019-09-18,4.485837,4.501468,4.379391,4.465738,258152000
2019-09-19,4.471692,4.490053,4.379638,4.390307,245476000
2019-09-20,4.389316,4.412888,4.274683,4.284855,350244000
2019-09-23,4.285102,4.383607,4.281380,4.338200,249712000
2019-09-24,4.369467,4.398993,4.245405,4.280886,317268000
2019-09-25,4.280390,4.441919,4.235727,4.422317,308432000
2019-09-26,4.412640,4.421325,4.349368,4.400234,234564000
2019-09-27,4.358549,4.409166,4.201238,4.261780,362056000
2019-09-30,4.287584,4.329269,4.256320,4.319096,186184000
2019-10-01,4.342171,4.491045,4.312644,4.317358,366008000
2019-10-02,4.295525,4.307435,4.221336,4.293540,293372000
2019-10-03,4.298007,4.504942,4.267736,4.498739,450588000
2019-10-04,4.500971,4.544393,4.435963,4.515115,265524000
2019-10-07,4.579876,4.673171,4.571192,4.573673,480984000
2019-10-08,4.482114,4.482114,4.379391,4.397504,444436000
2019-10-09,4.474173,4.533227,4.445391,4.483850,292412000
2019-10-10,4.481618,4.592281,4.476407,4.541416,309124000
2019-10-11,4.625282,4.697982,4.606425,4.614861,446404000
2019-10-14,4.606175,4.649101,4.575160,4.628259,200040000
2019-10-15,4.718328,4.944865,4.704432,4.872412,664124000
2019-10-16,4.838419,4.943127,4.807403,4.818817,428944000
2019-10-17,4.863234,4.908145,4.766465,4.820805,263436000
2019-10-18,4.821300,4.853804,4.652327,4.726516,307440000
2019-10-21,4.787804,4.876880,4.768946,4.863482,261868000
2019-10-22,4.920302,5.025258,4.845865,4.853557,328720000
2019-10-23,4.771675,4.854796,4.739915,4.840653,279916000
2019-10-24,4.881843,4.918069,4.847850,4.884573,232020000
2019-10-25,4.964965,5.095974,4.957273,5.075132,423092000
2019-10-28,5.118801,5.183314,5.089523,5.130960,330792000
2019-10-29,5.117063,5.123515,5.015581,5.034935,211236000
2019-10-30,5.061731,5.067438,4.968932,5.036918,205960000
2019-10-31,5.016078,5.036920,4.908144,4.987792,209732000
2019-11-01,4.952556,5.059002,4.927496,5.026746,283640000
2019-11-04,5.107636,5.235420,5.084560,5.223013,376716000
2019-11-05,5.222765,5.248818,5.153042,5.200931,300868000
2019-11-06,5.176861,5.202417,5.064460,5.151800,269012000
2019-11-07,5.238147,5.252787,5.124754,5.169417,280340000
2019-11-08,5.152546,5.187035,5.115079,5.155523,189100000
2019-11-11,5.154779,5.188523,5.068679,5.165448,243436000
2019-11-12,5.203660,5.256759,5.168674,5.200931,283504000
2019-11-13,5.169666,5.197208,5.108876,5.175125,300188000
2019-11-14,5.184058,5.207630,5.124260,5.205397,518080000
2019-11-15,5.203163,5.254773,4.978362,5.066447,1053628000
2019-11-18,5.059003,5.293728,5.056025,5.267179,574588000
2019-11-19,5.236163,5.259735,5.102672,5.160733,414564000
2019-11-20,5.137907,5.323504,5.125253,5.239886,472588000
2019-11-21,5.235419,5.290999,5.193486,5.215073,288388000
2019-11-22,5.237652,5.284051,5.209117,5.232689,224100000
2019-11-25,5.360474,5.493716,5.347571,5.488754,506476000
2019-11-26,5.471138,5.475852,5.377843,5.384295,385244000
2019-11-27,5.429734,5.464000,5.392736,5.419056,215784000
2019-11-29,5.388266,5.416573,5.357972,5.381810,141556000
2019-12-02,5.374858,5.388266,5.180681,5.195828,372036000
2019-12-03,5.012578,5.160320,4.975332,5.156348,465232000
2019-12-04,5.239779,5.262127,5.171495,5.200050,273424000
2019-12-05,5.221901,5.237544,5.152623,5.183165,184884000
2019-12-06,5.252194,5.301111,5.242262,5.268334,232236000
2019-12-09,5.245490,5.322962,5.236799,5.268334,211880000
2019-12-10,5.298379,5.364926,5.245738,5.313278,256388000
2019-12-11,5.323706,5.402171,5.321222,5.396708,233796000
2019-12-12,5.367905,5.581945,5.358966,5.563819,404348000
2019-12-13,5.566799,5.685738,5.507950,5.561833,454704000
2019-12-16,5.609260,5.662894,5.581201,5.590637,320976000
2019-12-17,5.609258,5.691199,5.599822,5.668603,321196000
2019-12-18,5.703368,5.759237,5.694926,5.698899,343548000
2019-12-19,5.733411,5.860048,5.728445,5.846639,445360000
2019-12-20,5.912939,5.969057,5.893820,5.943729,603044000
2019-12-23,5.972284,6.004316,5.919395,5.930072,355060000
2019-12-24,5.914676,5.942238,5.880410,5.925105,138864000
2019-12-26,5.928583,5.967319,5.909712,5.939261,182852000
2019-12-27,5.954408,5.967816,5.855333,5.881654,254644000
2019-12-30,5.859802,5.865016,5.737386,5.768673,258056000
2019-12-31,5.733415,5.852106,5.714295,5.842670,231004000
2020-01-02,5.928335,5.957138,5.877928,5.957138,237536000
2020-01-03,5.837701,5.905489,5.812870,5.861787,205384000
2020-01-06,5.768673,5.891585,5.742601,5.886370,262636000
2020-01-07,5.914679,6.003324,5.869735,5.957636,314856000
2020-01-08,5.953413,6.010027,5.913436,5.968808,277108000
2020-01-09,6.054971,6.106619,5.980727,6.034361,255112000
2020-01-10,6.141381,6.171674,6.052487,6.066640,316296000
2020-01-13,6.149576,6.281924,6.126980,6.256845,319840000
2020-01-14,6.214137,6.239464,6.126981,6.140141,359088000
2020-01-15,6.152805,6.175153,6.071857,6.097681,263104000
2020-01-16,6.151067,6.187071,6.127726,6.181112,284192000
2020-01-17,6.200232,6.207681,6.142376,6.189803,253792000
2020-01-21,6.153300,6.190050,6.122510,6.156528,217916000
2020-01-22,6.201720,6.296822,6.182849,6.210411,239240000
2020-01-23,6.250389,6.287138,6.161743,6.278696,244516000
2020-01-24,6.393909,6.443570,6.165466,6.219597,373512000
2020-01-27,5.915670,6.015242,5.766438,5.964339,470536000
2020-01-28,6.030139,6.189553,5.977001,6.157273,310976000
2020-01-29,6.142872,6.178877,6.057206,6.096935,258848000
2020-01-30,5.999350,6.117048,5.944474,6.103639,290504000
2020-01-31,6.057951,6.069869,5.829012,5.870727,370420000
2020-02-03,5.852600,5.986935,5.846393,5.967567,255564000
2020-02-04,6.109103,6.155536,6.059193,6.136416,271544000
2020-02-05,6.257093,6.267274,6.143368,6.226552,208220000
2020-02-06,6.260818,6.313210,6.179870,6.313210,218284000
2020-02-07,6.273233,6.295333,6.221833,6.247161,189752000
2020-02-10,6.269757,6.530479,6.264790,6.529735,529608000
2020-02-11,6.637748,6.766371,6.575920,6.651902,638556000
2020-02-12,6.704542,6.773820,6.665806,6.767364,374644000
2020-02-13,6.709509,6.790705,6.682195,6.723662,528016000
2020-02-14,7.132873,7.324317,7.101586,7.195694,1041924000
2020-02-18,7.092646,7.382421,7.073279,7.364046,620164000
2020-02-19,7.486214,7.831857,7.486214,7.814227,694332000
2020-02-20,7.766305,7.854453,7.358584,7.665244,810052000
2020-02-21,7.553257,7.578336,7.217297,7.301970,768180000
2020-02-24,6.709012,6.999035,6.654632,6.785738,856916000
2020-02-25,6.860728,6.922557,6.405333,6.506890,1055496000
2020-02-26,6.507138,6.839622,6.505649,6.645942,747732000
2020-02-27,6.333135,6.633766,6.183813,6.275990,906416000
2020-02-28,6.024057,6.769424,6.007410,6.710043,1133252000
2020-03-02,6.879739,6.896882,6.484694,6.868061,890744000
2020-03-03,6.923715,6.983344,6.520968,6.606189,652792000
2020-03-04,6.713273,7.078255,6.638736,7.068813,597408000
2020-03-05,6.869801,7.036267,6.745573,6.790047,540328000
2020-03-06,6.610909,6.668302,6.410157,6.609915,515412000
2020-03-09,5.960452,6.444941,5.917718,6.098097,614160000
2020-03-10,6.373882,6.486681,6.111762,6.486681,580648000
2020-03-11,6.347051,6.375375,6.026792,6.123689,499964000
2020-03-12,5.601683,5.866536,5.361674,5.374346,816540000
2020-03-13,5.726904,5.988279,5.456336,5.983807,634836000
2020-03-16,5.277447,5.617583,4.820040,4.879670,726972000
2020-03-17,4.991725,5.487394,4.745505,5.398198,833632000
2020-03-18,4.971598,5.216078,4.489097,5.039178,874268000
2020-03-19,5.017811,5.384781,4.804885,5.291361,765512000
2020-03-20,5.441178,5.722430,5.096570,5.111975,804636000
2020-03-23,5.110982,5.378569,4.932342,5.284404,643876000
2020-03-24,5.689636,6.277482,5.666033,6.191020,1101644000
2020-03-25,6.305807,6.505068,6.053872,6.102570,793432000
2020-03-26,6.309285,6.515006,6.211393,6.391275,696108000
2020-03-27,6.211392,6.537366,6.178596,6.279221,638828000
2020-03-30,6.344566,6.607929,6.300589,6.598736,602252000
2020-03-31,6.638737,6.842471,6.403947,6.549294,949960000
2020-04-01,6.351769,6.497861,5.994738,6.039212,656912000
2020-04-02,6.068281,6.360465,6.020330,6.347297,675764000
2020-04-03,6.309783,6.351275,5.922937,6.060085,663212000
2020-04-06,6.341584,6.705324,6.284191,6.668552,727884000
2020-04-07,6.889677,6.913280,6.392765,6.435748,784520000
2020-04-08,6.544572,6.657371,6.474756,6.632525,542444000
2020-04-09,6.757995,6.780853,6.470283,6.533143,525564000
2020-04-13,6.473514,6.713273,6.385312,6.704577,398408000
2020-04-14,6.832532,7.088938,6.804953,7.054900,530948000
2020-04-15,6.887192,7.060366,6.841973,6.977630,366148000
2020-04-16,7.132667,7.428826,7.119498,7.321990,745620000
2020-04-17,7.403980,7.425347,7.129188,7.262857,539120000
2020-04-20,7.136642,7.292175,7.087696,7.131921,449388000
2020-04-21,7.014152,7.075272,6.636500,6.696129,735160000
2020-04-22,6.887938,7.152295,6.842471,7.109560,483356000
2020-04-23,7.151549,7.283230,7.031296,7.056390,424160000
2020-04-24,7.046204,7.197016,6.971667,7.195029,352328000
2020-04-27,7.329196,7.540632,7.304599,7.381124,479388000
2020-04-28,7.528208,7.558023,7.233540,7.239006,442904000
2020-04-29,7.373420,7.468082,7.298386,7.415409,379160000
2020-04-30,7.361495,7.415410,7.247951,7.261865,375916000
2020-05-01,7.064837,7.177885,6.977629,7.025830,342096000
2020-05-04,6.978624,7.250932,6.978624,7.237267,317556000
2020-05-05,7.341120,7.460378,7.237265,7.298137,368896000
2020-05-06,7.377396,7.503363,7.339631,7.398763,323464000
2020-05-07,7.537649,7.637777,7.486468,7.574669,373732000
2020-05-08,7.646223,7.770451,7.612433,7.764240,339216000
2020-05-11,7.759273,8.062389,7.730700,8.015679,469060000
2020-05-12,8.073320,8.122017,7.744613,7.754303,493060000
2020-05-13,7.868593,8.028598,7.547836,7.731942,625852000
2020-05-14,7.793309,7.986359,7.640012,7.980894,602312000
2020-05-15,7.841016,8.447993,7.825363,8.438304,987660000
2020-05-18,8.706388,8.861425,8.626882,8.696201,774460000
2020-05-19,8.735949,9.031363,8.708619,8.751105,717320000
2020-05-20,8.935461,8.987140,8.833843,8.914591,587536000
2020-05-21,8.995587,8.996580,8.683527,8.721044,761068000
2020-05-22,8.770735,9.036832,8.659427,8.970493,1038764000
2020-05-26,9.100188,9.125034,8.618432,8.663899,770780000
2020-05-27,8.571724,8.579426,7.947354,8.472590,1175892000
2020-05-28,8.360286,8.706385,8.327490,8.434575,734896000
2020-05-29,8.501656,8.820673,8.432585,8.820673,745256000
2020-06-01,8.778686,8.786139,8.635823,8.751852,389876000
2020-06-02,8.741914,8.782660,8.604517,8.770734,391320000
2020-06-03,8.767754,8.811482,8.646259,8.715329,365440000
2020-06-04,8.678043,8.892061,8.627833,8.716324,424280000
2020-06-05,8.744165,8.945505,8.658160,8.868946,481748000
2020-06-08,8.826440,8.838868,8.636037,8.754604,387736000
2020-06-09,8.749634,9.057611,8.701163,8.994226,468488000
2020-06-10,9.115278,9.445626,9.101108,9.313138,632180000
2020-06-11,9.097631,9.208245,8.735715,8.745907,583652000
2020-06-12,9.110058,9.134667,8.653437,8.881374,570908000
2020-06-15,8.764794,9.129693,8.693702,9.121242,400004000
2020-06-16,9.172199,9.213710,8.788159,9.016594,535716000
2020-06-17,9.061587,9.245776,9.018335,9.183137,408304000
2020-06-18,9.174188,9.229370,9.062331,9.165239,254408000
2020-06-19,9.189599,9.390939,9.174436,9.208241,524160000
2020-06-22,9.246773,9.476699,9.220175,9.472224,398468000
2020-06-23,9.496335,9.587311,9.353657,9.395913,375108000
2020-06-24,9.422011,9.501802,9.092159,9.182639,449372000
2020-06-25,9.302203,9.450599,9.129696,9.435684,376072000
2020-06-26,9.445627,9.445627,9.072773,9.102601,592084000
2020-06-29,9.117266,9.151817,8.849060,9.147343,342248000
2020-06-30,9.260690,9.471725,9.213463,9.443389,367892000
2020-07-01,9.466257,9.520942,9.359123,9.475453,326648000
2020-07-02,9.583831,9.681768,9.523429,9.557235,364056000
2020-07-06,9.685991,9.852035,9.656909,9.782933,315892000
2020-07-07,9.889321,10.012363,9.794368,9.815248,357800000
2020-07-08,9.936547,10.166474,9.908459,10.157525,365480000
2020-07-09,10.320834,10.509498,10.174923,10.448847,494548000
2020-07-10,10.528145,10.594264,10.319347,10.419271,497676000
2020-07-13,10.534359,10.730479,9.967620,9.994715,457076000
2020-07-14,10.017336,10.343211,9.729493,10.317608,542676000
2020-07-15,10.354645,10.373286,9.998196,10.168715,403984000
2020-07-16,9.957679,10.148331,9.838862,10.076743,344964000
2020-07-17,10.166974,10.189842,10.030013,10.143111,266284000
2020-07-20,10.215445,10.470974,10.098617,10.450591,284852000
2020-07-21,10.452827,10.499559,10.227872,10.269383,277036000
2020-07-22,10.308160,10.541815,10.232595,10.379003,367292000
2020-07-23,10.390187,10.486632,9.973834,10.071771,411660000
2020-07-24,9.818478,10.305425,9.721040,10.136149,473292000
2020-07-27,10.173684,10.381984,10.159266,10.361851,292132000
2020-07-28,10.314872,10.322577,10.150816,10.157030,271636000
2020-07-29,10.331276,10.456057,10.287776,10.405598,284508000
2020-07-30,10.315617,10.562198,10.236323,10.553249,308880000
2020-07-31,10.502790,10.704877,10.373285,10.553995,386080000
2020-08-03,10.671073,11.035227,10.653922,10.947233,412720000
2020-08-04,10.986756,11.163488,10.843580,11.163488,310336000
2020-08-05,11.179645,11.306663,11.102340,11.222150,249924000
2020-08-06,11.284787,11.292990,11.114766,11.270618,244316000
2020-08-07,11.247752,11.438902,10.974326,11.135399,342516000
2020-08-10,11.269377,11.342953,10.794361,11.101095,427796000
2020-08-11,11.010368,11.073009,10.733960,10.787900,354512000
2020-08-12,10.927844,11.401368,10.895530,11.374771,464412000
2020-08-13,11.479914,11.654658,11.290753,11.377503,374460000
2020-08-14,11.464006,11.637757,11.375019,11.497812,366436000
2020-08-17,11.783417,12.338721,11.749612,12.266387,621300000
2020-08-18,12.378741,12.424479,12.017074,12.190575,503448000
2020-08-19,12.226122,12.244515,12.028757,12.069026,622624000
2020-08-20,11.906458,12.304168,11.810759,12.071507,921388000
2020-08-21,12.131912,12.735439,12.125449,12.610906,999868000
2020-08-24,12.810009,12.838595,12.435912,12.647445,490564000
2020-08-25,12.558454,12.688207,12.501780,12.677022,289076000
2020-08-26,12.725992,12.794845,12.605187,12.699892,321244000
2020-08-27,12.708346,12.776454,12.494576,12.555973,317604000
2020-08-28,12.602453,13.072746,12.570139,13.072497,537160000
2020-08-31,13.107297,13.497302,12.963127,13.297950,500840000
2020-09-01,13.406857,13.917819,13.363593,13.746007,511316000
2020-09-02,14.623965,14.646841,13.824576,14.268654,874012000
2020-09-03,13.753710,13.809158,12.808866,12.944874,945128000
2020-09-04,12.714384,13.103511,11.641239,12.554009,1463684000
2020-09-08,11.670827,12.481903,11.640742,11.848359,795728000
2020-09-09,12.332716,12.739746,12.165379,12.646008,736200000
2020-09-10,12.918770,12.994358,12.100981,12.244946,698684000
2020-09-11,12.417751,12.583845,11.831201,12.098493,636928000
2020-09-14,13.010022,13.242752,12.562713,12.802404,1201744000
2020-09-15,13.207940,13.226588,12.758144,12.920508,727556000
2020-09-16,12.886942,13.021707,12.445849,12.446594,556384000
2020-09-17,12.066419,12.521437,11.969449,12.395872,792512000
2020-09-18,12.525414,12.563953,11.923697,12.123109,698460000
2020-09-21,11.860297,12.454555,11.839908,12.449333,721044000
2020-09-22,12.506767,12.579371,12.089544,12.569177,646452000
2020-09-23,12.507264,12.657942,12.013707,12.057965,647012000
2020-09-24,12.006743,12.501295,11.948809,12.280996,731240000
2020-09-25,12.379956,12.813590,12.179301,12.803892,588016000
2020-09-28,12.969492,12.980930,12.680817,12.964271,573808000
2020-09-29,12.867299,13.369808,12.863073,13.153985,621460000
2020-09-30,13.086107,13.548585,13.078897,13.457084,689184000
2020-10-01,13.683350,13.688074,13.387712,13.540628,525004000
2020-10-02,13.153239,13.446141,12.980183,12.991372,552496000
2020-10-05,13.164180,13.570214,13.151001,13.568474,479820000
2020-10-06,13.754958,14.065266,13.590854,13.661965,784420000
2020-10-07,13.923786,14.042638,13.788275,13.888229,418084000
2020-10-08,13.998627,14.008076,13.683348,13.763659,378900000
2020-10-09,13.692296,13.749235,13.586623,13.688068,346892000
2020-10-12,13.913591,14.269151,13.837009,14.148808,434744000
2020-10-13,14.218926,14.270644,13.942683,14.170938,344604000
2020-10-14,14.212959,14.264926,13.884253,14.018769,276100000
2020-10-15,13.735810,13.929752,13.693043,13.894197,267224000
2020-10-16,13.960584,14.044874,13.717659,13.736556,242392000
2020-10-19,13.827561,13.907624,13.334003,13.424510,298068000
2020-10-20,13.509792,13.724869,13.433707,13.571456,229212000
2020-10-21,13.551068,13.716665,13.404368,13.451362,219596000
2020-10-22,13.449125,13.537891,13.159953,13.288502,290480000
2020-10-23,13.377019,13.519492,13.219131,13.516508,233484000
2020-10-26,13.354144,13.618452,12.967752,13.069944,336896000
2020-10-27,13.233800,13.369063,13.119922,13.324059,250520000
2020-10-28,13.126386,13.188050,12.540582,12.558484,376520000
2020-10-29,12.768838,13.121166,12.680819,12.953332,320080000
2020-10-30,12.780274,12.866304,12.233259,12.465989,416820000
2020-11-02,12.589070,12.767099,12.327746,12.512488,299652000
2020-11-03,12.639540,13.033888,12.534364,12.948853,272900000
2020-11-04,13.316598,13.752471,13.264632,13.719400,410228000
2020-11-05,14.085654,14.261196,13.915084,14.083167,319028000
2020-11-06,14.033190,14.509591,13.819606,14.482986,383348000
2020-11-09,14.473535,14.611781,13.536896,13.556787,582976000
2020-11-10,13.532672,13.532672,12.559730,12.700711,644068000
2020-11-11,12.982918,13.362100,12.877990,13.345192,404744000
2020-11-12,13.405862,13.691305,13.243747,13.383733,365812000
2020-11-13,13.553306,13.594580,12.988388,13.224848,346312000
2020-11-16,13.101025,13.575437,13.084615,13.441916,413776000
2020-11-17,13.478962,13.522474,13.231562,13.349419,312028000
2020-11-18,13.392185,13.531922,13.113456,13.355883,510924000
2020-11-19,13.141056,13.414315,13.028918,13.367322,565936000
2020-11-20,13.380997,13.421277,12.994107,13.016734,341088000
2020-11-23,13.099780,13.309883,12.944875,13.068700,361356000
2020-11-24,13.071186,13.090580,12.815083,12.887439,346500000
2020-11-25,12.961785,13.197499,12.949353,13.162937,259916000
2020-11-27,13.302423,13.334747,13.099033,13.189290,167276000
2020-11-30,13.193022,13.339722,12.901861,13.328781,286952000
2020-12-01,13.419040,13.455342,13.156472,13.317345,296948000
2020-12-02,13.278059,13.599306,13.162440,13.471006,283360000
2020-12-03,13.517764,13.589893,13.260592,13.327248,199520000
2020-12-04,13.379480,13.490408,13.320037,13.488667,202244000
2020-12-07,13.531443,13.660776,13.430713,13.536915,223244000
2020-12-08,13.515277,13.528957,13.213335,13.281484,271920000
2020-12-09,13.232239,13.345156,12.802207,12.864387,401300000
2020-12-10,12.802955,13.001680,12.783555,12.905675,207764000
2020-12-11,12.900697,12.953177,12.757188,12.946462,209264000
2020-12-14,13.020828,13.320034,13.010382,13.240445,270156000
2020-12-15,13.370774,13.394899,13.119073,13.291931,193016000
2020-12-16,13.353610,13.368285,13.144688,13.174535,223116000
2020-12-17,13.298146,13.310831,13.110863,13.272778,231384000
2020-12-18,13.310334,13.336201,13.003418,13.203884,342064000
2020-12-21,13.007646,13.301381,12.900947,13.263824,302332000
2020-12-22,13.250891,13.268798,12.987002,13.210101,185580000
2020-12-23,13.187965,13.206868,12.938254,12.942482,179144000
2020-12-24,12.970340,13.065101,12.872346,12.927063,97884000
2020-12-28,12.995459,12.995459,12.697745,12.833793,212564000
2020-12-29,12.858665,13.005408,12.776339,12.876821,170372000
2020-12-30,12.923579,13.145932,12.830560,13.078281,225396000
2020-12-31,13.069080,13.083505,12.848716,12.987998,192424000
2021-01-04,13.036998,13.582434,12.895975,13.046200,560640000
2021-01-05,13.032519,13.374505,13.019834,13.335954,322760000
2021-01-06,13.154640,13.177025,12.521407,12.549761,580424000
2021-01-07,12.900947,13.309092,12.820363,13.275515,461480000
2021-01-08,13.293921,13.352120,12.975066,13.208611,292528000
2021-01-11,13.349878,13.889346,13.293918,13.551588,518344000
2021-01-12,13.681917,13.683908,13.276509,13.415542,291476000
2021-01-13,13.420766,13.555073,13.316305,13.462301,210028000
2021-01-14,13.505327,13.529950,13.112852,13.132501,283120000
2021-01-15,13.160109,13.256860,12.782558,12.793501,277780000
2021-01-19,12.949445,13.026796,12.778079,12.958400,226188000
2021-01-20,13.044456,13.361571,12.989739,13.297153,258572000
2021-01-21,13.349633,13.927402,13.184982,13.796329,337780000
2021-01-22,13.669481,13.770709,13.557310,13.642122,246820000
2021-01-25,13.711019,13.757529,13.168567,13.583179,251112000
2021-01-26,13.510799,13.574719,13.318789,13.366295,163980000
2021-01-27,13.162099,13.164836,12.728089,12.851453,371272000
2021-01-28,12.929551,13.271288,12.893984,12.984019,228316000
2021-01-29,13.007894,13.266311,12.845233,12.923081,271552000
2021-02-01,12.986259,13.202643,12.836531,13.169066,217204000
2021-02-02,13.329984,13.502344,13.217314,13.487173,220440000
2021-02-03,13.566017,13.860250,13.447131,13.461060,245408000
2021-02-04,13.461557,13.603325,13.269299,13.594123,201340000
2021-02-05,13.654561,13.666748,13.476230,13.521248,169152000
2021-02-08,13.656797,14.399466,13.656797,14.364646,434624000
2021-02-09,14.267148,14.508404,14.149505,14.190046,287560000
2021-02-10,14.389020,14.828502,14.267895,14.688475,485352000
2021-02-11,14.903369,15.193870,14.848402,15.172480,450828000
2021-02-12,14.972757,15.212769,14.699168,14.884462,374756000
2021-02-16,14.986935,15.293604,14.873271,15.251570,321960000
2021-02-17,15.093137,15.145368,14.704144,14.829497,274756000
2021-02-18,14.653407,14.796917,14.500197,14.752894,233868000
2021-02-19,14.947389,15.099107,14.770552,14.849893,271724000
2021-02-22,14.698921,15.055582,14.251480,14.282072,325884000
2021-02-23,14.003012,14.165674,13.320781,14.069420,391780000
2021-02-24,14.050269,14.432298,13.685400,14.424587,448320000
2021-02-25,13.973413,14.300973,13.148419,13.239201,824436000
2021-02-26,13.681919,13.783395,13.292428,13.644114,500932000
2021-03-01,13.803787,13.853531,13.483689,13.770708,353184000
2021-03-02,13.828661,13.849056,13.327248,13.337445,264116000
2021-03-03,13.357341,13.382461,12.733061,12.739031,377592000
2021-03-04,12.735053,12.908410,12.021733,12.306763,573344000
2021-03-05,12.485592,12.485592,11.619310,12.397546,542840000
2021-03-08,12.386101,12.407242,11.507135,11.533749,543112000
2021-03-09,12.072160,12.556330,12.001500,12.460293,521824000
2021-03-10,12.779008,12.917839,12.397842,12.408541,384376000
2021-03-11,12.887984,12.983773,12.673516,12.931275,299916000
2021-03-12,12.587679,12.827028,12.529709,12.794435,243964000
2021-03-15,12.803142,13.143504,12.706109,13.128078,221988000
2021-03-16,13.292536,13.447789,13.053934,13.227599,272128000
2021-03-17,12.977303,13.388822,12.927293,13.277359,243864000
2021-03-18,13.073591,13.120864,12.656100,12.661573,293896000
2021-03-19,12.688942,12.859621,12.552100,12.784233,299208000
2021-03-22,12.850912,13.330354,12.844940,13.123101,297804000
2021-03-23,13.190777,13.280595,12.958893,13.008157,222048000
2021-03-24,13.088272,13.096234,12.576236,12.582456,245840000
2021-03-25,12.439642,12.653862,12.213232,12.475221,295144000
2021-03-26,12.494378,12.794683,12.314245,12.777764,363968000
2021-03-29,12.758857,12.999947,12.639183,12.886244,273520000
2021-03-30,12.780502,12.913114,12.644158,12.810109,200204000
2021-03-31,12.953171,13.405992,12.920329,13.284328,314776000
2021-04-01,13.507254,13.803578,13.446546,13.745607,308276000
2021-04-05,13.801089,13.946887,13.667233,13.920514,255672000
2021-04-06,13.932709,13.986947,13.707542,13.795120,191744000
2021-04-07,13.814275,14.175288,13.645836,14.075768,251284000
2021-04-08,14.184496,14.402198,14.180763,14.248438,244416000
2021-04-09,14.145932,14.339003,14.107119,14.331041,195172000
2021-04-12,14.221319,15.278980,14.071540,15.136167,869324000
2021-04-13,15.158558,15.624814,15.053314,15.604412,676212000
2021-04-14,15.550175,15.645218,15.154579,15.203842,385500000
2021-04-15,15.587494,16.136602,15.556642,16.059971,598480000
2021-04-16,15.976123,16.088334,15.789273,15.836297,335208000
2021-04-19,15.462100,15.731802,15.160053,15.288186,404420000
2021-04-20,15.249869,15.422787,14.891345,15.098598,334132000
2021-04-21,15.046349,15.288932,15.029928,15.286942,216776000
2021-04-22,15.301371,15.364567,14.712703,14.779134,277788000
2021-04-23,14.862729,15.261560,14.828893,15.192144,227500000
2021-04-26,15.112280,15.404872,15.052567,15.403876,197796000
2021-04-27,15.503895,15.595454,15.280968,15.308087,164572000
2021-04-28,15.290922,15.457869,15.142635,15.203591,209416000
2021-04-29,15.326250,15.362575,14.999324,15.251361,173196000
2021-04-30,15.101832,15.291419,14.925181,14.937621,201912000
2021-05-03,15.052568,15.173735,14.716685,14.765698,203912000
2021-05-04,14.567155,14.567403,13.943157,14.282524,405324000
2021-05-05,14.638558,14.742559,14.318598,14.389258,292024000
2021-05-06,14.425834,14.501470,14.149912,14.453451,193380000
2021-05-07,14.737336,14.899057,14.601490,14.741317,229328000
2021-05-10,14.716436,14.735096,14.181759,14.197433,268904000
2021-05-11,13.758793,14.286005,13.684152,14.237738,285584000
2021-05-12,13.942409,14.191959,13.643598,13.692612,303408000
2021-05-13,13.966544,14.013320,13.394546,13.599809,285404000
2021-05-14,13.823484,14.259386,13.682661,14.174793,258616000
2021-05-17,14.089201,14.101392,13.787155,14.097660,216980000
2021-05-18,14.198676,14.335269,13.936935,13.948629,186256000
2021-05-19,13.501531,14.012074,13.478392,13.998390,344000000
2021-05-20,14.234009,14.613434,14.202163,14.542525,321592000
2021-05-21,15.091132,15.149104,14.798292,14.919956,672992000
2021-05-24,15.139649,15.669599,15.103323,15.537236,554816000
2021-05-25,15.690499,15.742747,15.408356,15.572815,435408000
2021-05-26,15.658898,15.718113,15.511607,15.624812,370440000
2021-05-27,15.624566,15.674575,15.385964,15.413830,581476000
2021-05-28,15.426768,16.199549,15.426768,16.166706,644536000
2021-06-01,16.192086,16.309769,15.827091,16.186611,472804000
2021-06-02,16.174419,16.837727,16.157749,16.697899,594168000
2021-06-03,16.620772,17.176349,16.503586,16.888483,580008000
2021-06-04,17.030545,17.576418,17.013628,17.494066,617120000
2021-06-07,17.487104,17.727198,17.110417,17.534624,575756000
2021-06-08,17.443313,17.537111,17.168385,17.373400,323848000
2021-06-09,17.435864,17.494844,17.177050,17.279081,381656000
2021-06-10,17.270869,17.412221,17.097663,17.345526,287772000
2021-06-11,17.399780,17.857434,17.364193,17.743954,416308000
2021-06-14,17.824334,17.957225,17.582194,17.936569,321376000
2021-06-15,17.833295,17.934083,17.647147,17.707371,243032000
2021-06-16,17.709613,17.872865,17.504303,17.729023,307124000
2021-06-17,17.693433,18.749096,17.675267,18.572157,809656000
2021-06-18,18.698331,19.286635,18.499243,18.553743,968856000
2021-06-21,18.351167,18.451957,17.741462,18.343204,672384000
2021-06-22,18.387255,18.877260,18.302144,18.800610,580144000
2021-06-23,18.921059,19.065398,18.821515,18.970333,332356000
2021-06-24,19.140060,19.331433,19.001195,19.117910,320924000
2021-06-25,19.192569,19.257273,18.808329,18.944206,278364000
2021-06-28,19.272948,19.987177,19.230891,19.893854,495436000
2021-06-29,19.791818,20.007082,19.567347,19.935411,367632000
2021-06-30,19.908039,20.070544,19.773157,19.911274,326568000
2021-07-01,20.033209,20.362699,19.927692,20.119812,480136000
2021-07-02,20.347028,20.411732,20.195224,20.393564,342764000
2021-07-06,20.642923,20.746946,20.257440,20.604101,446708000
2021-07-07,20.758394,20.779796,20.239273,20.278841,418428000
2021-07-08,19.765935,20.041173,19.610895,19.811974,503300000
2021-07-09,19.871454,19.988667,19.664154,19.958803,296624000
2021-07-12,20.147687,20.439101,20.095676,20.418945,321984000
2021-07-13,20.307455,20.367929,20.022263,20.157642,290708000
2021-07-14,20.264897,20.324623,19.662657,19.751001,380100000
2021-07-15,19.721396,19.756485,18.772493,18.879751,550564000
2021-07-16,18.943702,19.069624,17.990569,18.078167,688224000
2021-07-19,17.833542,18.955152,17.784018,18.694099,749060000
2021-07-20,18.644579,18.752086,18.081160,18.527117,434687000
2021-07-21,18.795884,19.437943,18.656523,19.321476,371017000
2021-07-22,19.552416,19.796298,19.188084,19.504635,323826000
2021-07-23,19.566348,19.610148,19.162200,19.468796,195672000
2021-07-26,19.222930,19.353331,18.827739,19.206007,203943000
2021-07-27,19.177133,19.532505,18.655523,19.120394,248863000
2021-07-28,19.230894,19.556402,18.908372,19.414055,202191000
2021-07-29,19.429977,19.762456,19.239848,19.572327,190781000
2021-07-30,19.329440,19.540473,19.175149,19.410072,183497000
2021-08-02,19.610150,19.869960,19.272696,19.659922,217444000
2021-08-03,19.649970,20.129772,19.132341,19.724628,301811000
2021-08-04,19.898825,20.225330,19.737563,20.181530,231309000
2021-08-05,20.406499,20.638436,20.249219,20.542873,211435000
2021-08-06,20.430392,20.476181,20.117823,20.273111,178497000
2021-08-09,20.352751,20.414468,20.051133,20.202440,146443000
2021-08-10,20.229317,20.336824,19.744536,19.845078,179238000
2021-08-11,19.951585,19.957558,19.341382,19.609154,185925000
2021-08-12,19.779376,19.937650,19.530517,19.814217,151652000
2021-08-13,19.814218,20.121809,19.760463,20.095926,183063000
2021-08-16,20.043168,20.194476,19.364278,19.859013,210876000
2021-08-17,19.595223,19.679836,19.179130,19.369259,204585000
2021-08-18,19.411062,19.544452,18.913343,18.953161,285913000
2021-08-19,19.405090,20.401526,18.676428,19.707705,766555000
2021-08-20,19.899822,20.769836,19.842088,20.721060,675741000
2021-08-23,20.875353,21.896673,20.854449,21.857851,575807000
2021-08-24,21.653787,21.858847,21.436781,21.693604,297299000
2021-08-25,21.637863,22.367520,21.622933,22.111692,347701000
2021-08-26,22.098750,22.238111,21.690620,21.967352,237940000
2021-08-27,22.082822,22.618369,22.065900,22.532761,304722000
2021-08-30,22.725873,22.937901,22.448146,22.584520,262580000
2021-08-31,22.595479,22.595479,22.023001,22.286839,259850000
2021-09-01,22.386398,22.597468,22.258959,22.342590,201767000
2021-09-02,22.419248,22.493919,22.197226,22.297783,187834000
2021-09-03,22.227100,22.885201,22.102648,22.742828,280532000
2021-09-07,22.732870,22.798580,22.423233,22.562620,198107000
2021-09-08,22.414270,22.510845,21.880620,22.241034,254434000
2021-09-09,22.214156,22.439165,22.033950,22.079748,196856000
2021-09-10,22.249996,22.526777,22.172339,22.379427,248376000
2021-09-13,22.584524,22.863297,21.762146,22.054857,297500000
2021-09-14,22.177317,22.311725,21.989147,22.144463,199755000
2021-09-15,22.211169,22.268916,21.869673,22.243029,166538000
2021-09-16,22.085721,22.179309,21.830843,22.144463,156033000
2021-09-17,22.202210,22.223118,21.734272,21.803965,294503000
2021-09-20,21.053269,21.339011,20.571392,21.020414,349440000
2021-09-21,21.323078,21.331042,20.858127,21.152828,204688000
2021-09-22,21.272305,21.863700,21.103050,21.844784,268726000
2021-09-23,22.042910,22.436178,21.794007,22.383411,248555000
2021-09-24,21.973216,22.051870,21.765133,21.984167,217655000
2021-09-27,21.614794,21.703404,21.231484,21.565014,245215000
2021-09-28,21.120968,21.325069,20.560435,20.608225,343069000
2021-09-29,20.848176,20.924838,20.377249,20.427031,218394000
2021-09-30,20.676927,20.973620,20.597277,20.625154,221009000
2021-10-01,20.659005,20.767527,20.114403,20.651041,240978000
2021-10-04,20.414084,20.451917,19.469246,19.645470,345635000
2021-10-05,19.862516,20.557455,19.766936,20.361319,279282000
2021-10-06,20.031766,20.629133,19.991941,20.609222,297202000
2021-10-07,20.999504,21.228497,20.880031,20.982580,256919000
2021-10-08,21.008467,21.113006,20.683897,20.739651,151258000
2021-10-11,20.484777,20.970636,20.421057,20.604250,163388000
2021-10-12,20.736664,20.964660,20.437980,20.580353,162134000
2021-10-13,20.826268,20.897953,20.622167,20.847176,180652000
2021-10-14,21.194647,21.659598,21.029374,21.650639,243589000
2021-10-15,21.714358,21.834828,21.567009,21.766130,226994000
2021-10-18,21.653628,22.193251,21.549087,22.124554,189494000
2021-10-19,22.178313,22.280862,21.940362,22.192253,161473000
2021-10-20,22.207187,22.334626,21.885603,22.006073,146276000
2021-10-21,22.000101,22.611409,21.986162,22.592491,187590000
2021-10-22,22.722912,23.028565,22.462062,22.626337,249384000
2021-10-25,22.872261,23.252585,22.670152,23.064415,230235000
2021-10-26,23.883806,25.148237,23.819090,24.608612,485898000
2021-10-27,24.366671,24.979969,24.175512,24.343771,245990000
2021-10-28,24.768909,24.840594,24.415466,24.831633,234204000
2021-10-29,24.891364,25.596259,24.890369,25.454882,292503000
2021-11-01,25.536524,25.780449,25.116374,25.713743,265740000
2021-11-02,25.708765,26.561011,25.686861,26.285225,294112000
2021-11-03,26.553042,26.666543,26.119950,26.481358,239910000
2021-11-04,27.109591,31.227453,26.999078,29.670313,1153631000
2021-11-05,30.054620,31.262300,29.281027,29.621529,851260000
2021-11-08,30.016790,30.963620,29.775851,30.668919,503101000
2021-11-09,32.140438,32.168315,29.832602,30.522562,646746000
2021-11-10,29.227266,30.714714,28.651800,29.329813,636206000
2021-11-11,30.334384,30.455849,29.646415,30.256725,332172000
2021-11-12,29.878393,30.545454,29.500058,30.256725,413054000
2021-11-15,30.418021,30.509617,29.118743,29.893332,384909000
2021-11-16,29.628500,30.256731,29.575731,30.070551,264484000
2021-11-17,30.284603,30.375205,28.673698,29.132677,428508000
2021-11-18,32.225063,32.616338,31.183649,31.536097,781711000
2021-11-19,32.101601,32.942896,31.765084,32.840347,533867000
2021-11-22,33.370016,34.495062,31.760108,31.815863,754335000
2021-11-23,31.396710,32.218093,30.744581,31.606785,532163000
2021-11-24,31.323040,32.710926,30.792376,32.530720,435162000
2021-11-26,32.457037,32.566555,31.212520,31.364849,283069000
2021-11-29,32.224075,33.265486,31.895521,33.229645,454964000
2021-11-30,33.023545,33.206740,31.724270,32.532707,622066000
2021-12-01,33.077378,33.147079,31.246216,31.300982,484368000
2021-12-02,31.080924,32.339535,30.892729,31.989035,472890000
2021-12-03,31.863568,31.992020,30.001540,30.562141,544325000
2021-12-06,29.752607,30.112068,27.918461,29.908939,658938000
2021-12-07,30.825016,32.310655,30.520319,32.288746,593053000
2021-12-08,31.862576,32.152336,31.287039,31.690313,475551000
2021-12-09,31.598704,32.067699,30.298272,30.360008,488507000
2021-12-10,31.017195,31.171535,29.733691,30.069254,488825000
2021-12-13,30.120037,30.164845,27.996129,28.040937,598344000
2021-12-14,27.580906,28.555732,27.133821,28.216187,667035000
2021-12-15,28.278922,30.369969,27.719317,30.329144,698297000
2021-12-16,31.019187,31.027152,27.973229,28.265974,707366000
2021-12-17,27.865690,28.798695,27.641649,27.682474,713758000
2021-12-20,27.188590,28.024012,27.029272,27.600824,461847000
2021-12-21,28.253034,28.995854,27.284181,28.951046,524385000
2021-12-22,28.767824,29.428992,28.327707,29.274652,395184000
2021-12-23,29.628137,29.930842,29.305519,29.513628,343022000
2021-12-27,29.533553,30.954469,29.513637,30.813074,403686000
2021-12-28,31.178505,31.196428,29.884046,30.192726,420591000
2021-12-29,30.143932,30.417760,29.240798,29.873091,343139000
2021-12-30,29.699833,30.327149,29.414058,29.459862,308864000
2021-12-31,29.547489,29.901973,29.205951,29.285610,266530000
2022-01-03,29.687891,30.580071,29.658018,29.992586,391547000
2022-01-04,30.147914,30.338100,28.228135,29.165123,527154000
2022-01-05,28.825578,29.290588,27.415616,27.486313,498064000
2022-01-06,27.522159,28.316757,26.949611,28.057865,454186000
2022-01-07,28.021020,28.300822,26.941640,27.130831,409939000
2022-01-10,26.467674,27.351888,25.534668,27.283182,594681000
2022-01-11,27.206513,27.945350,26.724577,27.698406,404089000
2022-01-12,27.947338,28.473087,27.490295,27.879629,383413000
2022-01-13,28.258008,28.358577,26.385027,26.461700,540171000
2022-01-14,26.187868,27.081045,26.098252,26.827131,395832000
2022-01-18,26.148043,26.524431,25.660132,25.792564,424270000
2022-01-19,25.967819,26.429840,24.945197,24.960133,488315000
2022-01-20,25.196124,25.469952,23.975349,24.047043,435181000
2022-01-21,23.406784,24.717173,23.163824,23.274351,718958000
2022-01-24,22.234800,23.280323,20.798949,23.272358,913982000
2022-01-25,22.449876,22.845185,21.906205,22.228823,664616000
2022-01-26,23.140919,23.954435,22.204926,22.674913,755959000
2022-01-27,23.467522,23.892701,21.582591,21.850445,573353000
2022-01-28,21.918153,22.760547,21.205206,22.742624,543774000
2022-01-31,23.083166,24.404510,22.953721,24.381607,564680000
2022-02-01,24.996968,25.037794,23.788143,24.532955,518925000
2022-02-02,25.684031,25.706932,24.448321,25.134384,543419000
2022-02-03,24.353729,24.970090,23.678620,23.845903,410178000
2022-02-04,23.869798,24.529971,23.531247,24.215319,354829000
2022-02-07,24.268095,25.074641,24.098819,24.622578,376868000
2022-02-08,24.255148,25.122435,23.877764,25.000956,410359000
2022-02-09,25.512762,26.611060,25.244909,26.591145,524282000
2022-02-10,25.884172,26.810205,25.490856,25.713900,513200000
2022-02-11,25.805510,26.040504,23.671647,23.846895,605472000
2022-02-14,23.831959,24.768948,23.653722,24.163540,440424000
2022-02-15,24.842632,26.431828,24.678336,26.382042,699869000
2022-02-16,26.147048,26.468670,25.443061,26.397972,732676000
2022-02-17,25.520731,25.675071,24.061978,24.402519,810595000
2022-02-18,24.562831,24.879476,23.001517,23.541206,761255000
2022-02-22,22.936791,23.961404,22.901941,23.290277,633422000
2022-02-23,23.700528,24.052023,22.205927,22.291559,566511000
2022-02-24,20.925402,23.698528,20.800935,23.646749,735801000
2022-02-25,23.619868,24.113752,23.281318,24.054008,528866000
2022-02-28,23.889716,24.559847,23.605931,24.281040,477319000
2022-03-01,24.187442,24.273076,23.033383,23.376911,412056000
2022-03-02,23.658750,24.309077,23.319147,24.120850,389642000
2022-03-03,24.162681,24.226420,23.372928,23.616926,365095000
2022-03-04,23.288276,23.583064,22.389968,22.842110,431415000
2022-03-07,22.723592,22.938709,21.242680,21.264589,450821000
2022-03-08,21.221769,22.281413,20.565467,21.425930,557467000
2022-03-09,22.295351,23.124941,22.155924,22.919785,492742000
2022-03-10,22.438768,22.694715,21.792424,22.565248,428066000
2022-03-11,22.927756,23.050253,21.955751,22.009531,367209000
2022-03-14,21.779475,22.170865,21.072382,21.242682,385354000
2022-03-15,21.429910,22.943688,21.234714,22.878954,491996000
2022-03-16,23.403795,24.496304,23.077138,24.395718,671422000
2022-03-17,24.021253,24.740295,23.808128,24.664608,471941000
2022-03-18,24.697481,26.460236,24.523198,26.344709,730719000
2022-03-21,26.398487,27.040847,25.860697,26.624557,591727000
2022-03-22,26.617587,27.126496,25.965269,26.415419,547007000
2022-03-23,26.019049,26.503059,25.470306,25.529064,502120000
2022-03-24,26.058882,28.204064,25.800942,28.034760,877379000
2022-03-25,27.771838,28.241906,27.159356,27.578632,579016000
2022-03-28,27.642375,28.134353,27.094626,28.103479,425494000
2022-03-29,28.577530,28.827502,27.865457,28.538691,488984000
2022-03-30,28.188134,28.379347,27.390412,27.576647,463487000
2022-03-31,27.668269,28.132361,27.158366,27.174299,523440000
2022-04-01,27.262934,27.383439,26.159470,26.602648,517235000
2022-04-04,26.618579,27.445181,26.504050,27.247992,397120000
2022-04-05,27.142432,27.207167,25.714303,25.824848,436615000
2022-04-06,24.831926,25.196427,23.904738,24.307083,703833000
2022-04-07,24.340946,24.620796,23.381889,24.108900,557992000
2022-04-08,23.819088,23.825064,22.967589,23.024355,524781000
2022-04-11,22.123059,22.228624,21.571326,21.827274,575207000
2022-04-12,22.444740,22.631970,21.194877,21.415968,662258000
2022-04-13,21.639049,22.407888,21.367166,22.112103,516943000
2022-04-14,22.412872,22.683759,21.076366,21.170977,569097000
2022-04-18,21.113215,21.997578,20.992710,21.693829,525701000
2022-04-19,21.631082,22.281409,21.226744,22.107126,512781000
2022-04-20,22.424819,22.577193,21.113211,21.394056,468974000
2022-04-21,21.620122,22.300326,19.918119,20.100370,656209000
2022-04-22,20.219884,20.402136,19.420172,19.435110,624713000
2022-04-25,19.123393,19.863351,19.017828,19.820528,641566000
2022-04-26,19.637281,19.706995,18.593571,18.711088,653143000
2022-04-27,18.521866,19.088537,18.215128,18.339617,499460000
2022-04-28,18.889355,19.954976,18.414308,19.701019,570327000
2022-04-29,19.322572,20.045600,18.441195,18.471073,500435000
2022-05-02,18.465096,19.493866,18.315710,19.453035,572049000
2022-05-03,19.320581,19.743842,19.054673,19.521753,475751000
2022-05-04,19.841437,20.316483,18.674234,20.250753,648855000
2022-05-05,19.785668,19.843429,18.424264,18.766855,626331000
2022-05-06,18.659298,19.432120,17.916352,18.598547,633297000
2022-05-09,17.960173,18.180267,16.758114,16.880611,644455000
2022-05-10,17.616581,18.123498,16.955300,17.522966,761474000
2022-05-11,17.275988,17.680326,16.500178,16.561922,670167000
2022-05-12,16.152598,16.719269,15.503268,16.108778,708728000
2022-05-13,16.719273,17.854606,16.525072,17.633514,670437000
2022-05-16,17.437323,17.715180,17.035973,17.193325,521446000
2022-05-17,18.000012,18.295797,17.561814,18.102591,585830000
2022-05-18,17.632518,18.043828,16.794962,16.868658,545161000
2022-05-19,16.867665,17.614595,16.665495,17.053900,621310000
2022-05-20,17.261047,17.338726,15.690502,16.625658,739105000
2022-05-23,16.207375,16.845752,16.112765,16.828821,639889000
2022-05-24,16.442409,16.529053,15.715397,16.087866,588550000
2022-05-25,15.954420,17.040953,15.934501,16.905510,781132000
2022-05-26,15.970355,18.017938,15.956412,17.777925,996575000
2022-05-27,18.111554,18.803709,18.025906,18.733995,738379000
2022-05-31,18.902300,19.121400,18.274880,18.595562,664100000
2022-06-01,18.647348,18.975000,18.047811,18.245001,544514000
2022-06-02,18.217116,19.538683,18.123501,19.511793,648656000
2022-06-03,19.003885,19.252862,18.446176,18.643366,598779000
2022-06-06,19.060649,19.257838,18.488002,18.709093,422406000
2022-06-07,18.396375,18.922213,18.113537,18.848516,388914000
2022-06-08,18.725997,19.105518,18.463022,18.575584,363252000
2022-06-09,18.409236,18.859480,17.970944,17.977917,395574000
2022-06-10,17.531657,17.628281,16.803495,16.908089,465248000
2022-06-13,15.937868,16.248656,15.545398,15.586239,604153000
2022-06-14,15.669913,16.003612,15.352151,15.774506,469680000
2022-06-15,16.032495,16.802493,15.864151,16.462818,563936000
2022-06-16,15.798413,15.880095,15.341195,15.540419,545749000
2022-06-17,15.587234,15.932887,15.268477,15.818334,630334000
2022-06-21,16.411025,16.941954,16.343288,16.501671,483089000
2022-06-22,16.162990,16.597298,16.117169,16.296471,437135000
2022-06-23,16.454850,16.520594,15.791437,16.161993,463680000
2022-06-24,16.435931,17.073445,16.246668,17.059500,472153000
2022-06-27,17.244774,17.262704,16.561437,16.803493,427968000
2022-06-28,16.834374,17.135201,15.883082,15.919939,461149000
2022-06-29,15.752591,15.758567,15.111091,15.481647,482352000
2022-06-30,15.301350,15.506550,14.804288,15.100135,686070000
2022-07-01,14.841144,15.004506,14.336112,14.466603,577610000
2022-07-05,14.119955,14.912863,14.000421,14.905890,651397000
2022-07-06,14.951716,15.259516,14.731574,15.071250,529066000
2022-07-07,15.395982,15.883082,15.329241,15.796420,492903000
2022-07-08,15.370082,15.974725,15.329241,15.776498,467972000
2022-07-11,15.465708,15.466704,14.979603,15.093161,437321000
2022-07-12,15.208710,15.371077,14.819229,15.023433,458483000
2022-07-13,14.533344,15.315296,14.408830,15.105115,521918000
2022-07-14,15.049333,15.412915,14.670808,15.312307,456235000
2022-07-15,15.598194,15.720715,15.385024,15.700793,385935000
2022-07-18,16.238702,16.831391,15.939868,16.038483,670517000
2022-07-19,16.421980,17.043558,16.109200,16.926016,702366000
2022-07-20,16.881191,17.863362,16.735758,17.737850,760538000
2022-07-21,17.815552,18.073545,17.476872,17.979910,557049000
2022-07-22,17.823514,17.897226,17.070449,17.251743,536671000
2022-07-25,16.952912,17.057505,16.584350,16.957893,480748000
2022-07-26,16.823414,16.853298,16.414011,16.468798,397865000
2022-07-27,16.965861,17.866352,16.847323,17.720919,569776000
2022-07-28,17.905198,18.069556,17.372275,17.914162,474646000
2022-07-29,17.743831,18.173157,17.623300,18.092472,435460000
2022-08-01,18.111394,18.772817,17.920140,18.369389,476469000
2022-08-02,18.051629,18.864460,18.021745,18.454060,489527000
2022-08-03,18.113387,18.894343,18.066569,18.819633,418146000
2022-08-04,18.775809,19.199157,18.687153,19.140387,409652000
2022-08-05,18.736958,19.154332,18.593518,18.915264,386068000
2022-08-08,17.434037,18.168175,17.175047,17.723906,981859000
2022-08-09,17.185005,17.379248,16.659056,17.019650,668263000
2022-08-10,17.629275,18.047644,17.249754,18.026726,597422000
2022-08-11,18.060593,18.634356,17.806582,17.872326,509327000
2022-08-12,18.089481,18.645315,17.883284,18.636349,478094000
2022-08-15,18.628380,19.089581,18.540722,18.958094,457666000
2022-08-16,18.846532,19.067670,18.429158,18.805691,451240000
2022-08-17,18.451073,18.615431,18.074541,18.263802,446799000
2022-08-18,18.229936,18.791746,18.112395,18.700104,415447000
2022-08-19,18.334526,18.448084,17.700996,17.779690,441588000
2022-08-22,17.422080,17.489817,16.900115,16.967852,409593000
2022-08-23,16.923029,17.397180,16.904102,17.114283,369986000
2022-08-24,16.945939,17.338410,16.829395,17.155125,522661000
2022-08-25,16.778592,17.877309,16.767635,17.843441,770691000
2022-08-26,17.787662,17.854401,16.173952,16.196863,769127000
2022-08-29,15.957793,16.274557,15.705775,15.739642,496132000
2022-08-30,15.898025,15.976718,15.123046,15.407936,530181000
2022-08-31,15.324259,15.479653,14.900909,15.035385,573710000
2022-09-01,14.153823,14.324160,13.218470,13.882880,1178865000
2022-09-02,14.045247,14.115970,13.538222,13.594006,743157000
2022-09-06,13.677681,13.725495,13.299156,13.412714,535751000
2022-09-07,13.514346,13.788360,13.298125,13.664804,512657000
2022-09-08,13.410720,13.957752,13.321044,13.939816,624873000
2022-09-09,14.106215,14.422078,14.075327,14.335390,486612000
2022-09-12,14.317454,14.494815,14.147067,14.452966,484159000
2022-09-13,13.752489,13.872059,13.052011,13.083896,714956000
2022-09-14,13.206456,13.242327,12.866680,13.080909,588507000
2022-09-15,12.968312,13.185529,12.744119,12.882620,523625000
2022-09-16,12.696291,13.164605,12.571740,13.150656,670751000
2022-09-19,12.965325,13.414708,12.963332,13.333998,569685000
2022-09-20,13.167598,13.434636,13.010165,13.128737,524818000
2022-09-21,13.165603,13.980669,13.062972,13.213430,807679000
2022-09-22,13.023114,13.101831,12.383417,12.515940,759162000
2022-09-23,12.375445,12.565760,12.213030,12.471101,663309000
2022-09-26,12.446192,12.613589,12.170185,12.184134,547343000
2022-09-27,12.462137,12.690315,12.214030,12.368474,553854000
2022-09-28,12.365483,12.777001,12.309684,12.690313,542414000
2022-09-29,12.403345,12.455159,11.903146,12.176164,532763000
2022-09-30,12.043642,12.587684,12.031685,12.095455,565638000
2022-10-03,12.302709,12.632522,12.061577,12.467117,547478000
2022-10-04,12.832799,13.172577,12.832799,13.119766,584182000
2022-10-05,12.864686,13.273215,12.575726,13.161616,507131000
2022-10-06,13.172577,13.607013,13.055996,13.082900,644157000
2022-10-07,12.460143,12.624552,11.978876,12.032682,672478000
2022-10-10,11.993822,12.080510,11.367078,11.628139,698699000
2022-10-11,11.519527,11.803505,11.242525,11.544438,667482000
2022-10-12,11.537463,11.692903,11.304302,11.458746,492590000
2022-10-13,10.931644,12.034673,10.774210,11.917096,850103000
2022-10-14,12.013751,12.067557,11.163811,11.186728,713432000
2022-10-17,11.476681,11.905139,11.475686,11.845354,580774000
2022-10-18,12.299720,12.447189,11.576324,11.924072,659362000
2022-10-19,11.836388,12.305699,11.791549,12.007771,523131000
2022-10-20,12.069548,12.723195,12.061577,12.150258,652398000
2022-10-21,12.054603,12.453169,11.844360,12.421283,609494000
2022-10-24,12.463131,12.664406,12.020724,12.553804,517457000
2022-10-25,12.648465,13.252291,12.618572,13.213430,505482000
2022-10-26,12.822836,13.339974,12.662414,12.849739,532953000
2022-10-27,13.581109,13.788364,13.074931,13.128737,583113000
2022-10-28,13.056993,13.800318,13.014147,13.784374,521040000
2022-10-31,13.728576,13.788361,13.249301,13.448584,486341000
2022-11-01,13.761456,13.875048,13.470504,13.494418,432817000
2022-11-02,13.800317,14.159026,13.163610,13.171580,672628000
2022-11-03,12.996211,13.731563,12.909523,13.372854,500065000
2022-11-04,13.935829,14.177957,13.647865,14.105219,612576000
2022-11-07,14.176962,14.360302,13.903946,14.249701,410061000
2022-11-08,14.747906,14.837584,14.165005,14.549621,595292000
2022-11-09,14.111198,14.160023,13.709643,13.726583,454414000
2022-11-10,14.746910,15.716419,14.494817,15.693501,700819000
2022-11-11,15.750297,16.330209,15.426463,16.268431,655487000
2022-11-14,16.159822,16.480668,15.864883,16.236546,527852000
2022-11-15,16.662019,16.937028,16.323239,16.606220,545876000
2022-11-16,16.104025,16.303306,15.816061,15.852928,649547000
2022-11-17,15.658627,16.207651,15.479272,15.620763,710894000
2022-11-18,15.908726,15.944598,15.065761,15.353724,492072000
2022-11-21,15.092665,15.421481,15.025905,15.262055,404739000
2022-11-22,15.273016,16.000397,15.067754,15.980469,472866000
2022-11-23,16.040256,16.467718,15.990436,16.459745,427241000
2022-11-25,16.259466,16.427858,16.113989,16.211637,167934000
2022-11-28,15.968511,16.298325,15.668592,15.770226,303741000
2022-11-29,15.770226,15.874850,15.464328,15.582901,298384000
2022-11-30,15.644692,16.873584,15.545026,16.866608,565298000
2022-12-01,16.942353,17.207466,16.579566,17.077900,470977000
2022-12-02,16.603485,16.876572,16.390198,16.819761,371389000
2022-12-05,16.623422,16.938369,16.417111,16.554651,352255000
2022-12-06,16.474917,16.517773,15.766286,15.933726,352694000
2022-12-07,15.719441,16.132062,15.614791,16.066282,372388000
2022-12-08,16.218774,17.121755,15.905819,17.111788,515456000
2022-12-09,17.102820,17.524411,16.918437,16.944349,465338000
2022-12-12,16.980230,17.479560,16.741030,17.476570,457328000
2022-12-13,18.469252,18.727390,17.651985,18.011782,656589000
2022-12-14,17.927061,18.191180,17.361951,17.615105,496888000
2022-12-15,17.088863,17.262283,16.644351,16.895510,478542000
2022-12-16,16.807802,16.984213,16.355315,16.515778,478232000
2022-12-19,16.516774,16.553649,16.091197,16.199833,354039000
2022-12-20,16.010469,16.255649,15.799176,16.031399,403260000
2022-12-21,16.060303,16.571594,16.048342,16.446012,325025000
2022-12-22,16.040370,16.084224,14.832409,15.287886,565045000
2022-12-23,15.145363,15.287886,14.833406,15.155330,349326000
2022-12-27,15.023770,15.049684,14.009162,14.073946,464902000
2022-12-28,13.880592,14.214476,13.837735,13.989229,351066000
2022-12-29,14.354010,14.634073,14.179593,14.554339,354923000
2022-12-30,14.286235,14.580252,14.185572,14.565303,310490000
2023-01-03,14.801513,14.946030,14.049029,14.267299,401277000
2023-01-04,14.518460,14.803506,14.193546,14.699853,431324000
2023-01-05,14.442711,14.515468,14.100854,14.217464,389168000
2023-01-06,14.425769,14.959983,13.987236,14.809486,405044000
2023-01-09,15.233070,16.002497,15.090546,15.575924,504231000
2023-01-10,15.455325,15.908809,15.420442,15.855986,384101000
2023-01-11,15.787217,15.974590,15.511139,15.947680,353285000
2023-01-12,16.046351,16.581560,15.440376,16.455980,551409000
2023-01-13,16.223753,16.865608,16.111131,16.842684,447287000
2023-01-17,16.842687,17.668925,16.842687,17.643011,511102000
2023-01-18,17.608128,17.813441,17.224411,17.319096,439624000
2023-01-19,16.979232,17.139697,16.675250,16.709135,452932000
2023-01-20,16.954313,17.796498,16.768933,17.779554,564967000
2023-01-23,18.003806,19.180872,17.758627,19.129045,655163000
2023-01-24,18.764264,19.430039,18.757287,19.200804,496204000
2023-01-25,18.849978,19.305456,18.518087,19.258612,449537000
2023-01-26,19.635352,20.098803,19.213761,19.736015,489535000
2023-01-27,19.397147,20.559262,19.340338,20.297138,542142000
2023-01-30,19.883525,20.072890,19.086189,19.098150,488611000
2023-01-31,19.106120,19.621397,18.886853,19.471897,498017000
2023-02-01,19.625386,21.121384,19.545652,20.873215,660477000
2023-02-02,20.930021,21.875858,20.631021,21.636658,564276000
2023-02-03,20.930019,21.672537,20.719722,21.029686,429366000
2023-02-06,20.736668,21.498123,20.716735,21.018726,452197000
2023-02-07,21.310751,22.184829,21.079524,22.099115,664150000
2023-02-08,22.312401,22.801766,21.934664,22.131008,559651000
2023-02-09,22.530670,22.943290,22.046290,22.262566,523876000
2023-02-10,21.617722,22.004428,20.741652,21.194138,550737000
2023-02-13,21.466226,21.974527,20.892145,21.715393,474919000
2023-02-14,21.506095,22.972194,21.294802,22.894455,675474000
2023-02-15,22.473861,22.778841,22.032338,22.688145,420575000
2023-02-16,22.059246,22.474857,21.853933,21.928684,412026000
2023-02-17,21.558921,21.667557,20.905107,21.316730,465888000
2023-02-21,20.930018,21.422371,20.549291,20.586168,410015000
2023-02-22,20.638001,21.033677,20.352953,20.684843,513184000
2023-02-23,23.361891,23.808399,22.948273,23.585144,1117995000
2023-02-24,23.147611,23.395782,22.870537,23.208406,589716000
2023-02-27,23.591127,23.800426,23.375847,23.422689,452994000
2023-02-28,23.294118,23.745609,23.128671,23.138638,455963000
2023-03-01,23.114717,23.178505,22.432997,22.622364,460026000
2023-03-02,22.413063,23.302089,22.357248,23.236309,389415000
2023-03-03,23.242288,23.820355,23.052921,23.810389,412393000
2023-03-06,23.811387,24.167195,23.408732,23.475510,437429000
2023-03-07,23.525352,24.048691,23.167486,23.214338,515154000
2023-03-08,23.412710,24.123456,23.349910,24.104515,513573000
2023-03-09,24.098535,24.376653,23.309040,23.361874,501257000
2023-03-10,23.334960,23.552271,22.654120,22.892365,474866000
2023-03-13,22.680038,23.224311,22.226477,22.893360,421890000
2023-03-14,23.421685,24.142398,23.385797,23.986891,474910000
2023-03-15,23.685845,24.209184,23.286114,24.151369,524486000
2023-03-16,23.951002,25.507063,23.818421,25.460213,583253000
2023-03-17,25.899818,26.315499,25.586810,25.643631,848547000
2023-03-20,25.533979,25.941685,25.050512,25.818077,432747000
2023-03-21,26.097196,26.308525,25.300723,26.116135,547408000
2023-03-22,26.341416,27.501736,26.154011,26.384281,797295000
2023-03-23,27.029236,27.412022,26.605581,27.104996,564889000
2023-03-24,26.945502,27.081071,26.271639,26.694298,454920000
2023-03-27,26.752112,26.914597,26.281605,26.447081,361026000
2023-03-28,26.363349,26.429140,25.768237,26.326466,356104000
2023-03-29,26.740152,26.992350,26.512872,26.898647,393694000
2023-03-30,27.142873,27.412019,27.016273,27.296385,364516000
2023-03-31,27.054154,27.745959,27.019265,27.689140,433933000
2023-04-03,27.421988,27.911434,27.249535,27.876545,398716000
2023-04-04,27.877541,27.911434,27.220625,27.366163,368592000
2023-04-05,26.744137,26.912601,26.311510,26.795973,515015000
2023-04-06,26.499916,26.994348,26.343413,26.951485,397654000
2023-04-10,26.738159,27.533635,26.584646,27.491768,395279000
2023-04-11,27.636306,27.702097,27.040196,27.083061,314378000
2023-04-12,27.283428,27.381118,26.364344,26.411196,446259000
2023-04-13,26.649438,26.801954,26.245720,26.379295,353615000
2023-04-14,26.420166,26.797967,26.137064,26.673363,395660000
2023-04-17,26.480970,26.920575,26.349387,26.916588,321471000
2023-04-18,27.445912,28.021086,27.270468,27.579487,604812000
2023-04-19,27.274460,27.911439,27.145869,27.842657,358660000
2023-04-20,27.583473,27.941338,26.914596,27.018267,427713000
2023-04-21,26.866754,27.097025,26.637482,27.033226,345103000
2023-04-24,26.927561,27.279443,26.586642,26.956469,339282000
2023-04-25,26.992350,27.160816,26.142049,26.157997,378527000
2023-04-26,26.916595,27.243557,26.620533,26.870739,406337000
2023-04-27,27.276455,27.408037,26.540788,27.139887,377161000
2023-04-28,27.138889,27.670202,26.985375,27.661232,292216000
2023-05-01,27.751942,28.966090,27.692133,28.818558,570329000
2023-05-02,28.589288,28.744795,27.994176,28.120773,402730000
2023-05-03,27.751942,28.277275,27.385106,27.714062,383387000
2023-05-04,27.563540,27.770883,27.153841,27.474823,321850000
2023-05-05,27.737986,28.664047,27.643287,28.589285,361494000
2023-05-08,28.431786,29.127578,28.260331,29.058796,344979000
2023-05-09,28.807596,28.881362,28.360017,28.480633,314869000
2023-05-10,28.913258,29.020918,28.370980,28.793638,369350000
2023-05-11,28.804605,28.858435,28.156661,28.487610,322149000
2023-05-12,28.438762,28.688969,27.957290,28.250360,274222000
2023-05-15,28.417835,28.877377,28.062962,28.861427,293926000
2023-05-16,28.749773,29.775519,28.740802,29.120596,449405000
2023-05-17,29.490427,30.103482,29.336915,30.082548,432535000
2023-05-18,30.313815,31.727330,30.224100,31.577805,748725000
2023-05-19,31.436251,31.480112,30.818213,31.165112,473908000
2023-05-22,30.803261,31.420304,30.582961,31.077393,372000000
2023-05-23,30.901946,31.189035,30.534114,30.590933,356253000
2023-05-24,30.114445,30.510190,29.711723,30.441408,721419000
2023-05-25,38.401149,39.355123,36.519120,37.859867,1543911000
2023-05-26,37.770155,39.046105,37.431231,38.822815,714397000
2023-05-30,40.466601,41.805352,39.822645,39.984131,923401000
2023-05-31,39.363104,40.167551,37.702373,37.714336,1002580000
2023-06-01,38.367253,39.923316,38.218726,39.644203,635873000
2023-06-02,39.970175,40.371900,38.934460,39.202610,482731000
2023-06-05,38.785928,39.439851,38.584567,39.047100,396094000
2023-06-06,38.707180,39.036134,38.027334,38.531734,388729000
2023-06-07,38.795929,39.378142,37.241697,37.360332,511998000
2023-06-08,37.608572,38.745083,37.390244,38.392166,417772000
2023-06-09,38.917560,39.589498,38.449001,38.651379,427717000
2023-06-12,39.080056,39.409044,38.499836,39.361191,388701000
2023-06-13,40.063036,40.975237,39.618402,40.896477,613208000
2023-06-14,40.699089,42.868430,40.427918,42.865440,740465000
2023-06-15,42.471645,43.156543,42.018035,42.522488,568622000
2023-06-16,43.317047,43.587218,42.530460,42.561367,655709000
2023-06-20,42.866435,43.855400,42.543425,43.673954,451153000
2023-06-21,43.367898,43.481551,41.951248,42.913292,551603000
2023-06-22,42.123712,43.293123,42.104772,42.893353,417737000
2023-06-23,42.334074,42.678016,41.886446,42.079853,358140000
2023-06-26,42.331077,42.633152,39.977301,40.507675,594322000
2023-06-27,40.674163,41.811671,40.324239,41.747868,462175000
2023-06-28,40.535586,41.716961,40.394022,40.991188,582639000
2023-06-29,41.430830,41.472702,40.475762,40.697083,380514000
2023-06-30,41.552475,42.419812,41.374021,42.172569,501148000
2023-07-03,42.386900,42.766735,42.072865,42.283218,198209000
2023-07-05,42.006065,43.044877,41.956219,42.187511,323618000
2023-07-06,41.715964,42.049938,41.219487,41.974171,303582000
2023-07-07,42.192506,43.081778,42.050942,42.372952,355881000
2023-07-10,42.526472,42.680000,41.521553,42.050930,353908000
2023-07-11,42.351006,42.627158,41.938275,42.275238,298244000
2023-07-12,42.901322,43.800562,42.646105,43.767662,481277000
2023-07-13,44.381784,46.013772,44.355862,45.836319,478204000
2023-07-14,46.440470,47.940866,44.922131,45.329880,772075000
2023-07-17,46.147365,46.353729,45.123507,46.318836,510488000
2023-07-18,46.558098,47.749441,45.594058,47.348671,569164000
2023-07-19,47.318770,47.671687,46.598979,46.932953,427502000
2023-07-20,46.364702,46.942929,44.924123,45.380722,537865000
2023-07-21,45.647895,45.725659,43.965060,44.173420,963769000
2023-07-24,44.594130,44.970975,43.905246,44.475494,382516000
2023-07-25,44.803493,46.041690,44.785547,45.539234,348081000
2023-07-26,45.880183,45.912086,44.493440,45.312923,364237000
2023-07-27,46.376657,47.249976,45.610009,45.759552,455976000
2023-07-28,46.525195,46.883098,46.239075,46.606945,331194000
2023-07-31,46.610946,46.985795,46.363704,46.586021,251055000
2023-08-01,46.317839,46.756496,45.886166,46.364697,237858000
2023-08-02,45.690766,45.699737,43.254244,44.133545,530142000
2023-08-03,43.665979,44.979947,43.665979,44.378792,324176000
2023-08-04,44.847360,45.502348,44.257172,44.543293,362666000
2023-08-07,44.972971,45.400659,44.426647,45.278034,322154000
2023-08-08,44.715757,45.103567,43.921195,44.527336,353843000
2023-08-09,44.138528,44.176414,42.005077,42.423794,586449000
2023-08-10,42.030998,43.440673,41.706991,42.258301,492705000
2023-08-11,41.623250,41.889435,40.514653,40.729992,533085000
2023-08-14,40.362116,43.665975,40.187652,43.619118,690286000
2023-08-15,44.423651,45.129485,43.576250,43.805546,676512000
2023-08-16,44.383776,44.538301,43.273183,43.352940,527451000
2023-08-17,43.835456,43.927174,42.869420,43.211372,452395000
2023-08-18,42.504538,43.444653,41.532523,43.166508,583768000
2023-08-21,44.357863,46.920995,44.086695,46.823296,692573000
2023-08-22,47.987710,48.039552,45.194285,45.528259,755293000
2023-08-23,45.725657,47.055575,45.069670,46.971832,779046000
2023-08-24,50.062344,50.112190,47.014699,47.018684,1156044000
2023-08-25,46.868148,47.658720,44.886228,45.877190,925341000
2023-08-28,46.339764,46.836241,44.750644,46.691685,685192000
2023-08-29,46.523212,48.930823,46.249052,48.634731,701397000
2023-08-30,48.893927,49.774224,48.276821,49.113255,735206000
2023-08-31,49.228905,49.591789,48.808195,49.203979,528570000
2023-09-01,49.609741,49.647623,47.994695,48.360573,463830000
2023-09-05,48.075450,48.701530,47.713561,48.399456,382653000
2023-09-06,48.296752,48.404428,46.441294,46.920860,468670000
2023-09-07,45.389442,46.206004,45.017552,46.103310,433330000
2023-09-08,45.805196,46.467216,45.136192,45.436295,473069000
2023-09-11,46.010585,46.025540,44.180054,45.043476,473966000
2023-09-12,44.604778,45.536996,44.398394,44.736385,349256000
2023-09-13,44.467189,45.793231,44.370478,45.349556,398355000
2023-09-14,45.813179,45.850067,44.996617,45.445278,370097000
2023-09-15,45.205983,45.463214,43.677547,43.769276,506831000
2023-09-18,42.620711,44.110262,41.874938,43.835083,500271000
2023-09-19,43.702475,43.835079,42.873948,43.390408,373064000
2023-09-20,43.470164,43.772263,42.097265,42.113216,367108000
2023-09-21,41.459176,41.974635,40.857971,40.894859,450736000
2023-09-22,41.448199,41.989585,41.108215,41.486088,479236000
2023-09-25,41.467158,42.409343,41.054389,42.096279,419091000
2023-09-26,41.875926,42.692487,41.530956,41.786194,402282000
2023-09-27,42.203956,42.744341,41.505043,42.341541,444935000
2023-09-28,42.333565,43.316629,41.989595,42.960693,424663000
2023-09-29,43.696495,44.012552,43.178043,43.369473,397830000
2023-10-02,43.898884,45.040475,43.730388,44.648647,433298000
2023-10-03,44.674581,44.995624,43.117231,43.387424,470850000
2023-10-04,43.611749,44.011556,43.163088,43.909859,361821000
2023-10-05,43.918831,44.766302,43.757315,44.554932,393483000
2023-10-06,44.061408,45.652656,43.894905,45.625736,434436000
2023-10-09,44.708467,45.469196,44.235880,45.138184,409675000
2023-10-10,45.175087,46.121258,44.953748,45.661633,368582000
2023-10-11,46.058442,46.719470,45.912877,46.666626,378137000
2023-10-12,46.637715,47.467238,46.192047,46.805214,481325000
2023-10-13,46.820167,46.975705,45.145169,45.325630,474115000
2023-10-16,44.928812,46.087351,44.778261,45.957741,375099000
2023-10-17,43.868971,44.620728,42.353497,43.807156,812333000
2023-10-18,42.464175,43.090307,41.700457,42.070351,627294000
2023-10-19,42.683517,43.168069,41.757282,41.975632,501233000
2023-10-20,41.765260,42.343535,40.955678,41.263760,477266000
2023-10-23,41.106239,43.119228,40.823084,42.847038,478530000
2023-10-24,42.948721,43.566873,42.563872,43.532974,401463000
2023-10-25,43.268765,43.520017,41.431255,41.654587,398379000
2023-10-26,41.728367,42.130167,39.761243,40.205914,541001000
2023-10-27,41.007527,41.083301,39.895846,40.379402,416784000
2023-10-30,40.964656,41.641631,40.360458,41.038433,388028000
2023-10-31,40.329550,40.757274,39.113182,40.658566,517969000
2023-11-01,40.762256,42.254800,40.747301,42.198967,437593000
2023-11-02,43.198982,43.753326,42.766276,43.376453,409172000
2023-11-03,43.888923,45.174083,43.592807,44.870991,424610000
2023-11-06,45.150165,45.798231,44.765312,45.614777,400733000
2023-11-07,45.582864,46.080375,45.023533,45.818161,343165000
2023-11-08,45.962730,46.727449,45.831123,46.435322,346719000
2023-11-09,47.325662,48.086391,46.610798,46.810204,540496000
2023-11-10,47.358565,48.327671,47.142212,48.191078,421245000
2023-11-13,48.176106,48.969737,47.955764,48.475212,384136000
2023-11-14,49.532064,49.685604,48.893970,49.508133,416954000
2023-11-15,49.786303,49.811227,48.056469,48.742420,475497000
2023-11-16,48.534047,49.377529,48.186087,49.332661,339756000
2023-11-17,49.376532,49.568958,48.861073,49.151207,325205000
2023-11-20,49.165166,50.397486,49.034556,50.258900,414120000
2023-11-21,49.976738,50.366572,49.075430,49.795280,565747000
2023-11-22,49.703557,50.185117,47.547992,48.570938,899420000
2023-11-24,48.325673,48.775330,47.602830,47.633739,294645000
2023-11-27,47.657662,48.385487,47.510103,48.098347,395662000
2023-11-28,48.092362,48.179104,47.331633,47.678596,401491000
2023-11-29,48.234937,48.616796,47.717482,47.996647,382005000
2023-11-30,47.880993,47.966740,46.283766,46.630730,526247000
2023-12-01,46.386461,47.059450,46.049466,46.625744,369317000
2023-12-04,45.939802,45.939802,44.875978,45.374489,437543000
2023-12-05,45.334600,46.465322,45.140164,46.431423,371718000
2023-12-06,47.078548,47.250052,45.280758,45.371494,380590000
2023-12-07,45.567920,46.494236,45.472197,46.461330,350823000
2023-12-08,46.460347,47.603035,46.415475,47.368713,359224000
2023-12-11,47.353754,47.393635,45.697555,46.492249,509728000
2023-12-12,45.912928,47.528245,45.912928,47.519272,372387000
2023-12-13,47.491351,48.453562,47.470412,47.949024,447792000
2023-12-14,48.250144,48.529333,47.284943,48.210258,391232000
2023-12-15,48.054708,49.261210,47.980920,48.748695,479948000
2023-12-18,49.257236,50.287248,49.007959,49.932278,412587000
2023-12-19,49.281156,49.556359,48.753686,49.460636,464444000
2023-12-20,49.511495,49.854502,47.958995,47.971958,397894000
2023-12-21,48.669936,48.953115,48.279066,48.848419,300425000
2023-12-22,49.052824,49.240280,48.326927,48.688881,252507000
2023-12-26,48.826479,49.456653,48.818503,49.136581,244200000
2023-12-27,49.367923,49.536433,48.943152,49.274193,233648000
2023-12-28,49.499524,49.739825,49.269189,49.378872,246587000
2023-12-29,49.669031,49.852501,48.610100,49.378872,389293000
2024-01-02,49.101684,49.152535,47.457451,48.028793,411254000
2024-01-03,47.347766,48.044743,47.183241,47.431522,320896000
2024-01-04,47.628952,48.359835,47.370702,47.859287,306535000
2024-01-05,48.321945,49.403809,48.166394,48.955109,415039000
2024-01-08,49.368910,52.123926,49.336005,52.101986,642510000
2024-01-09,52.249557,54.167996,51.540610,52.986420,773100000
2024-01-10,53.461045,54.442198,53.334409,54.192921,533796000
2024-01-11,54.840053,55.186050,53.405213,54.663563,596759000
2024-01-12,54.462147,54.811138,54.172988,54.551888,352994000
2024-01-16,54.858991,56.670737,54.741332,56.219048,449580000
2024-01-17,56.184148,56.307790,54.581794,55.890999,474394000
2024-01-18,57.094517,57.433535,55.944849,56.941959,491650000
2024-01-19,57.821400,59.328034,57.059608,59.319061,543501000
2024-01-22,59.875457,60.156643,58.899286,59.481598,452955000
2024-01-23,59.397841,59.736858,58.415687,59.699966,294654000
2024-01-24,60.129717,62.667360,59.764774,61.184658,560271000
2024-01-25,62.169802,62.537739,60.674137,61.438923,482777000
2024-01-26,60.783816,61.604440,60.397938,60.854610,390309000
2024-01-29,61.055039,62.308406,60.730981,62.284477,348733000
2024-01-30,62.718218,63.309503,62.080064,62.592579,410735000
2024-01-31,61.262436,62.089042,60.524576,61.349186,453795000
2024-02-01,61.920522,63.008372,61.471826,62.844845,369146000
2024-02-02,63.789109,66.407519,63.505929,65.968796,476578000
2024-02-05,68.027827,69.296154,67.010778,69.131630,680078000
2024-02-06,69.428757,69.552399,66.108387,68.025826,683111000
2024-02-07,68.121546,70.017053,67.404622,69.896400,495575000
2024-02-08,69.871490,70.589411,69.254284,69.439743,414422000
2024-02-09,70.329156,71.976382,70.009084,71.924538,436637000
2024-02-12,72.390180,74.395370,71.044083,72.039200,613710000
2024-02-13,70.196538,73.237718,69.418793,71.919540,602580000
2024-02-14,72.990436,74.021444,71.730089,73.686417,504917000
2024-02-15,73.655512,73.761201,72.190756,72.448006,420122000
2024-02-16,73.885855,74.186984,72.291477,72.403152,495327000
2024-02-20,71.739066,71.748043,67.538245,69.251282,704833000
2024-02-21,67.809454,68.688908,66.056539,67.277000,673755000
2024-02-22,74.808180,78.347916,74.005506,78.311028,865100000
2024-02-23,80.556508,82.155868,77.345813,78.589211,829388000
2024-02-26,79.469648,80.412920,78.278102,78.863411,503973000
2024-02-27,79.151584,79.250305,76.939003,78.473549,391705000
2024-02-28,77.395678,78.704879,76.902106,77.438553,393110000
2024-02-29,78.865416,79.758823,78.123563,78.883362,507289000
2024-03-01,79.768794,82.062149,79.205424,82.041206,479135000
2024-03-04,83.886866,87.441566,83.477058,84.990669,615616000
2024-03-05,85.027539,85.852191,83.179811,85.719566,520639000
2024-03-06,87.771734,89.468890,86.782550,88.447800,582520000
2024-03-07,89.901655,92.503239,89.347236,92.405518,608119000
2024-03-08,94.867484,97.123053,86.260024,87.279121,1142269000
2024-03-11,86.183265,88.544528,83.926699,85.530128,678364000
2024-03-12,87.798667,91.698543,85.905065,91.651680,668075000
2024-03-13,90.796103,91.243823,88.183549,90.629578,635713000
2024-03-14,89.322315,90.388276,86.353774,87.693954,602318000
2024-03-15,86.682854,89.291413,86.011770,87.587273,642086000
2024-03-18,90.130994,92.142257,86.837384,88.203491,668976000
2024-03-19,86.453480,90.286552,84.768290,89.143814,672171000
2024-03-20,89.541689,90.152953,87.972167,90.115059,479063000
2024-03-21,92.037564,92.384574,90.147948,91.175018,480372000
2024-03-22,90.881853,94.508513,90.575727,94.020905,586719000
2024-03-25,93.673907,96.490872,93.244133,94.731888,552136000
2024-03-26,95.578468,96.100980,92.238991,92.297821,513648000
2024-03-27,92.847263,92.974897,88.869606,89.993401,586067000
2024-03-28,89.744100,91.040407,88.939395,90.099091,435212000
2024-04-01,90.042258,91.962777,88.950370,90.106071,452441000
2024-04-02,88.196504,89.837828,87.370863,89.197655,433064000
2024-04-03,88.232421,90.117047,88.148660,88.711052,370067000
2024-04-04,90.148953,90.376310,85.635821,85.660751,434965000
2024-04-05,86.619015,88.229429,85.681693,87.757774,399678000
2024-04-08,88.447800,88.577435,86.485401,86.885262,283220000
2024-04-09,87.193381,87.385833,82.785950,85.111313,501700000
2024-04-10,83.687379,87.151500,83.470993,86.791527,431929000
2024-04-11,87.171441,90.481004,86.678849,90.358353,431637000
2024-04-12,89.443963,89.918615,87.281132,87.935265,426805000
2024-04-15,88.844664,90.355356,85.684676,85.756470,443077000
2024-04-16,86.187255,87.867462,85.819309,87.166466,370453000
2024-04-17,88.088819,88.522587,83.711301,83.796066,495400000
2024-04-18,84.728413,85.944946,82.167714,84.430260,447260000
2024-04-19,82.913581,84.084239,75.391032,75.983337,875198000
2024-04-22,77.881927,79.845331,76.182777,79.291908,596341000
2024-04-23,80.539348,82.533661,80.035786,82.188644,438559000
2024-04-24,83.711300,83.842929,78.957856,79.450455,512208000
2024-04-25,78.643751,83.086086,78.000588,82.397057,424641000
2024-04-26,83.579694,88.079864,83.149920,87.485558,551011000
2024-04-29,87.345935,87.741802,85.023555,87.507477,388971000
2024-04-30,86.991956,88.566469,86.054634,86.156342,363709000
2024-05-01,84.835092,85.755464,81.023954,82.804878,559863000
2024-05-02,84.208891,85.991810,82.963442,85.573006,377898000
2024-05-03,87.539396,89.027150,86.792525,88.536552,398341000
2024-05-06,89.135840,91.957796,88.801794,91.878021,376203000
2024-05-07,90.838984,91.520040,88.757920,90.296532,437342000
2024-05-08,89.228578,90.934712,89.165754,90.154938,325721000
2024-05-09,90.271598,90.813053,87.980135,88.494667,378013000
2024-05-10,90.048240,91.141124,88.973302,89.622452,335325000
2024-05-13,90.220746,90.739271,88.277290,90.141975,289680000
2024-05-14,89.344244,91.390412,88.681134,91.096252,296507000
2024-05-15,92.209078,94.592282,91.338559,94.360939,417735000
2024-05-16,94.640142,95.546554,93.835429,94.090706,323952000
2024-05-17,94.100698,94.470638,91.544981,92.216064,359691000
2024-05-20,93.483436,94.929310,93.174319,94.510506,318764000
2024-05-21,93.332878,95.128760,92.915070,95.114799,328946000
2024-05-22,95.187579,95.746981,92.983863,94.680023,548648000
2024-05-23,101.737907,106.017704,101.231349,103.503876,835065000
2024-05-24,104.152022,106.172262,102.707144,106.166283,429494000
2024-05-28,109.930556,114.612207,109.570582,113.577156,652728000
2024-05-29,112.728573,115.163623,110.585681,114.498520,557442000
2024-05-30,114.324016,115.489691,109.351196,110.185814,484553000
2024-05-31,112.200074,112.396520,106.635945,109.321289,613263000
2024-06-03,113.297935,114.673012,111.684532,114.673012,438392000
2024-06-04,115.386999,116.268480,113.720744,116.105942,403324000
2024-06-05,118.034450,122.100850,117.134017,122.091881,528402000
2024-06-06,123.695308,125.229934,117.983597,120.653984,664696000
2024-06-07,119.429464,121.346004,117.686440,120.544289,412386000
2024-06-10,120.027750,122.749983,116.677303,121.443710,313434100
2024-06-11,121.433744,122.530713,118.412112,120.576126,222551200
2024-06-12,122.720181,126.529632,122.231536,124.854271,299595000
2024-06-13,129.032697,129.441568,126.808859,129.252090,260704500
2024-06-14,129.601127,132.473164,127.965657,131.515823,309320400
2024-06-17,132.622745,133.360692,129.222158,130.618286,288504400
2024-06-18,130.777885,135.953556,130.329131,135.205627,294335100
2024-06-20,139.413966,140.371306,129.162354,130.418869,517768400
2024-06-21,126.768974,130.269283,123.956761,126.220490,649445800
2024-06-24,122.899683,124.116315,117.714045,117.783852,476060900
2024-06-25,120.865325,126.150693,118.990519,125.741821,414192600
2024-06-26,125.781706,127.766208,122.261455,126.050964,362975900
2024-06-27,123.757310,126.060937,122.580569,123.647614,252571700
2024-06-28,124.235982,127.357336,122.411033,123.198853,315516700
2024-07-01,123.129054,124.495266,118.501868,123.956764,284885500
2024-07-02,120.795512,123.069223,120.695790,122.331261,218374000
2024-07-03,121.324030,127.925743,121.024855,127.925743,215749000
2024-07-05,127.028267,128.494217,125.332964,125.482552,214176700
2024-07-08,127.137939,130.408888,126.689185,127.845978,237677300
2024-07-09,129.990057,133.450477,128.294740,131.017212,285366600
2024-07-10,133.659901,134.726953,132.054346,134.537476,248978600
2024-07-11,135.375144,135.774033,126.699171,127.048203,374782700
2024-07-12,127.905828,131.555725,126.868707,128.883133,252680500
2024-07-15,130.199499,131.027209,126.828835,128.085358,208326200
2024-07-16,128.085336,128.683670,124.235994,126.011078,214769500
2024-07-17,121.014899,121.513518,116.397687,117.664177,390086200
2024-07-18,121.513526,122.062011,116.238133,120.755623,320979500
2024-07-19,120.017671,121.264219,117.045904,117.604355,217223800
2024-07-22,120.017659,123.727388,119.529014,123.198853,258068900
2024-07-23,122.440958,124.345687,121.762835,122.251480,173911000
2024-07-24,118.840937,119.618782,113.126764,113.934525,327776900
2024-07-25,112.727859,116.307942,106.006473,111.969955,460067000
2024-07-26,115.869157,115.879124,111.271886,112.747795,293399100
2024-07-29,113.376068,115.958912,110.992668,111.281860,248152100
2024-07-30,111.212048,111.680751,102.256849,103.443565,486833300
2024-07-31,112.588243,118.013216,110.573817,116.696861,473174200
2024-08-01,117.205457,119.828200,106.515058,108.908432,523462300
2024-08-02,103.473476,108.419778,101.090076,106.973778,482027500
2024-08-05,91.805784,103.124448,90.439572,100.172615,552842400
2024-08-06,103.553256,107.412572,100.272348,103.962128,409012100
2024-08-07,107.512305,108.499577,98.417493,98.636887,411440400
2024-08-08,101.718338,105.208673,97.250705,104.680138,391910000
2024-08-09,105.348281,106.305629,103.144385,104.460739,290844200
2024-08-12,106.026422,110.763306,105.966590,108.718964,325559900
2024-08-13,112.129510,115.909046,111.271885,115.819290,312646700
2024-08-14,118.202691,118.272497,113.755008,117.753937,339246400
2024-08-15,118.432067,122.899692,117.145628,122.520744,318086700
2024-08-16,121.603283,124.654831,120.845380,124.235992,302589900
2024-08-19,123.936816,129.641022,123.079190,129.641022,318333600
2024-08-20,128.045439,129.521363,125.542375,126.898621,300087400
2024-08-21,126.968385,128.992785,126.310211,128.145126,257883600
2024-08-22,129.660965,130.388945,122.760068,123.398300,376189100
2024-08-23,125.512439,129.242117,124.874207,129.012741,323230300
2024-08-26,129.212222,130.897543,124.026577,126.110802,331964700
2024-08-27,124.704691,128.843226,123.537916,127.945717,303134600
2024-08-28,127.766201,127.975628,122.301338,125.263138,448101100
2024-08-29,121.024883,124.086406,116.387722,117.265289,453023300
2024-08-30,119.199921,121.413792,116.896303,119.040367,333751600
2024-09-03,115.689658,115.889103,106.993736,107.701775,477155100
2024-09-04,105.118924,112.957212,103.832485,105.916710,372470300
2024-09-05,104.700092,109.347228,104.470731,106.913963,306850700
2024-09-06,107.741663,107.851360,100.671238,102.546051,413638100
2024-09-09,104.590382,106.255776,103.403673,106.175995,273912000
2024-09-10,107.512291,109.097904,104.660188,107.801491,268283700
2024-09-11,109.087935,116.866399,107.123373,116.587173,441422400
2024-09-12,116.527319,120.466753,115.071227,118.821167,366052700
2024-09-13,118.761337,119.638980,117.285295,118.781281,238358300
2024-09-16,116.477474,117.863754,114.053976,116.467499,248772300
2024-09-17,117.853768,118.482087,114.522709,115.280670,231925900
2024-09-18,115.579873,117.385027,112.917020,113.066620,310318900
2024-09-19,117.035960,119.339784,116.936229,117.554573,293506400
2024-09-20,116.746744,118.302574,115.081215,115.689583,382462400
2024-09-23,116.238100,116.676918,114.552620,115.948875,206228500
2024-09-24,116.208189,121.474066,115.071240,120.546555,354966800
2024-09-25,121.693471,124.605663,121.284572,123.179489,284692900
2024-09-26,126.460670,127.328336,121.474050,123.708054,302582900
2024-09-27,123.638249,123.698086,118.940854,121.075127,271009200
2024-09-30,117.993399,121.174865,117.833832,121.115028,226553700
2024-10-01,121.444137,122.112350,115.480144,116.686905,302094500
2024-10-02,116.128398,119.060525,114.831874,118.531944,221845900
2024-10-03,120.596412,124.027209,120.017963,122.521248,277118000
2024-10-04,124.605652,124.705383,121.503974,124.585701,243678100
2024-10-07,124.655514,130.290396,124.615620,127.378212,346250200
2024-10-08,129.911411,133.122796,129.073663,132.534378,285722500
2024-10-09,133.751098,134.160004,131.028408,132.294998,246191600
2024-10-10,131.556986,134.638713,130.649418,134.449219,242311300
2024-10-11,133.651360,135.416628,133.302306,134.439255,170209500
2024-10-14,136.104791,139.226420,135.935248,137.700516,232347700
2024-10-15,137.501043,138.199182,128.395486,131.247833,377831000
2024-10-16,133.621477,136.254412,131.227906,135.356827,264879700
2024-10-17,138.967123,140.512978,136.503731,136.563568,306435900
2024-10-18,138.298912,138.528292,136.912632,137.630707,176090200
2024-10-21,137.760370,143.325439,137.630713,143.325439,264554500
2024-10-22,142.527561,144.033515,141.400580,143.205734,226311600
2024-10-23,141.649899,142.048823,137.092137,139.186508,285930000
2024-10-24,140.443178,140.971758,138.089492,140.034271,172354900
2024-10-25,140.552841,143.744289,140.423199,141.161209,205122100
2024-10-28,142.617326,142.756951,139.675223,140.143967,173586700
2024-10-29,139.914572,141.879301,138.528292,140.872009,157593600
2024-10-30,139.166548,139.954443,136.443859,138.967087,179418100
2024-10-31,137.231784,137.241751,131.756470,132.404724,270039600
2024-11-01,134.339520,136.942536,134.209878,135.037643,207127800
2024-11-04,136.842828,138.588145,135.207217,135.685928,187528200
2024-11-05,137.082190,139.994375,136.962516,139.535614,160537400
2024-11-06,142.577420,146.097971,141.580096,145.220322,242043900
2024-11-07,145.998241,148.531437,145.778828,148.481583,207323300
2024-11-08,148.371888,149.369212,145.868595,147.234940,175665800
2024-11-11,148.282139,148.451697,143.185827,144.871292,182325600
2024-11-12,146.387189,149.249504,145.619246,147.893143,198634700
2024-11-13,148.671081,148.930379,145.509550,145.878571,191903300
2024-11-14,147.244929,148.601291,145.160525,146.367279,194463300
2024-11-15,144.482302,144.851322,139.705127,141.600037,250132900
2024-11-18,139.126678,141.171195,136.782961,139.774933,221205300
2024-11-19,140.941846,146.736297,140.612728,146.616608,227834900
2024-11-20,147.015540,147.165133,142.348056,145.499603,309871700
2024-11-21,148.950317,152.480836,140.323457,146.277481,400946600
2024-11-22,145.539459,146.766178,140.722398,141.570114,236406200
2024-11-25,141.610047,141.669884,135.456559,135.656021,344941900
2024-11-26,137.331516,138.927240,135.306949,136.553604,190287700
2024-11-27,134.648680,136.852772,131.447279,134.977798,226370900
2024-11-29,136.413953,138.977082,135.685911,137.880020,141863200
2024-12-02,138.458464,140.074124,137.451173,138.259003,171682800
2024-12-03,137.890011,140.163908,137.580843,139.884659,164414000
2024-12-04,141.619976,145.399826,139.914545,144.751572,231224300
2024-12-05,144.731635,146.157899,143.574656,144.681763,172621200
2024-12-06,144.222975,145.320098,140.941545,142.068604,188505600
2024-12-09,138.607661,139.585101,136.772462,138.448074,189308600
2024-12-10,138.647549,141.450235,133.441158,134.717834,210020900
2024-12-11,137.001880,139.804551,134.857491,138.946793,184905200
2024-12-12,136.722602,138.079056,135.445940,136.981918,159211400
2024-12-13,138.577737,139.236020,132.194415,133.899963,231514900
2024-12-16,133.830147,134.049574,130.079956,131.655838,237951100
2024-12-17,128.753405,131.246886,126.529224,130.050018,259410300
2024-12-18,133.510989,136.343581,127.945536,128.573898,277444500
2024-12-19,131.416450,133.680535,129.212221,130.339264,209719200
2024-12-20,129.471536,134.927275,127.885685,134.348785,306528600
2024-12-23,135.924671,139.425514,134.767692,139.305832,176053500
2024-12-24,139.634973,141.530013,138.288487,139.854401,105157000
2024-12-26,139.335759,140.482770,137.370894,139.565155,116205600
2024-12-27,138.188749,138.657525,134.358765,136.652756,170582600
2024-12-30,134.478448,139.904266,133.670562,137.131516,167734700
2024-12-31,137.670088,137.709992,133.481043,133.939835,155659200
2025-01-02,135.645412,138.517908,134.278989,137.949387,198247200
2025-01-03,139.644945,144.522194,139.365676,144.093323,229322500
2025-01-06,148.202553,151.763252,147.434572,149.040359,265377400
2025-01-07,152.630987,152.730732,139.644931,139.774597,351782200
2025-01-08,142.208251,143.574674,137.201336,139.744690,227349900
2025-01-10,137.091627,139.555188,133.870053,135.555649,207602500
2025-01-13,129.651087,133.141961,129.172327,132.882629,204808900
2025-01-14,135.695281,136.024423,129.710925,131.416458,195590500
2025-01-15,133.301522,136.094225,130.947675,135.884781,185217300
2025-01-16,138.278529,138.388243,133.141963,133.221756,209235600
2025-01-17,136.333607,138.138886,135.106819,137.350952,201188800
2025-01-21,138.797170,141.460207,136.732560,140.462814,197749000
2025-01-22,144.282834,147.404663,143.295410,146.686554,237651400
2025-01-23,144.671811,146.846120,143.345277,146.836151,155915500
2025-01-24,147.983130,148.581572,141.510062,142.248123,234657600
2025-01-27,124.474607,128.065211,116.395720,118.111237,818830900
2025-01-28,121.492399,128.663655,115.946898,128.653687,579666400
2025-01-29,126.170174,126.559157,119.736995,123.377472,467120600
2025-01-30,122.779035,124.674083,117.792072,124.324997,392925500
2025-01-31,123.457261,127.516649,118.879232,119.756935,388161100
2025-02-03,114.450804,118.260843,112.715343,116.355827,371235700
2025-02-04,116.655041,120.883984,116.395717,118.340637,256550000
2025-02-05,121.442537,124.674087,120.445144,124.504532,262230800
2025-02-06,127.087788,128.434275,124.883551,128.344498,251483600
2025-02-07,128.883071,130.030066,124.674073,129.501450,228186300
2025-02-10,129.750818,134.648020,129.621168,133.221756,216989100
2025-02-11,132.234323,134.129363,130.678393,132.453751,178902400
2025-02-12,129.681005,131.895219,128.743454,130.798080,160278600
2025-02-13,131.216970,136.144092,130.827988,134.937241,197430000
2025-02-14,136.124160,138.886942,135.146719,138.487991,195479600
2025-02-18,140.901680,143.066020,137.570376,139.036545,219176600
2025-02-19,139.146243,140.991425,136.862220,138.866974,167536000
2025-02-20,139.664897,140.293259,136.433339,139.744690,143903600
2025-02-21,139.674872,141.091183,133.680547,134.079498,228217600
2025-02-24,136.203964,138.228670,129.740863,129.940338,251381100
2025-02-25,129.641099,129.860527,124.115550,126.299835,271428700
2025-02-26,129.651069,133.381307,128.154980,130.937698,322553800
2025-02-27,134.648002,134.657970,119.697089,119.836723,443175800
2025-02-28,117.712281,124.763847,116.096509,124.594292,389091100
2025-03-03,123.187969,123.377468,111.987246,113.762604,411381400
2025-03-04,110.361496,118.998912,109.822903,115.687569,398163300
2025-03-05,117.273432,117.971604,114.211437,116.994164,284337900
2025-03-06,113.233981,115.049236,109.932614,110.281700,321181900
2025-03-07,110.959939,113.184128,107.279557,112.396187,341755500
2025-03-10,109.613450,111.558362,105.185024,106.701065,366487400
2025-03-11,106.711036,111.947347,104.496823,108.476425,354865700
2025-03-12,113.832917,116.466276,112.596031,115.448837,323857500
2025-03-13,116.735603,117.463770,113.503755,115.289253,299033100
2025-03-14,118.311622,121.573393,117.852780,121.363922,277593500
2025-03-17,122.431241,122.580865,117.733090,119.229317,255501500
2025-03-18,117.703168,118.720599,114.251873,115.139633,299686900
2025-03-19,116.974994,120.146995,115.388998,117.224365,273426200
2025-03-20,116.256804,119.897616,116.177004,118.231819,248829700
2025-03-21,116.645825,117.693179,115.129645,117.403908,266498500
2025-03-24,119.578426,121.912544,119.039784,121.104584,228452500
2025-03-25,120.246743,120.984880,118.620839,120.386391,167447200
2025-03-26,118.431322,118.541038,112.426462,113.473824,293463300
2025-03-27,111.069881,114.162080,110.381621,111.149681,236902100
2025-03-28,111.209533,112.586066,108.795623,109.394112,229872500
2025-03-31,104.865529,110.680865,103.389256,108.107353,299212700
2025-04-01,108.246998,109.922772,106.202159,109.872902,222614000
2025-04-02,107.020089,111.698293,106.521347,110.142212,220601200
2025-04-03,103.249612,105.364274,101.344413,101.543915,338769400
2025-04-04,98.661196,99.878121,91.878299,94.072762,532273800
2025-04-07,87.239980,101.494032,86.402097,97.394371,611041300
2025-04-08,103.548849,105.583718,94.222372,96.057747,476243400
2025-04-09,98.641235,114.810456,97.284655,114.042397,612918300
2025-04-10,109.094875,110.581125,98.900583,107.299400,437812400
2025-04-11,108.227068,111.269398,107.209637,110.650955,313417300
2025-04-14,113.822944,114.002492,108.795622,110.431496,264705000
2025-04-15,110.690846,113.334181,110.222027,111.917747,228966900
2025-04-16,104.286989,106.521352,100.197297,104.227135,397016900
2025-04-17,104.187241,104.207195,99.798315,101.234688,292517500
2025-04-21,98.521536,99.189856,94.800923,96.666222,288501100
2025-04-22,98.531511,99.558919,97.035285,98.641235,241004800
2025-04-23,104.257059,104.536361,101.763348,102.451614,247526000
2025-04-24,103.219686,106.271986,102.850614,106.162262,220815000
2025-04-25,106.581205,111.638450,105.464027,110.730743,251064700
2025-04-28,109.414066,110.092356,105.753293,108.456482,207708500
2025-04-29,107.399140,109.922775,107.169723,108.745743,170444300
2025-04-30,104.207194,108.645996,103.818175,108.645996,235044600
2025-05-01,112.795542,114.650864,111.020021,111.329239,236121500
2025-05-02,113.892773,115.109705,113.084813,114.211967,190194800
2025-05-05,112.625954,114.381521,112.376583,113.533661,133163200
2025-05-06,111.199564,114.451358,110.541220,113.254379,158525600
2025-05-07,112.765611,117.383961,111.997544,116.765518,206758800
2025-05-08,117.952529,118.381447,115.558565,117.074745,198428100
2025-05-09,117.054796,117.932587,114.920180,116.356560,132972200
2025-05-12,121.663167,122.690575,119.977416,122.690575,225023300
2025-05-13,124.665597,130.889897,124.156878,129.603134,330430100
2025-05-14,132.864911,135.099281,131.348731,134.999527,281180800
2025-05-15,133.952179,135.957133,132.326290,134.490829,226632600
2025-05-16,135.877316,136.006994,133.124265,135.059372,226542500
2025-05-19,132.056950,135.528191,132.056950,135.228958,193154600
2025-05-20,133.952177,134.241456,132.286379,134.041962,161514200
2025-05-21,132.725285,137.054364,130.261497,131.468460,270608700
2025-05-22,131.897353,133.912276,131.219071,132.495850,187344000
2025-05-23,129.672969,132.346219,128.835085,130.959717,198821300
2025-05-27,133.812539,135.318750,132.974656,135.159149,192953600
2025-05-28,135.687788,136.904720,134.450902,134.470856,304021100
2025-05-29,141.892143,143.129029,137.563065,138.839844,369241900
2025-05-30,138.371035,139.268765,132.585622,134.790070,333170900
2025-06-02,135.149179,137.772553,135.059394,137.034424,197663100
2025-06-03,138.430882,141.642783,137.602968,140.864746,225578800
2025-06-04,141.832313,142.031807,139.188970,141.562988,167120800
2025-06-05,141.812357,143.637755,138.480762,139.637848,231397900
2025-06-06,142.151501,142.909599,141.154016,141.363495,153986200
2025-06-09,142.829768,144.635212,141.582913,142.271179,185114500
2025-06-10,142.331045,143.927011,141.173960,143.597855,155881900
2025-06-11,144.256235,144.635310,141.522933,142.480591,167694000
2025-06-12,141.622693,144.645279,141.502991,144.645279,162365000
2025-06-13,142.131458,143.228773,140.505456,141.622711,180820600
2025-06-16,142.999326,145.822390,142.849684,144.336044,183133700
2025-06-17,144.136531,144.864741,143.428261,143.767426,139108000
2025-06-18,143.657695,145.293682,142.769873,145.124100,161494100
2025-06-20,145.094185,145.842350,142.301031,143.498108,242956200
2025-06-23,142.151409,144.425830,141.682557,143.817322,154308900
2025-06-24,145.203921,147.598059,145.144070,147.538193,187566100
2025-06-25,148.904832,154.072152,148.894846,153.932495,269146500
2025-06-26,155.598421,156.336616,153.623269,154.640778,198145700
2025-06-27,155.658267,158.321748,154.880176,157.364090,263234500
2025-06-30,158.012501,158.271875,155.578483,157.603516,194580300
2025-07-01,155.907664,156.815441,151.119418,152.924988,213143600
2025-07-02,152.605752,157.214461,152.595782,156.865311,171224100
2025-07-03,157.982567,160.586183,157.384044,158.950195,143716100
2025-07-07,157.812995,158.920280,156.955098,157.852905,140139000
2025-07-08,158.940238,159.828060,158.002535,159.608597,138133000
2025-07-09,160.825609,164.017778,160.765759,162.481552,183656400
2025-07-10,163.918026,164.097578,161.214649,163.698563,167704100
2025-07-11,163.319494,167.479292,163.070106,164.516556,193633300
2025-07-14,164.965448,165.085165,161.623652,163.668640,136975800
2025-07-15,170.771216,171.978248,168.786079,170.282410,230627400
2025-07-16,170.641521,171.329835,168.486801,170.950760,158831500
2025-07-17,171.599184,173.733948,170.412093,172.576782,160841100
2025-07-18,173.215207,173.823715,170.841024,171.988220,146456400
2025-07-21,172.327398,172.955862,170.581679,170.960754,123126100
2025-07-22,170.920837,170.970718,164.177380,166.621384,193114300
2025-07-23,169.115256,170.841019,167.559075,170.362198,154082200
2025-07-24,172.018179,173.404779,170.880969,173.315002,128984600
2025-07-25,173.185278,174.292563,172.536874,173.075546,122316800
2025-07-28,173.594294,176.567000,173.544414,176.317612,140023500
2025-07-29,177.524661,178.941186,174.591851,175.080643,154077500
2025-07-30,176.078179,179.449915,175.609327,178.831436,174312200
2025-07-31,182.452569,182.851600,175.499619,177.434875,221685400
2025-08-01,173.664119,176.108122,170.471950,173.295029,204529000
2025-08-04,174.731506,179.759170,174.093072,179.559662,148174600
2025-08-05,179.180572,179.819006,175.469671,177.823898,156407600
2025-08-06,175.898642,179.459901,175.818836,178.981079,137192300
2025-08-07,181.125835,183.430182,178.362607,180.327789,151878400
2025-08-08,181.105856,182.851575,179.958660,182.253036,123396700
2025-08-11,181.604654,183.390268,179.809054,181.614624,138323200
2025-08-12,182.512437,184.028708,179.020999,182.711945,145485700
2025-08-13,182.173246,183.519950,178.911257,181.145767,179871700
2025-08-14,179.310271,182.572276,179.020987,181.574722,129554000
2025-08-15,181.435054,181.454995,177.604437,180.008545,156602200
2025-08-18,180.158189,182.492461,180.148203,181.564728,132008000
2025-08-19,181.983710,182.053546,175.060700,175.210327,185229200
2025-08-20,174.741468,175.569440,168.387057,174.970901,215142700
2025-08-21,174.422269,176.467242,173.384805,174.551941,140040900
2025-08-22,172.187737,178.153104,170.781183,177.554581,172789400
2025-08-25,177.913713,181.465001,176.138068,179.370132,163012800
2025-08-26,179.619509,181.943811,178.372567,181.325333,168688200
2025-08-27,181.534822,182.043584,178.661877,181.155762,235518900
2025-08-28,180.377667,184.018732,175.978452,179.729248,281787800
2025-08-29,177.674285,177.714180,172.726412,173.753891,243257900
2025-09-02,169.584107,171.958290,166.810910,170.362198,231164900
2025-09-03,170.641517,171.988220,168.466857,170.202591,164424900
2025-09-04,170.152737,171.439574,168.995571,171.240067,141670100
2025-09-05,167.618943,168.616497,163.668639,166.611420,224441400
2025-09-08,167.140104,170.541765,166.940596,167.898239,163769100
2025-09-09,168.676342,170.561718,166.332100,170.342255,157548400
2025-09-10,176.207880,178.851391,175.040744,176.896194,226852000
2025-09-11,179.250532,179.849104,176.058183,176.746536,151159300
2025-09-12,177.345136,178.173154,176.028283,177.395020,124911000
2025-09-15,175.250134,178.422542,174.092903,177.325165,147061600
2025-09-16,176.576949,177.075754,173.963216,174.462021,140737800
2025-09-17,172.227370,172.786029,168.007484,169.882980,211843800
2025-09-18,173.564163,176.676716,172.546612,175.818771,191763300
2025-09-19,175.349899,177.654375,174.761297,176.247742,237182100
2025-09-22,174.881036,184.108929,174.292450,183.171173,269637000
2025-09-23,181.535088,181.984009,175.788860,178.003540,192559600
2025-09-24,179.340354,179.350325,174.980788,176.547043,143564100
2025-09-25,174.062970,179.829154,172.716206,177.265305,191586700
2025-09-26,177.744158,179.340340,174.511896,177.764114,148573700
2025-09-29,179.998740,183.560215,179.889018,181.415359,193063500
2025-09-30,181.644819,186.902228,181.046247,186.134064,236981000
2025-10-01,184.797261,187.690323,183.460452,186.792480,173844900
2025-10-02,189.146847,190.593379,187.610520,188.438538,136805800
2025-10-03,188.737825,189.905027,184.936933,187.171570,137596900
2025-10-06,185.056629,186.782490,182.891818,185.096527,157678100
2025-10-07,185.784891,188.608129,183.560225,184.597733,140088000
2025-10-08,186.124097,189.146854,186.094155,188.658020,130168900
2025-10-09,191.770558,194.833227,190.603356,192.109756,182997200
2025-10-10,193.047498,195.152456,181.614897,182.722244,268774400
2025-10-13,187.520764,189.655649,185.515574,187.869934,153482800
2025-10-14,184.328393,184.358320,179.270503,179.599716,205641400
2025-10-15,184.358315,184.428140,176.866255,179.400192,214450500
2025-10-16,181.794452,182.841946,179.340340,181.375458,179723300
2025-10-17,179.749347,183.659991,179.320382,182.782089,173135200
2025-10-20,182.692310,184.757355,181.295647,182.203476,128544700
2025-10-21,182.353114,182.353114,179.370270,180.727020,124240200
2025-10-22,180.707051,183.001557,176.337515,179.849106,162249600
2025-10-23,179.988778,182.592540,179.360279,181.724625,111363700
2025-10-24,183.400605,187.021934,183.061421,185.814819,131296700
2025-10-27,189.535903,191.541094,187.979619,191.032318,153452700
2025-10-28,192.588607,202.664458,191.451332,200.549530,297986200
2025-10-29,207.482891,211.682835,204.290543,206.545135,308829600
2025-10-30,204.659653,205.667248,200.928602,202.405060,178864400
2025-10-31,205.956569,207.472941,201.587048,202.006042,179802200
2025-11-03,207.582673,210.834876,205.068691,206.385544,180267300
2025-11-04,202.514815,203.482498,197.456925,198.215118,188919300
2025-11-05,198.294912,202.434987,194.184749,194.743423,171350300
2025-11-06,195.950525,197.147654,185.934529,187.630463,223029800
2025-11-07,184.458070,187.869909,178.482396,187.700302,264942300
2025-11-10,194.643679,199.462137,193.326826,198.574265,198897100
2025-11-11,194.693554,194.952927,190.842779,192.698334,176483300
2025-11-12,195.252216,195.421808,190.673191,193.336807,154935300
2025-11-13,190.593395,190.982462,183.410606,186.413406,207423100
2025-11-14,182.422958,190.553473,180.148409,189.715485,186591900
2025-11-17,185.525538,188.548295,183.879488,186.154037,173628900
2025-11-18,182.941705,184.358309,179.220609,180.926529,213598900
2025-11-19,184.348327,187.410997,182.393021,186.074203,247246400
2025-11-20,195.481657,195.531541,179.420147,180.208252,343504800
2025-11-21,180.806829,184.118886,172.516678,178.452469,346926200
2025-11-24,179.061009,183.061420,176.058194,182.113693,256618300
2025-11-25,174.491971,177.734203,169.144780,177.395020,320600300
2025-11-26,181.195899,182.472838,177.814001,179.829163,183852000
2025-11-28,178.582156,178.861485,176.078160,176.576965,121332800
2025-12-01,174.342304,179.869072,173.264884,179.489975,188131000
2025-12-02,181.325577,185.216265,179.569789,181.026306,182632200
2025-12-03,180.647196,182.013916,178.681903,179.160751,165138000
2025-12-04,181.195988,184.089227,179.539875,182.951889,167364900
2025-12-05,183.460687,184.228893,180.487648,181.984146,143971100
2025-12-08,182.213611,187.561099,181.974166,185.116821,204378100
2025-12-09,185.126796,185.286427,182.892036,184.538177,144719700
2025-12-10,184.538192,185.046996,181.615024,183.350967,162785400
2025-12-11,179.859138,180.896718,176.207678,180.507614,182136600
2025-12-12,180.687199,182.393214,174.212344,174.611420,204274900
2025-12-15,177.524590,178.003465,174.621380,175.878433,164775600
2025-12-16,175.848501,178.073306,174.491676,177.305099,148588100
2025-12-17,175.688897,175.718826,169.912405,170.540939,222775500
2025-12-18,174.122548,175.738762,171.418884,173.733459,176096000
2025-12-19,176.257552,181.026392,175.928321,180.567474,324925900
2025-12-22,183.490628,183.730073,181.924301,183.261169,129064400
2025-12-23,182.542842,188.887995,182.472998,188.768280,174873600
2025-12-24,187.501244,188.468980,186.154389,188.169678,65528500
2025-12-26,189.476629,192.240166,187.561113,190.085205,139740300
2025-12-29,187.271790,188.319327,185.475989,187.780594,120006100
2025-12-30,187.800551,188.548800,186.493596,187.102173,97687300
2025-12-31,189.127446,190.115125,186.054635,186.064606,120100500
2026-01-02,189.396813,192.479596,187.820500,188.409134,148240500
2026-01-05,191.312318,193.177963,185.715415,187.680817,183529700
2026-01-06,190.075228,191.721370,186.383869,186.802887,176862600
2026-01-07,188.129785,190.923237,186.124468,188.668518,153543200
2026-01-08,188.668523,189.107498,183.281135,184.608017,172457000
2026-01-09,184.647924,185.904977,183.241212,184.428436,131327500
2026-01-12,182.792269,186.683158,182.592739,184.508255,137968500
2026-01-13,184.568099,187.670839,182.971828,185.376205,160128900
2026-01-14,183.889701,184.029374,180.377915,182.712448,159586100
2026-01-15,186.064608,189.257134,185.895007,186.613327,206188600
2026-01-16,188.638595,189.995421,185.645599,185.795242,187967200
2026-01-20,181.475342,181.954233,177.195364,177.654297,223345300
2026-01-21,178.632008,184.947233,177.983516,182.892044,200381000
2026-01-22,184.318692,185.735375,183.500599,184.408478,139636600
2026-01-23,187.062271,189.157375,186.383866,187.231873,142748100
2026-01-26,186.723075,188.678491,185.555808,186.034683,124799600
2026-01-27,186.802884,189.556436,185.266471,188.079895,143711600
2026-01-28,190.823475,191.900955,189.396805,191.072891,148552700
2026-01-29,190.893311,193.028314,185.625638,192.060577,171764400
2026-01-30,190.763622,194.035964,189.027679,190.683807,179489500
2026-02-02,186.762966,189.855735,184.448390,185.176682,165794100
2026-02-03,185.805227,185.835155,175.818585,179.918991,204019600
2026-02-04,179.041057,179.160772,171.508680,173.783356,207014100
2026-02-05,174.521612,176.407214,170.630723,171.478745,206312900
2026-02-06,176.277514,186.563442,174.192396,184.977158,231346200
2026-02-09,183.829824,193.207888,183.520550,189.596329,196387400
2026-02-10,190.933220,192.030643,187.680821,188.099838,136764800
2026-02-11,192.000714,192.808821,188.329313,189.606323,144192700
2026-02-12,192.579365,193.158013,186.074582,186.503586,189932500
2026-02-13,187.042305,187.062262,181.166056,182.383209,161888000
2026-02-17,181.325694,186.713081,178.761686,184.538177,162276900
2026-02-18,188.309344,189.925557,186.323985,187.541138,164749100
2026-02-19,186.623299,187.990096,185.226573,187.461334,126554500
2026-02-20,186.134449,189.885665,185.505915,189.376862,178422300
2026-02-23,190.953155,193.497205,189.137412,191.102814,171584800
2026-02-24,191.042970,193.317646,186.962506,192.399796,175123600
2026-02-25,193.996045,197.168629,193.337582,195.103455,250637100
2026-02-26,193.816481,193.836424,183.889713,184.458374,360807900
2026-02-27,180.826871,182.163740,175.968245,176.776352,311636500
2026-03-02,174.601424,183.031709,174.232292,182.053986,209095300
2026-03-03,178.073314,180.477676,176.506971,179.629669,178099400
2026-03-04,180.018750,184.268799,179.639632,182.612671,177731200
2026-03-05,180.747040,183.630292,177.464727,182.911972,198779700
2026-03-06,179.420165,182.333347,176.407226,177.404892,189021900
2026-03-09,176.417197,182.483005,175.150157,182.223602,177213600
2026-03-10,181.974176,186.004753,181.585087,184.338654,179118500
2026-03-11,185.486022,187.192114,184.029345,185.605743,145280400
2026-03-12,183.630264,184.518234,181.335506,182.722336,155762700
2026-03-13,184.498292,185.665622,179.529653,179.838943,160988400
2026-03-16,182.552725,188.449250,180.996285,182.802155,217307400
2026-03-17,184.637973,184.977194,181.265676,181.515106,182497800
2026-03-18,182.063845,182.961801,179.918754,179.988586,156683100
2026-03-19,177.604022,179.569531,175.389084,178.152771,170968500
2026-03-20,177.594069,177.853470,171.328392,172.306152,241323500
2026-03-23,176.855742,177.963211,174.361443,175.239441,182836300
2026-03-24,174.431294,175.818124,173.583227,174.800446,147667800
2026-03-25,176.696123,180.806723,176.446693,178.272507,162602100
2026-03-26,175.668474,176.107458,170.749709,170.849487,186152200
2026-03-27,169.612310,170.580099,166.629123,167.137970,196212700
2026-03-30,168.395088,169.063558,163.895378,164.793320,185627000
2026-03-31,166.589210,174.221758,166.579239,174.002258,226181300
2026-04-01,175.598612,176.965483,174.351463,175.349182,168132000
2026-04-02,171.787333,177.085236,170.979183,176.985458,143143200
2026-04-06,176.755977,177.384530,175.359161,177.234879,107564300
2026-04-07,175.329227,177.823526,173.263956,177.693832,132534900
2026-04-08,184.079244,184.837505,179.888825,181.664764,147732700
2026-04-09,181.425314,183.660211,180.208095,183.490601,116428500
2026-04-10,183.889674,189.566700,183.879702,188.199829,160459500
2026-04-13,185.605747,189.227473,185.316415,188.878265,133648200
2026-04-14,190.404776,196.061844,190.334944,196.061844,161307000
2026-04-15,196.091785,199.942983,195.293622,198.416473,185338400
2026-04-16,196.979744,199.394238,195.363443,197.897659,134012900
2026-04-17,199.444108,201.240006,198.815555,201.220047,160324400
2026-04-20,199.523924,201.708932,197.388805,201.599182,119381400
2026-04-21,201.669048,202.287629,198.546181,199.424179,107945300
2026-04-22,200.531642,202.038193,198.546175,202.038193,107501000
2026-04-23,201.998284,203.365155,196.770228,199.184708,113561800
2026-04-24,199.503983,210.468909,199.354316,207.795029,214134400
2026-04-27,209.171878,216.335512,206.907066,216.116013,187172400
2026-04-28,209.012253,214.240293,207.725186,212.683853,180275400
2026-04-29,212.214926,212.234884,207.106607,208.772797,123711800
2026-04-30,209.451227,209.820393,198.246842,199.114868,225239200
2026-05-01,200.820985,202.537063,196.670468,197.997437,128647000
2026-05-04,199.045022,201.269932,194.295883,198.027344,125368100
2026-05-05,198.845482,199.783341,195.582935,196.051865,113406600
2026-05-06,199.434139,207.795032,198.157059,207.356033,188362800
2026-05-07,207.864872,213.711509,206.029072,211.017670,168307900
2026-05-08,212.544179,217.303305,212.404499,214.709229,136421400
2026-05-11,213.551866,221.793038,213.402214,218.939560,160685800
2026-05-12,218.051594,223.239733,214.429868,220.276505,159176600
2026-05-13,224.417031,227.320398,221.064708,225.314987,150405400
2026-05-14,229.325826,236.000556,228.777077,235.202393,180782900
2026-05-15,229.236014,230.972051,223.728614,224.806152,180977600
2026-05-18,229.345773,229.475482,217.871999,221.813004,146280900
2026-05-19,219.119140,223.968057,217.413048,220.106888,140948200
2026-05-20,222.671026,225.614310,219.997145,222.960373,184201600
2026-05-21,221.783058,226.881406,217.433001,219.009399,203381800
2026-05-22,220.396218,220.505967,214.310138,214.838928,169275700
2026-05-26,216.046172,217.682431,211.516532,214.370010,187202600
2026-05-27,213.631681,213.661611,208.303863,212.115158,167601200
2026-05-28,210.798170,215.028506,210.738310,213.761398,143996000
2026-05-29,214.090651,217.363169,210.648521,210.658493,289410600
2026-06-01,215.238019,224.357174,215.208089,223.848343,212850700
2026-06-02,226.661886,231.750261,220.845195,222.311844,193362900
2026-06-03,221.214360,222.311857,214.020796,214.260254,160907000
2026-06-04,213.670913,221.352320,210.734196,218.415604,169022200
2026-06-05,214.290210,214.629827,204.101614,204.870758,219655500
2026-06-08,209.945071,210.234756,205.769751,208.406799,138372800
2026-06-09,210.384583,211.163710,199.117192,207.957306,180962500
2026-06-10,204.201496,206.988386,199.696543,200.195984,161746600
2026-06-11,201.264795,205.430132,199.316962,204.641006,158643200
2026-06-12,204.631030,206.838566,203.212619,204.960663,112001800
2026-06-15,208.686486,212.472259,208.107133,212.212540,149936700
2026-06-16,210.943952,211.253618,207.058301,207.178177,125694100
2026-06-17,208.296917,208.976165,202.853012,204.421249,128363500
2026-06-18,207.098268,211.153728,206.269194,210.454514,241272000
2026-06-22,211.203669,213.750821,207.487825,208.416779,122041400
2026-06-23,201.944030,203.542248,199.776458,199.816406,153496200
2026-06-24,199.896316,201.444586,196.360279,198.777573,151810700
2026-06-25,199.856370,200.575567,191.915259,195.521225,149550000
2026-06-26,192.904141,195.331433,191.006271,192.314804,179304100
2026-06-29,193.633332,195.960714,189.587856,194.752075,148835700
2026-06-30,197.019543,200.405753,194.891919,199.866348,166476700
2026-07-01,195.980699,199.626628,193.233773,197.359161,146147600
2026-07-02,196.919659,199.836394,192.135020,194.612244,142068700
2026-07-06,194.202694,197.329201,193.773182,195.331436,108999000
2026-07-07,192.154984,198.188241,190.926363,196.709885,124154600
2026-07-08,194.961836,204.930692,194.841975,203.891846,147419100
2026-07-09,204.231475,204.361319,198.737622,202.553345,132037400
2026-07-10,201.774221,210.764161,201.694308,210.724213,148421000
2026-07-13,208.306900,210.334645,202.773099,203.302505,121411000
2026-07-14,207.967296,212.312440,203.572220,211.563278,124379600
2026-07-15,211.723092,213.571015,205.809696,212.262482,124797200
2026-07-16,209.935091,210.844077,205.619927,207.168182,122986100
2026-07-17,202.413505,206.419017,197.748726,202.583313,144281900
2026-07-20,205.639897,207.507817,202.053913,203.052795,88701500
2026-07-21,207.308024,208.416784,203.781971,207.058304,108685600
2026-07-22,205.579968,214.150380,204.720929,211.822983,137645600
2026-07-23,209.225887,210.634299,205.729799,208.526657,110505300
2026-07-24,207.218129,211.673151,204.581081,206.608810,114836800
2026-07-27,207.967296,208.516685,195.221563,196.290359,154353700
2026-07-28,194.782047,198.477908,192.524579,196.789795,134111500
2026-07-29,195.631107,196.849745,189.797623,189.797623,147680800
2026-07-30,193.233772,197.029527,191.305936,194.821991,129010200
2026-07-31,198.218204,201.774222,194.732099,200.525620,139961200
2026-08-03,197.469049,208.506701,196.629991,206.409042,128406900
2026-08-04,211.063826,212.821853,208.816341,211.703110,134922000
2026-08-05,216.617613,221.971622,216.158120,218.974976,158187400
2026-08-06,221.282394,223.380052,216.757458,218.745239,113940600
2026-08-07,221.292378,224.508780,220.413372,223.709686,105669400
2026-08-10,223.150291,223.889469,216.527712,217.306839,115846600
2026-08-11,221.921675,221.951641,215.958347,217.256897,101273100
2026-08-12,220.792929,224.848404,219.953872,223.839523,108783600
2026-08-13,224.808450,226.976023,223.459968,225.048187,98867200
2026-08-14,226.516542,227.235738,224.249074,224.908340,75680900
2026-08-17,225.727416,227.665250,224.608673,224.758499,93678700
2026-08-18,220.203598,221.392270,218.445571,219.494400,103128200
2026-08-19,221.422240,222.620896,216.517725,217.316833,96797300
2026-08-20,218.115942,219.614266,215.418963,216.607635,92457000
2026-08-21,218.175872,218.495522,214.260256,214.480011,98869300
2026-08-24,215.289102,215.349033,207.018358,208.246979,135187300
2026-08-25,210.794128,214.489989,209.875158,212.811874,122309000
2026-08-26,212.402324,213.361258,208.996132,209.425659,179900000
2026-08-27,222.610902,230.212396,220.653086,227.725174,298909800
2026-08-28,227.105872,229.003742,216.567661,217.306839,195116400
2026-08-31,218.625365,221.052657,215.968349,220.533234,124702700
2026-09-01,216.507744,220.163657,214.859595,217.196976,109756200
2026-09-02,218.545451,227.695216,218.235800,224.159180,157104700
2026-09-03,225.767380,230.142474,224.498795,228.194656,134681600
2026-09-04,230.831704,234.497600,229.373344,230.102524,135352400
2026-09-08,232.849448,233.448783,224.598686,225.477692,122965600
2026-09-09,225.028199,225.927187,223.210241,223.419998,82955500
2026-09-10,220.529999,220.990005,217.199997,218.360001,105768000
2026-09-11,221.240005,222.000000,218.149994,218.289993,89060100
2026-09-14,211.240005,212.770004,208.929993,210.960007,132267200
2026-09-15,213.380005,213.940002,211.160004,212.169998,88059700
2026-09-16,214.139999,216.759995,212.500000,213.899994,96563600
2026-09-17,218.380005,219.910004,217.149994,219.339996,94191300
2026-09-18,219.350006,222.729996,218.029999,222.270004,190287400
2026-09-21,222.940002,228.500000,221.559998,227.380005,109806100
2026-09-22,226.850006,229.979996,226.500000,228.869995,95746700
2026-09-23,228.029999,228.949997,224.020004,225.509995,89547300
2026-09-24,222.080002,224.940002,221.089996,224.580002,77469900
2026-09-25,225.130005,226.940002,223.130005,225.070007,89947700
2026-09-28,229.750000,233.210007,228.039993,228.860001,142344300
2026-09-29,230.970001,232.820007,227.029999,227.210007,101203000
