date,open,high,low,close
2010-06-29,1.266667,1.666667,1.169333,1.592667
2010-06-30,1.719333,2.028000,1.553333,1.588667
2010-07-01,1.666667,1.728000,1.351333,1.464000
2010-07-02,1.533333,1.540000,1.247333,1.280000
2010-07-06,1.333333,1.333333,1.055333,1.074000
2010-07-07,1.093333,1.108667,0.998667,1.053333
2010-07-08,1.076000,1.168000,1.038000,1.164000
2010-07-09,1.172000,1.193333,1.103333,1.160000
2010-07-12,1.196667,1.204667,1.133333,1.136667
2010-07-13,1.159333,1.242667,1.126667,1.209333
2010-07-14,1.196000,1.343333,1.184000,1.322667
2010-07-15,1.329333,1.433333,1.266667,1.326000
2010-07-16,1.380000,1.420000,1.336667,1.376000
2010-07-19,1.424667,1.483333,1.394667,1.460667
2010-07-20,1.456667,1.456667,1.336667,1.353333
2010-07-21,1.377333,1.393333,1.300000,1.348000
2010-07-22,1.366667,1.416667,1.358000,1.400000
2010-07-23,1.412667,1.437333,1.404000,1.419333
2010-07-26,1.433333,1.433333,1.353333,1.396667
2010-07-27,1.394000,1.412000,1.350667,1.370000
2010-07-28,1.370000,1.393333,1.367333,1.381333
2010-07-29,1.384667,1.392000,1.333333,1.356667
2010-07-30,1.346667,1.362667,1.303333,1.329333
2010-08-02,1.366667,1.398000,1.355333,1.394667
2010-08-03,1.400000,1.463333,1.388000,1.463333
2010-08-04,1.463333,1.478667,1.390000,1.417333
2010-08-05,1.436000,1.436667,1.336667,1.363333
2010-08-06,1.340000,1.344000,1.301333,1.306000
2010-08-09,1.326667,1.332000,1.296667,1.306667
2010-08-10,1.310000,1.310000,1.254667,1.268667
2010-08-11,1.246000,1.258667,1.190000,1.193333
2010-08-12,1.186667,1.193333,1.159333,1.173333
2010-08-13,1.212000,1.230000,1.177333,1.221333
2010-08-16,1.230000,1.253333,1.217333,1.252000
2010-08-17,1.264000,1.293333,1.252000,1.276667
2010-08-18,1.306000,1.306000,1.240000,1.251333
2010-08-19,1.236000,1.283333,1.222000,1.252667
2010-08-20,1.243333,1.274000,1.234000,1.273333
2010-08-23,1.272667,1.359333,1.266667,1.342000
2010-08-24,1.283333,1.314000,1.263333,1.280000
2010-08-25,1.277333,1.332000,1.237333,1.326667
2010-08-26,1.326000,1.351333,1.306667,1.316667
2010-08-27,1.316667,1.324667,1.300000,1.313333
2010-08-30,1.313333,1.346000,1.307333,1.324667
2010-08-31,1.310667,1.319333,1.288667,1.298667
2010-09-01,1.308000,1.379333,1.306667,1.363333
2010-09-02,1.358000,1.416000,1.354000,1.404000
2010-09-03,1.391333,1.420000,1.377333,1.403333
2010-09-07,1.374000,1.400000,1.366667,1.369333
2010-09-08,1.377333,1.396667,1.373333,1.393333
2010-09-09,1.400000,1.403333,1.379333,1.380667
2010-09-10,1.383333,1.395333,1.317333,1.344667
2010-09-13,1.392667,1.393333,1.366667,1.381333
2010-09-14,1.369333,1.440000,1.368667,1.408000
2010-09-15,1.398667,1.466667,1.386000,1.465333
2010-09-16,1.476667,1.544000,1.389333,1.396000
2010-09-17,1.401333,1.421333,1.320000,1.348667
2010-09-20,1.378000,1.423333,1.344000,1.404000
2010-09-21,1.392667,1.436667,1.378000,1.384667
2010-09-22,1.391333,1.396667,1.320000,1.324667
2010-09-23,1.326000,1.342667,1.300000,1.304000
2010-09-24,1.330000,1.346000,1.310000,1.340000
2010-09-27,1.360000,1.387333,1.336667,1.368667
2010-09-28,1.402667,1.432667,1.384000,1.426667
2010-09-29,1.412667,1.468667,1.408667,1.465333
2010-09-30,1.466667,1.476667,1.346000,1.360667
2010-10-01,1.379333,1.383333,1.354000,1.373333
2010-10-04,1.362000,1.411333,1.353333,1.399333
2010-10-05,1.410000,1.418667,1.400667,1.408000
2010-10-06,1.404000,1.417333,1.354667,1.364000
2010-10-07,1.371333,1.376000,1.356000,1.362000
2010-10-08,1.362000,1.386000,1.359333,1.362000
2010-10-11,1.362667,1.380000,1.338000,1.349333
2010-10-12,1.346667,1.352000,1.335333,1.349333
2010-10-13,1.376000,1.390000,1.357333,1.369333
2010-10-14,1.400000,1.402000,1.360000,1.383333
2010-10-15,1.392667,1.393333,1.350000,1.369333
2010-10-18,1.368000,1.376000,1.348000,1.348667
2010-10-19,1.346667,1.360667,1.333333,1.336667
2010-10-20,1.344000,1.379333,1.336000,1.376667
2010-10-21,1.374000,1.396667,1.363333,1.383333
2010-10-22,1.378667,1.395333,1.370000,1.381333
2010-10-25,1.396000,1.398667,1.382000,1.390000
2010-10-26,1.386667,1.458000,1.367333,1.424000
2010-10-27,1.416667,1.425333,1.376667,1.400000
2010-10-28,1.426000,1.433333,1.397333,1.412667
2010-10-29,1.409333,1.456667,1.403333,1.456000
2010-11-01,1.462667,1.516667,1.420667,1.427333
2010-11-02,1.445333,1.458667,1.403333,1.416667
2010-11-03,1.418667,1.500000,1.410667,1.451333
2010-11-04,1.506667,1.688667,1.476667,1.660000
2010-11-05,1.658000,1.664667,1.581333,1.629333
2010-11-08,1.633333,1.666667,1.602000,1.665333
2010-11-09,1.666667,1.712667,1.603333,1.642000
2010-11-10,1.632000,1.998000,1.603333,1.957333
2010-11-11,1.906667,1.940000,1.822000,1.869333
2010-11-12,1.883333,2.033333,1.871333,1.989333
2010-11-15,2.014667,2.196000,2.014667,2.053333
2010-11-16,2.066667,2.093333,1.894667,1.978000
2010-11-17,2.013333,2.050000,1.907333,1.966000
2010-11-18,2.044667,2.049333,1.928000,1.992667
2010-11-19,2.010667,2.091333,1.980000,2.066000
2010-11-22,2.104667,2.230000,2.100000,2.226667
2010-11-23,2.219333,2.378667,2.146000,2.304667
2010-11-24,2.351333,2.398000,2.288667,2.364667
2010-11-26,2.373333,2.400000,2.316667,2.354667
2010-11-29,2.360667,2.396667,2.222000,2.288667
2010-11-30,2.249333,2.355333,2.227333,2.355333
2010-12-01,2.391333,2.428000,2.230000,2.290000
2010-12-02,2.267333,2.286667,2.080000,2.156667
2010-12-03,2.134000,2.150000,2.058000,2.099333
2010-12-06,2.090000,2.096667,1.970667,2.020667
2010-12-07,2.032667,2.160000,2.003333,2.104000
2010-12-08,2.165333,2.166000,2.101333,2.158000
2010-12-09,2.167333,2.181333,2.110000,2.136667
2010-12-10,2.136667,2.194667,2.075333,2.101333
2010-12-13,2.109333,2.118000,2.026667,2.036667
2010-12-14,2.019333,2.026000,1.850667,1.902000
2010-12-15,1.911333,1.998000,1.902000,1.973333
2010-12-16,2.000000,2.060667,1.976667,2.054000
2010-12-17,2.089333,2.102667,2.047333,2.090667
2010-12-20,2.109333,2.146000,2.084000,2.113333
2010-12-21,2.120000,2.179333,2.114000,2.150667
2010-12-22,2.150000,2.190667,2.113333,2.175333
2010-12-23,2.084000,2.165333,1.994667,2.006000
2010-12-27,1.868000,1.905333,1.670667,1.703333
2010-12-28,1.723333,1.783333,1.666667,1.760667
2010-12-29,1.802000,1.867333,1.766667,1.848667
2010-12-30,1.846667,1.860000,1.758667,1.766667
2010-12-31,1.771333,1.816667,1.766667,1.775333
2011-01-03,1.789333,1.800000,1.726667,1.774667
2011-01-04,1.777333,1.796667,1.734667,1.778000
2011-01-05,1.765333,1.793333,1.746000,1.788667
2011-01-06,1.788667,1.866667,1.787333,1.858667
2011-01-07,1.866667,1.905333,1.860000,1.882667
2011-01-10,1.878000,1.912000,1.870000,1.896667
2011-01-11,1.906000,1.914000,1.794667,1.797333
2011-01-12,1.800667,1.826667,1.768000,1.797333
2011-01-13,1.797333,1.798000,1.744000,1.748000
2011-01-14,1.743333,1.772000,1.707333,1.716667
2011-01-18,1.698667,1.709333,1.650000,1.709333
2011-01-19,1.684667,1.698000,1.583333,1.602000
2011-01-20,1.602000,1.630000,1.491333,1.508000
2011-01-21,1.541333,1.572667,1.514000,1.536000
2011-01-24,1.568667,1.654000,1.548667,1.632667
2011-01-25,1.643333,1.659333,1.601333,1.645333
2011-01-26,1.647333,1.658667,1.606667,1.650000
2011-01-27,1.649333,1.672000,1.635333,1.661333
2011-01-28,1.658667,1.658667,1.583333,1.600667
2011-01-31,1.603333,1.608000,1.566667,1.606667
2011-02-01,1.620667,1.648667,1.569333,1.594000
2011-02-02,1.610667,1.612000,1.578000,1.596000
2011-02-03,1.588000,1.593333,1.543333,1.575333
2011-02-04,1.562667,1.578000,1.548000,1.564000
2011-02-07,1.550667,1.550667,1.525333,1.538000
2011-02-08,1.585333,1.683333,1.533333,1.632667
2011-02-09,1.608667,1.612000,1.519333,1.547333
2011-02-10,1.550667,1.576000,1.520667,1.548000
2011-02-11,1.550000,1.583333,1.529333,1.550000
2011-02-14,1.576000,1.609333,1.536667,1.538667
2011-02-15,1.534000,1.544667,1.504000,1.522667
2011-02-16,1.540000,1.664667,1.538000,1.648667
2011-02-17,1.642000,1.699333,1.570000,1.573333
2011-02-18,1.555333,1.566000,1.530667,1.545333
2011-02-22,1.525333,1.533333,1.452000,1.458000
2011-02-23,1.478667,1.500000,1.407333,1.455333
2011-02-24,1.452000,1.505333,1.433333,1.502000
2011-02-25,1.520667,1.590000,1.512667,1.574000
2011-02-28,1.582667,1.606667,1.566667,1.592667
2011-03-01,1.603333,1.621333,1.580000,1.596000
2011-03-02,1.588000,1.618667,1.582000,1.601333
2011-03-03,1.632000,1.652667,1.604000,1.624000
2011-03-04,1.632000,1.666000,1.585333,1.663333
2011-03-07,1.662000,1.693333,1.646667,1.662667
2011-03-08,1.640000,1.664000,1.600000,1.644000
2011-03-09,1.644000,1.666000,1.618000,1.648000
2011-03-10,1.629333,1.632667,1.582000,1.600667
2011-03-11,1.590000,1.616667,1.568667,1.604667
2011-03-14,1.588000,1.600000,1.546667,1.550000
2011-03-15,1.480000,1.530667,1.453333,1.530000
2011-03-16,1.524000,1.550000,1.512667,1.521333
2011-03-17,1.549333,1.562000,1.509333,1.520667
2011-03-18,1.546000,1.546000,1.500667,1.530667
2011-03-21,1.536667,1.536667,1.502667,1.515333
2011-03-22,1.515333,1.524000,1.466667,1.479333
2011-03-23,1.474000,1.484667,1.451333,1.480667
2011-03-24,1.476000,1.492000,1.465333,1.488667
2011-03-25,1.495333,1.533333,1.493333,1.516667
2011-03-28,1.513333,1.569333,1.503333,1.550000
2011-03-29,1.553333,1.600000,1.547333,1.594667
2011-03-30,1.607333,1.632667,1.534000,1.580667
2011-03-31,1.770000,1.914000,1.766667,1.850000
2011-04-01,1.830000,1.878667,1.771333,1.777333
2011-04-04,1.788667,1.800000,1.682000,1.722000
2011-04-05,1.726667,1.800000,1.712667,1.780000
2011-04-06,1.799333,1.800667,1.720000,1.766000
2011-04-07,1.790000,1.862667,1.763333,1.816000
2011-04-08,1.838667,1.840000,1.757333,1.766000
2011-04-11,1.764667,1.768667,1.668000,1.684667
2011-04-12,1.672000,1.680667,1.620000,1.643333
2011-04-13,1.675333,1.712667,1.654000,1.662000
2011-04-14,1.658000,1.685333,1.613333,1.676000
2011-04-15,1.710000,1.745333,1.694000,1.705333
2011-04-18,1.675333,1.708000,1.624000,1.668667
2011-04-19,1.684000,1.684000,1.643333,1.677333
2011-04-20,1.713333,1.739333,1.686667,1.716667
2011-04-21,1.723333,1.798667,1.706000,1.782667
2011-04-25,1.780000,1.782000,1.731333,1.759333
2011-04-26,1.777333,1.816667,1.754000,1.795333
2011-04-27,1.795333,1.824000,1.775333,1.805333
2011-04-28,1.804667,1.846000,1.781333,1.844000
2011-04-29,1.846000,1.858000,1.828000,1.840000
2011-05-02,1.840000,1.853333,1.804000,1.830000
2011-05-03,1.825333,1.826000,1.766667,1.791333
2011-05-04,1.785333,1.800000,1.716667,1.779333
2011-05-05,1.813333,1.829333,1.744667,1.762667
2011-05-06,1.793333,1.846667,1.774667,1.808000
2011-05-09,1.800000,1.866667,1.790000,1.860667
2011-05-10,1.882667,1.930000,1.860667,1.888667
2011-05-11,1.880000,1.886667,1.794667,1.804667
2011-05-12,1.804667,1.849333,1.776667,1.844667
2011-05-13,1.866667,1.879333,1.820000,1.836667
2011-05-16,1.866000,1.866000,1.770000,1.773333
2011-05-17,1.800000,1.800000,1.714667,1.730667
2011-05-18,1.740000,1.764667,1.701333,1.756667
2011-05-19,1.802000,1.896000,1.773333,1.880000
2011-05-20,1.884000,1.885333,1.823333,1.864667
2011-05-23,1.841333,1.841333,1.774667,1.788000
2011-05-24,1.801333,1.833333,1.773333,1.781333
2011-05-25,1.793333,1.934000,1.744667,1.932000
2011-05-26,1.921333,1.984000,1.873333,1.965333
2011-05-27,1.969333,1.978000,1.921333,1.970000
2011-05-31,1.979333,2.018667,1.970000,2.009333
2011-06-01,2.000000,2.006667,1.892000,1.901333
2011-06-02,1.901333,1.954667,1.900667,1.917333
2011-06-03,1.996667,2.100000,1.966667,2.008667
2011-06-06,2.006667,2.008667,1.884000,1.913333
2011-06-07,1.929333,1.959333,1.884000,1.891333
2011-06-08,1.896000,1.906667,1.801333,1.808000
2011-06-09,1.828667,1.873333,1.806667,1.841333
2011-06-10,1.834667,1.886667,1.823333,1.857333
2011-06-13,1.871333,1.925333,1.858667,1.895333
2011-06-14,1.902667,1.980000,1.901333,1.906667
2011-06-15,1.896000,1.896667,1.804667,1.821333
2011-06-16,1.844667,1.866667,1.716000,1.766667
2011-06-17,1.791333,1.846667,1.742667,1.766667
2011-06-20,1.752667,1.764000,1.700000,1.734000
2011-06-21,1.749333,1.848667,1.733333,1.835333
2011-06-22,1.824667,1.883333,1.806667,1.814000
2011-06-23,1.813333,1.848000,1.747333,1.847333
2011-06-24,1.842667,1.864667,1.817333,1.838000
2011-06-27,1.848667,1.885333,1.820667,1.830667
2011-06-28,1.852667,1.883333,1.844667,1.874000
2011-06-29,1.900000,1.939333,1.871333,1.886000
2011-06-30,1.900000,1.955333,1.893333,1.942000
2011-07-01,1.938000,1.973333,1.920000,1.934667
2011-07-05,1.934667,1.968000,1.914000,1.942667
2011-07-06,1.942667,1.942667,1.903333,1.930667
2011-07-07,1.942667,2.000000,1.934000,1.982000
2011-07-08,1.992667,1.992667,1.906000,1.920667
2011-07-11,1.893333,1.902000,1.866667,1.890000
2011-07-12,1.891333,1.939333,1.866667,1.878000
2011-07-13,1.895333,1.935333,1.860000,1.909333
2011-07-14,1.902000,1.930667,1.816667,1.840667
2011-07-15,1.852667,1.855333,1.826667,1.838667
2011-07-18,1.822667,1.830000,1.775333,1.815333
2011-07-19,1.838667,1.874000,1.836000,1.859333
2011-07-20,1.866667,2.029333,1.853333,1.912667
2011-07-21,1.927333,1.944000,1.873333,1.913333
2011-07-22,1.913333,1.969333,1.903333,1.952667
2011-07-25,1.934000,1.950000,1.896000,1.899333
2011-07-26,1.887333,1.918000,1.864667,1.866667
2011-07-27,1.900000,1.900000,1.834000,1.842667
2011-07-28,1.840000,1.903333,1.836000,1.878000
2011-07-29,1.853333,1.893333,1.833333,1.878000
2011-08-01,1.911333,1.932000,1.880667,1.918000
2011-08-02,1.912667,1.946667,1.818000,1.822667
2011-08-03,1.833333,1.855333,1.756000,1.813333
2011-08-04,1.767333,1.792667,1.644667,1.650000
2011-08-05,1.666000,1.692000,1.522000,1.616000
2011-08-08,1.540000,1.629333,1.540000,1.576000
2011-08-09,1.610000,1.696667,1.580000,1.670667
2011-08-10,1.696000,1.696000,1.575333,1.588000
2011-08-11,1.602667,1.716667,1.600000,1.686667
2011-08-12,1.706667,1.809333,1.690667,1.754000
2011-08-15,1.774667,1.783333,1.728667,1.748667
2011-08-16,1.742000,1.769333,1.722000,1.740000
2011-08-17,1.759333,1.776667,1.700667,1.722000
2011-08-18,1.666667,1.676667,1.564667,1.617333
2011-08-19,1.590667,1.614667,1.466667,1.486667
2011-08-22,1.540667,1.586667,1.445333,1.463333
2011-08-23,1.462000,1.540667,1.433333,1.530667
2011-08-24,1.540000,1.595333,1.522000,1.591333
2011-08-25,1.591333,1.591333,1.526667,1.540667
2011-08-26,1.514000,1.596667,1.471333,1.582000
2011-08-29,1.614667,1.656667,1.601333,1.647333
2011-08-30,1.633333,1.651333,1.606000,1.642000
2011-08-31,1.653333,1.700000,1.618667,1.649333
2011-09-01,1.644000,1.658000,1.589333,1.600000
2011-09-02,1.577333,1.599333,1.512000,1.538000
2011-09-06,1.500000,1.546667,1.486000,1.529333
2011-09-07,1.559333,1.600000,1.552000,1.589333
2011-09-08,1.572000,1.602000,1.552000,1.574000
2011-09-09,1.558000,1.571333,1.503333,1.531333
2011-09-12,1.500000,1.554000,1.496667,1.525333
2011-09-13,1.534000,1.606667,1.516667,1.605333
2011-09-14,1.616667,1.656000,1.586000,1.622667
2011-09-15,1.638667,1.662000,1.622000,1.654667
2011-09-16,1.652000,1.722667,1.632667,1.720000
2011-09-19,1.663333,1.720667,1.588000,1.718000
2011-09-20,1.732000,1.773333,1.711333,1.734000
2011-09-21,1.730000,1.796667,1.713333,1.723333
2011-09-22,1.709333,1.740667,1.658667,1.708667
2011-09-23,1.699333,1.774667,1.690000,1.758667
2011-09-26,1.768000,1.768000,1.660000,1.701333
2011-09-27,1.733333,1.799333,1.704667,1.746000
2011-09-28,1.733333,1.766667,1.634000,1.639333
2011-09-29,1.714667,1.721333,1.570000,1.608000
2011-09-30,1.653333,1.659333,1.566000,1.626000
2011-10-03,1.663333,1.666667,1.550000,1.582000
2011-10-04,1.552667,1.621333,1.528667,1.577333
2011-10-05,1.602000,1.722667,1.556667,1.691333
2011-10-06,1.691333,1.840000,1.668000,1.797333
2011-10-07,1.798667,1.840000,1.736667,1.799333
2011-10-10,1.820667,1.878667,1.800000,1.858667
2011-10-11,1.834000,1.851333,1.806000,1.840667
2011-10-12,1.816667,1.866667,1.813333,1.853333
2011-10-13,1.842000,1.898000,1.829333,1.862667
2011-10-14,1.866667,1.903333,1.817333,1.870000
2011-10-17,1.857333,1.866667,1.817333,1.828000
2011-10-18,1.820000,1.895333,1.780667,1.889333
2011-10-19,1.868000,1.870667,1.820000,1.838000
2011-10-20,1.829333,1.831333,1.800000,1.822667
2011-10-21,1.826667,1.886667,1.800667,1.868667
2011-10-24,1.858000,1.926000,1.850000,1.903333
2011-10-25,1.882000,1.924000,1.853333,1.883333
2011-10-26,1.879333,1.891333,1.826667,1.865333
2011-10-27,1.889333,1.930000,1.874000,1.917333
2011-10-28,1.900000,2.000000,1.867333,1.991333
2011-10-31,1.966667,1.967333,1.916667,1.958000
2011-11-01,1.892667,1.928000,1.866667,1.925333
2011-11-02,1.933333,1.950667,1.883333,1.914000
2011-11-03,2.000000,2.166000,1.968667,2.164000
2011-11-04,2.097333,2.160000,2.034000,2.154000
2011-11-07,2.109333,2.133333,2.050000,2.084667
2011-11-08,2.091333,2.133333,2.048000,2.122667
2011-11-09,2.058000,2.099333,2.020000,2.058667
2011-11-10,2.062667,2.100000,2.043333,2.088667
2011-11-11,2.126667,2.300000,2.038000,2.242667
2011-11-14,2.200000,2.236000,2.174667,2.214667
2011-11-15,2.194667,2.293333,2.182000,2.262000
2011-11-16,2.232000,2.333333,2.226667,2.329333
2011-11-17,2.300000,2.326667,2.212667,2.245333
2011-11-18,2.242667,2.274000,2.169333,2.173333
2011-11-21,2.162667,2.162667,2.070000,2.117333
2011-11-22,2.117333,2.186000,2.070000,2.138000
2011-11-23,2.117333,2.136667,2.083333,2.096667
2011-11-25,2.103333,2.160667,2.072000,2.110667
2011-11-28,2.133333,2.218667,2.120667,2.170667
2011-11-29,2.166000,2.204667,2.108667,2.116667
2011-11-30,2.166667,2.195333,2.148000,2.182667
2011-12-01,2.171333,2.266000,2.132000,2.173333
2011-12-02,2.188667,2.246000,2.160000,2.220000
2011-12-05,2.235333,2.333333,2.228667,2.294667
2011-12-06,2.280000,2.332000,2.268667,2.324667
2011-12-07,2.308667,2.326000,2.253333,2.279333
2011-12-08,2.056000,2.110000,1.974000,2.059333
2011-12-09,2.036000,2.074667,2.018667,2.069333
2011-12-12,2.029333,2.041333,2.001333,2.027333
2011-12-13,2.038000,2.062000,1.927333,1.963333
2011-12-14,1.966667,1.978667,1.866667,1.902000
2011-12-15,1.911333,1.944667,1.874667,1.908000
2011-12-16,1.919333,1.928667,1.865333,1.866667
2011-12-19,1.872667,1.900000,1.824667,1.850000
2011-12-20,1.870000,1.896667,1.848000,1.860000
2011-12-21,1.860667,1.871333,1.735333,1.838000
2011-12-22,1.840000,1.870000,1.820000,1.851333
2011-12-23,1.866667,1.866667,1.834667,1.860000
2011-12-27,1.844000,1.918000,1.842667,1.904667
2011-12-28,1.932667,1.949333,1.869333,1.900667
2011-12-29,1.906000,1.956000,1.903333,1.915333
2011-12-30,1.899333,1.932000,1.883333,1.904000
2012-01-03,1.929333,1.966667,1.843333,1.872000
2012-01-04,1.880667,1.911333,1.833333,1.847333
2012-01-05,1.850667,1.862000,1.790000,1.808000
2012-01-06,1.813333,1.852667,1.760667,1.794000
2012-01-09,1.800000,1.832667,1.741333,1.816667
2012-01-10,1.829333,1.850667,1.816667,1.841333
2012-01-11,1.841333,1.892000,1.820000,1.882000
2012-01-12,1.898667,1.908000,1.854000,1.883333
2012-01-13,1.893333,1.900000,1.509333,1.519333
2012-01-17,1.774667,1.822667,1.760667,1.773333
2012-01-18,1.779333,1.792000,1.750000,1.787333
2012-01-19,1.812667,1.849333,1.774000,1.784000
2012-01-20,1.793333,1.800000,1.760000,1.773333
2012-01-23,1.787333,1.814000,1.773333,1.784667
2012-01-24,1.775333,1.845333,1.762667,1.828000
2012-01-25,1.818000,1.867333,1.803333,1.864667
2012-01-26,1.871333,1.972000,1.866667,1.929333
2012-01-27,1.900000,1.981333,1.900000,1.955333
2012-01-30,1.966000,1.974000,1.902000,1.971333
2012-01-31,1.993333,2.000000,1.924667,1.938000
2012-02-01,1.938000,1.980000,1.933333,1.972000
2012-02-02,1.981333,2.058667,1.974000,2.016667
2012-02-03,2.027333,2.088667,2.016667,2.076667
2012-02-06,2.073333,2.126667,2.070000,2.120000
2012-02-07,2.120000,2.120000,2.054667,2.106667
2012-02-08,2.106667,2.134000,2.086000,2.128667
2012-02-09,2.133333,2.193333,2.095333,2.172000
2012-02-10,2.150667,2.151333,1.989333,2.073333
2012-02-13,2.103333,2.137333,2.060000,2.099333
2012-02-14,2.116000,2.252667,2.093333,2.211333
2012-02-15,2.206667,2.294000,2.151333,2.240000
2012-02-16,2.233333,2.300667,2.169333,2.278667
2012-02-17,2.266000,2.331333,2.233333,2.331333
2012-02-21,2.324667,2.324667,2.254000,2.300000
2012-02-22,2.300000,2.314667,2.166667,2.281333
2012-02-23,2.266000,2.331333,2.237333,2.302000
2012-02-24,2.282000,2.301333,2.218000,2.250000
2012-02-27,2.227333,2.266667,2.200000,2.241333
2012-02-28,2.242667,2.296000,2.211333,2.254000
2012-02-29,2.254000,2.274667,2.209333,2.227333
2012-03-01,2.234000,2.300000,2.220667,2.294000
2012-03-02,2.293333,2.300000,2.247333,2.269333
2012-03-05,2.290000,2.293333,2.230667,2.251333
2012-03-06,2.216667,2.218667,2.174667,2.207333
2012-03-07,2.208000,2.220667,2.194000,2.208000
2012-03-08,2.207333,2.232667,2.202667,2.204667
2012-03-09,2.213333,2.354000,2.213333,2.316000
2012-03-12,2.312667,2.419333,2.306667,2.400667
2012-03-13,2.434000,2.439333,2.366667,2.406000
2012-03-14,2.400000,2.400000,2.320000,2.352667
2012-03-15,2.352000,2.365333,2.318667,2.333333
2012-03-16,2.326667,2.392667,2.322000,2.354667
2012-03-19,2.350667,2.354667,2.302667,2.332000
2012-03-20,2.332000,2.346667,2.304667,2.330667
2012-03-21,2.329333,2.353333,2.306667,2.343333
2012-03-22,2.331333,2.343333,2.286667,2.293333
2012-03-23,2.284000,2.308667,2.210000,2.272000
2012-03-26,2.372667,2.539333,2.336000,2.493333
2012-03-27,2.477333,2.663333,2.468667,2.529333
2012-03-28,2.518667,2.562667,2.474000,2.523333
2012-03-29,2.546000,2.546000,2.468667,2.488667
2012-03-30,2.501333,2.529333,2.445333,2.482667
2012-04-02,2.488667,2.531333,2.435333,2.438667
2012-04-03,2.446667,2.564667,2.444667,2.534000
2012-04-04,2.351333,2.366000,2.312667,2.333333
2012-04-05,2.340000,2.362667,2.294000,2.298667
2012-04-09,2.273333,2.286000,2.206667,2.210000
2012-04-10,2.210000,2.256667,2.140000,2.164000
2012-04-11,2.216000,2.219333,2.134000,2.206000
2012-04-12,2.251333,2.298667,2.194667,2.229333
2012-04-13,2.262667,2.269333,2.190000,2.239333
2012-04-16,2.227333,2.246667,2.139333,2.150000
2012-04-17,2.162000,2.204667,2.136000,2.149333
2012-04-18,2.139333,2.183333,2.102000,2.177333
2012-04-19,2.183333,2.228667,2.166667,2.210667
2012-04-20,2.209333,2.248667,2.196000,2.210667
2012-04-23,2.190667,2.198000,2.114000,2.129333
2012-04-24,2.121333,2.146667,2.066667,2.121333
2012-04-25,2.138000,2.199333,2.138000,2.194000
2012-04-26,2.197333,2.234667,2.194000,2.232667
2012-04-27,2.240000,2.242000,2.194000,2.222667
2012-04-30,2.218000,2.224000,2.172000,2.208667
2012-05-01,2.208667,2.280667,2.208667,2.252000
2012-05-02,2.233333,2.292667,2.226000,2.262667
2012-05-03,2.260667,2.266667,2.142000,2.164000
2012-05-04,2.154667,2.164000,2.093333,2.122000
2012-05-07,2.130667,2.172000,2.107333,2.164667
2012-05-08,2.166667,2.182000,1.958000,2.012667
2012-05-09,2.020000,2.051333,1.984000,2.004000
2012-05-10,2.198000,2.312000,2.160000,2.197333
2012-05-11,2.166000,2.229333,2.144000,2.150000
2012-05-14,2.128000,2.142000,2.003333,2.004000
2012-05-15,2.017333,2.064000,1.948000,1.962000
2012-05-16,1.972000,2.012000,1.925333,1.945333
2012-05-17,1.953333,1.986000,1.882667,1.904667
2012-05-18,1.891333,1.897333,1.788667,1.837333
2012-05-21,1.838667,1.950667,1.808000,1.918000
2012-05-22,2.006667,2.089333,2.000000,2.053333
2012-05-23,2.037333,2.070000,1.966667,2.068000
2012-05-24,2.083333,2.083333,1.979333,2.018667
2012-05-25,2.010667,2.027333,1.946667,1.987333
2012-05-29,2.000667,2.128667,2.000667,2.112667
2012-05-30,2.072000,2.094667,2.016000,2.027333
2012-05-31,2.004667,2.019333,1.916667,1.966667
2012-06-01,1.902000,1.944000,1.850667,1.876667
2012-06-04,1.868667,1.894000,1.807333,1.858667
2012-06-05,1.856000,1.892667,1.837333,1.860667
2012-06-06,1.880000,1.963333,1.876000,1.948000
2012-06-07,1.987333,1.991333,1.923333,1.928667
2012-06-08,1.924000,2.012667,1.876667,2.005333
2012-06-11,2.020667,2.066667,1.930667,1.941333
2012-06-12,1.948667,1.989333,1.920667,1.977333
2012-06-13,1.970000,2.042667,1.964667,1.984667
2012-06-14,2.012000,2.043333,1.908000,1.959333
2012-06-15,1.959333,1.996667,1.920667,1.994000
2012-06-18,1.996000,2.155333,1.966667,2.122667
2012-06-19,2.134667,2.177333,2.100000,2.139333
2012-06-20,2.233333,2.300000,2.214000,2.252000
2012-06-21,2.284000,2.285333,2.122667,2.146000
2012-06-22,2.173333,2.265333,2.164000,2.252667
2012-06-25,2.262667,2.274667,2.183333,2.207333
2012-06-26,2.136667,2.156667,2.092667,2.107333
2012-06-27,2.126667,2.163333,2.104667,2.130667
2012-06-28,2.126667,2.140667,2.041333,2.094000
2012-06-29,2.186667,2.186667,2.066667,2.086000
2012-07-02,2.090000,2.120000,2.012667,2.026667
2012-07-03,2.040000,2.066667,2.026667,2.044000
2012-07-05,2.054000,2.111333,2.053333,2.082000
2012-07-06,2.066000,2.115333,2.053333,2.066000
2012-07-09,2.062667,2.122000,2.044667,2.099333
2012-07-10,2.102667,2.165333,2.059333,2.084667
2012-07-11,2.104667,2.112000,2.067333,2.100667
2012-07-12,2.086000,2.200667,2.053333,2.180000
2012-07-13,2.198000,2.293333,2.188667,2.283333
2012-07-16,2.288000,2.400000,2.260000,2.397333
2012-07-17,2.333333,2.347333,2.158667,2.223333
2012-07-18,2.094667,2.244667,2.070667,2.143333
2012-07-19,2.181333,2.210000,2.136000,2.151333
2012-07-20,2.138000,2.150000,2.083333,2.119333
2012-07-23,2.070000,2.086667,2.041333,2.044000
2012-07-24,2.044000,2.069333,1.974667,1.989333
2012-07-25,1.994667,1.998667,1.916667,1.930000
2012-07-26,1.993333,2.000000,1.842667,1.875333
2012-07-27,1.914000,1.977333,1.873333,1.967333
2012-07-30,1.967333,2.016667,1.814000,1.823333
2012-07-31,1.836000,1.864667,1.823333,1.828000
2012-08-01,1.866000,1.866000,1.735333,1.750000
2012-08-02,1.789333,1.790000,1.701333,1.740000
2012-08-03,1.793333,1.836667,1.782667,1.818000
2012-08-06,1.836667,1.913333,1.836667,1.884667
2012-08-07,1.918000,2.060000,1.900000,2.016667
2012-08-08,1.993333,2.000000,1.906000,1.939333
2012-08-09,1.968000,2.000000,1.942000,1.960667
2012-08-10,1.954000,1.996000,1.954000,1.996000
2012-08-13,1.979333,2.086667,1.940000,2.078000
2012-08-14,2.050000,2.078000,1.950667,1.961333
2012-08-15,1.959333,1.980000,1.920667,1.960000
2012-08-16,1.968667,2.026000,1.966667,2.020000
2012-08-17,2.019333,2.047333,1.998667,2.000667
2012-08-20,2.010000,2.026000,1.940000,1.967333
2012-08-21,1.972000,2.000000,1.933333,1.940667
2012-08-22,1.934000,2.002667,1.934000,1.996667
2012-08-23,2.000000,2.056667,1.976667,2.048667
2012-08-24,2.004000,2.016000,1.960667,1.966667
2012-08-27,1.971333,1.980000,1.878000,1.888000
2012-08-28,1.893333,1.958667,1.866667,1.912667
2012-08-29,1.899333,1.909333,1.868000,1.894000
2012-08-30,1.906667,1.916000,1.873333,1.894000
2012-08-31,1.907333,1.922667,1.880000,1.901333
2012-09-04,1.901333,1.932667,1.860000,1.876000
2012-09-05,1.867333,1.900000,1.854000,1.862667
2012-09-06,1.866667,1.926667,1.860000,1.903333
2012-09-07,1.903333,1.971333,1.900000,1.956667
2012-09-10,1.946667,1.956667,1.820000,1.824667
2012-09-11,1.850667,1.877333,1.826667,1.853333
2012-09-12,1.860000,1.905333,1.853333,1.885333
2012-09-13,1.904667,1.966667,1.898667,1.965333
2012-09-14,2.000000,2.043333,1.976667,2.026000
2012-09-17,2.156667,2.185333,2.100667,2.169333
2012-09-18,2.125333,2.126667,2.045333,2.089333
2012-09-19,2.066667,2.116000,2.062667,2.070000
2012-09-20,2.062000,2.100000,2.045333,2.060000
2012-09-21,2.073333,2.099333,1.969333,2.001333
2012-09-24,1.967333,2.068667,1.960000,2.044000
2012-09-25,1.908000,1.965333,1.835333,1.844000
2012-09-26,1.844000,1.893333,1.832000,1.836000
2012-09-27,1.854667,1.902667,1.840000,1.899333
2012-09-28,1.915333,1.992667,1.907333,1.952000
2012-10-01,1.966667,1.992667,1.933333,1.944000
2012-10-02,1.952000,1.992667,1.933333,1.986667
2012-10-03,1.983333,1.996667,1.949333,1.953333
2012-10-04,2.000000,2.006667,1.910000,1.960000
2012-10-05,1.980000,1.987333,1.912000,1.926000
2012-10-08,1.924000,1.960000,1.907333,1.950000
2012-10-09,1.941333,1.941333,1.883333,1.891333
2012-10-10,1.892667,1.914667,1.867333,1.893333
2012-10-11,1.929333,1.932000,1.883333,1.888000
2012-10-12,1.888000,1.915333,1.833333,1.842667
2012-10-15,1.868000,1.870000,1.790667,1.822000
2012-10-16,1.844667,1.872667,1.822667,1.870667
2012-10-17,1.883333,1.922667,1.853333,1.921333
2012-10-18,1.932667,1.932667,1.852000,1.869333
2012-10-19,1.855333,1.880000,1.820000,1.849333
2012-10-22,1.866000,1.866667,1.824000,1.856667
2012-10-23,1.825333,1.904000,1.824667,1.892667
2012-10-24,1.901333,1.901333,1.816667,1.828000
2012-10-25,1.853333,1.853333,1.830000,1.834667
2012-10-26,1.835333,1.853333,1.801333,1.825333
2012-10-31,1.846667,1.890000,1.824667,1.875333
2012-11-01,1.883333,1.966000,1.880000,1.950000
2012-11-02,1.951333,1.970000,1.903333,1.928000
2012-11-05,1.986667,2.105333,1.955333,2.100000
2012-11-06,2.040667,2.080000,1.996667,2.076667
2012-11-07,2.066667,2.136667,2.054000,2.102667
2012-11-08,2.067333,2.125333,2.062667,2.087333
2012-11-09,2.040000,2.062000,1.990000,2.021333
2012-11-12,2.019333,2.094667,2.010667,2.071333
2012-11-13,2.086000,2.133333,2.048000,2.107333
2012-11-14,2.130667,2.141333,2.080000,2.092000
2012-11-15,2.086667,2.096000,2.033333,2.054667
2012-11-16,2.076667,2.133333,2.039333,2.122667
2012-11-19,2.138000,2.216667,2.122667,2.194667
2012-11-20,2.186667,2.206667,2.127333,2.200000
2012-11-21,2.174000,2.231333,2.152667,2.164667
2012-11-23,2.173333,2.188667,2.113333,2.142000
2012-11-26,2.140000,2.153333,2.108000,2.151333
2012-11-27,2.142000,2.177333,2.101333,2.143333
2012-11-28,2.133333,2.286000,2.127333,2.215333
2012-11-29,2.229333,2.266667,2.191333,2.246000
2012-11-30,2.242000,2.285333,2.200667,2.254667
2012-12-03,2.259333,2.333333,2.233333,2.308000
2012-12-04,2.272000,2.320000,2.236667,2.260000
2012-12-05,2.254667,2.279333,2.238667,2.247333
2012-12-06,2.254667,2.320000,2.233333,2.260000
2012-12-07,2.286667,2.299333,2.256667,2.278000
2012-12-10,2.295333,2.320000,2.278667,2.304667
2012-12-11,2.306667,2.366667,2.297333,2.352000
2012-12-12,2.347333,2.386667,2.330000,2.350667
2012-12-13,2.350667,2.353333,2.183333,2.240667
2012-12-14,2.252000,2.293333,2.239333,2.254000
2012-12-17,2.251333,2.300000,2.250000,2.293333
2012-12-18,2.284000,2.338000,2.284000,2.306000
2012-12-19,2.316667,2.350667,2.301333,2.307333
2012-12-20,2.300667,2.319333,2.270000,2.295333
2012-12-21,2.262667,2.278000,2.238667,2.266667
2012-12-24,2.242667,2.290000,2.236667,2.285333
2012-12-26,2.264000,2.300000,2.233333,2.239333
2012-12-27,2.233333,2.260667,2.200000,2.246000
2012-12-28,2.225333,2.243333,2.201333,2.214667
2012-12-31,2.200000,2.264667,2.200000,2.258000
2013-01-02,2.333333,2.363333,2.314000,2.357333
2013-01-03,2.345333,2.363333,2.316667,2.318000
2013-01-04,2.320000,2.320000,2.261333,2.293333
2013-01-07,2.320000,2.320000,2.260000,2.289333
2013-01-08,2.300000,2.300000,2.207333,2.245333
2013-01-09,2.267333,2.279333,2.226667,2.242667
2013-01-10,2.258000,2.266000,2.225333,2.235333
2013-01-11,2.269333,2.269333,2.140667,2.194000
2013-01-14,2.205333,2.225333,2.190000,2.217333
2013-01-15,2.207333,2.283333,2.205333,2.260000
2013-01-16,2.256667,2.282000,2.248667,2.273333
2013-01-17,2.277333,2.323333,2.261333,2.292000
2013-01-18,2.316000,2.318667,2.254667,2.301333
2013-01-22,2.304000,2.370000,2.284000,2.346000
2013-01-23,2.334667,2.416000,2.330667,2.400000
2013-01-24,2.400000,2.514667,2.389333,2.466000
2013-01-25,2.466667,2.502667,2.453333,2.465333
2013-01-28,2.457333,2.580667,2.457333,2.535333
2013-01-29,2.540000,2.562667,2.475333,2.530000
2013-01-30,2.523333,2.533333,2.495333,2.501333
2013-01-31,2.524667,2.524667,2.462000,2.500667
2013-02-01,2.544667,2.566667,2.508000,2.553333
2013-02-04,2.560000,2.561333,2.506000,2.516000
2013-02-05,2.533333,2.576667,2.512000,2.542000
2013-02-06,2.545333,2.626000,2.526667,2.611333
2013-02-07,2.612667,2.645333,2.596667,2.632000
2013-02-08,2.630000,2.666667,2.609333,2.616000
2013-02-11,2.532000,2.610000,2.500000,2.561333
2013-02-12,2.563333,2.591333,2.486000,2.526000
2013-02-13,2.553333,2.600000,2.536667,2.563333
2013-02-14,2.576000,2.583333,2.547333,2.551333
2013-02-15,2.566667,2.567333,2.463333,2.469333
2013-02-19,2.490667,2.619333,2.487333,2.618667
2013-02-20,2.620000,2.643333,2.564000,2.569333
2013-02-21,2.432667,2.492667,2.302667,2.344000
2013-02-22,2.381333,2.426000,2.373333,2.407333
2013-02-25,2.410000,2.450000,2.289333,2.292000
2013-02-26,2.297333,2.330667,2.253333,2.295333
2013-02-27,2.294000,2.360667,2.293333,2.340000
2013-02-28,2.392667,2.406667,2.291333,2.322000
2013-03-01,2.333333,2.338667,2.283333,2.310000
2013-03-04,2.318000,2.388667,2.313333,2.372000
2013-03-05,2.400000,2.461333,2.386000,2.443333
2013-03-06,2.467333,2.525333,2.464667,2.512667
2013-03-07,2.515333,2.576667,2.458667,2.548667
2013-03-08,2.537333,2.629333,2.490667,2.564667
2013-03-11,2.591333,2.629333,2.576667,2.606667
2013-03-12,2.593333,2.625333,2.590000,2.608000
2013-03-13,2.600000,2.632667,2.587333,2.598667
2013-03-14,2.593333,2.594000,2.451333,2.456667
2013-03-15,2.442667,2.443333,2.347333,2.352667
2013-03-18,2.353333,2.404000,2.328000,2.343333
2013-03-19,2.350000,2.373333,2.329333,2.338667
2013-03-20,2.350667,2.404667,2.344000,2.396667
2013-03-21,2.396667,2.470667,2.382667,2.400667
2013-03-22,2.413333,2.453333,2.413333,2.441333
2013-03-25,2.473333,2.568000,2.451333,2.502000
2013-03-26,2.532000,2.548000,2.510667,2.524000
2013-03-27,2.529333,2.558667,2.487333,2.544000
2013-03-28,2.548667,2.549333,2.516667,2.526000
2013-04-01,2.824000,3.112000,2.780000,2.928667
2013-04-02,2.906667,3.033333,2.900667,2.956000
2013-04-03,2.873333,2.898000,2.680667,2.740000
2013-04-04,2.740667,2.816667,2.720667,2.800667
2013-04-05,2.800000,2.800000,2.700000,2.758000
2013-04-08,2.798000,2.836667,2.767333,2.788667
2013-04-09,2.786667,2.788667,2.688667,2.700000
2013-04-10,2.713333,2.800667,2.707333,2.790667
2013-04-11,2.804000,2.970000,2.783333,2.906000
2013-04-12,2.883333,3.009333,2.870000,2.916667
2013-04-15,2.900000,2.920000,2.834000,2.886667
2013-04-16,2.946000,3.076000,2.927333,3.039333
2013-04-17,3.033333,3.063333,2.969333,3.030000
2013-04-18,3.065333,3.173333,3.026000,3.131333
2013-04-19,3.164000,3.325333,3.138000,3.188667
2013-04-22,3.240000,3.346667,3.183333,3.346000
2013-04-23,3.400000,3.528000,3.377333,3.400667
2013-04-24,3.393333,3.403333,3.265333,3.362000
2013-04-25,3.366667,3.493333,3.366667,3.466667
2013-04-26,3.542000,3.582667,3.374667,3.413333
2013-04-29,3.450667,3.666000,3.413333,3.662667
2013-04-30,3.733333,3.878667,3.584000,3.599333
2013-05-01,3.732667,3.732667,3.533333,3.552000
2013-05-02,3.590000,3.684667,3.580000,3.607333
2013-05-03,3.764667,3.764667,3.633333,3.636667
2013-05-06,3.759333,3.977333,3.700000,3.966667
2013-05-07,4.133333,4.158000,3.674667,3.700667
2013-05-08,3.833333,3.880000,3.714000,3.719333
2013-05-09,4.674667,5.051333,4.246000,4.626667
2013-05-10,4.643333,5.400000,4.616667,5.117333
2013-05-13,5.399333,5.866667,5.276667,5.853333
2013-05-14,6.281333,6.474667,5.410000,5.549333
2013-05-15,5.453333,5.792000,5.207333,5.656000
2013-05-16,6.313333,6.333333,5.910667,6.150000
2013-05-17,6.166667,6.296000,5.833333,6.100000
2013-05-20,6.074667,6.166667,5.908667,5.996000
2013-05-21,5.900000,5.999333,5.685333,5.839333
2013-05-22,5.758000,6.064000,5.700000,5.816000
2013-05-23,5.654000,6.200667,5.536667,6.182000
2013-05-24,6.173333,6.530000,6.133333,6.472000
2013-05-28,6.770000,7.383333,6.686667,7.355333
2013-05-29,7.570000,7.660000,6.600000,6.975333
2013-05-30,6.830667,7.302667,6.746667,6.996667
2013-05-31,7.084000,7.096000,6.515333,6.517333
2013-06-03,6.508000,6.508000,5.883333,6.172667
2013-06-04,6.183333,6.428000,6.160000,6.322667
2013-06-05,6.244000,6.531333,5.940667,6.358000
2013-06-06,6.350000,6.618000,6.340667,6.490000
2013-06-07,6.533333,6.860000,6.446667,6.802667
2013-06-10,6.595333,6.834667,6.571333,6.670000
2013-06-11,6.545333,6.578667,6.270000,6.298000
2013-06-12,6.453333,6.698667,6.383333,6.515333
2013-06-13,6.600000,6.618667,6.341333,6.545333
2013-06-14,6.666667,6.834667,6.622000,6.686667
2013-06-17,6.906667,6.983333,6.746667,6.813333
2013-06-18,6.783333,6.932000,6.613333,6.892667
2013-06-19,6.804000,7.111333,6.800667,6.978667
2013-06-20,6.976667,7.142000,6.630000,6.710000
2013-06-21,6.913333,6.913333,6.500000,6.636667
2013-06-24,6.433333,6.858000,6.353333,6.766000
2013-06-25,6.873333,6.946667,6.703333,6.826667
2013-06-26,6.920000,7.058000,6.844000,7.048000
2013-06-27,7.116667,7.350000,7.075333,7.283333
2013-06-28,7.238000,7.296000,7.114000,7.157333
2013-07-01,7.290667,7.851333,7.276667,7.812000
2013-07-02,7.883333,8.126000,7.700000,7.854667
2013-07-03,7.866667,7.950000,7.618000,7.682667
2013-07-05,7.888000,8.018667,7.713333,8.006000
2013-07-08,8.091333,8.145333,7.921333,8.107333
2013-07-09,8.309333,8.354667,8.127333,8.230000
2013-07-10,8.212667,8.216667,8.052667,8.151333
2013-07-11,8.325333,8.406000,8.156667,8.374000
2013-07-12,8.366667,8.662667,8.300667,8.660000
2013-07-15,8.868667,8.884000,8.454667,8.484000
2013-07-16,8.418667,8.421333,7.153333,7.270000
2013-07-17,7.101333,8.108000,6.966667,8.016667
2013-07-18,8.064667,8.182000,7.745333,7.935333
2013-07-19,7.900000,8.036667,7.767333,7.978667
2013-07-22,7.992667,8.445333,7.992000,8.162000
2013-07-23,8.266667,8.370667,8.121333,8.182667
2013-07-24,8.298000,8.300000,7.970667,8.113333
2013-07-25,8.026667,8.316667,8.012667,8.271333
2013-07-26,8.542667,8.712000,8.440667,8.626000
2013-07-29,8.621333,9.024667,8.550000,8.974667
2013-07-30,8.986667,9.166000,8.545333,8.782667
2013-07-31,8.838000,8.998000,8.763333,8.952000
2013-08-01,9.000000,9.101333,8.842000,9.036667
2013-08-02,8.972667,9.216667,8.907333,9.200000
2013-08-05,9.334000,9.659333,9.310000,9.645333
2013-08-06,9.650000,9.715333,9.406667,9.476667
2013-08-07,9.459333,9.463333,8.824000,8.948667
2013-08-08,10.290000,10.592000,10.030667,10.232000
2013-08-09,10.160000,10.396667,10.083333,10.200000
2013-08-12,9.962000,10.033333,9.470000,9.825333
2013-08-13,9.966667,9.989333,9.630000,9.695333
2013-08-14,9.514667,9.656000,9.203333,9.290667
2013-08-15,9.095333,9.573333,9.000000,9.311333
2013-08-16,9.442000,9.594000,9.398000,9.466667
2013-08-19,9.562000,9.825333,9.522000,9.660000
2013-08-20,9.910000,9.985333,9.800000,9.972000
2013-08-21,10.000000,10.020667,9.750000,9.857333
2013-08-22,9.948000,10.498667,9.876000,10.473333
2013-08-23,10.466667,10.820000,10.333333,10.789333
2013-08-26,11.010000,11.533333,10.683333,10.948000
2013-08-27,10.820000,11.253333,10.730000,11.134000
2013-08-28,11.270667,11.433333,10.883333,11.096667
2013-08-29,10.948000,11.183333,10.834000,11.070667
2013-08-30,11.091333,11.280667,10.930667,11.266667
2013-09-03,11.560000,11.580000,11.093333,11.262667
2013-09-04,11.318000,11.441333,11.037333,11.374667
2013-09-05,11.340000,11.433333,11.216667,11.328667
2013-09-06,11.238000,11.313333,11.010000,11.131333
2013-09-09,10.874667,10.966667,10.567333,10.713333
2013-09-10,10.763333,11.166667,10.708667,11.091333
2013-09-11,11.094000,11.193333,10.808667,10.901333
2013-09-12,10.933333,11.117333,10.700667,10.995333
2013-09-13,10.851333,11.091333,10.810667,11.036000
2013-09-16,11.200000,11.390000,11.056667,11.105333
2013-09-17,11.005333,11.228000,10.890667,11.082000
2013-09-18,11.138000,11.163333,10.946667,11.081333
2013-09-19,11.386667,12.031333,11.272000,11.861333
2013-09-20,11.926667,12.388667,11.904000,12.226000
2013-09-23,12.298667,12.365333,11.807333,12.074000
2013-09-24,11.942667,12.330667,11.843333,12.155333
2013-09-25,12.237333,12.420000,12.033333,12.349333
2013-09-26,12.446667,12.645333,12.374000,12.576000
2013-09-27,12.501333,12.752000,12.428667,12.726667
2013-09-30,12.600000,12.966667,12.533333,12.891333
2013-10-01,12.930667,12.948667,12.558000,12.866667
2013-10-02,12.572667,12.788667,11.693333,12.063333
2013-10-03,11.670000,11.979333,11.200000,11.554000
2013-10-04,11.760000,12.078667,11.510000,12.065333
2013-10-07,12.164000,12.448667,12.017333,12.204667
2013-10-08,12.293333,12.395333,11.547333,11.648667
2013-10-09,11.648667,11.666000,10.766667,11.252000
2013-10-10,11.539333,11.716667,11.312667,11.528667
2013-10-11,11.516667,11.952667,11.413333,11.913333
2013-10-14,11.666667,12.166667,11.610000,11.981333
2013-10-15,12.352000,12.586000,12.212000,12.262667
2013-10-16,12.326667,12.486667,12.139333,12.237333
2013-10-17,12.236000,12.320000,12.066000,12.186667
2013-10-18,12.276667,12.397333,12.168000,12.226667
2013-10-21,12.218667,12.226000,11.400000,11.506667
2013-10-22,11.366667,11.852000,11.074000,11.436000
2013-10-23,11.260667,11.454000,10.676667,10.966667
2013-10-24,11.000000,11.633333,10.855333,11.543333
2013-10-25,11.614000,11.633333,11.120000,11.310667
2013-10-28,11.345333,11.366667,10.813333,10.857333
2013-10-29,10.850667,11.030000,10.200000,10.964667
2013-10-30,10.975333,11.178667,10.544667,10.614667
2013-10-31,10.378000,10.829333,10.220000,10.662667
2013-11-01,10.866667,11.060000,10.694000,10.811333
2013-11-04,11.000000,11.692667,10.948000,11.680000
2013-11-05,12.000000,12.095333,11.424000,11.787333
2013-11-06,10.320667,10.715333,9.756667,10.077333
2013-11-07,9.612667,9.710000,9.174667,9.318000
2013-11-08,9.098667,9.373333,8.821333,9.196667
2013-11-11,9.400000,9.694667,9.140000,9.646667
2013-11-12,9.646000,9.646667,9.078667,9.186667
2013-11-13,9.389333,9.491333,9.089333,9.246667
2013-11-14,9.261333,9.360000,8.940667,9.173333
2013-11-15,9.123333,9.196667,8.956667,9.030000
2013-11-18,9.018000,9.030000,7.974000,8.105333
2013-11-19,7.962000,8.600000,7.948000,8.406000
2013-11-20,8.405333,8.496667,7.937333,8.074000
2013-11-21,8.192667,8.319333,8.016667,8.140000
2013-11-22,8.105333,8.183333,7.862000,8.092000
2013-11-25,8.300000,8.389333,8.020000,8.056000
2013-11-26,7.958667,8.181333,7.740000,8.033333
2013-11-27,8.087333,8.463333,7.968000,8.462667
2013-11-29,8.651333,8.706000,8.465333,8.485333
2013-12-02,8.423333,8.570000,8.262000,8.278000
2013-12-03,8.845333,9.662667,8.772667,9.646667
2013-12-04,9.621333,9.628667,9.142000,9.263333
2013-12-05,9.343333,9.556667,9.300000,9.365333
2013-12-06,9.434000,9.499333,9.086667,9.157333
2013-12-09,9.133333,9.446667,8.947333,9.440000
2013-12-10,9.336667,9.724667,9.324000,9.479333
2013-12-11,9.458667,9.536667,9.299333,9.310000
2013-12-12,9.313333,9.882667,9.235333,9.831333
2013-12-13,9.870000,10.120000,9.821333,9.843333
2013-12-16,9.898667,10.028667,9.740000,9.862667
2013-12-17,9.838667,10.308667,9.754667,10.164000
2013-12-18,10.149333,10.326667,9.730000,9.865333
2013-12-19,9.793333,9.800000,9.273333,9.381333
2013-12-20,9.438667,9.623333,9.438667,9.549333
2013-12-23,9.656667,9.749333,9.506667,9.570000
2013-12-24,10.000000,10.331333,9.988000,10.094000
2013-12-26,10.336000,10.533333,10.286000,10.366667
2013-12-27,10.353333,10.366667,10.053333,10.074667
2013-12-30,10.074667,10.320667,10.050000,10.162667
2013-12-31,10.154667,10.213333,9.910667,10.028667
2014-01-02,9.986667,10.165333,9.770000,10.006667
2014-01-03,10.000000,10.146000,9.906667,9.970667
2014-01-06,10.000000,10.026667,9.682667,9.800000
2014-01-07,9.841333,10.026667,9.683333,9.957333
2014-01-08,9.923333,10.246667,9.917333,10.085333
2014-01-09,10.166667,10.228667,9.790000,9.835333
2014-01-10,9.897333,9.926667,9.483333,9.714667
2014-01-13,9.718667,9.800000,9.188000,9.289333
2014-01-14,9.366667,10.800000,9.111333,10.751333
2014-01-15,11.230000,11.482000,10.806667,10.942000
2014-01-16,10.833333,11.513333,10.826667,11.398000
2014-01-17,11.346000,11.546667,11.196667,11.334000
2014-01-21,11.416000,11.819333,11.387333,11.778667
2014-01-22,11.854000,12.021333,11.650667,11.904000
2014-01-23,11.815333,12.158667,11.561333,12.100000
2014-01-24,11.856667,12.032000,11.568667,11.640000
2014-01-27,11.677333,11.861333,10.980667,11.308000
2014-01-28,11.433333,11.932000,11.400000,11.892000
2014-01-29,11.686667,11.939333,11.542000,11.682000
2014-01-30,11.866667,12.318667,11.800667,12.189333
2014-01-31,11.923333,12.400000,11.900667,12.094000
2014-02-03,12.192667,12.325333,11.677333,11.807333
2014-02-04,12.046667,12.106667,11.746667,11.915333
2014-02-05,11.886667,12.039333,11.290667,11.628000
2014-02-06,11.753333,12.007333,11.733333,11.892000
2014-02-07,12.067333,12.442000,11.973333,12.435333
2014-02-10,12.622667,13.286667,12.621333,13.104000
2014-02-11,13.264667,13.480000,12.846667,13.108000
2014-02-12,13.052000,13.218000,12.954667,13.021333
2014-02-13,12.889333,13.514667,12.883333,13.308667
2014-02-14,13.206667,13.458667,13.133333,13.215333
2014-02-18,13.682667,13.733333,13.424000,13.580000
2014-02-19,13.580000,13.580000,12.894000,12.909333
2014-02-20,14.334000,14.347333,13.751333,13.998000
2014-02-21,14.109333,14.265333,13.946000,13.973333
2014-02-24,13.917333,14.557333,13.888000,14.510000
2014-02-25,15.333333,17.280001,15.230000,16.533333
2014-02-26,17.238667,17.666668,16.500000,16.866667
2014-02-27,17.416668,17.459999,16.555332,16.836000
2014-02-28,16.643333,16.845333,16.170000,16.320667
2014-03-03,15.817333,16.776667,15.666000,16.704000
2014-03-04,17.232000,17.333332,16.855333,16.989332
2014-03-05,17.114668,17.132668,16.786667,16.844000
2014-03-06,16.942667,17.166668,16.629999,16.862667
2014-03-07,16.862667,16.990000,16.294001,16.414000
2014-03-10,16.180000,16.200001,15.737333,15.922667
2014-03-11,15.766667,16.306667,15.495333,15.627333
2014-03-12,15.433333,16.500000,15.407333,16.099333
2014-03-13,16.252666,16.279333,15.600000,15.852667
2014-03-14,15.686000,15.796000,15.221333,15.398000
2014-03-17,15.663333,15.862000,15.366667,15.598667
2014-03-18,15.796667,16.100000,15.668000,16.002666
2014-03-19,16.092667,16.103333,15.567333,15.722667
2014-03-20,15.744000,15.950000,15.557333,15.660667
2014-03-21,15.734667,15.746667,15.166667,15.259333
2014-03-24,15.316667,15.326667,14.018000,14.678000
2014-03-25,14.942667,15.136667,14.526667,14.696000
2014-03-26,14.796667,14.840000,14.090000,14.197333
2014-03-27,14.158000,14.240000,13.533333,13.821333
2014-03-28,14.186667,14.448000,14.018000,14.158000
2014-03-31,14.433333,14.450000,13.759333,13.896667
2014-04-01,13.934667,14.544000,13.905333,14.464667
2014-04-02,14.666667,15.392667,14.536667,15.352667
2014-04-03,15.353333,15.715333,14.800000,15.026667
2014-04-04,15.067333,15.218000,14.083333,14.148667
2014-04-07,13.720667,14.413333,13.567333,13.834667
2014-04-08,14.003333,14.432667,13.761333,14.364000
2014-04-09,14.450667,14.563333,14.059333,14.462000
2014-04-10,14.454667,14.500000,13.586000,13.612667
2014-04-11,13.374000,13.800000,13.240000,13.585333
2014-04-14,13.840000,13.896000,12.960667,13.206000
2014-04-15,13.272667,13.286000,12.288000,12.927333
2014-04-16,13.133333,13.332667,12.721333,13.274000
2014-04-17,13.307333,13.486000,12.938667,13.208000
2014-04-21,13.138667,13.746667,12.933333,13.625333
2014-04-22,13.757333,14.622000,13.667333,14.576000
2014-04-23,14.422000,14.449333,13.800000,13.866000
2014-04-24,14.054000,14.186667,13.546667,13.857333
2014-04-25,13.466667,13.780000,13.176667,13.323333
2014-04-28,13.333333,13.586000,12.700000,13.234000
2014-04-29,13.214000,13.810000,13.035333,13.794667
2014-04-30,13.573333,13.877333,13.418667,13.859333
2014-05-01,13.805333,14.268000,13.712667,13.848667
2014-05-02,13.906667,14.090667,13.768000,14.060667
2014-05-05,13.965333,14.512667,13.901333,14.440667
2014-05-06,14.440000,14.577333,13.790000,13.818667
2014-05-07,13.976000,14.013333,13.150000,13.423333
2014-05-08,12.133333,12.960000,11.866667,11.906000
2014-05-09,11.990667,12.226667,11.814667,12.150667
2014-05-12,12.258000,12.479333,11.992000,12.311333
2014-05-13,12.250667,12.756000,12.200000,12.677333
2014-05-14,12.596667,12.898667,12.473333,12.708000
2014-05-15,12.665333,12.844000,12.353333,12.572667
2014-05-16,12.596667,12.802667,12.514667,12.770667
2014-05-19,12.714667,13.126000,12.666667,13.072667
2014-05-20,13.129333,13.288667,12.871333,13.020000
2014-05-21,13.078667,13.324667,12.986000,13.296667
2014-05-22,13.356667,13.792000,13.304000,13.658667
2014-05-23,13.635333,13.850667,13.500000,13.820000
2014-05-27,13.901333,14.258000,13.846667,14.104000
2014-05-28,14.001333,14.184667,13.684000,14.016000
2014-05-29,14.038000,14.166000,13.848000,14.016000
2014-05-30,14.020000,14.320000,13.801333,13.851333
2014-06-02,13.822000,13.956667,13.444667,13.646667
2014-06-03,13.566000,13.866667,13.506000,13.662667
2014-06-04,13.623333,13.750667,13.360000,13.599333
2014-06-05,13.631333,13.946667,13.603333,13.793333
2014-06-06,13.983333,14.054000,13.812000,13.878000
2014-06-09,13.863333,13.999333,13.613333,13.687333
2014-06-10,13.628667,13.798000,13.436667,13.486667
2014-06-11,13.433333,13.666667,13.283333,13.631333
2014-06-12,13.673333,13.992000,13.514000,13.568000
2014-06-13,13.652000,13.786000,13.438667,13.761333
2014-06-16,13.784000,15.032667,13.750667,14.974000
2014-06-17,14.940667,15.702667,14.856667,15.444667
2014-06-18,15.433333,15.447333,15.074667,15.141333
2014-06-19,15.258667,15.687333,15.133333,15.186000
2014-06-20,15.234667,15.419333,15.080000,15.306000
2014-06-23,15.300667,15.932667,15.214667,15.814667
2014-06-24,15.931333,16.125334,15.442000,15.500000
2014-06-25,15.536667,15.836667,15.349333,15.792667
2014-06-26,15.811333,16.026667,15.614000,15.706667
2014-06-27,15.646000,16.000000,15.633333,15.937333
2014-06-30,15.970000,16.299334,15.933333,16.004000
2014-07-01,16.164000,16.229334,15.913333,15.981333
2014-07-02,16.044001,16.155333,15.138000,15.295333
2014-07-03,15.419333,15.460000,14.933333,15.283333
2014-07-07,15.166667,15.318667,14.693333,14.844000
2014-07-08,14.576667,14.730667,14.284667,14.604667
2014-07-09,14.751333,14.948000,14.614000,14.870667
2014-07-10,14.478667,14.814667,14.402667,14.630667
2014-07-11,14.707333,14.773333,14.506667,14.542000
2014-07-14,14.666000,15.252667,14.363333,15.113333
2014-07-15,15.115333,15.176667,14.540000,14.638667
2014-07-16,14.788000,14.986667,14.454667,14.477333
2014-07-17,14.410667,14.703333,14.240000,14.360000
2014-07-18,14.396667,14.747333,14.395333,14.668000
2014-07-21,14.483333,14.880667,14.448000,14.702667
2014-07-22,14.812667,14.886667,14.607333,14.638667
2014-07-23,14.667333,14.983333,14.628667,14.832667
2014-07-24,14.883333,15.006667,14.720000,14.902667
2014-07-25,14.848000,15.131333,14.783333,14.904667
2014-07-28,14.950000,15.466667,14.760000,14.988000
2014-07-29,15.107333,15.220000,14.990667,15.000667
2014-07-30,14.794667,15.306667,14.736000,15.261333
2014-07-31,15.284000,15.426667,14.766667,14.886667
2014-08-01,15.072667,15.833333,15.066667,15.551333
2014-08-04,15.625333,16.033333,15.551333,15.901333
2014-08-05,15.831333,16.199333,15.712667,15.899333
2014-08-06,15.926667,16.761333,15.905333,16.595333
2014-08-07,16.674667,17.112667,16.608000,16.826000
2014-08-08,16.743999,16.784000,16.433332,16.542000
2014-08-11,17.032000,17.582666,17.000000,17.288000
2014-08-12,17.205334,17.353333,16.972000,17.330667
2014-08-13,17.467333,17.709333,17.307333,17.354000
2014-08-14,17.499332,17.533333,17.100000,17.425333
2014-08-15,17.431999,17.472668,17.233334,17.467333
2014-08-18,17.549999,17.817333,17.316668,17.329332
2014-08-19,17.257999,17.288668,16.774668,17.117332
2014-08-20,16.978001,17.249332,16.866667,17.047333
2014-08-21,17.101334,17.253332,16.884001,16.955999
2014-08-22,16.969334,17.129999,16.840668,17.118668
2014-08-25,17.212667,17.578667,17.212667,17.503332
2014-08-26,17.665333,17.700001,17.444000,17.449333
2014-08-27,17.566668,17.615999,17.352667,17.549999
2014-08-28,17.459333,17.632000,17.442667,17.590668
2014-08-29,17.913334,18.133333,17.834000,17.980000
2014-09-02,18.366667,18.992666,18.286667,18.941334
2014-09-03,19.177999,19.200001,18.673332,18.746000
2014-09-04,18.934000,19.427999,18.693333,19.069332
2014-09-05,18.836666,18.860001,18.167334,18.492666
2014-09-08,18.507999,18.992001,18.501333,18.807333
2014-09-09,18.865999,19.032667,18.466667,18.565332
2014-09-10,18.633333,18.760668,18.243999,18.740000
2014-09-11,18.697332,18.986000,18.575333,18.687332
2014-09-12,18.700001,18.826000,18.466667,18.613333
2014-09-15,18.291332,18.293333,16.608667,16.924000
2014-09-16,17.010000,17.497334,16.827999,17.382668
2014-09-17,17.493999,17.646667,17.299999,17.425333
2014-09-18,17.557333,17.706667,17.488001,17.587999
2014-09-19,17.199333,17.428667,17.018000,17.288000
2014-09-22,17.000000,17.068001,16.313999,16.668667
2014-09-23,16.348000,16.920000,16.333332,16.694000
2014-09-24,16.741333,16.856001,16.469334,16.809334
2014-09-25,16.834667,16.997334,16.406668,16.463333
2014-09-26,16.549999,16.648666,16.404667,16.440001
2014-09-29,16.266666,16.576000,16.091999,16.350668
2014-09-30,16.461332,16.510000,16.007999,16.178667
2014-10-01,16.146667,16.177334,15.710000,16.016001
2014-10-02,16.680000,16.852667,16.357332,16.761333
2014-10-03,16.870667,17.100000,16.735332,17.014000
2014-10-06,17.275333,17.499332,17.186666,17.374666
2014-10-07,17.235332,17.430668,17.048668,17.304667
2014-10-08,17.340000,17.525333,16.842667,17.285334
2014-10-09,17.483334,17.702667,16.959999,17.134001
2014-10-10,16.309334,16.392668,15.680000,15.794000
2014-10-13,15.904667,15.930667,14.733333,14.972667
2014-10-14,15.216667,15.498000,14.866667,15.137333
2014-10-15,14.666667,15.399333,14.488000,15.313333
2014-10-16,14.648000,15.328000,14.606667,15.090000
2014-10-17,15.558667,15.651333,15.103333,15.165333
2014-10-20,15.114667,15.493333,15.034000,15.364667
2014-10-21,15.618000,15.692667,15.386667,15.689333
2014-10-22,15.546000,15.826000,15.370667,15.406667
2014-10-23,15.644000,15.752000,15.466667,15.686000
2014-10-24,15.751333,15.853333,15.413333,15.682667
2014-10-27,15.616667,15.640667,14.687333,14.778000
2014-10-28,15.306667,16.306667,15.216667,16.184668
2014-10-29,16.075333,16.100000,15.709333,15.873333
2014-10-30,15.876000,16.033333,15.670667,15.910667
2014-10-31,16.167334,16.208000,15.916667,16.113333
2014-11-03,16.200001,16.504000,16.087999,16.172667
2014-11-04,16.032667,16.156668,15.768667,15.928667
2014-11-05,16.066668,16.090668,15.368667,15.398000
2014-11-06,15.632667,16.445999,15.233333,16.081333
2014-11-07,16.146000,16.189333,15.813333,16.013332
2014-11-10,15.940667,16.191999,15.786667,16.128668
2014-11-11,16.170000,16.788000,16.133333,16.738667
2014-11-12,16.648001,16.822666,16.372000,16.606667
2014-11-13,16.708000,17.049999,16.683332,16.780001
2014-11-14,16.666668,17.256666,16.566668,17.245333
2014-11-17,17.166000,17.266666,16.801332,16.931999
2014-11-18,17.057333,17.332666,17.034000,17.180000
2014-11-19,16.707333,16.792000,16.373333,16.516001
2014-11-20,16.530001,16.728666,16.400000,16.580667
2014-11-21,16.813999,16.851999,16.144667,16.185333
2014-11-24,16.346666,16.506666,16.042667,16.448000
2014-11-25,16.490000,16.648001,16.406000,16.539333
2014-11-26,16.556000,16.600000,16.440001,16.562668
2014-11-28,16.356667,16.445999,16.167999,16.301332
2014-12-01,16.077333,16.164667,15.267333,15.442667
2014-12-02,15.638000,15.658667,15.200000,15.428667
2014-12-03,15.083333,15.314667,15.033333,15.286667
2014-12-04,15.240000,15.393333,15.187333,15.218667
2014-12-05,15.244667,15.292667,14.817333,14.914000
2014-12-08,14.769333,14.990667,14.156000,14.290667
2014-12-09,13.956000,14.515333,13.618000,14.459333
2014-12-10,14.275333,14.451333,13.846667,13.989333
2014-12-11,14.035333,14.362000,13.882000,13.925333
2014-12-12,13.654667,14.112000,13.633333,13.800000
2014-12-15,13.952667,13.986667,13.511333,13.602667
2014-12-16,13.392667,13.578667,13.024667,13.187333
2014-12-17,12.870667,13.776667,12.843333,13.721333
2014-12-18,14.158667,14.562667,14.120000,14.550667
2014-12-19,14.679333,14.693333,14.300000,14.619333
2014-12-22,14.666667,14.937333,14.550667,14.840000
2014-12-23,14.920667,14.954667,14.634667,14.731333
2014-12-24,14.651333,14.833333,14.616667,14.817333
2014-12-26,14.767333,15.233333,14.766667,15.188000
2014-12-29,15.126667,15.194000,14.934667,15.047333
2014-12-30,14.932667,15.043333,14.760000,14.815333
2014-12-31,14.872667,15.045333,14.816667,14.827333
2015-01-02,14.858000,14.883333,14.217333,14.620667
2015-01-05,14.303333,14.433333,13.810667,14.006000
2015-01-06,14.004000,14.280000,13.614000,14.085333
2015-01-07,14.223333,14.318667,13.985333,14.063333
2015-01-08,14.187333,14.253333,14.000667,14.041333
2015-01-09,13.928000,13.998667,13.664000,13.777333
2015-01-12,13.536667,13.631333,13.283333,13.480667
2015-01-13,13.554667,13.840667,13.394000,13.616667
2015-01-14,12.388667,13.013333,12.333333,12.846000
2015-01-15,12.966000,13.050000,12.666667,12.791333
2015-01-16,12.713333,12.966000,12.643333,12.871333
2015-01-20,12.924667,12.941333,12.469333,12.795333
2015-01-21,12.636667,13.245333,12.634000,13.104667
2015-01-22,13.133333,13.549333,13.013333,13.441333
2015-01-23,13.352667,13.566667,13.222000,13.419333
2015-01-26,13.455333,13.908000,13.403333,13.770000
2015-01-27,13.628000,13.868667,13.553333,13.732000
2015-01-28,13.740667,13.758000,13.228000,13.291333
2015-01-29,13.404667,13.732000,13.100000,13.680000
2015-01-30,13.597333,13.831333,13.533333,13.573333
2015-02-02,13.598000,14.130000,13.553333,14.062667
2015-02-03,14.214667,14.691333,14.084667,14.557333
2015-02-04,14.552667,14.765333,14.453333,14.570000
2015-02-05,14.658667,15.032000,14.642667,14.732667
2015-02-06,14.800000,14.893333,14.433333,14.490667
2015-02-09,14.358667,14.528667,14.132667,14.498667
2015-02-10,14.503333,14.700000,14.333333,14.419333
2015-02-11,14.147333,14.316000,13.818667,14.186667
2015-02-12,12.904667,13.539333,12.885333,13.525333
2015-02-13,13.526667,13.732667,13.394000,13.584667
2015-02-17,13.713333,13.713333,13.433333,13.623333
2015-02-18,13.611333,13.744667,13.506667,13.630667
2015-02-19,13.666667,14.162667,13.583333,14.114000
2015-02-20,14.052000,14.506667,13.987333,14.474000
2015-02-23,14.377333,14.546667,13.755333,13.822667
2015-02-24,13.819333,13.819333,13.446667,13.607333
2015-02-25,13.662667,13.809333,13.505333,13.584000
2015-02-26,13.600000,14.072667,13.481333,13.812667
2015-02-27,13.793333,13.903333,13.520000,13.556000
2015-03-02,13.513333,13.556000,13.055333,13.155333
2015-03-03,13.120667,13.349333,13.021333,13.304000
2015-03-04,13.283333,13.501333,13.147333,13.496000
2015-03-05,13.523333,13.746000,13.343333,13.375333
2015-03-06,13.280667,13.383333,12.810000,12.925333
2015-03-09,12.959333,12.966000,12.550000,12.725333
2015-03-10,12.564000,12.900000,12.506667,12.688000
2015-03-11,12.743333,13.078667,12.734000,12.916000
2015-03-12,12.916667,12.963333,12.650000,12.738000
2015-03-13,12.596667,12.783333,12.488000,12.578667
2015-03-16,12.800000,13.060667,12.653333,13.046667
2015-03-17,13.028667,13.247333,12.929333,12.982000
2015-03-18,12.997333,13.392000,12.874000,13.380667
2015-03-19,13.466667,13.639333,12.968667,13.043333
2015-03-20,13.163333,13.266000,13.041333,13.205333
2015-03-23,13.233333,13.366667,13.164667,13.308667
2015-03-24,13.438667,13.586000,13.316667,13.448000
2015-03-25,13.218000,13.239333,12.846667,12.953333
2015-03-26,12.928000,12.986000,12.646667,12.694000
2015-03-27,12.604667,12.619333,12.093333,12.333333
2015-03-30,12.390000,12.816667,12.120000,12.704667
2015-03-31,12.902000,12.917333,12.560667,12.584667
2015-04-01,12.580000,12.820000,12.403333,12.506000
2015-04-02,12.682000,12.882000,12.666667,12.733333
2015-04-06,13.200000,13.850000,13.166667,13.540000
2015-04-07,13.500667,13.670667,13.409333,13.550000
2015-04-08,13.880000,14.060000,13.724667,13.844667
2015-04-09,13.895333,14.024667,13.741333,14.006000
2015-04-10,13.990000,14.110000,13.933333,14.060000
2015-04-13,14.029333,14.200000,13.936667,13.985333
2015-04-14,13.904667,13.966000,13.700000,13.830667
2015-04-15,13.830667,13.972667,13.773333,13.855333
2015-04-16,13.846667,13.944667,13.752667,13.780000
2015-04-17,13.666000,13.792000,13.566667,13.786000
2015-04-20,13.785333,13.856667,13.590000,13.684667
2015-04-21,13.720000,14.050000,13.620667,13.960667
2015-04-22,14.166667,14.792000,14.112667,14.629333
2015-04-23,14.551333,14.765333,14.476667,14.573333
2015-04-24,14.700000,14.720000,14.534000,14.562000
2015-04-27,14.837333,15.916667,14.800000,15.436667
2015-04-28,15.650000,15.700000,15.202000,15.365333
2015-04-29,15.336667,15.664667,15.175333,15.496667
2015-04-30,15.359333,15.526000,15.011333,15.070000
2015-05-01,15.329333,15.451333,14.694000,15.068667
2015-05-04,15.212000,15.648667,15.140667,15.367333
2015-05-05,15.850667,15.966667,15.275333,15.530000
2015-05-06,15.606667,15.631333,15.213333,15.362000
2015-05-07,14.733333,15.832000,14.683333,15.786667
2015-05-08,15.732667,15.894000,15.580000,15.774000
2015-05-11,15.752667,16.191999,15.687333,15.966000
2015-05-12,16.007334,16.423332,15.879333,16.316000
2015-05-13,16.507334,16.553333,16.150000,16.212000
2015-05-14,16.321333,16.326000,16.083332,16.273333
2015-05-15,16.261999,16.626667,16.166668,16.589333
2015-05-18,16.466667,16.660000,16.400000,16.583332
2015-05-19,16.562000,16.733334,16.410000,16.476000
2015-05-20,16.475332,16.516001,16.091333,16.290001
2015-05-21,16.202000,16.441334,16.157333,16.374666
2015-05-22,16.358667,16.573334,16.334000,16.515333
2015-05-26,16.511999,16.799999,16.433332,16.497334
2015-05-27,16.567333,16.633333,16.370001,16.495333
2015-05-28,16.468666,16.786667,16.336666,16.763332
2015-05-29,16.733334,16.858000,16.628668,16.719999
2015-06-01,16.760668,16.773333,16.497999,16.629999
2015-06-02,16.594667,16.626667,16.420000,16.556667
2015-06-03,16.546667,16.714666,16.467333,16.599333
2015-06-04,16.500000,16.620001,16.380667,16.394667
2015-06-05,16.400000,16.646667,16.378668,16.609333
2015-06-08,16.723333,17.250000,16.687332,17.086000
2015-06-09,17.026667,17.182667,16.942667,17.066668
2015-06-10,16.793333,16.933332,16.566668,16.713333
2015-06-11,16.884001,16.958000,16.695333,16.760668
2015-06-12,16.680668,16.897333,16.680668,16.712667
2015-06-15,16.646667,16.752001,16.400667,16.691999
2015-06-16,16.675333,16.896000,16.606667,16.874666
2015-06-17,16.811333,17.624001,16.801332,17.360666
2015-06-18,17.466667,17.563999,17.334667,17.459333
2015-06-19,17.493334,17.586666,17.340000,17.500668
2015-06-22,17.476667,17.626667,17.046000,17.319332
2015-06-23,17.354668,17.866667,17.238001,17.844667
2015-06-24,17.798668,17.823334,17.581333,17.677999
2015-06-25,17.763332,18.094000,17.683332,17.919333
2015-06-26,17.926001,17.940666,17.733334,17.806000
2015-06-29,17.463333,17.730000,17.379999,17.468000
2015-06-30,17.653334,18.061333,17.600000,17.884001
2015-07-01,18.073999,18.174667,17.856667,17.943333
2015-07-02,18.680000,18.830000,18.220667,18.667999
2015-07-06,18.591999,18.779333,18.420000,18.648001
2015-07-07,18.333332,18.346666,17.384666,17.858667
2015-07-08,17.288000,17.386667,16.954000,16.997334
2015-07-09,17.271999,17.530001,17.119333,17.194668
2015-07-10,17.481333,17.533333,17.188000,17.276667
2015-07-13,17.483334,17.503332,17.070000,17.477333
2015-07-14,17.473333,17.732668,17.367332,17.709999
2015-07-15,17.782667,17.832666,17.472000,17.542667
2015-07-16,17.614668,17.813334,17.544001,17.778667
2015-07-17,18.166668,18.369333,17.883333,18.310667
2015-07-20,18.333332,19.110001,18.169333,18.817333
2015-07-21,18.003332,18.233334,17.770000,17.784666
2015-07-22,17.417999,17.962667,17.390667,17.858000
2015-07-23,17.976667,17.993334,17.684668,17.813334
2015-07-24,17.825333,18.072666,17.594667,17.694000
2015-07-27,17.495333,17.628668,16.719334,16.867332
2015-07-28,17.049999,17.693333,16.789333,17.654667
2015-07-29,17.618000,17.859333,17.466667,17.587999
2015-07-30,17.512667,17.796000,17.474001,17.785999
2015-07-31,17.840000,17.957333,17.674667,17.743334
2015-08-03,17.752666,17.780666,17.138000,17.332666
2015-08-04,17.334000,17.781334,17.222668,17.752001
2015-08-05,17.572001,18.066668,17.360001,18.008667
2015-08-06,16.636000,17.000000,15.741333,16.408667
2015-08-07,16.238667,16.248667,15.892667,16.167334
2015-08-10,15.876667,16.198000,15.736667,16.076000
2015-08-11,15.810000,15.953333,15.629333,15.824667
2015-08-12,15.666667,15.984667,15.516000,15.878000
2015-08-13,15.990667,16.431999,15.941333,16.167334
2015-08-14,16.482668,16.528667,16.118000,16.209999
2015-08-17,17.037333,17.106001,16.700666,16.999332
2015-08-18,17.025333,17.396667,16.903999,17.381332
2015-08-19,17.355333,17.376667,17.001333,17.016666
2015-08-20,16.804001,16.970667,16.126667,16.145332
2015-08-21,15.733333,16.253332,15.367333,15.384667
2015-08-24,13.519333,15.426667,13.000000,14.591333
2015-08-25,15.368000,15.393333,14.608000,14.668667
2015-08-26,15.195333,15.200000,14.367333,14.989333
2015-08-27,15.400000,16.316668,15.387333,16.199333
2015-08-28,16.124001,16.763332,16.104668,16.565332
2015-08-31,16.374666,16.996668,16.367332,16.604000
2015-09-01,16.022667,16.400000,15.798000,15.908667
2015-09-02,16.353333,16.525333,15.985333,16.512667
2015-09-03,16.804001,16.805332,16.333332,16.371332
2015-09-04,16.059334,16.272667,15.880000,16.128668
2015-09-08,16.336666,16.610666,16.270000,16.544666
2015-09-09,16.803333,16.950001,16.553333,16.594000
2015-09-10,16.482000,16.714666,16.355333,16.565332
2015-09-11,16.509333,16.682667,16.315332,16.682667
2015-09-14,16.740000,16.950001,16.644667,16.879333
2015-09-15,16.850000,16.973333,16.633333,16.904667
2015-09-16,16.869333,17.525333,16.858667,17.483334
2015-09-17,17.597334,17.700001,17.379333,17.471333
2015-09-18,17.197332,17.587999,17.166668,17.374666
2015-09-21,17.598667,18.104668,17.053333,17.613333
2015-09-22,17.268667,17.510000,17.058001,17.396000
2015-09-23,17.463333,17.472000,17.172001,17.403999
2015-09-24,17.302000,17.563334,17.080667,17.541332
2015-09-25,17.774000,17.794001,17.076668,17.127333
2015-09-28,17.156668,17.319332,16.440666,16.562000
2015-09-29,16.697332,16.982000,16.364000,16.443333
2015-09-30,16.799999,16.826668,16.156000,16.559999
2015-10-01,16.500668,16.566668,15.808667,15.992000
2015-10-02,15.706667,16.513332,15.662000,16.504667
2015-10-05,16.589333,16.656000,16.275333,16.410000
2015-10-06,16.000000,16.202000,15.705333,16.097334
2015-10-07,15.775333,15.846667,15.274667,15.464000
2015-10-08,15.338667,15.381333,14.754000,15.114667
2015-10-09,14.728667,14.958000,14.557333,14.712667
2015-10-12,14.866000,14.866667,14.351333,14.372000
2015-10-13,14.218667,14.834667,14.075333,14.616667
2015-10-14,14.711333,14.730000,14.362000,14.458667
2015-10-15,14.428667,14.782000,14.246667,14.754000
2015-10-16,14.869333,15.365333,14.858000,15.134000
2015-10-19,15.100000,15.410000,14.996000,15.206667
2015-10-20,15.181333,15.240000,13.466667,14.202000
2015-10-21,14.132667,14.320667,13.920000,14.006000
2015-10-22,14.104000,14.383333,13.960000,14.114667
2015-10-23,14.333333,14.356667,13.846000,13.939333
2015-10-26,14.092000,14.392000,14.000000,14.350667
2015-10-27,14.322667,14.473333,13.834000,14.023333
2015-10-28,14.087333,14.230000,13.886667,14.197333
2015-10-29,14.116667,14.250000,14.042667,14.108667
2015-10-30,14.026667,14.108667,13.592667,13.795333
2015-11-02,13.928000,14.386667,13.814667,14.252667
2015-11-03,14.256667,14.296000,13.850000,13.890000
2015-11-04,15.133333,15.516000,15.013333,15.442000
2015-11-05,15.372000,15.638667,15.279333,15.451333
2015-11-06,15.380000,15.557333,15.300000,15.490667
2015-11-09,15.532667,15.532667,14.954000,15.022000
2015-11-10,14.898667,14.913333,14.405333,14.433333
2015-11-11,14.518000,14.632000,14.242000,14.605333
2015-11-12,14.523333,14.600000,14.177333,14.196000
2015-11-13,14.196667,14.199333,13.768000,13.812667
2015-11-16,13.739333,14.332000,13.720000,14.287333
2015-11-17,14.346667,14.400000,14.093333,14.266667
2015-11-18,14.300000,14.758667,14.168000,14.738000
2015-11-19,14.702667,15.079333,14.686667,14.786667
2015-11-20,14.899333,15.000000,14.238667,14.667333
2015-11-23,14.490000,14.612000,14.312000,14.516667
2015-11-24,14.358000,14.733333,14.333333,14.550000
2015-11-25,14.756000,15.388667,14.692000,15.309333
2015-11-27,15.404000,15.483333,15.134000,15.440667
2015-11-30,15.452667,15.618667,15.272000,15.350667
2015-12-01,15.404000,15.866667,15.403333,15.812667
2015-12-02,15.800000,15.906667,15.415333,15.466000
2015-12-03,15.698667,15.830000,15.333333,15.514000
2015-12-04,15.497333,15.551333,15.177333,15.358667
2015-12-07,15.180000,15.708667,15.076667,15.408667
2015-12-08,15.168000,15.253333,14.946667,15.114667
2015-12-09,15.113333,15.166667,14.714667,14.968000
2015-12-10,14.980667,15.232667,14.909333,15.138000
2015-12-11,15.016000,15.050000,14.442667,14.468000
2015-12-14,14.500667,14.728000,14.324667,14.572000
2015-12-15,14.788000,14.814667,14.533333,14.739333
2015-12-16,14.806667,15.658667,14.715333,15.634000
2015-12-17,15.596000,15.850667,15.320667,15.559333
2015-12-18,15.526000,15.726667,15.286000,15.364000
2015-12-21,15.446000,15.722000,15.405333,15.504000
2015-12-22,15.666000,15.770000,15.308667,15.330000
2015-12-23,15.478667,15.563333,15.208667,15.313333
2015-12-24,15.370667,15.458667,15.218667,15.371333
2015-12-28,15.432667,15.465333,15.036000,15.263333
2015-12-29,15.337333,15.848000,15.303333,15.812667
2015-12-30,15.773333,16.242001,15.711333,15.872667
2015-12-31,15.900667,16.230000,15.891333,16.000668
2016-01-04,15.381333,15.425333,14.600000,14.894000
2016-01-05,15.090667,15.126000,14.666667,14.895333
2016-01-06,14.666667,14.670000,14.398667,14.602667
2016-01-07,14.279333,14.562667,14.244667,14.376667
2016-01-08,14.524000,14.696000,14.051333,14.066667
2016-01-11,14.267333,14.296667,13.533333,13.856667
2016-01-12,14.106667,14.249333,13.687333,13.998000
2016-01-13,14.134000,14.176667,13.333333,13.354000
2016-01-14,13.480667,14.000000,12.892000,13.745333
2016-01-15,13.264667,13.671333,13.150000,13.666000
2016-01-19,13.914000,14.031333,13.385333,13.648000
2016-01-20,13.293333,13.418667,12.750000,13.246667
2016-01-21,13.436667,13.548667,13.001333,13.331333
2016-01-22,13.653333,13.700000,13.268667,13.503333
2016-01-25,13.337333,13.571333,13.058667,13.092000
2016-01-26,13.113333,13.188000,12.592000,12.904000
2016-01-27,12.825333,12.884000,12.384667,12.538000
2016-01-28,12.719333,12.752000,12.160667,12.646667
2016-01-29,12.663333,12.916000,12.538667,12.746667
2016-02-01,12.584000,13.301333,12.183333,13.129333
2016-02-02,12.828000,12.874667,12.015333,12.185333
2016-02-03,12.239333,12.262667,11.345333,11.565333
2016-02-04,11.380000,11.732000,11.132667,11.688667
2016-02-05,11.420000,11.533333,10.516000,10.840000
2016-02-08,10.473333,10.476667,9.733333,9.866000
2016-02-09,9.488000,10.652667,9.403333,9.883333
2016-02-10,10.033333,10.331333,9.449333,9.578000
2016-02-11,10.133333,10.884000,9.800000,10.031333
2016-02-12,10.333333,10.467333,9.580000,10.069333
2016-02-16,10.580000,10.863333,10.274000,10.344667
2016-02-17,10.600000,11.289333,10.445333,11.245333
2016-02-18,11.494667,11.530000,10.984667,11.118000
2016-02-19,10.910667,11.166000,10.833333,11.105333
2016-02-22,11.341333,11.927333,11.323333,11.849333
2016-02-23,11.744000,12.115333,11.578667,11.814000
2016-02-24,11.516667,11.966667,11.189333,11.933333
2016-02-25,11.910000,12.568000,11.680000,12.495333
2016-02-26,12.580000,12.800000,12.333333,12.689333
2016-02-29,12.826667,13.090000,12.614667,12.795333
2016-03-01,12.950000,13.063333,12.180000,12.423333
2016-03-02,12.248667,12.568000,12.100000,12.556000
2016-03-03,12.552000,13.161333,12.281333,13.049333
2016-03-04,13.200000,13.602000,13.166667,13.402667
2016-03-07,13.178667,13.980000,13.160000,13.686000
2016-03-08,13.566667,13.833333,13.480000,13.506667
2016-03-09,13.634667,13.958000,13.519333,13.914667
2016-03-10,14.000000,14.219333,13.378000,13.678667
2016-03-11,13.862000,13.961333,13.688667,13.833333
2016-03-14,14.176667,14.448000,14.042667,14.343333
2016-03-15,14.284667,14.598000,14.100000,14.556000
2016-03-16,14.533333,14.838667,14.468000,14.795333
2016-03-17,14.764667,15.233333,14.666667,15.092000
2016-03-18,15.273333,15.632000,15.204000,15.516000
2016-03-21,15.689333,15.992000,15.666667,15.888000
2016-03-22,15.814000,15.932667,15.504000,15.616000
2016-03-23,15.491333,15.648667,14.802000,14.838667
2016-03-24,14.385333,15.259333,14.333333,15.183333
2016-03-28,15.440667,15.654000,15.000000,15.350667
2016-03-29,15.326000,15.492000,15.022000,15.342000
2016-03-30,15.672667,15.700000,15.100000,15.126000
2016-03-31,15.289333,15.828000,15.000667,15.318000
2016-04-01,16.322001,16.526667,15.550000,15.839333
2016-04-04,16.608000,16.808001,16.242666,16.466000
2016-04-05,16.033333,17.104000,16.000000,17.031334
2016-04-06,16.931334,17.849333,16.896667,17.694668
2016-04-07,17.763332,17.955999,16.967333,17.146667
2016-04-08,17.366667,17.388000,16.534666,16.671333
2016-04-11,16.733334,17.266001,16.353333,16.661333
2016-04-12,16.633333,16.786667,16.242001,16.521334
2016-04-13,16.567333,17.033333,16.488667,16.968666
2016-04-14,16.866667,17.122667,16.736668,16.790667
2016-04-15,16.754000,16.973333,16.608000,16.967333
2016-04-18,16.815332,17.220667,16.777332,16.925333
2016-04-19,16.874666,16.958000,16.083332,16.491333
2016-04-20,16.417334,16.910667,16.100000,16.664667
2016-04-21,16.599333,16.726667,16.460667,16.552668
2016-04-22,16.592667,16.933332,16.380667,16.916668
2016-04-25,16.867332,17.158667,16.717333,16.788000
2016-04-26,16.803333,17.048668,16.625999,16.916000
2016-04-27,16.850000,17.000000,16.626667,16.764668
2016-04-28,16.656668,16.895332,16.496000,16.514000
2016-04-29,16.542667,16.562000,15.854000,16.050667
2016-05-02,16.100000,16.212667,15.654667,16.120001
2016-05-03,15.824000,15.927333,15.441333,15.488000
2016-05-04,15.352667,15.630667,14.693333,14.837333
2016-05-05,15.230667,15.242667,13.986000,14.102000
2016-05-06,14.058000,14.424667,13.874000,14.328667
2016-05-09,14.381333,14.410000,13.786667,13.928000
2016-05-10,13.836667,13.964667,13.666667,13.912667
2016-05-11,13.839333,14.365333,13.736667,13.930667
2016-05-12,14.096000,14.111333,13.577333,13.818667
2016-05-13,13.852000,14.080000,13.780000,13.840667
2016-05-16,13.876667,14.210000,13.861333,13.886000
2016-05-17,13.936667,13.988000,13.601333,13.644000
2016-05-18,13.943333,14.354000,13.850000,14.078000
2016-05-19,14.241333,14.452667,13.820000,14.347333
2016-05-20,14.466000,14.703333,14.423333,14.685333
2016-05-23,14.658000,14.840000,14.390667,14.414667
2016-05-24,14.440000,14.582667,14.345333,14.527333
2016-05-25,14.527333,14.757333,14.434000,14.638667
2016-05-26,14.700000,15.017333,14.603333,15.008000
2016-05-27,14.999333,15.062000,14.716667,14.869333
2016-05-31,14.869333,14.983333,14.766667,14.882000
2016-06-01,14.765333,14.826667,14.459333,14.637333
2016-06-02,14.639333,14.660667,14.474000,14.597333
2016-06-03,14.666667,14.796000,14.534000,14.599333
2016-06-06,14.533333,14.726667,14.363333,14.712000
2016-06-07,14.816000,15.629333,14.768000,15.489333
2016-06-08,15.586667,16.056667,15.507333,15.701333
2016-06-09,15.665333,15.688667,15.137333,15.290667
2016-06-10,15.159333,15.198000,14.561333,14.586000
2016-06-13,14.633333,15.051333,14.510667,14.524667
2016-06-14,14.592000,14.813333,14.168667,14.330667
2016-06-15,14.463333,14.793333,14.342000,14.513333
2016-06-16,14.494667,14.536000,14.233333,14.528667
2016-06-17,14.520667,14.666000,14.300000,14.364667
2016-06-20,14.633333,14.916667,14.548667,14.646667
2016-06-21,14.712000,14.838000,14.587333,14.640667
2016-06-22,13.298000,13.730000,13.050000,13.110667
2016-06-23,13.046000,13.170000,12.808667,13.093333
2016-06-24,12.670000,13.008000,12.648667,12.876667
2016-06-27,12.724000,13.254000,12.524667,13.236667
2016-06-28,13.459333,13.603333,13.294000,13.452667
2016-06-29,13.675333,14.118667,13.533333,14.012667
2016-06-30,14.198000,14.233333,13.934667,14.152000
2016-07-01,13.742667,14.549333,13.733333,14.433333
2016-07-05,13.982000,14.302667,13.866667,14.265333
2016-07-06,14.000000,14.348667,13.933333,14.296000
2016-07-07,14.206667,14.541333,14.200667,14.396000
2016-07-08,14.520000,14.654000,14.300000,14.452000
2016-07-11,14.664000,15.118667,14.634000,14.985333
2016-07-12,14.940000,15.166667,14.881333,14.976667
2016-07-13,15.033333,15.039333,14.686000,14.835333
2016-07-14,14.874667,14.996000,14.736667,14.768667
2016-07-15,14.834667,14.850000,14.642667,14.693333
2016-07-18,14.642667,15.139333,14.553333,15.083333
2016-07-19,15.000000,15.273333,14.983333,15.017333
2016-07-20,15.098000,15.320000,15.000000,15.224000
2016-07-21,15.066667,15.190000,14.606667,14.700000
2016-07-22,14.799333,14.966667,14.592000,14.818000
2016-07-25,14.818000,15.426000,14.758000,15.334000
2016-07-26,15.179333,15.333333,15.020000,15.300667
2016-07-27,15.289333,15.557333,15.128000,15.232667
2016-07-28,15.196667,15.384000,15.106667,15.374000
2016-07-29,15.380000,15.685333,15.349333,15.652667
2016-08-01,15.700000,15.775333,15.292000,15.334000
2016-08-02,15.291333,15.324667,14.760000,15.146667
2016-08-03,15.158000,15.313333,14.947333,15.052667
2016-08-04,15.046000,15.390667,14.803333,15.374000
2016-08-05,15.333333,15.466667,15.160000,15.335333
2016-08-08,15.200000,15.306667,15.072667,15.077333
2016-08-09,15.121333,15.436000,15.110000,15.272000
2016-08-10,15.216000,15.324667,14.974667,15.043333
2016-08-11,15.078000,15.171333,14.894000,14.994000
2016-08-12,15.027333,15.110000,14.936000,15.040667
2016-08-15,15.068000,15.300000,14.995333,15.039333
2016-08-16,15.032667,15.146000,14.894000,14.907333
2016-08-17,14.955333,14.988667,14.853333,14.882667
2016-08-18,14.921333,15.044000,14.819333,14.900667
2016-08-19,14.902667,15.011333,14.835333,15.000000
2016-08-22,14.944667,15.007333,14.845333,14.862000
2016-08-23,14.954667,15.232667,14.853333,14.989333
2016-08-24,15.136667,15.143333,14.814667,14.841333
2016-08-25,14.874000,14.920000,14.718000,14.730667
2016-08-26,14.809333,14.857333,14.588000,14.666000
2016-08-29,14.676667,14.693333,14.333333,14.346667
2016-08-30,14.407333,14.407333,14.034667,14.089333
2016-08-31,14.028667,14.173333,13.910000,14.134000
2016-09-01,13.934000,14.073333,13.366667,13.384667
2016-09-02,13.488667,13.546667,13.080000,13.185333
2016-09-06,13.268000,13.550000,13.266667,13.522000
2016-09-07,13.700000,13.766667,13.380667,13.447333
2016-09-08,13.303333,13.326000,13.090667,13.157333
2016-09-09,13.272667,13.328000,12.913333,12.964667
2016-09-12,13.000000,13.424667,12.940000,13.220000
2016-09-13,13.137333,13.232667,12.896667,13.070000
2016-09-14,13.050000,13.194667,12.990667,13.094000
2016-09-15,13.099333,13.501333,13.093333,13.361333
2016-09-16,13.361333,13.713333,13.266667,13.693333
2016-09-19,13.800000,13.962000,13.666667,13.756000
2016-09-20,13.790000,13.850000,13.594000,13.642667
2016-09-21,13.758000,13.800000,13.437333,13.681333
2016-09-22,13.760000,13.818667,13.533333,13.762000
2016-09-23,13.732667,14.012000,13.711333,13.830000
2016-09-26,13.766667,14.066667,13.766667,13.932667
2016-09-27,13.976667,13.998667,13.640667,13.720667
2016-09-28,13.834000,13.883333,13.684000,13.751333
2016-09-29,13.706667,13.822000,13.372000,13.380000
2016-09-30,13.480667,13.665333,13.303333,13.602000
2016-10-03,14.153333,14.378000,13.883333,14.246667
2016-10-04,14.206667,14.221333,13.921333,14.094000
2016-10-05,14.149333,14.210000,13.874667,13.897333
2016-10-06,13.497333,13.614000,13.347333,13.400000
2016-10-07,13.400000,13.421333,13.053333,13.107333
2016-10-10,13.423333,13.609333,13.310667,13.396667
2016-10-11,13.456667,13.480000,13.220667,13.340000
2016-10-12,13.396667,13.592000,13.361333,13.434000
2016-10-13,13.366667,13.393333,13.136667,13.349333
2016-10-14,13.377333,13.428667,13.086667,13.100667
2016-10-17,13.136667,13.226000,12.800000,12.930667
2016-10-18,13.066000,13.298000,12.884000,13.273333
2016-10-19,13.316000,13.777333,13.204000,13.570667
2016-10-20,13.474667,13.533333,13.136667,13.273333
2016-10-21,13.240000,13.438000,13.160667,13.339333
2016-10-24,13.400000,13.596667,13.350000,13.517333
2016-10-25,13.526667,13.646000,13.413333,13.489333
2016-10-26,13.400000,13.546000,13.340000,13.482667
2016-10-27,14.089333,14.246667,13.443333,13.600667
2016-10-28,13.600000,13.688000,13.322000,13.331333
2016-10-31,13.499333,13.499333,13.054000,13.182000
2016-11-01,13.202667,13.233333,12.540667,12.719333
2016-11-02,12.670000,12.846667,12.500667,12.534667
2016-11-03,12.600000,12.764667,12.469333,12.494667
2016-11-04,12.600000,12.897333,12.397333,12.704000
2016-11-07,12.906000,12.952667,12.670000,12.880667
2016-11-08,12.919333,13.166000,12.750667,12.996000
2016-11-09,12.458667,12.800000,12.263333,12.670667
2016-11-10,12.736667,12.774000,12.028000,12.356667
2016-11-11,12.282667,12.592000,12.200000,12.570667
2016-11-14,12.533333,12.550000,11.879333,12.096667
2016-11-15,12.185333,12.428667,12.136667,12.251333
2016-11-16,12.176667,12.315333,12.080667,12.262000
2016-11-17,12.232667,12.632667,12.140667,12.577333
2016-11-18,12.710000,12.866667,12.333333,12.334667
2016-11-21,12.336000,12.592667,12.294000,12.301333
2016-11-22,12.389333,12.764667,12.247333,12.744667
2016-11-23,12.707333,13.042667,12.600000,12.876000
2016-11-25,12.909333,13.149333,12.909333,13.110000
2016-11-28,13.032000,13.290000,12.970000,13.074667
2016-11-29,13.037333,13.115333,12.633333,12.638000
2016-11-30,12.733333,12.792667,12.500000,12.626667
2016-12-01,12.550000,12.568667,12.066667,12.125333
2016-12-02,12.192000,12.325333,12.000000,12.098000
2016-12-05,12.167333,12.592667,12.167333,12.453333
2016-12-06,12.368000,12.438667,12.178667,12.390000
2016-12-07,12.410000,12.893333,12.333333,12.876667
2016-12-08,12.803333,12.833333,12.636000,12.819333
2016-12-09,12.724667,12.922667,12.720667,12.812000
2016-12-12,12.853333,12.961333,12.745333,12.828667
2016-12-13,12.878667,13.418667,12.866667,13.210000
2016-12-14,13.249333,13.533333,13.117333,13.246000
2016-12-15,13.227333,13.382667,13.159333,13.172000
2016-12-16,13.205333,13.506000,13.173333,13.499333
2016-12-19,13.499333,13.630000,13.322667,13.515333
2016-12-20,13.536667,13.933333,13.500000,13.919333
2016-12-21,13.896667,14.148667,13.827333,13.846667
2016-12-22,13.881333,13.999333,13.766667,13.896667
2016-12-23,13.866667,14.230000,13.847333,14.222667
2016-12-27,14.325333,14.816667,14.294667,14.635333
2016-12-28,14.768667,14.920000,14.480000,14.649333
2016-12-29,14.570667,14.613333,14.274667,14.312000
2016-12-30,14.420000,14.500000,14.112000,14.246000
2017-01-03,14.324000,14.688667,14.064000,14.466000
2017-01-04,14.316667,15.200000,14.287333,15.132667
2017-01-05,15.094667,15.165333,14.796667,15.116667
2017-01-06,15.128667,15.354000,15.030000,15.267333
2017-01-09,15.264667,15.461333,15.200000,15.418667
2017-01-10,15.466667,15.466667,15.126000,15.324667
2017-01-11,15.271333,15.332000,15.112000,15.315333
2017-01-12,15.270667,15.380000,15.038667,15.306000
2017-01-13,15.333333,15.856667,15.306000,15.850000
2017-01-17,15.780000,15.997333,15.624667,15.705333
2017-01-18,15.776667,15.980667,15.705333,15.890667
2017-01-19,16.483334,16.578667,16.049999,16.250668
2017-01-20,16.364000,16.400000,16.200666,16.315332
2017-01-23,16.389999,16.726000,16.366667,16.594667
2017-01-24,16.666668,16.986668,16.643333,16.974001
2017-01-25,17.153999,17.230667,16.786667,16.964666
2017-01-26,16.952667,17.049334,16.716667,16.834000
2017-01-27,16.758667,16.866667,16.568001,16.863333
2017-01-30,16.835333,17.019333,16.473333,16.708668
2017-01-31,16.615999,17.059334,16.513332,16.795334
2017-02-01,16.870001,16.879999,16.603333,16.615999
2017-02-02,16.556000,16.827999,16.514000,16.770000
2017-02-03,16.794001,16.812000,16.645332,16.755333
2017-02-06,16.733334,17.188000,16.708668,17.184668
2017-02-07,17.212667,17.333332,17.094667,17.165333
2017-02-08,17.156668,17.557333,17.080000,17.472000
2017-02-09,17.750000,18.078667,17.743334,17.946667
2017-02-10,17.986000,18.063334,17.740667,17.948668
2017-02-13,18.049334,18.719334,18.034000,18.706667
2017-02-14,18.601999,19.159332,18.573999,18.732000
2017-02-15,18.666668,18.816000,18.429333,18.650667
2017-02-16,18.506666,18.666668,17.900000,17.930000
2017-02-17,17.719999,18.192667,17.610001,18.148666
2017-02-21,18.363333,18.760000,18.267332,18.492666
2017-02-22,18.687332,18.896667,18.173332,18.233999
2017-02-23,17.600000,17.643999,17.037333,17.066000
2017-02-24,16.844000,17.216667,16.680000,17.133333
2017-02-27,16.544666,16.557333,16.134001,16.415333
2017-02-28,16.279333,16.733334,16.260000,16.666000
2017-03-01,16.945333,16.990000,16.607332,16.667999
2017-03-02,16.647333,16.885332,16.551332,16.698668
2017-03-03,16.716000,16.793333,16.600000,16.771334
2017-03-06,16.527332,16.780001,16.500668,16.747334
2017-03-07,16.794666,16.926001,16.554667,16.572666
2017-03-08,16.466667,16.671333,16.354668,16.458000
2017-03-09,16.508667,16.577333,16.200001,16.326668
2017-03-10,16.414000,16.433332,16.200001,16.246000
2017-03-13,16.321333,16.456667,16.185333,16.411333
2017-03-14,16.407333,17.208000,16.401333,17.200001
2017-03-15,17.133333,17.400000,16.951332,17.048668
2017-03-16,17.493334,17.716667,17.270666,17.469999
2017-03-17,17.600000,17.688667,17.413334,17.433332
2017-03-20,17.373333,17.636667,17.254667,17.461332
2017-03-21,17.521999,17.653334,16.682667,16.712000
2017-03-22,16.770666,17.004667,16.700666,17.000668
2017-03-23,17.025999,17.177999,16.886667,16.985332
2017-03-24,17.046667,17.592667,17.000668,17.544001
2017-03-27,17.373333,18.038000,17.316668,18.014668
2017-03-28,18.468000,18.712000,18.333332,18.496668
2017-03-29,18.556000,18.639999,18.369333,18.492001
2017-03-30,18.535999,18.799999,18.480667,18.528000
2017-03-31,18.582001,18.645332,18.421333,18.553333
2017-04-03,19.126667,19.933332,18.972000,19.901333
2017-04-04,19.792667,20.320667,19.635332,20.246668
2017-04-05,20.136000,20.325333,19.613333,19.666668
2017-04-06,19.792000,20.129333,19.606667,19.913334
2017-04-07,19.833332,20.179333,19.809999,20.169333
2017-04-10,20.610001,20.915333,20.580667,20.826000
2017-04-11,20.892000,20.898001,20.366667,20.580667
2017-04-12,20.422667,20.563334,19.754667,19.789333
2017-04-13,19.780001,20.492666,19.686666,20.266666
2017-04-17,20.180000,20.266666,19.912001,20.096001
2017-04-18,19.980000,20.056000,19.860001,20.016666
2017-04-19,20.164000,20.441334,20.140667,20.368000
2017-04-20,20.434000,20.610001,20.015333,20.167334
2017-04-21,20.133333,20.426666,20.028000,20.373333
2017-04-24,20.614668,20.703333,20.401333,20.535334
2017-04-25,20.533333,20.931999,20.390667,20.919333
2017-04-26,20.824667,20.966667,20.600000,20.677999
2017-04-27,20.779333,20.872667,20.500000,20.575333
2017-04-28,20.655333,20.986668,20.533333,20.938000
2017-05-01,20.992001,21.816668,20.987333,21.521999
2017-05-02,21.600000,21.844000,21.104000,21.259333
2017-05-03,21.177999,21.435333,20.696667,20.734667
2017-05-04,20.496000,20.518000,19.384001,19.697332
2017-05-05,19.866667,20.570000,19.786667,20.556667
2017-05-08,20.726667,20.919333,20.388000,20.479334
2017-05-09,20.625334,21.466000,20.606667,21.417334
2017-05-10,21.437332,21.700001,21.208000,21.681334
2017-05-11,21.559999,21.733334,21.306667,21.540001
2017-05-12,21.698668,21.799999,21.435333,21.653999
2017-05-15,21.225332,21.346666,20.835333,21.058666
2017-05-16,21.172667,21.337334,21.009333,21.134001
2017-05-17,20.959333,20.975332,20.366667,20.407333
2017-05-18,20.466667,20.929333,20.354000,20.870667
2017-05-19,21.033333,21.100000,20.680000,20.722000
2017-05-22,20.853333,20.958000,20.453333,20.690001
2017-05-23,20.697332,20.715334,20.232000,20.257334
2017-05-24,20.434000,20.733334,20.360001,20.681334
2017-05-25,20.734667,21.131332,20.520666,21.122000
2017-05-26,21.152000,21.699333,21.087334,21.676001
2017-05-30,21.733334,22.418667,21.717333,22.340000
2017-05-31,22.512667,22.859333,22.344000,22.733999
2017-06-01,22.933332,22.992001,22.486000,22.691334
2017-06-02,22.651333,22.858667,22.395332,22.656668
2017-06-05,22.566668,23.229334,22.280666,23.154667
2017-06-06,22.980000,23.966000,22.664667,23.523333
2017-06-07,23.756001,24.033333,23.676001,23.976667
2017-06-08,24.250000,24.793333,24.014668,24.666668
2017-06-09,24.961332,25.124666,23.653334,23.821333
2017-06-12,23.865999,24.299999,23.374666,23.934000
2017-06-13,24.507999,25.066668,24.440666,25.063334
2017-06-14,25.406000,25.616667,25.087334,25.377333
2017-06-15,24.833332,25.030666,24.432667,25.022667
2017-06-16,25.198668,25.200666,24.673332,24.760000
2017-06-19,25.000000,25.113333,24.520000,24.653334
2017-06-20,25.111334,25.258667,24.648666,24.816000
2017-06-21,24.956667,25.132668,24.534666,25.093332
2017-06-22,25.199333,25.666668,24.904667,25.507334
2017-06-23,25.496668,25.799334,25.290001,25.563334
2017-06-26,25.779333,25.796667,24.873333,25.166000
2017-06-27,25.093332,25.093332,24.134666,24.158001
2017-06-28,24.445333,24.782667,24.167999,24.749332
2017-06-29,24.707333,24.733334,23.606667,24.049999
2017-06-30,24.247334,24.451332,23.974667,24.107332
2017-07-03,24.682667,24.756666,23.433332,23.507999
2017-07-05,23.146667,23.149332,21.755333,21.806000
2017-07-06,21.150667,21.386000,20.420000,20.588667
2017-07-07,20.900000,21.133333,20.492001,20.881332
2017-07-10,20.860001,21.195999,20.208668,21.070000
2017-07-11,21.066668,21.818666,20.953333,21.814667
2017-07-12,22.026667,22.206667,21.633333,21.968000
2017-07-13,22.007334,22.106667,21.331333,21.560667
2017-07-14,21.546000,21.894667,21.414667,21.851999
2017-07-17,21.702667,21.806667,20.896667,21.304667
2017-07-18,21.166668,21.941999,21.044001,21.882668
2017-07-19,21.882000,22.110001,21.548000,21.684000
2017-07-20,21.793333,22.014668,21.613333,21.994667
2017-07-21,21.964001,22.084000,21.719999,21.893333
2017-07-24,22.016001,22.893333,22.000668,22.834667
2017-07-25,23.000000,23.040001,22.276667,22.639999
2017-07-26,22.690666,23.033333,22.541332,22.923332
2017-07-27,23.066668,23.166668,21.752666,22.297333
2017-07-28,22.459333,22.639999,22.167334,22.337999
2017-07-31,22.366667,22.766001,21.402666,21.564667
2017-08-01,21.533333,21.629999,21.075333,21.304667
2017-08-02,21.262667,21.808001,20.747999,21.726000
2017-08-03,23.021999,23.333332,22.876667,23.139334
2017-08-04,23.133333,23.818001,22.886667,23.794001
2017-08-07,23.823334,23.965334,23.516666,23.677999
2017-08-08,23.835333,24.572001,23.826668,24.348000
2017-08-09,24.066668,24.666668,23.930000,24.235332
2017-08-10,24.106667,24.443333,23.643999,23.693333
2017-08-11,23.798000,24.084000,23.574667,23.858000
2017-08-14,24.308666,24.510668,24.173332,24.253332
2017-08-15,24.346666,24.365999,23.958000,24.155333
2017-08-16,24.200001,24.433332,24.167999,24.194000
2017-08-17,24.080667,24.219999,23.439333,23.461332
2017-08-18,23.527332,23.600000,23.053333,23.164000
2017-08-21,23.054667,23.054667,22.123333,22.524000
2017-08-22,22.742001,22.816000,22.491333,22.756666
2017-08-23,22.599333,23.566000,22.553333,23.518000
2017-08-24,23.501333,23.777332,23.316000,23.528667
2017-08-25,23.615999,23.712667,23.153334,23.203333
2017-08-28,23.152000,23.156668,22.648001,23.044001
2017-08-29,22.632000,23.270000,22.583332,23.157333
2017-08-30,23.311333,23.564667,23.133333,23.545334
2017-08-31,23.570000,23.896000,23.521334,23.726667
2017-09-01,23.741333,23.839333,23.579332,23.693333
2017-09-05,23.586666,23.699333,23.059334,23.306000
2017-09-06,23.299999,23.398666,22.770666,22.968666
2017-09-07,23.065332,23.498667,22.896667,23.374001
2017-09-08,23.266001,23.318666,22.820000,22.893333
2017-09-11,23.423332,24.247334,23.333332,24.246000
2017-09-12,24.299334,24.584000,24.026667,24.183332
2017-09-13,24.254667,24.538000,23.972668,24.415333
2017-09-14,24.288668,25.197332,24.175333,25.176001
2017-09-15,24.967333,25.333332,24.846666,25.320667
2017-09-18,25.350000,25.974001,25.178667,25.666668
2017-09-19,25.333332,25.492666,24.904667,25.006666
2017-09-20,24.866667,25.216667,24.738001,24.927334
2017-09-21,24.993334,25.122000,24.300667,24.431999
2017-09-22,24.432667,24.660000,23.392000,23.406000
2017-09-25,23.543333,23.831333,22.858667,22.999332
2017-09-26,23.395332,23.416000,22.726667,23.016666
2017-09-27,23.326668,23.432667,22.700001,22.731333
2017-09-28,22.658667,22.850000,22.360001,22.639999
2017-09-29,22.790667,22.978666,22.573334,22.740000
2017-10-02,22.834667,22.913334,22.367332,22.768667
2017-10-03,22.393333,23.236668,22.085333,23.209333
2017-10-04,23.416668,23.908001,23.306667,23.667334
2017-10-05,23.733334,23.829332,23.423332,23.688667
2017-10-06,23.540001,24.006666,23.483334,23.792000
2017-10-09,23.309999,23.450001,22.844667,22.862667
2017-10-10,23.120001,23.708668,23.035334,23.705999
2017-10-11,23.592667,23.840000,23.410000,23.639999
2017-10-12,23.530001,23.985332,23.509333,23.712000
2017-10-13,23.798668,23.899332,23.578667,23.704666
2017-10-16,23.584000,23.632000,23.143999,23.373333
2017-10-17,23.393999,23.747999,23.337999,23.716667
2017-10-18,23.731333,24.200001,23.608667,23.976667
2017-10-19,23.704000,23.809999,23.213333,23.454000
2017-10-20,23.512667,23.636667,22.955999,23.006666
2017-10-23,23.325333,23.330000,22.416668,22.468000
2017-10-24,22.586666,22.853333,22.410667,22.489332
2017-10-25,22.446667,22.500000,21.570667,21.722668
2017-10-26,21.851999,22.015333,21.546667,21.744667
2017-10-27,21.316668,21.639334,21.110666,21.391333
2017-10-30,21.278667,21.585333,21.150000,21.338667
2017-10-31,21.348667,22.129999,21.345333,22.101999
2017-11-01,22.150000,22.174000,21.350668,21.405333
2017-11-02,20.008667,20.579332,19.508667,19.950666
2017-11-03,19.966667,20.416668,19.675333,20.406000
2017-11-06,20.466667,20.500000,19.934000,20.185333
2017-11-07,20.068001,20.433332,20.002001,20.403334
2017-11-08,20.366667,20.459333,20.086666,20.292667
2017-11-09,20.166668,20.297333,19.753332,20.199333
2017-11-10,20.166668,20.557333,20.123333,20.199333
2017-11-13,20.008667,21.120001,19.940666,21.026667
2017-11-14,21.000000,21.090000,20.459999,20.580000
2017-11-15,20.400667,20.832666,20.100000,20.753332
2017-11-16,20.932667,21.209333,20.753332,20.833332
2017-11-17,21.711332,21.778000,20.876667,21.003332
2017-11-20,20.919333,21.033333,20.316668,20.582666
2017-11-21,20.724001,21.215334,20.580667,21.187332
2017-11-22,21.118000,21.161333,20.789333,20.840000
2017-11-24,20.919333,21.094000,20.733334,21.036667
2017-11-27,20.883333,21.156000,20.634001,21.120667
2017-11-28,21.090668,21.333332,20.927999,21.170000
2017-11-29,21.153334,21.200001,20.082001,20.502666
2017-11-30,20.570667,20.713333,20.302668,20.590000
2017-12-01,20.362667,20.688000,20.336666,20.435333
2017-12-04,20.433332,20.551332,20.040667,20.346666
2017-12-05,20.133333,20.533333,20.066668,20.246668
2017-12-06,20.006666,20.892668,20.000000,20.884001
2017-12-07,20.799999,21.242001,20.736668,20.749332
2017-12-08,20.973333,21.132000,20.750668,21.008667
2017-12-11,20.975332,21.934000,20.916668,21.927334
2017-12-12,22.030001,22.762667,22.002001,22.735332
2017-12-13,22.728666,22.948000,22.433332,22.601999
2017-12-14,22.733999,23.162666,22.459999,22.525999
2017-12-15,22.802668,22.926666,22.384001,22.896667
2017-12-18,22.993334,23.115334,22.505333,22.591333
2017-12-19,22.684000,22.766001,22.020000,22.073334
2017-12-20,22.179333,22.206667,21.669333,21.931999
2017-12-21,21.972668,22.249332,21.813999,22.110666
2017-12-22,21.967333,22.061333,21.654667,21.680000
2017-12-26,21.588667,21.596001,21.105333,21.152666
2017-12-27,21.066668,21.178667,20.716667,20.775999
2017-12-28,20.783333,21.054667,20.636000,21.024000
2017-12-29,21.078667,21.094000,20.666668,20.756666
2018-01-02,20.799999,21.474001,20.733334,21.368668
2018-01-03,21.400000,21.683332,21.036667,21.150000
2018-01-04,20.858000,21.236668,20.378668,20.974667
2018-01-05,21.108000,21.149332,20.799999,21.105333
2018-01-08,21.066668,22.468000,21.033333,22.427334
2018-01-09,22.344000,22.586666,21.826668,22.246000
2018-01-10,22.146667,22.466667,22.000000,22.320000
2018-01-11,22.349333,22.987333,22.217333,22.530001
2018-01-12,22.575333,22.694000,22.244667,22.414667
2018-01-16,22.502666,23.000000,22.320000,22.670668
2018-01-17,22.698000,23.266666,22.650000,23.143999
2018-01-18,23.044666,23.486668,22.916000,22.971333
2018-01-19,23.000000,23.372667,22.840000,23.334667
2018-01-22,23.293333,23.855333,23.280001,23.437332
2018-01-23,24.000000,24.033333,23.400000,23.519333
2018-01-24,23.638666,23.650000,22.901333,23.059334
2018-01-25,23.218000,23.280001,22.426666,22.509333
2018-01-26,22.766666,22.933332,22.380667,22.856667
2018-01-29,22.656668,23.389999,22.552000,23.302000
2018-01-30,23.009333,23.218000,22.811333,23.054667
2018-01-31,23.167334,23.746000,23.012667,23.620667
2018-02-01,23.400000,23.977333,23.242001,23.283333
2018-02-02,23.229334,23.463333,22.700666,22.916668
2018-02-05,22.531334,22.964666,22.200001,22.208668
2018-02-06,21.680668,22.414667,21.566668,22.264668
2018-02-07,22.599333,23.066668,22.377333,23.000000
2018-02-08,22.887333,23.241333,20.973333,21.015333
2018-02-09,21.328667,21.398666,19.650667,20.694668
2018-02-12,21.075333,21.205334,20.416668,21.048668
2018-02-13,21.001333,21.612667,20.834000,21.577333
2018-02-14,21.389334,21.744667,21.234667,21.487333
2018-02-15,21.633333,22.274668,21.493334,22.271334
2018-02-16,22.166668,22.874666,22.109333,22.365999
2018-02-20,22.298000,22.722668,22.100000,22.318001
2018-02-21,22.402000,22.646000,22.211332,22.219999
2018-02-22,22.368668,23.162666,22.316668,23.077999
2018-02-23,23.188667,23.666000,23.139999,23.469999
2018-02-26,23.566668,23.933332,23.490667,23.827999
2018-02-27,23.750000,23.999332,23.334000,23.399332
2018-02-28,23.504667,23.682667,22.814667,22.870667
2018-03-01,23.000668,23.244667,22.004667,22.062000
2018-03-02,21.798668,22.348000,21.531334,22.341333
2018-03-05,22.159332,22.516666,21.952667,22.223333
2018-03-06,22.250000,22.424667,21.802000,21.879999
2018-03-07,21.695999,22.166668,21.449333,22.153334
2018-03-08,22.190666,22.219999,21.751333,21.940001
2018-03-09,21.606667,21.899332,21.491333,21.811333
2018-03-12,21.907333,23.147333,21.766666,23.034000
2018-03-13,21.907333,23.147333,21.766666,22.789333
2018-03-14,22.450666,22.653999,21.595333,21.775333
2018-03-15,21.958668,22.190001,21.406668,21.706667
2018-03-16,21.528667,21.826668,21.271334,21.423332
2018-03-19,21.100000,21.383333,20.644667,20.903999
2018-03-20,20.991333,21.083332,20.584000,20.703333
2018-03-21,20.683332,21.496000,20.679333,21.101999
2018-03-22,20.926001,21.254667,20.545334,20.606667
2018-03-23,20.750000,20.750000,20.030001,20.102667
2018-03-26,20.489332,20.506001,19.424000,20.278667
2018-03-27,20.266666,20.284666,18.478666,18.612000
2018-03-28,17.638666,17.912001,16.806667,17.185333
2018-03-29,17.099333,18.063999,16.547333,17.742001
2018-04-02,17.084000,17.355333,16.306000,16.832001
2018-04-03,17.988001,18.223333,16.966000,17.835333
2018-04-04,16.851999,19.224667,16.799999,19.129333
2018-04-05,19.289333,20.417334,19.213333,20.381332
2018-04-06,20.066668,20.618668,19.700001,19.953333
2018-04-09,20.024668,20.633333,19.280666,19.310667
2018-04-10,19.931334,20.473333,19.578667,20.313334
2018-04-11,20.049334,20.598667,19.977333,20.062000
2018-04-12,20.154667,20.263332,19.578667,19.605333
2018-04-13,20.240000,20.263332,19.732000,20.022667
2018-04-16,19.933332,19.977333,19.267332,19.414000
2018-04-17,19.257999,19.478001,18.834000,19.179333
2018-04-18,19.405333,20.016001,19.210667,19.556667
2018-04-19,19.405333,20.067333,19.236668,20.005333
2018-04-20,19.677999,19.998667,19.316668,19.349333
2018-04-23,19.419333,19.441334,18.822001,18.891333
2018-04-24,19.000000,19.139334,18.563999,18.897333
2018-04-25,18.900000,19.010668,18.483334,18.712667
2018-04-26,18.583332,19.052668,18.433332,19.032000
2018-04-27,19.024668,19.631332,18.922001,19.605333
2018-04-30,19.573999,19.915333,19.500000,19.593332
2018-05-01,19.567333,20.054667,19.548000,19.994667
2018-05-02,19.904667,20.456667,19.851999,20.076668
2018-05-03,18.586000,19.202667,18.348667,18.963333
2018-05-04,18.866667,19.790667,18.634666,19.606001
2018-05-07,19.833332,20.397333,19.677999,20.184668
2018-05-08,20.053333,20.516666,19.933332,20.131332
2018-05-09,20.027332,20.467333,20.003332,20.456667
2018-05-10,20.500000,20.865999,20.274000,20.334667
2018-05-11,20.513332,20.591999,19.938667,20.070667
2018-05-14,20.221333,20.329332,19.441334,19.464666
2018-05-15,19.000668,19.130667,18.700001,18.945333
2018-05-16,18.922001,19.254000,18.770666,19.098667
2018-05-17,19.059999,19.279333,18.931334,18.969334
2018-05-18,18.976667,18.976667,18.266666,18.454666
2018-05-21,18.755333,19.432667,18.753332,18.966000
2018-05-22,19.184000,19.200001,18.228001,18.334000
2018-05-23,18.517332,18.660667,18.266666,18.604668
2018-05-24,18.559999,18.740667,18.326000,18.523333
2018-05-25,18.508667,18.642668,18.374001,18.590000
2018-05-29,18.567333,19.100000,18.410000,18.917334
2018-05-30,18.886000,19.667334,18.773333,19.448000
2018-05-31,19.147333,19.358000,18.862000,18.982000
2018-06-01,19.057333,19.463333,18.922667,19.454666
2018-06-04,19.622667,19.933332,19.570000,19.782667
2018-06-05,19.846666,19.853333,19.115999,19.408667
2018-06-06,20.033333,21.478001,19.832001,21.299999
2018-06-07,21.076668,22.000000,20.905333,21.072666
2018-06-08,21.266666,21.632000,21.143333,21.177334
2018-06-11,21.500668,22.310667,21.500000,22.139999
2018-06-12,22.980000,23.664667,22.533333,22.851334
2018-06-13,23.114000,23.146667,22.653334,22.985332
2018-06-14,23.175333,23.916668,23.106667,23.848000
2018-06-15,23.589333,24.311333,23.416668,23.878000
2018-06-18,23.693333,24.915333,23.633333,24.722000
2018-06-19,24.344000,24.666668,23.083332,23.503332
2018-06-20,23.869333,24.292000,23.466667,24.148001
2018-06-21,24.133333,24.414000,23.084667,23.167334
2018-06-22,23.436001,23.483334,22.133333,22.242001
2018-06-25,22.007999,22.564667,21.833332,22.200666
2018-06-26,22.403334,22.903334,21.719999,22.799999
2018-06-27,23.000000,23.386000,22.633333,22.966667
2018-06-28,23.243999,23.801332,23.073999,23.328667
2018-06-29,23.555332,23.590668,22.827333,22.863333
2018-07-02,24.004667,24.318666,21.990000,22.337999
2018-07-03,22.116667,22.166000,20.646000,20.724001
2018-07-05,20.917334,20.959333,19.747999,20.610666
2018-07-06,20.330000,20.804667,20.133333,20.593332
2018-07-09,20.799334,21.234667,20.533333,21.233999
2018-07-10,21.637333,21.845333,21.280001,21.497999
2018-07-11,21.053333,21.462667,21.004667,21.264000
2018-07-12,21.428667,21.548668,20.851334,21.114000
2018-07-13,21.038668,21.305332,20.616667,21.257999
2018-07-16,20.780666,21.010668,20.416668,20.673332
2018-07-17,20.587334,21.649332,20.566668,21.512667
2018-07-18,21.666668,21.700001,21.083332,21.590000
2018-07-19,21.088667,21.569332,20.934000,21.348667
2018-07-20,21.415333,21.549334,20.780666,20.905333
2018-07-23,20.122667,20.366667,19.524000,20.213333
2018-07-24,20.294666,20.514668,19.503332,19.828667
2018-07-25,19.782667,20.641333,19.633333,20.582666
2018-07-26,20.323334,20.713333,20.242666,20.443333
2018-07-27,20.483334,20.512667,19.689333,19.812000
2018-07-30,19.726667,19.740000,19.075333,19.344667
2018-07-31,19.483334,19.888000,19.271334,19.875999
2018-08-01,19.865999,20.200001,19.533333,20.056000
2018-08-02,21.896000,23.332666,21.544001,23.302668
2018-08-03,23.187332,23.666668,22.835333,23.211332
2018-08-06,23.030666,23.665333,22.788000,22.799334
2018-08-07,22.922667,25.830667,22.610001,25.304667
2018-08-08,24.606001,25.509333,24.474667,24.689333
2018-08-09,24.370001,24.467333,23.048668,23.496668
2018-08-10,23.600000,24.000000,23.066668,23.699333
2018-08-13,24.075333,24.212667,23.268000,23.760668
2018-08-14,23.896667,23.946667,23.139999,23.176001
2018-08-15,22.794001,22.966000,22.142668,22.579332
2018-08-16,22.660667,22.818666,22.254667,22.363333
2018-08-17,21.566668,21.784666,20.235332,20.366667
2018-08-20,19.446667,20.566668,19.213333,20.562668
2018-08-21,20.707333,21.652666,20.600000,21.459999
2018-08-22,21.391333,21.591999,20.978001,21.442667
2018-08-23,21.275999,21.821333,21.206667,21.340000
2018-08-24,21.379999,21.590000,21.293333,21.521334
2018-08-27,21.200001,21.496000,20.587334,21.284666
2018-08-28,21.227333,21.258667,20.746000,20.790667
2018-08-29,20.684668,20.790001,20.246000,20.334000
2018-08-30,20.150667,20.306667,19.848000,20.209999
2018-08-31,20.133333,20.354000,19.906668,20.110666
2018-09-04,19.796000,19.879333,19.200001,19.263332
2018-09-05,19.003332,19.118668,18.478666,18.716000
2018-09-06,18.986668,19.411333,18.591999,18.730000
2018-09-07,17.340000,17.889999,16.816668,17.549334
2018-09-10,18.217333,19.068666,18.066668,19.033333
2018-09-11,18.631332,18.799999,18.236668,18.629333
2018-09-12,18.762667,19.500000,18.576668,19.369333
2018-09-13,19.201332,19.666668,19.011999,19.297333
2018-09-14,19.250668,19.822001,19.101334,19.680000
2018-09-17,19.336000,20.058001,19.208668,19.656000
2018-09-18,19.779333,20.176001,18.366667,18.997334
2018-09-19,18.700666,20.000000,18.700001,19.934668
2018-09-20,20.237333,20.398666,19.555332,19.888666
2018-09-21,19.846666,20.038668,19.691334,19.940001
2018-09-24,19.898666,20.200001,19.572001,19.978666
2018-09-25,20.000000,20.306667,19.766666,20.066000
2018-09-26,20.127333,20.926001,20.073999,20.638666
2018-09-27,20.860001,20.997334,20.460667,20.501333
2018-09-28,18.017332,18.533333,17.370667,17.651333
2018-10-01,20.384666,20.762667,20.070000,20.713333
2018-10-02,20.930000,21.122667,19.943333,20.068001
2018-10-03,20.222000,20.306667,19.438000,19.653334
2018-10-04,19.596666,19.600000,18.511333,18.788668
2018-10-05,18.309999,18.325333,17.333332,17.463333
2018-10-08,17.634666,17.850668,16.600000,16.704000
2018-10-09,17.016666,17.784666,16.886667,17.520000
2018-10-10,17.640667,17.700666,16.518000,17.125334
2018-10-11,17.168667,17.483334,16.601999,16.815332
2018-10-12,17.400000,17.466000,16.800667,17.252001
2018-10-15,17.270666,17.552000,16.969334,17.306000
2018-10-16,17.713333,18.492001,17.482668,18.439333
2018-10-17,18.826668,18.846666,17.719999,18.118668
2018-10-18,17.952667,18.066668,17.533333,17.594000
2018-10-19,17.826000,17.977333,16.900000,17.333332
2018-10-22,17.378668,17.457333,16.839333,17.396667
2018-10-23,17.591333,19.862000,17.473333,19.609333
2018-10-24,20.070000,20.296000,19.048668,19.233334
2018-10-25,21.148001,21.400000,20.067333,20.990667
2018-10-26,20.549999,22.660000,20.443333,22.059999
2018-10-29,22.497999,23.143999,21.766666,22.323334
2018-10-30,21.892668,22.526667,21.483999,21.993334
2018-10-31,22.169333,22.799999,21.940001,22.488001
2018-11-01,22.550667,23.189333,22.315332,22.952000
2018-11-02,22.916000,23.280001,22.727333,23.094000
2018-11-05,22.700001,22.930668,22.009333,22.760000
2018-11-06,22.604668,23.253332,22.406000,22.737333
2018-11-07,22.889334,23.412001,22.719999,23.210667
2018-11-08,23.233334,23.838667,23.229334,23.426666
2018-11-09,23.266666,23.600000,23.015333,23.367332
2018-11-12,23.224667,23.318666,22.022667,22.085333
2018-11-13,22.210667,22.980000,22.146667,22.582001
2018-11-14,22.846666,23.140667,22.476667,22.933332
2018-11-15,22.822001,23.238667,22.602667,23.229334
2018-11-16,23.012667,23.713333,23.007999,23.620667
2018-11-19,23.756001,24.450001,23.525333,23.564667
2018-11-20,22.783333,23.320000,22.236668,23.166000
2018-11-21,23.466667,23.540001,22.493334,22.546000
2018-11-23,22.290001,22.500000,21.703333,21.722000
2018-11-26,21.666668,23.081333,21.666668,23.066668
2018-11-27,22.670000,23.130667,22.366667,22.927999
2018-11-28,23.066000,23.218666,22.813999,23.191334
2018-11-29,23.133333,23.166668,22.636667,22.744667
2018-11-30,22.788668,23.440001,22.550667,23.365334
2018-12-03,24.000000,24.400000,23.466667,23.899332
2018-12-04,23.736668,24.578667,23.466667,23.980000
2018-12-06,23.733999,24.492001,23.384001,24.204000
2018-12-07,24.600000,25.299334,23.843332,23.864668
2018-12-10,24.000000,24.398666,23.541332,24.343332
2018-12-11,24.660667,24.811333,24.015333,24.450666
2018-12-12,24.628000,24.794001,24.344000,24.440001
2018-12-13,24.676666,25.162666,24.450001,25.119333
2018-12-14,25.000000,25.191334,24.288668,24.380667
2018-12-17,24.133333,24.379999,22.925333,23.228001
2018-12-18,23.369333,23.436666,22.246000,22.468666
2018-12-19,22.506666,23.134001,21.982668,22.198000
2018-12-20,21.803333,22.019333,20.791332,21.025333
2018-12-21,21.160000,21.564667,20.829332,21.318001
2018-12-24,20.900000,20.966667,19.680000,19.692667
2018-12-26,20.000000,21.798000,19.606001,21.739332
2018-12-27,21.322666,21.478001,20.100000,21.075333
2018-12-28,21.540001,22.416000,21.227333,22.257999
2018-12-31,22.519333,22.614000,21.684000,22.186666
2019-01-02,20.406668,21.008667,19.920000,20.674667
2019-01-03,20.466667,20.626667,19.825333,20.024000
2019-01-04,20.400000,21.200001,20.181999,21.179333
2019-01-07,21.448000,22.449333,21.183332,22.330667
2019-01-08,22.797333,22.934000,21.801332,22.356667
2019-01-09,22.366667,22.900000,22.098000,22.568666
2019-01-10,22.293333,23.025999,22.119333,22.997999
2019-01-11,22.806000,23.227333,22.584667,23.150667
2019-01-14,22.825333,22.833332,22.266666,22.293333
2019-01-15,22.333332,23.253332,22.299999,22.962000
2019-01-16,22.985332,23.466667,22.900000,23.070000
2019-01-17,23.080667,23.433332,22.943333,23.153999
2019-01-18,21.533333,21.808666,19.982000,20.150667
2019-01-22,20.321333,20.533333,19.700001,19.927999
2019-01-23,19.500000,19.633333,18.779333,19.172667
2019-01-24,18.868668,19.578667,18.618668,19.434000
2019-01-25,19.625999,19.901333,19.303333,19.802668
2019-01-28,19.527332,19.830667,19.183332,19.758667
2019-01-29,19.684668,19.903999,19.453333,19.830667
2019-01-30,20.030001,20.600000,19.899332,20.584667
2019-01-31,20.066668,20.770666,19.600000,20.468000
2019-02-01,20.361334,21.073334,20.233334,20.813999
2019-02-04,20.865334,21.020000,20.125334,20.859333
2019-02-05,20.832666,21.496000,20.816668,21.423332
2019-02-06,21.306000,21.615999,21.041332,21.148001
2019-02-07,20.886667,20.980000,20.200001,20.500668
2019-02-08,20.455334,20.496668,19.900000,20.386667
2019-02-11,20.773333,21.240000,20.700001,20.856001
2019-02-12,21.080000,21.212667,20.641333,20.787333
2019-02-13,20.823334,20.850000,20.371332,20.544666
2019-02-14,20.225332,20.451332,20.066668,20.251333
2019-02-15,20.299999,20.533333,20.260000,20.525333
2019-02-19,20.437332,20.769333,20.364668,20.375999
2019-02-20,20.294001,20.420000,19.933332,20.170668
2019-02-21,20.120667,20.216000,19.366667,19.415333
2019-02-22,19.632668,19.766666,19.473333,19.647333
2019-02-25,19.860666,20.193333,19.799999,19.917999
2019-02-26,19.481333,20.134001,19.251333,19.857332
2019-02-27,20.118668,21.086666,20.036667,20.982668
2019-02-28,21.261333,21.333332,20.720667,21.325333
2019-03-01,20.462667,20.475332,19.459999,19.652666
2019-03-04,19.874666,19.933332,18.851999,19.024000
2019-03-05,18.799999,18.933332,18.006666,18.436001
2019-03-06,18.431999,18.767332,18.292667,18.416000
2019-03-07,18.589333,18.980000,18.283333,18.439333
2019-03-08,18.460667,19.039333,18.392668,18.942667
2019-03-11,18.901333,19.418667,18.700001,19.394667
2019-03-12,19.099333,19.204666,18.737333,18.890667
2019-03-13,18.926666,19.466000,18.846666,19.264000
2019-03-14,19.496668,19.692667,19.219334,19.330667
2019-03-15,18.900667,18.914667,18.293333,18.362000
2019-03-18,18.400000,18.536667,17.820000,17.966000
2019-03-19,17.833332,18.219999,17.563999,17.831333
2019-03-20,17.979334,18.331333,17.753332,18.240000
2019-03-21,18.173332,18.430000,17.896667,18.268000
2019-03-22,18.172001,18.186666,17.600000,17.635332
2019-03-25,17.313999,17.545334,16.964001,17.361334
2019-03-26,17.629333,18.017332,17.628668,17.851334
2019-03-27,17.916668,18.358000,17.878668,18.322001
2019-03-28,18.477333,18.688667,18.340000,18.574667
2019-03-29,18.580000,18.677334,18.299999,18.657333
2019-04-01,18.841333,19.280001,18.752001,19.278667
2019-04-02,19.219999,19.296000,18.925333,19.058666
2019-04-03,19.154667,19.744667,19.144667,19.454000
2019-04-04,17.459333,18.080000,17.372667,17.851999
2019-04-05,17.990667,18.406668,17.740667,18.330667
2019-04-08,18.512667,18.743999,18.029333,18.213333
2019-04-09,18.110001,18.333332,17.974001,18.153999
2019-04-10,18.449333,18.558666,18.192667,18.403999
2019-04-11,17.886667,18.033333,17.706667,17.894667
2019-04-12,18.014668,18.129999,17.788668,17.846666
2019-04-15,17.908667,17.925333,17.242001,17.758667
2019-04-16,17.716667,18.333332,17.648001,18.224001
2019-04-17,18.316668,18.319332,17.902666,18.082001
2019-04-18,18.082001,18.322666,17.983334,18.217333
2019-04-22,17.933332,17.978666,17.498667,17.516666
2019-04-23,17.343332,17.706667,17.049999,17.593332
2019-04-24,17.590000,17.688000,17.200001,17.243999
2019-04-25,17.000000,17.266666,16.404667,16.508667
2019-04-26,16.433332,16.445333,15.408667,15.676000
2019-04-29,15.724000,16.265333,15.478000,16.098000
2019-04-30,16.137333,16.280666,15.800000,15.912667
2019-05-01,15.923333,16.000000,15.433333,15.600667
2019-05-02,16.368000,16.475332,15.848000,16.273333
2019-05-03,16.257334,17.107332,16.232668,17.002001
2019-05-06,16.667999,17.223333,16.566668,17.022667
2019-05-07,17.120001,17.147333,16.340000,16.470667
2019-05-08,16.462667,16.706667,16.280001,16.322666
2019-05-09,16.133333,16.245333,15.796000,16.132000
2019-05-10,15.983333,16.132668,15.734667,15.968000
2019-05-13,15.467333,15.498000,14.966667,15.134000
2019-05-14,15.286667,15.633333,15.200000,15.487333
2019-05-15,15.288000,15.496000,15.016667,15.463333
2019-05-16,15.299333,15.400000,15.100000,15.222000
2019-05-17,14.797333,14.816000,13.928000,14.068667
2019-05-20,13.520000,13.733333,13.016667,13.690667
2019-05-21,13.184000,13.826667,13.069333,13.672000
2019-05-22,13.273333,13.596000,12.785333,12.848667
2019-05-23,12.956000,13.298000,12.414667,13.032667
2019-05-24,13.322000,13.332000,12.583333,12.708667
2019-05-28,12.746667,13.000000,12.523333,12.580000
2019-05-29,12.473333,12.826000,12.336000,12.657333
2019-05-30,12.583333,12.817333,12.468000,12.548000
2019-05-31,12.340000,12.661333,12.273333,12.344000
2019-06-03,12.367333,12.445333,11.799333,11.931333
2019-06-04,12.073333,12.932000,11.974000,12.906667
2019-06-05,13.245333,13.418667,12.790000,13.106000
2019-06-06,13.629333,14.066667,13.453333,13.730000
2019-06-07,13.666667,14.056000,13.566667,13.633333
2019-06-10,14.016667,14.462667,13.934000,14.192000
2019-06-11,14.609333,14.726667,14.233333,14.473333
2019-06-12,14.863333,14.892000,13.933333,13.950667
2019-06-13,14.025333,14.326667,13.834000,14.260667
2019-06-14,14.083333,14.443333,14.026667,14.328000
2019-06-17,14.365333,15.133333,14.284667,15.002000
2019-06-18,15.248000,15.649333,14.837333,14.982667
2019-06-19,15.007333,15.184667,14.737333,15.095333
2019-06-20,14.866667,15.126667,14.423333,14.641333
2019-06-21,14.414667,14.812000,14.366667,14.790667
2019-06-24,14.882667,15.057333,14.734667,14.909333
2019-06-25,14.959333,15.022667,14.632667,14.650667
2019-06-26,14.687333,15.148667,14.540000,14.618000
2019-06-27,14.630000,14.860000,14.490000,14.856000
2019-06-28,14.732667,15.011333,14.720000,14.897333
2019-07-01,15.347333,15.540000,15.085333,15.144667
2019-07-02,15.259333,15.276667,14.814667,14.970000
2019-07-03,15.959333,16.104668,15.634000,15.660000
2019-07-05,15.638000,15.696667,15.386667,15.540000
2019-07-08,15.416000,15.483333,15.244000,15.356000
2019-07-09,15.264667,15.400000,15.152000,15.337333
2019-07-10,15.610000,15.929333,15.542667,15.928000
2019-07-11,15.876000,16.100000,15.720000,15.906667
2019-07-12,15.983333,16.358667,15.980667,16.338667
2019-07-15,16.533333,16.961332,16.323999,16.900000
2019-07-16,16.620001,16.902000,16.528667,16.825333
2019-07-17,17.044666,17.220667,16.889999,16.990667
2019-07-18,17.003332,17.049999,16.792667,16.902666
2019-07-19,17.046000,17.330667,16.974667,17.212000
2019-07-22,17.250000,17.476667,16.945999,17.045334
2019-07-23,17.114000,17.365334,16.966667,17.344667
2019-07-24,17.278000,17.738001,17.210667,17.658667
2019-07-25,15.566667,15.633333,15.036667,15.254667
2019-07-26,15.128000,15.350667,14.816667,15.202667
2019-07-29,15.139333,15.729333,15.068667,15.718000
2019-07-30,15.526667,16.224001,15.478667,16.150667
2019-07-31,16.200001,16.445333,15.776667,16.107332
2019-08-01,16.176666,16.300667,15.451333,15.590000
2019-08-02,15.423333,15.751333,15.282000,15.622667
2019-08-05,15.306667,15.424667,15.052000,15.221333
2019-08-06,15.458667,15.500000,15.050000,15.383333
2019-08-07,15.100000,15.571333,15.053333,15.561333
2019-08-08,15.630000,15.986667,15.510000,15.886667
2019-08-09,15.736667,15.930667,15.587333,15.667333
2019-08-12,15.532667,15.718000,15.250000,15.267333
2019-08-13,15.254000,15.733333,15.170000,15.666667
2019-08-14,15.414000,15.433333,14.446000,14.641333
2019-08-15,14.724000,14.770667,14.103333,14.376000
2019-08-16,14.444000,14.816000,14.401333,14.662667
2019-08-19,14.947333,15.188667,14.780000,15.122000
2019-08-20,15.174667,15.272667,14.969333,15.057333
2019-08-21,14.800667,14.881333,14.506667,14.722000
2019-08-22,14.853333,15.026667,14.548000,14.810000
2019-08-23,14.664667,14.744667,14.066667,14.093333
2019-08-26,14.240000,14.334667,14.102667,14.333333
2019-08-27,14.382667,14.586667,14.135333,14.272000
2019-08-28,14.246000,14.483333,14.154000,14.372667
2019-08-29,14.600000,14.893333,14.533333,14.780667
2019-08-30,15.276667,15.496000,14.947333,15.040667
2019-09-03,14.938667,15.263333,14.877333,15.000667
2019-09-04,15.126000,15.230667,14.614000,14.712000
2019-09-05,14.833333,15.320000,14.723333,15.305333
2019-09-06,15.146667,15.309333,15.011333,15.163333
2019-09-09,15.333333,15.584000,15.282000,15.452667
2019-09-10,15.386667,15.702667,15.262667,15.702667
2019-09-11,15.825333,16.544666,15.733333,16.473333
2019-09-12,16.513332,16.900000,16.293333,16.391333
2019-09-13,16.464001,16.563334,16.324667,16.346666
2019-09-16,16.400000,16.495333,16.077999,16.187332
2019-09-17,16.164667,16.373333,16.024668,16.319332
2019-09-18,16.333332,16.544666,16.158001,16.232668
2019-09-19,16.400000,16.529333,16.322666,16.440001
2019-09-20,16.432667,16.463333,15.877333,16.041332
2019-09-23,16.000000,16.345333,15.948000,16.082001
2019-09-24,16.101334,16.132668,14.840667,14.880667
2019-09-25,14.970667,15.265333,14.557333,15.246667
2019-09-26,15.377333,16.220667,15.160000,16.170668
2019-09-27,16.146667,16.580667,15.915333,16.142000
2019-09-30,16.200001,16.265333,15.740667,16.058001
2019-10-01,16.100000,16.396667,15.942000,16.312668
2019-10-02,16.219334,16.309999,15.962000,16.208668
2019-10-03,15.457333,15.632000,14.952000,15.535333
2019-10-04,15.440667,15.652000,15.204667,15.428667
2019-10-07,15.320000,15.904000,15.236667,15.848000
2019-10-08,15.724667,16.262667,15.633333,16.003332
2019-10-09,16.087999,16.486668,16.043333,16.302000
2019-10-10,16.351999,16.618668,16.105333,16.316000
2019-10-11,16.476667,16.738667,16.454000,16.525999
2019-10-14,16.526667,17.236668,16.475332,17.130667
2019-10-15,17.180000,17.333332,16.941334,17.192667
2019-10-16,17.159332,17.473333,17.128000,17.316668
2019-10-17,17.500000,17.652000,17.344667,17.464666
2019-10-18,17.379999,17.520000,17.006666,17.129999
2019-10-21,17.222000,17.299999,16.678667,16.900000
2019-10-22,16.954666,17.222000,16.723333,17.038668
2019-10-23,16.966667,17.076000,16.756666,16.978666
2019-10-24,19.891333,20.328667,19.280001,19.978666
2019-10-25,19.848000,22.000000,19.740667,21.875334
2019-10-28,21.836000,22.722668,21.506666,21.847334
2019-10-29,21.332666,21.620001,20.983334,21.081333
2019-10-30,20.866667,21.252666,20.664667,21.000668
2019-10-31,20.873333,21.266666,20.866667,20.994667
2019-11-01,21.087999,21.098667,20.653334,20.887333
2019-11-04,20.986668,21.462667,20.617332,21.164667
2019-11-05,21.308001,21.567333,21.074667,21.148001
2019-11-06,21.200001,21.781334,20.966667,21.771999
2019-11-07,21.942667,22.766666,21.868000,22.369333
2019-11-08,22.299999,22.497334,22.166668,22.476000
2019-11-11,22.930000,23.279333,22.799999,23.006001
2019-11-12,23.126667,23.358000,22.936001,23.328667
2019-11-13,23.666668,23.755333,23.011999,23.073999
2019-11-14,23.073999,23.589333,22.860666,23.290001
2019-11-15,23.375999,23.520000,23.224001,23.478001
2019-11-18,23.528000,23.543333,23.073334,23.332666
2019-11-19,23.450001,23.999332,23.186666,23.968000
2019-11-20,24.000000,24.080000,23.304667,23.481333
2019-11-21,23.634001,24.056000,23.600000,23.655333
2019-11-22,22.677334,22.733334,22.000000,22.202667
2019-11-25,22.954666,22.971333,22.297333,22.422667
2019-11-26,22.351334,22.366667,21.806667,21.927999
2019-11-27,22.074667,22.261999,21.904667,22.086000
2019-11-29,22.073999,22.084000,21.833332,21.996000
2019-12-02,21.959999,22.425333,21.912666,22.324667
2019-12-03,22.174667,22.527332,22.146000,22.413334
2019-12-04,22.516666,22.524000,22.190001,22.202000
2019-12-05,22.188667,22.294666,21.816668,22.024668
2019-12-06,22.333332,22.590668,22.318001,22.392668
2019-12-09,22.439333,22.963333,22.338667,22.635332
2019-12-10,22.664000,23.382000,22.620667,23.256001
2019-12-11,23.458668,23.812668,23.406000,23.513332
2019-12-12,23.661333,24.182667,23.548668,23.978666
2019-12-13,24.070000,24.347334,23.642668,23.892668
2019-12-16,24.170000,25.573999,24.166668,25.433332
2019-12-17,25.266001,25.700001,25.059999,25.266001
2019-12-18,25.375334,26.348000,25.372000,26.209999
2019-12-19,26.488001,27.123333,26.433332,26.936001
2019-12-20,27.352667,27.533333,26.679333,27.039333
2019-12-23,27.452000,28.134001,27.333332,27.948000
2019-12-24,27.890667,28.364668,27.512667,28.350000
2019-12-26,28.527332,28.898666,28.423332,28.729334
2019-12-27,29.000000,29.020666,28.407333,28.691999
2019-12-30,28.586000,28.600000,27.284000,27.646667
2019-12-31,27.000000,28.086000,26.805332,27.888666
2020-01-02,28.299999,28.713333,28.114000,28.684000
2020-01-03,29.366667,30.266666,29.128000,29.534000
2020-01-06,29.364668,30.104000,29.333332,30.102667
2020-01-07,30.760000,31.441999,30.224001,31.270666
2020-01-08,31.580000,33.232666,31.215334,32.809334
2020-01-09,33.139999,33.253334,31.524668,32.089333
2020-01-10,32.119331,32.329334,31.580000,31.876667
2020-01-13,32.900002,35.042000,32.799999,34.990665
2020-01-14,36.284000,36.493999,34.993332,35.861332
2020-01-15,35.317333,35.855999,34.452667,34.566666
2020-01-16,32.916668,34.297333,32.811333,34.232666
2020-01-17,33.840668,34.377998,33.543999,34.033333
2020-01-21,35.349998,36.571999,35.227333,36.480000
2020-01-22,38.125999,39.633331,37.273335,37.970669
2020-01-23,37.616669,38.799999,37.040001,38.146667
2020-01-24,38.042000,38.257332,36.950668,37.654667
2020-01-27,36.132668,37.629333,35.952000,37.201332
2020-01-28,37.899334,38.453999,37.205334,37.793331
2020-01-29,38.379333,39.320000,37.828667,38.732666
2020-01-30,42.161331,43.391998,41.200001,42.720669
2020-01-31,42.666668,43.533333,42.167999,43.371334
2020-02-03,44.912666,52.409332,44.901333,52.000000
2020-02-04,58.863998,64.599335,55.591999,59.137333
2020-02-05,54.883999,56.398666,46.940666,48.980000
2020-02-06,46.661331,53.055332,45.799999,49.930668
2020-02-07,48.703335,51.316666,48.666668,49.871334
2020-02-10,53.333332,54.666000,50.160000,51.418667
2020-02-11,51.252666,52.234001,50.533333,51.625332
2020-02-12,51.858002,52.650002,50.891335,51.152668
2020-02-13,49.456001,54.533333,49.000000,53.599998
2020-02-14,52.481335,54.198002,52.366669,53.335335
2020-02-18,56.106667,57.333332,55.490665,57.226665
2020-02-19,61.566666,62.985332,60.068001,61.161331
2020-02-20,60.796665,60.799999,57.329334,59.960667
2020-02-21,60.465332,60.870667,58.696667,60.066666
2020-02-24,55.933334,57.566666,54.813332,55.585999
2020-02-25,56.599998,57.106667,52.466667,53.327332
2020-02-26,52.166668,54.220669,51.740665,51.919998
2020-02-27,48.666668,49.318001,44.599998,45.266666
2020-02-28,41.980000,46.034668,40.768002,44.532665
2020-03-02,47.417332,49.579334,45.778000,49.574669
2020-03-03,53.666668,53.798668,47.740665,49.700668
2020-03-04,50.930668,51.101334,48.315334,49.966667
2020-03-05,48.251331,49.716667,47.871334,48.302666
2020-03-06,46.000000,47.133331,45.618000,46.898666
2020-03-09,40.359333,44.200001,40.333332,40.533333
2020-03-10,43.962002,44.533333,40.533333,43.021999
2020-03-11,42.680000,43.571999,40.866669,42.282001
2020-03-12,38.726002,39.633331,36.416668,37.369999
2020-03-13,39.666668,40.504665,33.466667,36.441334
2020-03-16,31.299999,32.991333,29.478001,29.671333
2020-03-17,29.334000,31.456667,26.400000,28.680000
2020-03-18,25.933332,26.990667,23.367332,24.081333
2020-03-19,24.980000,30.133333,23.897333,28.509333
2020-03-20,29.213333,31.799999,28.386000,28.502001
2020-03-23,28.906668,29.466667,27.366667,28.952667
2020-03-24,31.820000,34.245998,31.600000,33.666668
2020-03-25,36.349998,37.133331,34.074001,35.950001
2020-03-26,36.492668,37.333332,34.150002,35.210667
2020-03-27,33.666668,35.053333,32.935333,34.290668
2020-03-30,34.017334,34.443333,32.748669,33.475334
2020-03-31,33.416668,36.197334,33.133331,34.933334
2020-04-01,33.599998,34.263332,31.673332,32.104000
2020-04-02,32.068668,32.950668,29.760000,30.298000
2020-04-03,33.966667,34.366001,31.226000,32.000668
2020-04-06,34.080002,34.733334,33.197334,34.416000
2020-04-07,36.333332,37.666668,35.489334,36.363335
2020-04-08,36.946667,37.147331,35.555332,36.589333
2020-04-09,37.472668,38.345333,37.140667,38.200001
2020-04-13,39.344002,43.466667,38.702000,43.396667
2020-04-14,46.598000,49.458668,46.161999,47.326000
2020-04-15,49.466667,50.208668,47.333332,48.655334
2020-04-16,47.796001,50.630001,47.114666,49.680668
2020-04-17,51.485332,51.663334,49.844002,50.259335
2020-04-20,48.846668,51.037998,47.480667,49.757332
2020-04-21,48.674667,50.222000,44.919334,45.781334
2020-04-22,46.931999,48.933334,45.914001,48.807335
2020-04-23,48.506668,48.933334,46.875332,47.042000
2020-04-24,47.387333,48.715332,46.545334,48.343334
2020-04-27,49.174000,53.299332,49.000000,53.250000
2020-04-28,53.042667,53.666668,50.445999,51.274666
2020-04-29,52.678001,53.546665,52.210667,53.367332
2020-04-30,57.012669,57.987999,50.900002,52.125332
2020-05-01,50.333332,51.518002,45.535999,46.754665
2020-05-04,46.733334,50.799999,46.533333,50.745998
2020-05-05,52.652668,53.261333,50.812000,51.214001
2020-05-06,51.766666,52.653332,50.740665,52.172001
2020-05-07,51.813999,53.093334,51.490002,52.002666
2020-05-08,52.917999,54.933334,52.467335,54.627998
2020-05-11,52.700668,54.933334,52.333332,54.085999
2020-05-12,55.133331,56.219334,53.866669,53.960667
2020-05-13,54.722000,55.066666,50.886665,52.730667
2020-05-14,52.000000,53.557335,50.933334,53.555332
2020-05-15,52.689999,53.669998,52.436668,53.278000
2020-05-18,55.185333,55.647999,53.591999,54.242001
2020-05-19,54.344666,54.804668,53.738667,53.867332
2020-05-20,54.700001,55.066666,54.119999,54.370667
2020-05-21,54.400002,55.500000,53.066666,55.173332
2020-05-22,54.811333,55.452000,54.133331,54.458668
2020-05-26,55.633331,55.639999,54.380669,54.591331
2020-05-27,54.723999,55.180668,52.333332,54.681999
2020-05-28,54.234001,54.983334,53.445999,53.720669
2020-05-29,53.916668,55.666668,53.613998,55.666668
2020-06-01,57.200001,59.933334,56.939999,59.873333
2020-06-02,59.646667,60.577332,58.066666,58.770668
2020-06-03,59.208000,59.862667,58.673332,58.863998
2020-06-04,59.325333,59.716667,57.229332,57.625332
2020-06-05,58.522667,59.101334,57.746666,59.043999
2020-06-08,61.266666,63.333332,60.610668,63.327999
2020-06-09,62.667332,63.629333,61.595333,62.711334
2020-06-10,66.125336,68.498665,65.500000,68.336670
2020-06-11,66.013336,67.930664,64.800003,64.856003
2020-06-12,65.333336,65.865334,60.840000,62.352001
2020-06-15,61.186001,66.589333,60.566666,66.059998
2020-06-16,67.456665,67.525330,64.159332,65.475334
2020-06-17,65.847336,67.000000,65.504669,66.119331
2020-06-18,66.866669,67.946671,66.297997,66.930664
2020-06-19,67.518669,67.731331,66.089333,66.726669
2020-06-22,66.663330,67.258667,66.001335,66.288002
2020-06-23,66.592003,67.466667,66.267334,66.785332
2020-06-24,66.274002,66.725334,63.542667,64.056664
2020-06-25,63.618000,65.732002,62.476665,65.732002
2020-06-26,66.318665,66.333336,63.658001,63.982666
2020-06-29,64.600670,67.333336,63.234669,67.290001
2020-06-30,67.099998,72.512665,66.915337,71.987335
2020-07-01,72.199997,75.688667,72.033333,74.641998
2020-07-02,81.431999,81.866669,79.040001,80.577332
2020-07-06,85.112663,91.852669,84.402664,91.438667
2020-07-07,93.667336,95.300003,89.113998,92.657333
2020-07-08,93.666664,94.484001,87.422668,91.058670
2020-07-09,93.132668,93.903999,90.085335,92.952003
2020-07-10,93.066666,103.261330,91.734001,102.976669
2020-07-13,110.599998,119.666000,98.073997,99.804001
2020-07-14,103.733330,106.000000,95.400002,101.120003
2020-07-15,102.866669,103.333336,97.133331,103.067329
2020-07-16,98.477333,102.113998,97.733330,100.042664
2020-07-17,100.896667,102.500664,99.333336,100.056000
2020-07-20,101.267334,110.000000,99.199997,109.533333
2020-07-21,109.328667,111.666664,103.866669,104.557335
2020-07-22,106.599998,108.428001,104.133331,106.155334
2020-07-23,111.930000,112.599998,98.718002,100.871330
2020-07-24,94.400665,97.666664,91.102669,94.466667
2020-07-27,95.666664,103.195999,94.199997,102.639999
2020-07-28,100.266670,104.313332,98.294670,98.432671
2020-07-29,100.066666,102.320663,99.133331,99.940666
2020-07-30,99.199997,100.882668,98.066666,99.166000
2020-07-31,101.000000,101.136665,94.732002,95.384003
2020-08-03,96.613335,100.653999,96.292000,99.000000
2020-08-04,99.667336,101.827332,97.466667,99.133331
2020-08-05,99.532669,99.989334,97.887337,99.001335
2020-08-06,99.388664,101.153999,98.484001,99.305336
2020-08-07,99.969330,99.983330,94.334000,96.847336
2020-08-10,96.533333,97.166664,92.389336,94.571335
2020-08-11,93.066666,94.666664,91.000000,91.625999
2020-08-12,98.000000,105.666664,95.666664,103.650665
2020-08-13,107.400002,110.078667,104.484001,108.066666
2020-08-14,110.999336,111.253334,108.442665,110.047333
2020-08-17,111.800003,123.057335,111.522003,122.375999
2020-08-18,126.599335,128.259995,123.007332,125.806000
2020-08-19,124.333336,127.400002,122.747330,125.235336
2020-08-20,124.045334,134.799332,123.804001,133.455338
2020-08-21,136.317337,139.699326,135.003326,136.665329
2020-08-24,141.751999,141.933334,128.501328,134.279999
2020-08-25,131.659332,135.196671,131.199997,134.889328
2020-08-26,137.333328,144.399994,136.908661,143.544662
2020-08-27,145.363998,153.039993,142.833328,149.250000
2020-08-28,153.007996,154.565994,145.768005,147.559998
2020-08-31,148.203339,166.713333,146.703339,166.106674
2020-09-01,167.380005,167.496674,156.836670,158.350006
2020-09-02,159.663330,159.679993,135.039993,149.123337
2020-09-03,135.743332,143.933334,134.000000,135.666672
2020-09-04,134.270004,142.666672,124.006668,139.440002
2020-09-08,118.666664,122.913330,109.959999,110.070000
2020-09-09,118.866669,123.000000,113.836670,122.093330
2020-09-10,128.736664,132.996674,120.186668,123.779999
2020-09-11,127.313332,127.500000,120.166664,124.239998
2020-09-14,126.983330,140.000000,124.433334,139.873337
2020-09-15,145.520004,153.979996,143.566666,149.919998
2020-09-16,146.623337,152.596664,145.103333,147.253326
2020-09-17,138.533340,145.929993,136.000000,141.143326
2020-09-18,149.313339,150.333328,142.933334,147.383331
2020-09-21,151.043335,151.893326,135.690002,149.796661
2020-09-22,143.199997,145.919998,139.199997,141.410004
2020-09-23,135.053329,137.383331,125.293335,126.786667
2020-09-24,121.266670,133.166672,117.099998,129.263336
2020-09-25,131.156662,136.243332,130.433334,135.779999
2020-09-28,141.539993,142.693329,138.516663,140.399994
2020-09-29,138.666672,142.833328,137.199997,139.690002
2020-09-30,140.440002,144.643326,140.156662,143.003326
2020-10-01,146.919998,149.626663,144.806671,149.386673
2020-10-02,140.463333,146.376663,138.333328,138.363327
2020-10-05,141.116669,144.546661,139.776672,141.893326
2020-10-06,141.263336,142.926666,135.350006,137.993332
2020-10-07,139.956665,143.300003,137.949997,141.766663
2020-10-08,146.146667,146.333328,141.766663,141.973328
2020-10-09,143.376663,144.863327,142.153336,144.666672
2020-10-12,147.333328,149.580002,146.193329,147.433334
2020-10-13,147.783340,149.630005,145.533340,148.883331
2020-10-14,149.926666,155.300003,149.116669,153.766663
2020-10-15,150.103333,152.190002,147.500000,149.626663
2020-10-16,151.479996,151.983337,146.283340,146.556671
2020-10-19,148.746674,149.000000,142.956665,143.610001
2020-10-20,143.916672,143.916672,139.683334,140.646667
2020-10-21,140.899994,144.316666,140.416672,140.880005
2020-10-22,147.306671,148.410004,141.503326,141.929993
2020-10-23,140.613327,140.963333,135.793335,140.210007
2020-10-26,137.210007,141.919998,136.666672,140.093338
2020-10-27,141.253326,143.500000,140.033340,141.559998
2020-10-28,138.826660,139.533340,135.333328,135.339996
2020-10-29,136.653336,139.353333,135.486664,136.943329
2020-10-30,135.633331,135.863327,126.370003,129.346664
2020-11-02,131.333328,135.660004,130.766663,133.503326
2020-11-03,136.576660,142.589996,135.563339,141.300003
2020-11-04,143.539993,145.133331,139.033340,140.326660
2020-11-05,142.766663,146.666672,141.333328,146.029999
2020-11-06,145.366669,145.523331,141.426666,143.316666
2020-11-09,146.500000,150.833328,140.333328,140.419998
2020-11-10,140.029999,140.029999,132.009995,136.786667
2020-11-11,138.816666,139.566666,136.860001,139.043335
2020-11-12,138.350006,141.000000,136.506668,137.253326
2020-11-13,136.949997,137.509995,133.886673,136.166672
2020-11-16,136.309998,137.483337,134.696671,136.029999
2020-11-17,153.389999,154.000000,144.336670,147.203339
2020-11-18,149.449997,165.333328,147.833328,162.213333
2020-11-19,164.000000,169.536667,162.523331,166.423340
2020-11-20,165.996674,167.500000,163.020004,163.203339
2020-11-23,167.833328,175.333328,167.263336,173.949997
2020-11-24,180.133331,186.663330,175.399994,185.126663
2020-11-25,183.353333,191.333328,181.789993,191.333328
2020-11-27,193.720001,199.593338,192.816666,195.253326
2020-11-30,200.736664,202.600006,184.836670,189.199997
2020-12-01,199.196671,199.283340,190.683334,194.919998
2020-12-02,185.479996,190.513336,180.403336,189.606674
2020-12-03,196.673340,199.656662,194.143326,197.793335
2020-12-04,197.003326,199.679993,195.166672,199.679993
2020-12-07,201.639999,216.263336,201.016663,213.919998
2020-12-08,208.503326,217.093338,206.166672,216.626663
2020-12-09,217.896667,218.106674,196.000000,201.493332
2020-12-10,191.456665,209.250000,188.779999,209.023331
2020-12-11,205.003326,208.000000,198.933334,203.330002
2020-12-14,206.333328,214.250000,203.399994,213.276672
2020-12-15,214.426666,215.633331,207.933334,211.083328
2020-12-16,209.410004,210.833328,201.666672,207.589996
2020-12-17,209.396667,219.606674,206.500000,218.633331
2020-12-18,222.966660,231.666672,209.513336,231.666672
2020-12-21,222.080002,222.833328,215.356674,216.619995
2020-12-22,216.000000,216.626663,204.743332,213.446671
2020-12-23,210.733337,217.166672,207.523331,215.326660
2020-12-24,214.330002,222.029999,213.666672,220.589996
2020-12-28,224.836670,227.133331,220.266663,221.229996
2020-12-29,220.333328,223.300003,218.333328,221.996674
2020-12-30,224.000000,232.199997,222.786667,231.593338
2020-12-31,233.330002,239.573334,230.373337,235.223328
2021-01-04,239.820007,248.163330,239.063339,243.256668
2021-01-05,241.220001,246.946671,239.733337,245.036667
2021-01-06,252.830002,258.000000,249.699997,251.993332
2021-01-07,259.209991,272.329987,258.399994,272.013336
2021-01-08,285.333344,294.829987,279.463318,293.339996
2021-01-11,283.133331,284.809998,267.873322,270.396667
2021-01-12,277.000000,289.333344,275.779999,283.146667
2021-01-13,284.253326,286.823334,277.333344,284.803345
2021-01-14,281.130005,287.666656,279.583344,281.666656
2021-01-15,284.000000,286.633331,273.033325,275.386658
2021-01-19,279.266663,283.333344,277.666656,281.516663
2021-01-20,286.246674,286.500000,279.093323,283.483337
2021-01-21,285.000000,285.239990,280.473328,281.663330
2021-01-22,278.103333,282.666656,276.206665,282.213318
2021-01-25,285.000000,300.133331,279.606659,293.600006
2021-01-26,297.126678,298.633331,290.533325,294.363342
2021-01-27,290.116669,297.166656,286.220001,288.053345
2021-01-28,273.333344,282.666656,267.000000,278.476654
2021-01-29,276.666656,280.803345,260.033325,264.510010
2021-02-01,271.429993,280.666656,265.186676,279.936676
2021-02-02,281.559998,293.500000,280.733337,290.929993
2021-02-03,292.339996,292.693329,284.353333,284.896667
2021-02-04,285.000000,285.500000,277.806671,283.329987
2021-02-05,281.666656,288.256653,279.656677,284.076660
2021-02-08,289.890015,292.589996,284.916656,287.806671
2021-02-09,285.040009,286.600006,280.583344,283.153320
2021-02-10,281.213318,281.606659,266.673340,268.273346
2021-02-11,270.813324,276.626678,267.243347,270.553345
2021-02-12,267.086670,272.443329,261.776672,272.040009
2021-02-16,272.666656,273.666656,264.146667,265.406677
2021-02-17,259.696655,266.613342,254.003326,266.049988
2021-02-18,260.299988,264.896667,258.756653,262.459991
2021-02-19,265.000000,265.596680,259.123322,260.433319
2021-02-22,254.213333,256.166656,236.733337,238.166672
2021-02-23,220.710007,237.869995,206.333328,232.946671
2021-02-24,237.283340,248.333328,231.389999,247.339996
2021-02-25,242.050003,245.736664,223.526672,227.406662
2021-02-26,233.333328,235.566666,219.836670,225.166672
2021-03-01,230.036667,239.666672,228.350006,239.476669
2021-03-02,239.426666,240.369995,228.333328,228.813339
2021-03-03,229.330002,233.566666,217.236664,217.733337
2021-03-04,218.600006,222.816666,200.000000,207.146667
2021-03-05,208.686661,209.279999,179.830002,199.316666
2021-03-08,200.183334,206.710007,186.263336,187.666672
2021-03-09,202.726669,226.029999,198.403336,224.526672
2021-03-10,233.433334,239.283340,218.353333,222.686661
2021-03-11,233.133331,234.166672,225.726669,233.199997
2021-03-12,223.333328,231.626663,222.046661,231.243332
2021-03-15,231.363327,237.726669,228.013336,235.979996
2021-03-16,234.449997,235.973328,223.666672,225.626663
2021-03-17,218.956665,234.576660,217.003326,233.936661
2021-03-18,228.096664,229.743332,217.333328,217.720001
2021-03-19,215.533340,219.076660,208.206665,218.289993
2021-03-22,228.196671,233.206665,222.916672,223.333328
2021-03-23,225.256668,225.933334,219.169998,220.720001
2021-03-24,222.636673,222.673340,210.036667,210.089996
2021-03-25,204.333328,215.166672,203.166672,213.463333
2021-03-26,213.956665,214.606674,199.963333,206.236664
2021-03-29,205.213333,205.493332,198.673340,203.763336
2021-03-30,200.583328,212.553329,197.003326,211.873337
2021-03-31,215.539993,224.000000,213.703339,222.643326
2021-04-01,229.456665,230.806671,219.806671,220.583328
2021-04-05,235.903336,236.053329,228.233337,230.350006
2021-04-06,230.100006,232.183334,227.123337,230.539993
2021-04-07,229.000000,230.460007,222.613327,223.656662
2021-04-08,225.793335,229.850006,223.883331,227.933334
2021-04-09,225.923340,226.990005,223.143326,225.673340
2021-04-12,228.566666,234.933334,227.363327,233.993332
2021-04-13,237.566666,254.333328,236.886673,254.106674
2021-04-14,256.899994,260.263336,242.676666,244.076660
2021-04-15,247.699997,247.896667,240.436661,246.283340
2021-04-16,242.883331,249.803329,241.533340,246.593338
2021-04-19,239.866669,241.800003,230.600006,238.210007
2021-04-20,239.139999,245.750000,236.896667,239.663330
2021-04-21,234.923340,248.279999,232.666672,248.039993
2021-04-22,247.166672,251.256668,239.346664,239.896667
2021-04-23,239.933334,245.786667,238.486664,243.133331
2021-04-26,247.000000,249.766663,244.203339,246.066666
2021-04-27,239.320007,241.333328,234.449997,234.913330
2021-04-28,232.136673,236.166672,231.199997,231.466660
2021-04-29,233.169998,234.083328,222.833328,225.666672
2021-04-30,222.529999,238.490005,222.046661,236.479996
2021-05-03,234.600006,235.333328,226.833328,228.300003
2021-05-04,226.313339,227.816666,219.233337,224.533340
2021-05-05,227.020004,228.433334,222.446671,223.646667
2021-05-06,226.919998,227.006668,216.666672,221.179993
2021-05-07,221.933334,230.000000,220.073334,224.123337
2021-05-10,221.633331,221.683334,209.203339,209.679993
2021-05-11,199.746674,209.033340,198.533340,205.733337
2021-05-12,200.830002,206.803329,195.589996,196.630005
2021-05-13,200.513336,202.153336,186.550003,190.563339
2021-05-14,194.470001,197.623337,190.153336,196.580002
2021-05-17,191.850006,196.576660,187.066666,192.276672
2021-05-18,189.333328,198.750000,187.793335,192.623337
2021-05-19,184.183334,188.736664,182.326660,187.820007
2021-05-20,191.666672,196.283340,190.356674,195.593338
2021-05-21,198.703339,198.893326,193.333328,193.626663
2021-05-24,193.866669,204.826660,191.216660,202.146667
2021-05-25,202.436661,204.663330,198.570007,201.563339
2021-05-26,202.520004,208.723328,200.500000,206.376663
2021-05-27,206.746674,210.376663,205.403336,210.283340
2021-05-28,209.500000,211.863327,207.460007,208.406662
2021-06-01,209.266663,211.266663,206.850006,207.966660
2021-06-02,206.710007,207.786667,199.713333,201.706665
2021-06-03,200.600006,201.516663,190.406662,190.946671
2021-06-04,193.236664,200.203339,192.399994,199.683334
2021-06-07,197.276672,203.333328,194.293335,201.710007
2021-06-08,207.669998,207.696671,198.500000,201.196671
2021-06-09,200.723328,203.929993,199.210007,199.593338
2021-06-10,201.293335,205.529999,200.166672,203.373337
2021-06-11,203.410004,204.186661,200.506668,203.296661
2021-06-14,204.076660,208.496674,203.059998,205.896667
2021-06-15,205.563339,205.596664,199.410004,199.786667
2021-06-16,199.179993,202.833328,197.833328,201.623337
2021-06-17,200.630005,207.156662,200.446671,205.533340
2021-06-18,204.456665,209.449997,203.933334,207.770004
2021-06-21,208.160004,210.463333,202.960007,206.943329
2021-06-22,206.083328,209.523331,205.166672,207.903336
2021-06-23,210.666672,219.066666,210.013336,218.856674
2021-06-24,224.996674,232.539993,222.536667,226.606674
2021-06-25,229.860001,231.270004,222.899994,223.956665
2021-06-28,223.880005,231.566666,223.440002,229.573334
2021-06-29,228.216660,229.169998,225.296661,226.919998
2021-06-30,226.589996,230.936661,226.046661,226.566666
2021-07-01,227.973328,229.330002,224.266663,225.973328
2021-07-02,226.326660,233.333328,224.419998,226.300003
2021-07-06,227.236664,228.000000,217.133331,219.860001
2021-07-07,221.423340,221.899994,212.773331,214.883331
2021-07-08,209.456665,218.143326,206.820007,217.603333
2021-07-09,217.726669,219.636673,214.896667,218.983337
2021-07-12,220.733337,229.080002,220.720001,228.566666
2021-07-13,228.773331,231.093338,222.100006,222.846664
2021-07-14,223.583328,226.203339,217.613327,217.793335
2021-07-15,219.463333,222.046661,212.626663,216.866669
2021-07-16,218.226669,218.899994,214.066666,214.740005
2021-07-19,209.963333,215.733337,207.096664,215.406662
2021-07-20,217.330002,220.796661,213.500000,220.166672
2021-07-21,219.869995,221.619995,216.763336,218.429993
2021-07-22,218.813339,220.723328,214.866669,216.419998
2021-07-23,215.453339,216.266663,212.433334,214.460007
2021-07-26,216.990005,222.733337,215.703339,219.206665
2021-07-27,221.133331,222.166672,209.080002,214.926666
2021-07-28,215.666672,218.323334,213.133331,215.660004
2021-07-29,216.596664,227.896667,216.266663,225.783340
2021-07-30,223.919998,232.509995,223.000000,229.066666
2021-08-02,233.333328,242.313339,232.800003,236.556671
2021-08-03,239.666672,240.883331,233.669998,236.580002
2021-08-04,237.000000,241.633331,236.309998,236.973328
2021-08-05,238.666672,240.316666,237.136673,238.210007
2021-08-06,237.300003,238.776672,232.543335,233.033340
2021-08-09,236.723328,239.676666,235.043335,237.919998
2021-08-10,237.996674,238.863327,233.960007,236.663330
2021-08-11,237.570007,238.393326,234.736664,235.940002
2021-08-12,235.446671,240.933334,233.133331,240.750000
2021-08-13,241.236664,243.300003,238.113327,239.056671
2021-08-16,235.023331,236.500000,225.466660,228.723328
2021-08-17,224.220001,224.860001,216.279999,221.903336
2021-08-18,223.250000,231.923340,223.116669,229.663330
2021-08-19,226.070007,228.850006,222.529999,224.490005
2021-08-20,227.616669,230.710007,224.566666,226.753326
2021-08-23,228.479996,237.376663,226.916672,235.433334
2021-08-24,236.893326,238.406662,234.213333,236.163330
2021-08-25,235.676666,238.990005,234.666672,237.066666
2021-08-26,236.103333,238.466660,232.539993,233.720001
2021-08-27,235.000000,238.333328,234.033340,237.306671
2021-08-30,238.240005,243.666672,237.576660,243.636673
2021-08-31,244.333328,246.796661,242.146667,245.240005
2021-09-01,244.693329,247.330002,243.756668,244.696671
2021-09-02,244.833328,246.990005,243.513336,244.130005
2021-09-03,244.083328,244.666672,241.399994,244.523331
2021-09-07,246.666672,253.399994,246.419998,250.973328
2021-09-08,253.860001,254.816666,246.923340,251.289993
2021-09-09,251.136673,254.033340,250.543335,251.619995
2021-09-10,253.199997,254.203339,244.839996,245.423340
2021-09-13,246.736664,248.259995,236.283340,247.666672
2021-09-14,247.523331,251.490005,245.466660,248.163330
2021-09-15,248.333328,252.286667,246.119995,251.943329
2021-09-16,250.943329,252.970001,249.203339,252.330002
2021-09-17,252.383331,253.679993,250.000000,253.163330
2021-09-20,244.853333,247.333328,239.539993,243.389999
2021-09-21,244.929993,248.246674,243.479996,246.460007
2021-09-22,247.843338,251.223328,246.373337,250.646667
2021-09-23,251.666672,252.733337,249.306671,251.213333
2021-09-24,248.630005,258.266663,248.186661,258.130005
2021-09-27,257.706665,266.333344,256.436676,263.786682
2021-09-28,262.399994,265.213318,255.393326,259.186676
2021-09-29,259.933319,264.500000,256.893341,260.436676
2021-09-30,260.333344,263.043335,258.333344,258.493347
2021-10-01,259.466675,260.260010,254.529999,258.406677
2021-10-04,265.500000,268.989990,258.706665,260.510010
2021-10-05,261.600006,265.769989,258.066681,260.196655
2021-10-06,258.733337,262.220001,257.739990,260.916656
2021-10-07,261.820007,268.333344,261.126678,264.536682
2021-10-08,265.403320,265.459991,260.303345,261.829987
2021-10-11,262.549988,267.079987,261.833344,263.980011
2021-10-12,266.976654,270.773346,265.523346,268.573334
2021-10-13,270.156677,271.803345,268.593323,270.359985
2021-10-14,271.829987,273.416656,271.116669,272.773346
2021-10-15,274.579987,281.070007,274.116669,281.010010
2021-10-18,283.929993,291.753326,283.823334,290.036682
2021-10-19,292.510010,292.649994,287.503326,288.089996
2021-10-20,288.450012,289.829987,285.793335,288.600006
2021-10-21,285.333344,300.000000,285.166656,298.000000
2021-10-22,298.500000,303.333344,296.986664,303.226654
2021-10-25,316.843323,348.339996,314.733337,341.619995
2021-10-26,341.563324,364.980011,333.813324,339.476654
2021-10-27,346.553345,356.959991,343.593323,345.953339
2021-10-28,356.103333,360.333344,351.399994,359.013336
2021-10-29,360.619995,371.736664,357.736664,371.333344
2021-11-01,381.666656,403.250000,372.886658,402.863342
2021-11-02,386.453339,402.863342,382.000000,390.666656
2021-11-03,392.443329,405.130005,384.206665,404.619995
2021-11-04,411.470001,414.496674,405.666656,409.970001
2021-11-05,409.333344,413.290009,402.666656,407.363342
2021-11-08,383.263336,399.000000,377.666656,387.646667
2021-11-09,391.200012,391.500000,337.173340,341.166656
2021-11-10,336.803345,359.366669,329.103333,355.983337
2021-11-11,367.589996,368.323334,351.559998,354.503326
2021-11-12,349.166656,351.500000,339.733337,344.473328
2021-11-15,339.209991,343.993347,326.200012,337.796661
2021-11-16,334.436676,352.399994,334.059998,351.576660
2021-11-17,354.503326,373.213318,351.833344,363.003326
2021-11-18,368.850006,370.666656,358.339996,365.459991
2021-11-19,366.290009,379.573334,364.233337,379.019989
2021-11-22,387.443329,400.649994,377.476654,385.623322
2021-11-23,389.170013,393.500000,354.233337,369.676666
2021-11-24,360.130005,377.589996,354.000000,372.000000
2021-11-26,366.489990,369.593323,360.333344,360.640015
2021-11-29,366.996674,380.890015,366.730011,378.996674
2021-11-30,381.456665,389.333344,372.666656,381.586670
2021-12-01,386.899994,390.946655,363.586670,365.000000
2021-12-02,366.353333,371.000000,352.216675,361.533325
2021-12-03,361.596680,363.526672,333.403320,338.323334
2021-12-06,333.836670,340.546661,316.833344,336.336670
2021-12-07,348.066681,352.556671,342.269989,350.583344
2021-12-08,350.903320,357.459991,344.333344,356.320007
2021-12-09,353.546661,354.163330,334.119995,334.600006
2021-12-10,336.250000,340.326660,327.510010,339.010010
2021-12-13,333.696655,335.000000,317.140015,322.136658
2021-12-14,315.000000,322.136658,310.000000,319.503326
2021-12-15,317.736664,326.250000,309.416656,325.329987
2021-12-16,331.500000,331.660004,307.283325,308.973328
2021-12-17,304.923340,320.220001,303.013336,310.856659
2021-12-20,303.566681,307.230011,297.796661,299.980011
2021-12-21,305.623322,313.166656,295.373322,312.843323
2021-12-22,321.886658,338.553345,319.016663,336.290009
2021-12-23,335.600006,357.660004,332.519989,355.666656
2021-12-27,357.890015,372.333344,356.906677,364.646667
2021-12-28,369.829987,373.000000,359.473328,362.823334
2021-12-29,366.213318,368.000000,354.713318,362.063324
2021-12-30,353.776672,365.183319,351.049988,356.779999
2021-12-31,357.813324,360.666656,351.529999,352.260010
2022-01-03,382.583344,400.356659,378.679993,399.926666
2022-01-04,396.516663,402.666656,374.350006,383.196655
2022-01-05,382.216675,390.113342,360.336670,362.706665
2022-01-06,359.000000,362.666656,340.166656,354.899994
2022-01-07,360.123322,360.309998,336.666656,342.320007
2022-01-10,333.333344,353.033325,326.666656,352.706665
2022-01-11,351.223328,358.616669,346.273346,354.799988
2022-01-12,359.616669,371.613342,357.529999,368.739990
2022-01-13,369.690002,371.866669,342.179993,343.853333
2022-01-14,339.959991,350.666656,337.793335,349.869995
2022-01-18,342.203339,356.929993,338.686676,343.503326
2022-01-19,347.236664,351.556671,331.666656,331.883331
2022-01-20,336.576660,347.220001,331.333344,332.089996
2022-01-21,332.113342,334.850006,313.500000,314.633331
2022-01-24,301.586670,311.170013,283.823334,310.000000
2022-01-25,304.733337,317.086670,301.070007,306.133331
2022-01-26,317.476654,329.230011,302.000000,312.470001
2022-01-27,311.119995,311.796661,276.333344,276.366669
2022-01-28,277.186676,285.833344,264.003326,282.116669
2022-01-31,290.903320,312.663330,287.350006,312.239990
2022-02-01,311.736664,314.566681,301.666656,310.416656
2022-02-02,309.393341,310.500000,296.470001,301.886658
2022-02-03,294.000000,312.333344,293.506653,297.046661
2022-02-04,299.073334,312.166656,293.723328,307.773346
2022-02-07,307.929993,315.923340,300.903320,302.446655
2022-02-08,301.843323,308.763336,298.266663,307.333344
2022-02-09,311.666656,315.423340,306.666656,310.666656
2022-02-10,302.790009,314.603333,298.899994,301.516663
2022-02-11,303.209991,305.320007,283.566681,286.666656
2022-02-14,287.190002,299.626678,284.383331,291.920013
2022-02-15,300.000000,307.666656,297.793335,307.476654
2022-02-16,304.683319,308.809998,300.403320,307.796661
2022-02-17,304.420013,306.166656,291.366669,292.116669
2022-02-18,295.333344,295.623322,279.203339,285.660004
2022-02-22,278.043335,285.576660,267.033325,273.843323
2022-02-23,276.809998,278.433319,253.520004,254.679993
2022-02-24,233.463333,267.493347,233.333328,266.923340
2022-02-25,269.743347,273.166656,260.799988,269.956665
2022-02-28,271.670013,292.286682,271.570007,290.143341
2022-03-01,289.893341,296.626678,284.593323,288.123322
2022-03-02,290.709991,295.493347,281.423340,293.296661
2022-03-03,292.923340,295.480011,277.533325,279.763336
2022-03-04,283.033325,285.216675,275.053345,279.429993
2022-03-07,285.433319,288.713318,268.190002,268.193329
2022-03-08,265.176666,283.329987,260.723328,274.799988
2022-03-09,279.826660,286.853333,277.336670,286.323334
2022-03-10,283.816681,284.816681,270.119995,279.433319
2022-03-11,280.066681,281.266663,264.589996,265.116669
2022-03-14,260.203339,266.899994,252.013336,255.456665
2022-03-15,258.423340,268.523346,252.190002,267.296661
2022-03-16,269.666656,280.666656,267.420013,280.076660
2022-03-17,276.996674,291.666656,275.239990,290.533325
2022-03-18,291.496674,302.616669,289.130005,301.796661
2022-03-21,304.993347,314.283325,302.363342,307.053345
2022-03-22,310.000000,332.619995,307.250000,331.326660
2022-03-23,326.646667,346.899994,325.466675,333.036682
2022-03-24,336.576660,341.496674,329.600006,337.973328
2022-03-25,336.000000,340.600006,332.440002,336.880005
2022-03-28,355.033325,365.959991,351.200012,363.946655
2022-03-29,369.329987,371.589996,357.703339,366.523346
2022-03-30,363.723328,371.316681,361.333344,364.663330
2022-03-31,364.856659,367.713318,358.880005,359.200012
2022-04-01,360.383331,364.916656,355.546661,361.529999
2022-04-04,363.126678,383.303345,357.510010,381.816681
2022-04-05,378.766663,384.290009,362.433319,363.753326
2022-04-06,357.823334,359.666656,342.566681,348.586670
2022-04-07,350.796661,358.863342,340.513336,352.420013
2022-04-08,347.736664,349.480011,340.813324,341.829987
2022-04-11,326.799988,336.156677,324.880005,325.309998
2022-04-12,332.546661,340.396667,325.533325,328.983337
2022-04-13,327.026672,342.079987,324.366669,340.790009
2022-04-14,333.096680,337.570007,327.396667,328.333344
2022-04-18,329.676666,338.306671,324.470001,334.763336
2022-04-19,335.019989,344.980011,331.776672,342.716675
2022-04-20,343.333344,344.666656,325.083344,325.733337
2022-04-21,358.243347,364.073334,332.140015,336.260010
2022-04-22,338.303345,344.950012,331.333344,335.016663
2022-04-25,326.323334,336.206665,325.100006,332.673340
2022-04-26,331.809998,333.333344,291.666656,292.140015
2022-04-27,299.526672,306.000000,292.453339,293.836670
2022-04-28,299.993347,300.000000,273.899994,292.503326
2022-04-29,300.750000,311.466675,290.000000,290.253326
2022-05-02,286.923340,302.119995,282.676666,300.980011
2022-05-03,301.059998,308.026672,296.196655,303.083344
2022-05-04,301.313324,318.500000,295.093323,317.540009
2022-05-05,313.006653,315.200012,285.899994,291.093323
2022-05-06,295.666656,296.000000,281.036682,288.549988
2022-05-09,278.816681,281.876678,260.383331,262.369995
2022-05-10,273.103333,275.119995,258.083344,266.679993
2022-05-11,265.000000,269.923340,242.399994,244.666672
2022-05-12,233.666672,253.220001,226.666672,242.666672
2022-05-13,257.826660,262.450012,250.523331,256.529999
2022-05-16,255.720001,256.586670,239.696671,241.456665
2022-05-17,249.119995,254.826660,242.949997,253.869995
2022-05-18,248.173340,253.500000,233.603333,236.603333
2022-05-19,235.666672,244.666672,231.369995,236.473328
2022-05-20,237.996674,240.526672,211.000000,221.300003
2022-05-23,218.339996,226.653336,212.686661,224.966660
2022-05-24,217.843338,217.973328,206.856674,209.386673
2022-05-25,207.949997,223.106674,207.669998,219.600006
2022-05-26,220.473328,239.556671,217.886673,235.910004
2022-05-27,241.083328,253.266663,240.176666,253.210007
2022-05-31,257.946655,259.600006,244.743332,252.753326
2022-06-01,251.720001,257.326660,243.639999,246.789993
2022-06-02,244.156662,264.209991,242.066666,258.333344
2022-06-03,243.226669,247.796661,233.416672,234.516663
2022-06-06,244.353333,244.866669,234.350006,238.279999
2022-06-07,234.000000,239.996674,230.093338,238.886673
2022-06-08,240.086670,249.963333,239.176666,241.866669
2022-06-09,249.339996,255.546661,239.326660,239.706665
2022-06-10,235.156662,239.500000,227.913330,232.229996
2022-06-13,223.166672,226.633331,214.683334,215.736664
2022-06-14,218.286667,226.330002,211.736664,220.889999
2022-06-15,220.916672,235.663330,218.149994,233.000000
2022-06-16,222.736664,225.166672,208.693329,213.100006
2022-06-17,213.433334,220.970001,213.196671,216.759995
2022-06-21,224.603333,243.576660,224.333328,237.036667
2022-06-22,234.503326,246.833328,233.826660,236.086670
2022-06-23,237.906662,239.316666,228.636673,235.070007
2022-06-24,237.470001,246.066666,236.086670,245.706665
2022-06-27,249.366669,252.070007,242.566666,244.919998
2022-06-28,244.483337,249.970001,232.343338,232.663330
2022-06-29,230.500000,231.173340,222.273331,228.490005
2022-06-30,224.509995,229.456665,218.863327,224.473328
2022-07-01,227.000000,230.229996,222.119995,227.263336
2022-07-05,223.000000,233.146667,216.166672,233.066666
2022-07-06,230.779999,234.563339,227.186661,231.733337
2022-07-07,233.919998,245.363327,232.210007,244.543335
2022-07-08,242.333328,254.979996,241.160004,250.763336
2022-07-11,252.103333,253.063339,233.626663,234.343338
2022-07-12,236.846664,239.773331,228.369995,233.070007
2022-07-13,225.500000,242.059998,225.033340,237.039993
2022-07-14,234.896667,238.653336,229.333328,238.313339
2022-07-15,240.000000,243.623337,236.889999,240.066666
2022-07-18,244.936661,250.516663,239.603333,240.546661
2022-07-19,245.000000,247.139999,236.976669,245.529999
2022-07-20,246.783340,250.663330,243.483337,247.500000
2022-07-21,255.106674,273.266663,254.866669,271.706665
2022-07-22,276.220001,280.786682,270.713318,272.243347
2022-07-25,272.216675,274.146667,267.399994,268.433319
2022-07-26,266.513336,267.309998,256.263336,258.859985
2022-07-27,263.809998,275.926666,261.790009,274.820007
2022-07-28,280.066681,283.299988,272.799988,280.899994
2022-07-29,280.700012,298.320007,279.100006,297.149994
2022-08-01,301.276672,311.876678,295.000000,297.276672
2022-08-02,294.003326,307.833344,292.666656,300.586670
2022-08-03,305.000000,309.549988,301.149994,307.396667
2022-08-04,311.000000,313.606659,305.000000,308.633331
2022-08-05,302.670013,304.606659,285.543335,288.170013
2022-08-08,295.000000,305.200012,289.086670,290.423340
2022-08-09,290.293335,292.396667,279.353333,283.333344
2022-08-10,297.066681,297.510010,283.369995,294.356659
2022-08-11,296.513336,298.236664,285.833344,286.630005
2022-08-12,289.416656,300.160004,285.033325,300.029999
2022-08-15,301.786682,313.133331,301.230011,309.320007
2022-08-16,311.666656,314.666656,302.883331,306.563324
2022-08-17,303.396667,309.656677,300.033325,303.996674
2022-08-18,306.000000,306.500000,301.853333,302.869995
2022-08-19,299.000000,300.359985,292.500000,296.666656
2022-08-22,291.913330,292.399994,286.296661,289.913330
2022-08-23,291.453339,298.826660,287.923340,296.453339
2022-08-24,297.563324,303.646667,296.500000,297.096680
2022-08-25,302.359985,302.959991,291.600006,296.070007
2022-08-26,297.429993,302.000000,287.470001,288.089996
2022-08-29,282.829987,287.739990,280.700012,284.820007
2022-08-30,287.869995,288.480011,272.649994,277.700012
2022-08-31,280.619995,281.250000,271.809998,275.609985
2022-09-01,272.579987,277.579987,266.149994,277.160004
2022-09-02,281.070007,282.350006,269.079987,270.209991
2022-09-06,272.679993,275.989990,265.739990,274.420013
2022-09-07,273.100006,283.839996,272.269989,283.700012
2022-09-08,281.299988,289.500000,279.760010,289.260010
2022-09-09,291.670013,299.850006,291.250000,299.679993
2022-09-12,300.720001,305.489990,300.399994,304.420013
2022-09-13,292.899994,297.399994,290.399994,292.130005
2022-09-14,292.239990,306.000000,291.640015,302.609985
2022-09-15,301.829987,309.119995,300.720001,303.750000
2022-09-16,299.609985,303.709991,295.600006,303.350006
2022-09-19,300.089996,309.839996,297.799988,309.070007
2022-09-20,306.910004,313.329987,305.579987,308.730011
2022-09-21,308.290009,313.799988,300.630005,300.799988
2022-09-22,299.859985,301.290009,285.820007,288.589996
2022-09-23,283.089996,284.500000,272.820007,275.329987
2022-09-26,271.829987,284.089996,270.309998,276.010010
2022-09-27,283.839996,288.670013,277.510010,282.940002
2022-09-28,283.079987,289.000000,277.570007,287.809998
2022-09-29,282.760010,283.649994,265.779999,268.209991
2022-09-30,266.149994,275.570007,262.470001,265.250000
2022-10-03,254.500000,255.160004,241.009995,242.399994
2022-10-04,250.520004,257.500000,242.009995,249.440002
2022-10-05,245.009995,246.669998,233.270004,240.809998
2022-10-06,239.440002,244.580002,235.350006,238.130005
2022-10-07,233.940002,234.570007,222.020004,223.070007
2022-10-10,223.929993,226.990005,218.360001,222.960007
2022-10-11,220.949997,225.750000,215.000000,216.500000
2022-10-12,215.330002,219.300003,211.509995,217.240005
2022-10-13,208.300003,222.990005,206.220001,221.720001
2022-10-14,224.009995,226.259995,204.160004,204.990005
2022-10-17,210.039993,221.860001,209.449997,219.350006
2022-10-18,229.500000,229.820007,217.250000,220.190002
2022-10-19,219.800003,222.929993,217.779999,222.039993
2022-10-20,208.279999,215.550003,202.000000,207.279999
2022-10-21,206.419998,214.660004,203.800003,214.440002
2022-10-24,205.820007,213.500000,198.589996,211.250000
2022-10-25,210.100006,224.350006,210.000000,222.419998
2022-10-26,219.399994,230.600006,218.199997,224.639999
2022-10-27,229.770004,233.809998,222.850006,225.089996
2022-10-28,225.399994,228.860001,216.350006,228.520004
2022-10-31,226.190002,229.850006,221.940002,227.539993
2022-11-01,234.050003,237.399994,227.279999,227.820007
2022-11-02,226.039993,227.869995,214.820007,214.979996
2022-11-03,211.360001,221.199997,210.139999,215.309998
2022-11-04,222.600006,223.800003,203.080002,207.470001
2022-11-07,208.649994,208.899994,196.660004,197.080002
2022-11-08,194.020004,195.199997,186.750000,191.300003
2022-11-09,190.779999,195.889999,177.119995,177.589996
2022-11-10,189.899994,191.000000,180.029999,190.720001
2022-11-11,186.000000,196.520004,182.589996,195.970001
2022-11-14,192.770004,195.729996,186.339996,190.949997
2022-11-15,195.880005,200.820007,192.059998,194.419998
2022-11-16,191.509995,192.570007,185.660004,186.919998
2022-11-17,183.960007,186.160004,180.899994,183.169998
2022-11-18,185.050003,185.190002,176.550003,180.190002
2022-11-21,175.850006,176.770004,167.539993,167.869995
2022-11-22,168.630005,170.919998,166.190002,169.910004
2022-11-23,173.570007,183.619995,172.500000,183.199997
2022-11-25,185.059998,185.199997,180.630005,182.860001
2022-11-28,179.960007,188.500000,179.000000,182.919998
2022-11-29,184.990005,186.380005,178.750000,180.830002
2022-11-30,182.429993,194.759995,180.630005,194.699997
2022-12-01,197.080002,198.919998,191.800003,194.699997
2022-12-02,191.779999,196.250000,191.110001,194.860001
2022-12-05,189.440002,191.270004,180.550003,182.449997
2022-12-06,181.220001,183.649994,175.330002,179.820007
2022-12-07,175.029999,179.380005,172.220001,174.039993
2022-12-08,172.199997,175.199997,169.059998,173.440002
2022-12-09,173.839996,182.500000,173.360001,179.050003
2022-12-12,176.100006,177.369995,167.520004,167.820007
2022-12-13,174.869995,175.050003,156.910004,160.949997
2022-12-14,159.250000,161.619995,155.309998,156.800003
2022-12-15,153.440002,160.929993,153.279999,157.669998
2022-12-16,159.639999,160.990005,150.039993,150.229996
2022-12-19,154.000000,155.250000,145.820007,149.869995
2022-12-20,146.050003,148.470001,137.660004,137.800003
2022-12-21,139.339996,141.259995,135.889999,137.570007
2022-12-22,136.000000,136.630005,122.260002,125.349998
2022-12-23,126.370003,128.619995,121.019997,123.150002
2022-12-27,117.500000,119.669998,108.760002,109.099998
2022-12-28,110.349998,116.269997,108.239998,112.709999
2022-12-29,120.389999,123.570000,117.500000,121.820000
2022-12-30,119.949997,124.480003,119.750000,123.180000
2023-01-03,118.470001,118.800003,104.639999,108.099998
2023-01-04,109.110001,114.589996,107.519997,113.639999
2023-01-05,110.510002,111.750000,107.160004,110.339996
2023-01-06,103.000000,114.389999,101.809998,113.059998
2023-01-09,118.959999,123.519997,117.110001,119.769997
2023-01-10,121.070000,122.760002,114.919998,118.849998
2023-01-11,122.089996,125.949997,120.510002,123.220001
2023-01-12,122.559998,124.129997,117.000000,123.559998
2023-01-13,116.550003,122.629997,115.599998,122.400002
2023-01-17,125.699997,131.699997,125.019997,131.490005
2023-01-18,136.559998,136.679993,127.010002,128.779999
2023-01-19,127.260002,129.990005,124.309998,127.169998
2023-01-20,128.679993,133.509995,127.349998,133.419998
2023-01-23,135.869995,145.380005,134.270004,143.750000
2023-01-24,143.000000,146.500000,141.100006,143.889999
2023-01-25,141.910004,146.410004,138.070007,144.429993
2023-01-26,159.970001,161.419998,154.759995,160.270004
2023-01-27,162.429993,180.679993,161.169998,177.899994
2023-01-30,178.050003,179.770004,166.500000,166.660004
2023-01-31,164.570007,174.300003,162.779999,173.220001
2023-02-01,173.889999,183.809998,169.929993,181.410004
2023-02-02,187.330002,196.750000,182.610001,188.270004
2023-02-03,183.949997,199.000000,183.690002,189.979996
2023-02-06,193.009995,198.169998,189.919998,194.759995
2023-02-07,196.429993,197.500000,189.550003,196.809998
2023-02-08,196.100006,203.000000,194.309998,201.289993
2023-02-09,207.779999,214.000000,204.770004,207.320007
2023-02-10,202.229996,206.199997,192.889999,196.889999
2023-02-13,194.419998,196.300003,187.610001,194.639999
2023-02-14,191.940002,209.820007,189.440002,209.250000
2023-02-15,211.759995,214.660004,206.110001,214.240005
2023-02-16,210.779999,217.649994,201.839996,202.039993
2023-02-17,199.990005,208.440002,197.500000,208.309998
2023-02-21,204.990005,209.710007,197.220001,197.369995
2023-02-22,197.929993,201.990005,191.779999,200.860001
2023-02-23,203.910004,205.139999,196.330002,202.070007
2023-02-24,196.330002,197.669998,192.800003,196.880005
2023-02-27,202.029999,209.419998,201.259995,207.630005
2023-02-28,210.589996,211.229996,203.750000,205.710007
2023-03-01,206.210007,207.199997,198.520004,202.770004
2023-03-02,186.740005,193.750000,186.009995,190.899994
2023-03-03,194.800003,200.479996,192.880005,197.789993
2023-03-06,198.539993,198.600006,192.300003,193.809998
2023-03-07,191.380005,194.199997,186.100006,187.710007
2023-03-08,185.039993,186.500000,180.000000,182.000000
2023-03-09,180.250000,185.179993,172.509995,172.919998
2023-03-10,175.130005,178.289993,168.440002,173.440002
2023-03-13,167.460007,177.350006,163.910004,174.479996
2023-03-14,177.309998,183.800003,177.139999,183.259995
2023-03-15,180.800003,182.339996,176.029999,180.449997
2023-03-16,180.369995,185.809998,178.839996,184.130005
2023-03-17,184.520004,186.220001,177.330002,180.130005
2023-03-20,178.080002,186.440002,176.350006,183.250000
2023-03-21,188.279999,198.000000,188.039993,197.580002
2023-03-22,199.300003,200.660004,190.949997,191.149994
2023-03-23,195.259995,199.309998,188.649994,192.220001
2023-03-24,191.649994,192.360001,187.149994,190.410004
2023-03-27,194.419998,197.389999,189.940002,191.809998
2023-03-28,192.000000,192.350006,185.429993,189.190002
2023-03-29,193.130005,195.289993,189.440002,193.880005
2023-03-30,195.580002,197.330002,194.419998,195.279999
2023-03-31,197.529999,207.789993,197.199997,207.460007
2023-04-03,199.910004,202.690002,192.199997,194.770004
2023-04-04,197.320007,198.740005,190.320007,192.580002
2023-04-05,190.520004,190.679993,183.759995,185.520004
2023-04-06,183.080002,186.389999,179.740005,185.059998
2023-04-10,179.940002,185.100006,176.110001,184.509995
2023-04-11,186.690002,189.190002,185.649994,186.789993
2023-04-12,190.740005,191.580002,180.309998,180.539993
2023-04-13,182.960007,186.500000,180.940002,185.899994
2023-04-14,183.949997,186.279999,182.009995,185.000000
2023-04-17,186.320007,189.690002,182.690002,187.039993
2023-04-18,187.149994,187.690002,183.580002,184.309998
2023-04-19,179.100006,183.500000,177.649994,180.589996
2023-04-20,166.169998,169.699997,160.559998,162.990005
2023-04-21,164.800003,166.000000,161.320007,165.080002
2023-04-24,164.649994,165.649994,158.610001,162.550003
2023-04-25,159.820007,163.470001,158.750000,160.669998
2023-04-26,160.289993,160.669998,153.139999,153.750000
2023-04-27,152.639999,160.479996,152.369995,160.190002
2023-04-28,160.899994,165.000000,157.320007,164.309998
2023-05-01,163.169998,163.279999,158.830002,161.830002
2023-05-02,161.880005,165.490005,158.929993,160.309998
2023-05-03,160.009995,165.000000,159.910004,160.610001
2023-05-04,162.710007,162.949997,159.649994,161.199997
2023-05-05,163.970001,170.789993,163.509995,170.059998
2023-05-08,173.720001,173.800003,169.190002,171.789993
2023-05-09,168.949997,169.820007,166.559998,169.149994
2023-05-10,172.550003,174.429993,166.679993,168.539993
2023-05-11,168.699997,173.570007,166.789993,172.080002
2023-05-12,176.070007,177.380005,167.229996,167.979996
2023-05-15,167.660004,169.759995,164.550003,166.350006
2023-05-16,165.649994,169.520004,164.350006,166.520004
2023-05-17,168.410004,174.500000,167.190002,173.860001
2023-05-18,174.220001,177.059998,172.449997,176.889999
2023-05-19,177.169998,181.949997,176.309998,180.139999
2023-05-22,180.699997,189.320007,180.110001,188.869995
2023-05-23,186.199997,192.960007,185.259995,185.770004
2023-05-24,182.229996,184.220001,178.220001,182.899994
2023-05-25,186.539993,186.779999,180.580002,184.470001
2023-05-26,184.619995,198.600006,184.529999,193.169998
2023-05-30,200.100006,204.479996,197.529999,201.160004
2023-05-31,199.779999,203.949997,195.119995,203.929993
2023-06-01,202.589996,209.800003,199.369995,207.520004
2023-06-02,210.149994,217.250000,209.750000,213.970001
2023-06-05,217.800003,221.289993,214.520004,217.610001
2023-06-06,216.139999,221.910004,212.529999,221.309998
2023-06-07,228.000000,230.830002,223.199997,224.570007
2023-06-08,224.220001,235.229996,223.009995,234.860001
2023-06-09,249.070007,252.419998,242.020004,244.399994
2023-06-12,247.940002,250.970001,244.589996,249.830002
2023-06-13,253.509995,259.679993,251.339996,258.709991
2023-06-14,260.170013,261.570007,250.500000,256.790009
2023-06-15,248.399994,258.950012,247.289993,255.899994
2023-06-16,258.920013,263.600006,257.209991,260.540009
2023-06-20,261.500000,274.750000,261.119995,274.450012
2023-06-21,275.130005,276.989990,257.779999,259.459991
2023-06-22,250.770004,265.000000,248.250000,264.609985
2023-06-23,259.290009,262.450012,252.800003,256.600006
2023-06-26,250.070007,258.369995,240.699997,241.050003
2023-06-27,243.240005,250.389999,240.850006,250.210007
2023-06-28,249.699997,259.880005,248.889999,256.239990
2023-06-29,258.029999,260.739990,253.610001,257.500000
2023-06-30,260.600006,264.450012,259.890015,261.769989
2023-07-03,276.489990,284.250000,275.109985,279.820007
2023-07-05,278.820007,283.850006,277.600006,282.480011
2023-07-06,278.089996,279.970001,272.880005,276.540009
2023-07-07,278.429993,280.779999,273.769989,274.429993
2023-07-10,276.470001,277.519989,265.100006,269.609985
2023-07-11,268.649994,270.899994,266.369995,269.790009
2023-07-12,276.329987,276.519989,271.459991,271.989990
2023-07-13,274.589996,279.450012,270.600006,277.899994
2023-07-14,277.010010,285.299988,276.309998,281.380005
2023-07-17,286.630005,292.230011,283.570007,290.380005
2023-07-18,290.149994,295.260010,286.010010,293.339996
2023-07-19,296.040009,299.290009,289.519989,291.260010
2023-07-20,279.559998,280.929993,261.200012,262.899994
2023-07-21,268.000000,268.000000,255.800003,260.019989
2023-07-24,255.850006,269.850006,254.119995,269.059998
2023-07-25,272.380005,272.899994,265.000000,265.279999
2023-07-26,263.250000,268.040009,261.750000,264.350006
2023-07-27,268.309998,269.130005,255.300003,255.710007
2023-07-28,259.859985,267.250000,258.230011,266.440002
2023-07-31,267.480011,269.079987,263.779999,267.429993
2023-08-01,266.260010,266.470001,260.250000,261.070007
2023-08-02,255.570007,259.519989,250.490005,254.110001
2023-08-03,252.039993,260.489990,252.000000,259.320007
2023-08-04,260.970001,264.769989,253.110001,253.860001
2023-08-07,251.449997,253.649994,242.759995,251.449997
2023-08-08,247.449997,250.919998,245.009995,249.699997
2023-08-09,250.869995,251.100006,241.899994,242.190002
2023-08-10,245.399994,251.800003,243.000000,245.339996
2023-08-11,241.770004,243.789993,238.020004,242.649994
2023-08-14,235.699997,240.660004,233.750000,239.759995
2023-08-15,238.729996,240.500000,232.610001,232.960007
2023-08-16,228.020004,233.970001,225.380005,225.600006
2023-08-17,226.059998,226.740005,218.830002,219.220001
2023-08-18,214.119995,217.580002,212.360001,215.490005
2023-08-21,221.550003,232.130005,220.580002,231.279999
2023-08-22,240.250000,240.820007,229.550003,233.190002
2023-08-23,229.339996,238.979996,229.289993,236.860001
2023-08-24,238.660004,238.919998,228.179993,230.039993
2023-08-25,231.309998,239.000000,230.350006,238.589996
2023-08-28,242.580002,244.380005,235.350006,238.820007
2023-08-29,238.580002,257.480011,237.770004,257.179993
2023-08-30,254.199997,260.510010,250.589996,256.899994
2023-08-31,255.979996,261.179993,255.050003,258.079987
2023-09-01,257.260010,259.079987,242.009995,245.009995
2023-09-05,245.000000,258.000000,244.860001,256.489990
2023-09-06,255.139999,255.389999,245.059998,251.919998
2023-09-07,245.070007,252.809998,243.270004,251.490005
2023-09-08,251.220001,256.519989,246.669998,248.500000
2023-09-11,264.269989,274.850006,260.609985,273.579987
2023-09-12,270.760010,278.390015,266.600006,267.480011
2023-09-13,270.070007,274.980011,268.100006,271.299988
2023-09-14,271.320007,276.709991,270.420013,276.040009
2023-09-15,277.549988,278.980011,271.000000,274.390015
2023-09-18,271.160004,271.440002,263.760010,265.279999
2023-09-19,264.350006,267.850006,261.200012,266.500000
2023-09-20,267.040009,273.929993,262.459991,262.589996
2023-09-21,257.850006,260.859985,254.210007,255.699997
2023-09-22,257.399994,257.790009,244.479996,244.880005
2023-09-25,243.380005,247.100006,238.309998,246.990005
2023-09-26,242.979996,249.550003,241.660004,244.119995
2023-09-27,244.259995,245.330002,234.580002,240.500000
2023-09-28,240.020004,247.550003,238.649994,246.380005
2023-09-29,250.000000,254.770004,246.350006,250.220001
2023-10-02,244.809998,254.279999,242.619995,251.600006
2023-10-03,248.610001,250.020004,244.449997,246.529999
2023-10-04,248.139999,261.859985,247.600006,261.160004
2023-10-05,260.000000,263.600006,256.250000,260.049988
2023-10-06,253.979996,261.649994,250.649994,260.529999
2023-10-09,255.309998,261.359985,252.050003,259.670013
2023-10-10,257.750000,268.940002,257.649994,263.619995
2023-10-11,266.200012,268.600006,260.899994,262.989990
2023-10-12,262.920013,265.410004,256.630005,258.869995
2023-10-13,258.899994,259.600006,250.220001,251.119995
2023-10-16,250.050003,255.399994,248.479996,253.919998
2023-10-17,250.100006,257.179993,247.080002,254.850006
2023-10-18,252.699997,254.630005,242.080002,242.679993
2023-10-19,225.949997,230.610001,216.779999,220.110001
2023-10-20,217.009995,218.860001,210.419998,211.990005
2023-10-23,210.000000,216.979996,202.509995,212.080002
2023-10-24,216.500000,222.050003,214.110001,216.520004
2023-10-25,215.880005,220.100006,212.199997,212.419998
2023-10-26,211.320007,214.800003,204.880005,205.759995
2023-10-27,210.600006,212.410004,205.770004,207.300003
2023-10-30,209.279999,210.880005,194.669998,197.360001
2023-10-31,196.119995,202.800003,194.070007,200.839996
2023-11-01,204.039993,205.990005,197.850006,205.660004
2023-11-02,212.970001,219.199997,211.449997,218.509995
2023-11-03,221.149994,226.369995,218.399994,219.960007
2023-11-06,223.979996,226.320007,215.000000,219.270004
2023-11-07,219.979996,223.119995,215.720001,222.179993
2023-11-08,223.149994,224.149994,217.639999,222.110001
2023-11-09,219.750000,220.800003,206.679993,209.979996
2023-11-10,210.029999,215.380005,205.690002,214.649994
2023-11-13,215.600006,225.399994,211.610001,223.710007
2023-11-14,235.029999,238.139999,230.720001,237.410004
2023-11-15,239.289993,246.699997,236.449997,242.839996
2023-11-16,239.490005,240.880005,230.960007,233.589996
2023-11-17,232.000000,237.389999,226.539993,234.300003
2023-11-20,234.039993,237.100006,231.020004,235.600006
2023-11-21,235.039993,243.619995,233.339996,241.199997
2023-11-22,242.039993,244.009995,231.399994,234.210007
2023-11-24,233.750000,238.750000,232.330002,235.449997
2023-11-27,236.889999,238.330002,232.100006,236.080002
2023-11-28,236.679993,247.000000,234.009995,246.720001
2023-11-29,249.210007,252.750000,242.759995,244.139999
2023-11-30,245.139999,245.220001,236.910004,240.080002
2023-12-01,233.139999,240.190002,231.899994,238.830002
2023-12-04,235.750000,239.369995,233.289993,235.580002
2023-12-05,233.869995,246.660004,233.699997,238.720001
2023-12-06,242.919998,246.570007,239.169998,239.369995
2023-12-07,241.550003,244.080002,236.979996,242.639999
2023-12-08,240.270004,245.270004,239.270004,243.839996
2023-12-11,242.740005,243.440002,237.449997,239.740005
2023-12-12,238.550003,238.990005,233.869995,237.009995
2023-12-13,234.190002,240.300003,228.199997,239.289993
2023-12-14,241.220001,253.880005,240.789993,251.050003
2023-12-15,251.210007,254.130005,248.300003,253.500000
2023-12-18,253.779999,258.739990,251.360001,252.080002
2023-12-19,253.479996,258.339996,253.009995,257.220001
2023-12-20,256.410004,259.839996,247.000000,247.139999
2023-12-21,251.899994,254.800003,248.550003,254.500000
2023-12-22,256.760010,258.220001,251.369995,252.539993
2023-12-26,254.490005,257.970001,252.910004,256.609985
2023-12-27,258.350006,263.339996,257.519989,261.440002
2023-12-28,263.660004,265.130005,252.710007,253.179993
2023-12-29,255.100006,255.190002,247.429993,248.479996
2024-01-02,250.080002,251.250000,244.410004,248.419998
2024-01-03,244.979996,245.679993,236.320007,238.449997
2024-01-04,239.250000,242.699997,237.729996,237.929993
2024-01-05,236.860001,240.119995,234.899994,237.490005
2024-01-08,236.139999,241.250000,235.300003,240.449997
2024-01-09,238.110001,238.960007,232.039993,234.960007
2024-01-10,235.100006,235.500000,231.289993,233.940002
2024-01-11,230.570007,230.929993,225.369995,227.220001
2024-01-12,220.080002,225.339996,217.149994,218.889999
2024-01-16,215.100006,223.490005,212.179993,219.910004
2024-01-17,214.860001,215.669998,212.009995,215.550003
2024-01-18,216.880005,217.449997,208.740005,211.880005
2024-01-19,209.990005,213.190002,207.559998,212.190002
2024-01-22,212.259995,217.800003,206.270004,208.800003
2024-01-23,211.300003,215.649994,207.750000,209.139999
2024-01-24,211.880005,212.729996,206.770004,207.830002
2024-01-25,189.699997,193.000000,180.059998,182.630005
2024-01-26,185.500000,186.779999,182.100006,183.250000
2024-01-29,185.630005,191.479996,183.669998,190.929993
2024-01-30,195.330002,196.360001,190.610001,191.589996
2024-01-31,187.000000,193.970001,185.850006,187.289993
2024-02-01,188.500000,189.880005,184.279999,188.860001
2024-02-02,185.039993,188.690002,182.000000,187.910004
2024-02-05,184.259995,184.679993,175.009995,181.059998
2024-02-06,177.210007,186.490005,177.110001,185.100006
2024-02-07,188.179993,189.789993,182.679993,187.580002
2024-02-08,189.000000,191.619995,185.580002,189.559998
2024-02-09,190.179993,194.119995,189.479996,193.570007
2024-02-12,192.110001,194.729996,187.279999,188.130005
2024-02-13,183.990005,187.259995,182.110001,184.020004
2024-02-14,185.300003,188.889999,183.350006,188.710007
2024-02-15,189.160004,200.880005,188.860001,200.449997
2024-02-16,202.059998,203.169998,197.399994,199.949997
2024-02-20,196.130005,198.600006,189.130005,193.759995
2024-02-21,193.360001,199.440002,191.949997,194.770004
2024-02-22,194.000000,198.320007,191.360001,197.410004
2024-02-23,195.309998,197.570007,191.500000,191.970001
2024-02-26,192.289993,201.779999,192.000000,199.399994
2024-02-27,204.039993,205.600006,198.259995,199.729996
2024-02-28,200.419998,205.300003,198.440002,202.039993
2024-02-29,204.179993,205.279999,198.449997,201.880005
2024-03-01,200.520004,204.520004,198.500000,202.639999
2024-03-04,198.729996,199.750000,186.720001,188.139999
2024-03-05,183.050003,184.589996,177.570007,180.740005
2024-03-06,179.990005,181.580002,173.699997,176.539993
2024-03-07,174.350006,180.039993,173.699997,178.649994
2024-03-08,181.500000,182.729996,174.699997,175.339996
2024-03-11,175.449997,182.869995,174.800003,177.770004
2024-03-12,177.770004,179.429993,172.410004,177.539993
2024-03-13,173.050003,176.050003,169.149994,169.479996
2024-03-14,167.770004,171.169998,160.509995,162.500000
2024-03-15,163.160004,165.179993,160.759995,163.570007
2024-03-18,170.020004,174.720001,165.899994,173.800003
2024-03-19,172.360001,172.820007,167.419998,171.320007
2024-03-20,173.000000,176.250000,170.820007,175.660004
2024-03-21,176.389999,178.179993,171.800003,172.820007
2024-03-22,166.690002,171.199997,166.300003,170.830002
2024-03-25,168.759995,175.240005,168.729996,172.630005
2024-03-26,178.580002,184.250000,177.380005,177.669998
2024-03-27,181.410004,181.910004,176.000000,179.830002
2024-03-28,177.449997,179.570007,175.300003,175.789993
2024-04-01,176.169998,176.750000,170.210007,175.220001
2024-04-02,164.750000,167.690002,163.429993,166.630005
2024-04-03,164.020004,168.820007,163.279999,168.380005
2024-04-04,170.070007,177.190002,168.009995,171.110001
2024-04-05,169.080002,170.860001,160.509995,164.899994
2024-04-08,169.339996,174.500000,167.789993,172.979996
2024-04-09,172.910004,179.220001,171.919998,176.880005
2024-04-10,173.039993,174.929993,170.009995,171.759995
2024-04-11,172.550003,175.880005,168.509995,174.600006
2024-04-12,172.339996,173.809998,170.360001,171.050003
2024-04-15,170.240005,170.690002,161.380005,161.479996
2024-04-16,156.740005,158.190002,153.750000,157.110001
2024-04-17,157.639999,158.330002,153.779999,155.449997
2024-04-18,151.250000,152.199997,148.699997,149.929993
2024-04-19,148.970001,150.940002,146.220001,147.050003
2024-04-22,140.559998,144.440002,138.800003,142.050003
2024-04-23,143.330002,147.259995,141.110001,144.679993
2024-04-24,162.839996,167.970001,157.509995,162.130005
2024-04-25,158.960007,170.880005,158.360001,170.179993
2024-04-26,168.850006,172.119995,166.369995,168.289993
2024-04-29,188.419998,198.869995,184.539993,194.050003
2024-04-30,186.979996,190.949997,182.839996,183.279999
2024-05-01,182.000000,185.860001,179.009995,179.990005
2024-05-02,182.860001,184.600006,176.020004,180.009995
2024-05-03,182.100006,184.779999,178.419998,181.190002
2024-05-06,183.800003,187.559998,182.199997,184.759995
2024-05-07,182.399994,183.259995,177.399994,177.809998
2024-05-08,171.589996,176.059998,170.149994,174.720001
2024-05-09,175.009995,175.619995,171.369995,171.970001
2024-05-10,173.050003,173.059998,167.750000,168.470001
2024-05-13,170.000000,175.399994,169.000000,171.889999
2024-05-14,174.500000,179.490005,174.070007,177.550003
2024-05-15,179.899994,180.000000,173.110001,173.990005
2024-05-16,174.100006,175.789993,171.429993,174.839996
2024-05-17,173.550003,179.630005,172.750000,177.460007
2024-05-20,177.559998,177.750000,173.520004,174.949997
2024-05-21,175.509995,186.880005,174.710007,186.600006
2024-05-22,182.850006,183.800003,178.119995,180.110001
2024-05-23,181.800003,181.899994,173.259995,173.740005
2024-05-24,174.839996,180.080002,173.729996,179.240005
2024-05-28,176.399994,178.250000,173.160004,176.750000
2024-05-29,174.190002,178.149994,173.929993,176.190002
2024-05-30,178.580002,182.669998,175.380005,178.789993
2024-05-31,178.500000,180.320007,173.820007,178.080002
2024-06-03,178.130005,182.639999,174.490005,176.289993
2024-06-04,174.779999,177.759995,174.000000,174.770004
2024-06-05,175.350006,176.149994,172.130005,175.000000
2024-06-06,174.600006,179.729996,172.729996,177.940002
2024-06-07,176.130005,179.350006,175.580002,177.479996
2024-06-10,176.059998,178.570007,173.169998,173.789993
2024-06-11,173.919998,174.750000,167.410004,170.660004
2024-06-12,171.119995,180.550003,169.800003,177.289993
2024-06-13,188.389999,191.080002,181.229996,182.470001
2024-06-14,185.800003,186.000000,176.919998,178.009995
2024-06-17,177.919998,188.809998,177.000000,187.440002
2024-06-18,186.559998,187.199997,182.369995,184.860001
2024-06-20,184.679993,185.210007,179.660004,181.570007
2024-06-21,182.300003,183.949997,180.690002,183.009995
2024-06-24,184.970001,188.800003,182.550003,182.580002
2024-06-25,184.399994,187.970001,182.009995,187.350006
2024-06-26,186.539993,197.759995,186.360001,196.369995
2024-06-27,195.169998,198.720001,194.050003,197.419998
2024-06-28,199.550003,203.199997,195.259995,197.880005
2024-07-01,201.020004,213.229996,200.850006,209.860001
2024-07-02,218.889999,231.300003,218.059998,231.259995
2024-07-03,234.559998,248.350006,234.250000,246.389999
2024-07-05,249.809998,252.369995,242.460007,251.520004
2024-07-08,247.710007,259.440002,244.570007,252.940002
2024-07-09,251.000000,265.609985,250.300003,262.329987
2024-07-10,262.799988,267.589996,257.859985,263.260010
2024-07-11,263.299988,271.000000,239.649994,241.029999
2024-07-12,235.800003,251.839996,233.089996,248.229996
2024-07-15,255.970001,265.600006,251.729996,252.639999
2024-07-16,255.309998,258.619995,245.800003,256.559998
2024-07-17,252.729996,258.470001,246.179993,248.500000
2024-07-18,251.089996,257.140015,247.199997,249.229996
2024-07-19,247.789993,249.440002,236.830002,239.199997
2024-07-22,244.210007,253.210007,243.750000,251.509995
2024-07-23,253.600006,255.759995,245.630005,246.380005
2024-07-24,225.419998,225.990005,214.710007,215.990005
2024-07-25,216.800003,226.000000,216.229996,220.250000
2024-07-26,221.190002,222.279999,215.330002,219.800003
2024-07-29,224.899994,234.270004,224.699997,232.100006
2024-07-30,232.250000,232.410004,220.000000,222.619995
2024-07-31,227.899994,234.679993,226.789993,232.070007
2024-08-01,227.690002,231.869995,214.330002,216.860001
2024-08-02,214.880005,216.130005,205.779999,207.669998
2024-08-05,185.220001,203.880005,182.000000,198.880005
2024-08-06,200.750000,202.899994,192.669998,200.639999
2024-08-07,200.770004,203.490005,191.479996,191.759995
2024-08-08,195.699997,200.699997,192.039993,198.839996
2024-08-09,197.050003,200.880005,195.110001,200.000000
2024-08-12,199.020004,199.259995,194.669998,197.490005
2024-08-13,198.470001,208.490005,197.059998,207.830002
2024-08-14,207.389999,208.440002,198.750000,201.380005
2024-08-15,205.020004,215.880005,204.820007,214.139999
2024-08-16,211.149994,219.800003,210.800003,216.119995
2024-08-19,217.070007,222.979996,214.089996,222.720001
2024-08-20,224.880005,228.220001,219.559998,221.100006
2024-08-21,222.669998,224.660004,218.860001,223.270004
2024-08-22,223.820007,224.800003,210.320007,210.660004
2024-08-23,214.460007,221.479996,214.210007,220.320007
2024-08-26,218.750000,219.089996,211.009995,213.210007
2024-08-27,213.250000,215.660004,206.940002,209.210007
2024-08-28,209.720001,211.839996,202.589996,205.750000
2024-08-29,209.800003,214.889999,205.970001,206.279999
2024-08-30,208.630005,214.570007,207.029999,214.110001
2024-09-03,215.259995,219.899994,209.639999,210.600006
2024-09-04,210.589996,222.220001,210.570007,219.410004
2024-09-05,223.490005,235.000000,222.250000,230.169998
2024-09-06,232.600006,233.600006,210.509995,210.729996
2024-09-09,216.199997,219.869995,213.669998,216.270004
2024-09-10,220.070007,226.399994,218.639999,226.169998
2024-09-11,224.550003,228.470001,216.800003,228.130005
2024-09-12,224.660004,231.449997,223.830002,229.809998
2024-09-13,228.000000,232.669998,226.320007,230.289993
2024-09-16,229.300003,229.960007,223.529999,226.779999
2024-09-17,229.449997,234.570007,226.550003,227.869995
2024-09-18,230.089996,235.679993,226.880005,227.199997
2024-09-19,234.000000,244.240005,232.130005,243.919998
2024-09-20,241.520004,243.990005,235.919998,238.250000
2024-09-23,242.610001,250.000000,241.919998,250.000000
2024-09-24,254.080002,257.190002,249.050003,254.270004
2024-09-25,252.539993,257.049988,252.279999,257.019989
2024-09-26,260.600006,261.750000,251.529999,254.220001
2024-09-27,257.380005,260.700012,254.119995,260.459991
2024-09-30,259.040009,264.859985,255.770004,261.630005
2024-10-01,262.670013,263.980011,248.529999,258.019989
2024-10-02,247.550003,251.160004,241.500000,249.020004
2024-10-03,244.479996,249.789993,237.809998,240.660004
2024-10-04,246.690002,250.960007,244.580002,250.080002
2024-10-07,249.000000,249.830002,240.699997,240.830002
2024-10-08,243.559998,246.210007,240.559998,244.500000
2024-10-09,243.820007,247.429993,239.509995,241.050003
2024-10-10,241.809998,242.789993,232.339996,238.770004
2024-10-11,220.130005,223.339996,214.380005,217.800003
2024-10-14,220.130005,221.910004,213.740005,219.160004
2024-10-15,220.009995,224.259995,217.119995,219.570007
2024-10-16,221.399994,222.820007,218.929993,221.330002
2024-10-17,221.589996,222.080002,217.899994,220.889999
2024-10-18,220.710007,222.279999,219.229996,220.699997
2024-10-21,218.899994,220.479996,215.729996,218.850006
2024-10-22,217.309998,218.220001,215.259995,217.970001
2024-10-23,217.130005,218.720001,212.110001,213.649994
2024-10-24,244.679993,262.119995,242.649994,260.480011
2024-10-25,256.010010,269.489990,255.320007,269.190002
2024-10-28,270.000000,273.540009,262.239990,262.510010
2024-10-29,264.510010,264.980011,255.509995,259.519989
2024-10-30,258.040009,263.350006,255.820007,257.549988
2024-10-31,257.989990,259.750000,249.250000,249.850006
2024-11-01,252.039993,254.000000,246.630005,248.979996
2024-11-04,244.559998,248.899994,238.880005,242.839996
2024-11-05,247.339996,255.279999,246.210007,251.440002
2024-11-06,284.670013,289.589996,275.619995,288.529999
2024-11-07,288.890015,299.750000,285.519989,296.910004
2024-11-08,299.140015,328.709991,297.660004,321.220001
2024-11-11,346.299988,358.640015,336.000000,350.000000
2024-11-12,342.739990,345.839996,323.309998,328.489990
2024-11-13,335.850006,344.600006,322.500000,330.239990
2024-11-14,327.690002,329.980011,310.369995,311.179993
2024-11-15,310.570007,324.679993,309.220001,320.720001
2024-11-18,340.730011,348.549988,330.010010,338.739990
2024-11-19,335.760010,347.380005,332.750000,346.000000
2024-11-20,345.000000,346.600006,334.299988,342.029999
2024-11-21,343.809998,347.989990,335.279999,339.640015
2024-11-22,341.089996,361.529999,337.700012,352.559998
2024-11-25,360.140015,361.929993,338.200012,338.589996
2024-11-26,341.000000,346.959991,335.660004,338.230011
2024-11-27,341.799988,342.549988,326.589996,332.890015
2024-11-29,336.079987,345.450012,334.649994,345.160004
2024-12-02,352.380005,360.000000,351.149994,357.089996
2024-12-03,351.799988,355.690002,348.200012,351.420013
2024-12-04,353.000000,358.100006,348.600006,357.929993
2024-12-05,359.869995,375.429993,359.500000,369.489990
2024-12-06,377.420013,389.489990,370.799988,389.220001
2024-12-09,397.609985,404.799988,378.010010,389.790009
2024-12-10,392.679993,409.730011,390.850006,400.989990
2024-12-11,409.700012,424.880005,402.380005,424.769989
2024-12-12,424.839996,429.299988,415.000000,418.100006
2024-12-13,420.000000,436.299988,415.709991,436.230011
2024-12-16,441.089996,463.190002,436.149994,463.019989
2024-12-17,475.899994,483.989990,457.510010,479.859985
2024-12-18,466.500000,488.540009,427.010010,440.130005
2024-12-19,451.880005,456.359985,420.019989,436.170013
2024-12-20,425.510010,447.079987,417.640015,421.059998
2024-12-23,431.000000,434.510010,415.410004,430.600006
2024-12-24,435.899994,462.779999,435.140015,462.279999
2024-12-26,465.160004,465.329987,451.019989,454.130005
2024-12-27,449.519989,450.000000,426.500000,431.660004
2024-12-30,419.399994,427.000000,415.750000,417.410004
2024-12-31,423.790009,427.929993,402.540009,403.839996
2025-01-02,390.100006,392.730011,373.040009,379.279999
2025-01-03,381.480011,411.880005,379.450012,410.440002
2025-01-06,423.200012,426.429993,401.700012,411.049988
2025-01-07,405.829987,414.329987,390.000000,394.359985
2025-01-08,392.950012,402.500000,387.399994,394.940002
2025-01-10,391.399994,399.279999,377.290009,394.739990
2025-01-13,383.209991,403.790009,380.070007,403.309998
2025-01-14,414.339996,422.640015,394.540009,396.359985
2025-01-15,409.899994,429.799988,405.660004,428.220001
2025-01-16,423.489990,424.000000,409.130005,413.820007
2025-01-17,421.500000,439.739990,419.750000,426.500000
2025-01-21,432.640015,433.200012,406.309998,424.070007
2025-01-22,416.809998,428.000000,414.589996,415.109985
2025-01-23,416.059998,420.730011,408.950012,412.380005
2025-01-24,414.450012,418.880005,405.779999,406.579987
2025-01-27,394.799988,406.690002,389.000000,397.149994
2025-01-28,396.910004,400.589996,386.500000,398.089996
2025-01-29,395.209991,398.589996,384.480011,389.100006
2025-01-30,410.779999,412.500000,384.410004,400.279999
2025-01-31,401.529999,419.989990,401.339996,404.600006
2025-02-03,386.679993,389.170013,374.359985,383.679993
2025-02-04,382.630005,394.000000,381.399994,392.209991
2025-02-05,387.510010,388.390015,375.529999,378.170013
2025-02-06,373.029999,375.399994,363.179993,374.320007
2025-02-07,370.190002,380.549988,360.339996,361.619995
2025-02-10,356.209991,362.700012,350.510010,350.730011
2025-02-11,345.799988,349.369995,325.100006,328.500000
2025-02-12,329.940002,346.399994,329.119995,336.510010
2025-02-13,345.000000,358.690002,342.850006,355.940002
2025-02-14,360.619995,362.000000,347.500000,355.839996
2025-02-18,355.010010,359.100006,350.019989,354.109985
2025-02-19,354.000000,367.339996,353.670013,360.559998
2025-02-20,361.510010,362.299988,348.000000,354.399994
2025-02-21,353.440002,354.980011,334.420013,337.799988
2025-02-24,338.140015,342.399994,324.700012,330.529999
2025-02-25,327.019989,328.890015,297.250000,302.799988
2025-02-26,303.709991,309.000000,288.040009,290.799988
2025-02-27,291.160004,297.230011,280.880005,281.950012
2025-02-28,279.500000,293.880005,273.600006,292.980011
2025-03-03,300.339996,303.940002,277.299988,284.649994
2025-03-04,270.929993,284.350006,261.839996,272.040009
2025-03-05,272.920013,279.549988,267.709991,279.100006
2025-03-06,272.059998,272.649994,260.019989,263.450012
2025-03-07,259.320007,266.250000,250.729996,262.670013
2025-03-10,252.539993,253.369995,220.000000,222.149994
2025-03-11,225.309998,237.059998,217.020004,230.580002
2025-03-12,247.220001,251.839996,241.100006,248.089996
2025-03-13,248.130005,248.289993,232.600006,240.679993
2025-03-14,247.309998,251.580002,240.729996,249.979996
2025-03-17,245.059998,245.399994,232.800003,238.009995
2025-03-18,228.160004,230.100006,222.279999,225.309998
2025-03-19,231.610001,241.410004,229.199997,235.860001
2025-03-20,233.350006,238.000000,230.050003,236.259995
2025-03-21,234.990005,249.520004,234.550003,248.710007
2025-03-24,258.079987,278.640015,256.329987,278.390015
2025-03-25,283.600006,288.200012,271.279999,288.140015
2025-03-26,282.660004,284.899994,266.510010,272.059998
2025-03-27,272.480011,291.850006,271.820007,273.130005
2025-03-28,275.579987,276.100006,260.570007,263.549988
2025-03-31,249.309998,260.559998,243.360001,259.160004
2025-04-01,263.799988,277.450012,259.250000,268.459991
2025-04-02,254.600006,284.989990,251.270004,282.760010
2025-04-03,265.290009,276.299988,261.510010,267.279999
2025-04-04,255.380005,261.000000,236.000000,239.429993
2025-04-07,223.779999,252.000000,214.250000,233.289993
2025-04-08,245.000000,250.440002,217.800003,221.860001
2025-04-09,224.690002,274.690002,223.880005,272.200012
2025-04-10,260.000000,262.489990,239.330002,252.399994
2025-04-11,251.839996,257.739990,241.360001,252.309998
2025-04-14,258.359985,261.799988,245.929993,252.350006
2025-04-15,249.910004,258.750000,247.539993,254.110001
2025-04-16,247.610001,251.970001,233.889999,241.550003
2025-04-17,243.470001,244.339996,237.679993,241.369995
2025-04-21,230.259995,232.210007,222.789993,227.500000
2025-04-22,230.960007,242.789993,229.850006,237.970001
2025-04-23,254.860001,259.450012,244.429993,250.740005
2025-04-24,250.500000,259.540009,249.199997,259.510010
2025-04-25,261.690002,286.850006,259.630005,284.950012
2025-04-28,288.980011,294.859985,272.420013,285.880005
2025-04-29,285.500000,293.320007,279.470001,292.029999
2025-04-30,279.899994,284.450012,270.779999,282.160004
2025-05-01,280.010010,290.869995,279.809998,280.519989
2025-05-02,284.899994,294.779999,279.809998,287.209991
2025-05-05,284.570007,284.850006,274.399994,280.260010
2025-05-06,273.109985,277.730011,271.350006,275.350006
2025-05-07,276.880005,277.920013,271.000000,276.220001
2025-05-08,279.630005,289.799988,279.410004,284.820007
2025-05-09,290.209991,307.040009,290.000000,298.260010
2025-05-12,321.989990,322.209991,311.500000,318.380005
2025-05-13,320.000000,337.589996,316.799988,334.070007
2025-05-14,342.500000,350.000000,337.000000,347.679993
2025-05-15,340.339996,346.140015,334.720001,342.820007
2025-05-16,346.239990,351.619995,342.329987,349.980011
2025-05-19,336.299988,343.000000,333.369995,342.089996
2025-05-20,347.869995,354.989990,341.630005,343.820007
2025-05-21,344.429993,347.350006,332.200012,334.619995
2025-05-22,331.899994,347.269989,331.390015,341.040009
2025-05-23,337.920013,343.179993,333.209991,339.339996
2025-05-27,347.350006,363.790009,347.320007,362.890015
2025-05-28,364.839996,365.000000,355.910004,356.899994
2025-05-29,365.290009,367.709991,356.000000,358.429993
2025-05-30,355.519989,363.679993,345.290009,346.459991
2025-06-02,343.500000,348.019989,333.329987,342.690002
2025-06-03,346.600006,355.399994,343.040009,344.269989
2025-06-04,345.100006,345.600006,327.329987,332.049988
2025-06-05,322.489990,324.549988,273.209991,284.700012
2025-06-06,298.829987,305.500000,291.140015,295.140015
2025-06-09,285.959991,309.829987,281.850006,308.579987
2025-06-10,314.940002,327.829987,310.670013,326.089996
2025-06-11,334.399994,335.500000,322.500000,326.429993
2025-06-12,323.079987,332.559998,316.859985,319.109985
2025-06-13,313.970001,332.989990,313.299988,325.309998
2025-06-16,331.290009,332.049988,326.410004,329.130005
2025-06-17,326.089996,327.260010,314.739990,316.350006
2025-06-18,317.309998,329.320007,315.450012,322.049988
2025-06-20,327.950012,332.359985,317.779999,322.160004
2025-06-23,327.540009,357.540009,327.480011,348.679993
2025-06-24,356.170013,356.260010,340.440002,340.470001
2025-06-25,342.700012,343.000000,320.399994,327.549988
2025-06-26,324.609985,331.049988,323.609985,325.779999
2025-06-27,324.510010,329.339996,317.500000,323.630005
2025-06-30,319.899994,325.579987,316.600006,317.660004
2025-07-01,298.459991,305.890015,293.209991,300.709991
2025-07-02,312.630005,316.829987,303.820007,315.649994
2025-07-03,317.989990,318.450012,312.760010,315.350006
2025-07-07,291.369995,296.149994,288.769989,293.940002
2025-07-08,297.000000,304.049988,294.350006,297.809998
2025-07-09,297.549988,300.149994,293.549988,295.880005
2025-07-10,300.049988,310.480011,300.000000,309.869995
2025-07-11,307.890015,314.089996,305.649994,313.510010
2025-07-14,317.730011,322.600006,312.670013,316.899994
2025-07-15,319.679993,321.200012,310.500000,310.779999
2025-07-16,312.799988,323.500000,312.619995,321.670013
2025-07-17,323.149994,324.339996,317.059998,319.410004
2025-07-18,321.660004,330.899994,321.420013,329.649994
2025-07-21,334.399994,338.000000,326.880005,328.489990
2025-07-22,329.739990,335.410004,321.549988,332.109985
2025-07-23,330.899994,336.200012,328.670013,332.559998
2025-07-24,310.000000,310.149994,300.410004,305.299988
2025-07-25,308.739990,323.630005,308.010010,316.059998
2025-07-28,318.450012,330.489990,315.690002,325.589996
2025-07-29,325.549988,326.250000,318.250000,321.200012
2025-07-30,322.179993,324.450012,311.619995,319.040009
2025-07-31,319.609985,321.369995,306.100006,308.269989
2025-08-01,306.209991,309.309998,297.820007,302.630005
2025-08-04,309.079987,312.119995,303.000000,309.260010
2025-08-05,308.950012,312.450012,305.500000,308.720001
2025-08-06,307.890015,320.470001,306.929993,319.910004
2025-08-07,319.790009,322.399994,316.160004,322.269989
2025-08-08,321.429993,335.149994,320.980011,329.649994
2025-08-11,335.000000,346.640015,334.149994,339.029999
2025-08-12,345.000000,345.260010,332.940002,340.839996
2025-08-13,341.500000,348.980011,338.200012,339.380005
2025-08-14,335.760010,340.470001,330.399994,335.579987
2025-08-15,337.660004,339.299988,327.019989,330.559998
2025-08-18,329.619995,336.269989,329.589996,335.160004
2025-08-19,335.790009,340.549988,327.850006,329.309998
2025-08-20,329.220001,331.369995,314.600006,323.899994
2025-08-21,322.079987,324.899994,318.679993,320.109985
2025-08-22,321.660004,340.250000,319.690002,340.010010
2025-08-25,338.899994,349.529999,335.029999,346.600006
2025-08-26,344.929993,351.899994,343.720001,351.670013
2025-08-27,351.940002,355.390015,349.160004,349.600006
2025-08-28,350.910004,353.549988,340.260010,345.980011
2025-08-29,347.230011,348.750000,331.700012,333.869995
2025-09-02,328.230011,333.329987,325.600006,329.359985
2025-09-03,335.200012,343.329987,328.510010,334.089996
2025-09-04,336.149994,338.890015,331.480011,338.529999
2025-09-05,348.000000,355.869995,344.679993,350.839996
2025-09-08,354.640015,358.440002,344.839996,346.399994
2025-09-09,348.440002,350.769989,343.820007,346.970001
2025-09-10,350.549988,356.329987,346.070007,347.790009
2025-09-11,350.170013,368.989990,347.600006,368.809998
2025-09-12,370.940002,396.690002,370.239990,395.940002
2025-09-15,423.130005,425.700012,402.429993,410.040009
2025-09-16,414.500000,423.250000,411.429993,421.619995
2025-09-17,415.750000,428.309998,409.670013,425.859985
2025-09-18,428.869995,432.220001,416.559998,416.850006
2025-09-19,421.820007,429.470001,421.720001,426.070007
2025-09-22,431.109985,444.980011,429.130005,434.209991
2025-09-23,439.880005,440.970001,423.720001,425.850006
2025-09-24,429.829987,444.209991,429.029999,442.790009
2025-09-25,435.239990,435.350006,419.079987,423.390015
2025-09-26,428.299988,440.470001,421.019989,440.399994
2025-09-29,444.350006,450.980011,439.500000,443.209991
2025-09-30,441.519989,445.000000,433.119995,444.720001
2025-10-01,443.799988,462.290009,440.750000,459.459991
2025-10-02,470.540009,470.750000,435.570007,436.000000
2025-10-03,443.290009,446.769989,416.579987,429.829987
2025-10-06,440.750000,453.549988,436.690002,453.250000
2025-10-07,447.820007,452.679993,432.450012,433.089996
2025-10-08,437.570007,441.329987,425.230011,438.690002
2025-10-09,431.809998,436.350006,426.179993,435.540009
2025-10-10,436.540009,443.130005,411.450012,413.489990
2025-10-13,423.529999,436.890015,419.700012,435.899994
2025-10-14,426.790009,434.200012,417.859985,429.239990
2025-10-15,434.899994,440.510010,426.329987,435.149994
2025-10-16,434.730011,439.350006,421.309998,428.750000
2025-10-17,425.500000,441.459991,423.600006,439.309998
2025-10-20,443.869995,449.799988,440.609985,447.429993
2025-10-21,445.760010,449.299988,442.049988,442.600006
2025-10-22,443.450012,445.540009,429.000000,438.970001
2025-10-23,420.000000,449.399994,413.899994,448.980011
2025-10-24,446.829987,451.679993,430.170013,433.720001
2025-10-27,439.980011,460.160004,438.690002,452.420013
2025-10-28,454.779999,467.000000,451.600006,460.549988
2025-10-29,462.500000,465.700012,452.649994,461.510010
2025-10-30,451.049988,455.059998,439.609985,440.100006
2025-10-31,446.750000,458.000000,443.690002,456.559998
2025-11-03,455.989990,474.070007,453.799988,468.369995
2025-11-04,454.459991,460.220001,443.600006,444.260010
2025-11-05,452.049988,466.329987,440.709991,462.070007
2025-11-06,461.959991,467.450012,435.089996,445.910004
2025-11-07,437.920013,439.359985,421.880005,429.519989
2025-11-10,439.600006,449.670013,433.359985,445.230011
2025-11-11,439.399994,442.489990,432.359985,439.619995
2025-11-12,442.149994,442.329987,426.559998,430.600006
2025-11-13,423.130005,424.500000,396.339996,401.989990
2025-11-14,386.299988,412.190002,382.779999,404.350006
2025-11-17,398.739990,423.959991,398.739990,408.920013
2025-11-18,405.380005,408.899994,393.709991,401.250000
2025-11-19,406.179993,411.779999,398.500000,403.989990
2025-11-20,414.630005,428.940002,394.739990,395.230011
2025-11-21,402.320007,402.799988,383.760010,391.089996
2025-11-24,402.170013,421.720001,401.089996,417.779999
2025-11-25,414.420013,420.480011,405.950012,419.399994
2025-11-26,423.950012,426.940002,416.890015,426.579987
2025-11-28,426.589996,432.929993,426.200012,430.170013
2025-12-01,425.320007,433.660004,425.290009,430.140015
2025-12-02,430.809998,436.799988,422.119995,429.239990
2025-12-03,432.100006,447.920013,431.109985,446.739990
2025-12-04,449.940002,454.630005,445.390015,454.529999
2025-12-05,453.029999,458.869995,451.660004,455.000000
2025-12-08,447.450012,449.750000,435.250000,439.579987
2025-12-09,437.540009,452.390015,435.700012,445.170013
2025-12-10,446.070007,456.880005,443.609985,451.450012
2025-12-11,448.950012,449.269989,440.329987,446.890015
2025-12-12,448.089996,463.010010,441.670013,458.959991
2025-12-15,469.440002,481.769989,467.660004,475.309998
2025-12-16,472.209991,491.500000,465.829987,489.880005
2025-12-17,488.220001,495.279999,466.200012,467.260010
2025-12-18,478.160004,490.859985,473.119995,483.369995
2025-12-19,488.119995,490.489990,474.720001,481.200012
2025-12-22,489.880005,498.829987,485.329987,488.730011
2025-12-23,489.399994,491.970001,482.839996,485.559998
2025-12-24,488.480011,490.899994,476.799988,485.399994
2025-12-26,485.230011,489.089996,473.820007,475.190002
2025-12-29,469.000000,469.399994,459.000000,459.640015
2025-12-30,461.089996,463.119995,453.829987,454.429993
2025-12-31,456.100006,456.549988,449.299988,449.720001
2026-01-02,457.799988,458.339996,435.299988,438.070007
2026-01-05,447.989990,457.549988,444.570007,451.670013
2026-01-06,446.380005,448.250000,428.779999,432.959991
2026-01-07,435.899994,438.369995,431.290009,431.410004
2026-01-08,427.890015,436.890015,424.369995,435.799988
2026-01-09,435.950012,449.049988,430.390015,445.010010
2026-01-12,441.230011,454.299988,438.000000,448.959991
2026-01-13,450.200012,451.809998,443.950012,447.200012
2026-01-14,442.809998,443.910004,434.220001,439.200012
2026-01-15,441.130005,445.359985,437.649994,438.570007
2026-01-16,439.500000,447.250000,435.260010,437.500000
2026-01-20,429.359985,430.730011,417.440002,419.250000
2026-01-21,421.660004,438.200012,419.619995,431.440002
2026-01-22,435.160004,449.500000,432.630005,449.359985
2026-01-23,447.429993,452.429993,444.040009,449.059998
2026-01-26,445.000000,445.040009,434.279999,435.200012
2026-01-27,437.410004,437.519989,430.690002,430.899994
2026-01-28,431.910004,438.260010,430.100006,431.459991
2026-01-29,437.799988,440.230011,414.619995,416.559998
2026-01-30,425.350006,439.880005,422.700012,430.410004
2026-02-02,421.290009,427.149994,414.500000,421.809998
2026-02-03,424.269989,428.559998,413.690002,421.959991
2026-02-04,420.459991,423.899994,399.179993,406.010010
2026-02-05,397.019989,402.100006,387.529999,397.209991
2026-02-06,400.869995,414.549988,397.750000,411.109985
2026-02-09,409.910004,421.250000,407.290009,417.320007
2026-02-10,418.079987,427.250000,417.000000,425.209991
2026-02-11,427.959991,436.350006,420.029999,428.269989
2026-02-12,430.299988,436.230011,414.000000,417.070007
2026-02-13,414.309998,424.059998,410.880005,417.440002
2026-02-17,412.359985,413.720001,400.510010,410.630005
2026-02-18,411.109985,416.899994,409.579987,411.320007
2026-02-19,407.250000,415.250000,404.109985,411.709991
2026-02-20,408.299988,414.700012,405.500000,411.820007
2026-02-23,407.290009,407.700012,394.040009,399.829987
2026-02-24,399.500000,410.820007,397.640015,409.380005
2026-02-25,412.149994,420.339996,412.149994,417.399994
2026-02-26,414.420013,416.809998,403.660004,408.579987
2026-02-27,402.940002,407.119995,398.109985,402.510010
2026-03-02,390.600006,404.540009,388.250000,403.320007
2026-03-03,395.089996,396.339996,385.390015,392.429993
2026-03-04,397.850006,408.329987,394.579987,405.940002
2026-03-05,401.570007,408.619995,399.420013,405.549988
2026-03-06,398.089996,402.350006,394.209991,396.730011
2026-03-09,390.049988,401.589996,381.399994,398.679993
2026-03-10,402.220001,406.589996,398.190002,399.239990
2026-03-11,402.279999,416.380005,402.149994,407.820007
2026-03-12,405.179993,406.500000,394.649994,395.010010
2026-03-13,399.170013,400.200012,389.950012,391.200012
2026-03-16,396.220001,403.730011,394.420013,395.559998
2026-03-17,395.690002,400.119995,393.000000,399.269989
2026-03-18,399.000000,403.070007,392.309998,392.779999
2026-03-19,387.269989,387.269989,378.730011,380.299988
2026-03-20,379.850006,379.890015,364.459991,367.959991
2026-03-23,373.089996,385.329987,372.730011,380.850006
2026-03-24,376.559998,387.480011,376.309998,383.029999
2026-03-25,389.989990,396.230011,385.010010,385.950012
2026-03-26,381.600006,384.440002,371.869995,372.109985
2026-03-27,369.690002,369.859985,359.470001,361.829987
2026-03-30,365.859985,367.290009,352.140015,355.279999
2026-03-31,361.510010,373.329987,361.000000,371.750000
2026-04-01,378.630005,383.140015,374.079987,381.260010
2026-04-02,364.200012,370.279999,359.029999,360.589996
2026-04-06,362.589996,367.720001,346.640015,352.820007
2026-04-07,346.440002,348.019989,337.239990,346.649994
2026-04-08,363.790009,364.500000,339.670013,343.250000
2026-04-09,343.149994,348.880005,337.250000,345.619995
2026-04-10,346.290009,350.359985,342.739990,348.950012
2026-04-13,350.070007,356.350006,348.570007,352.420013
2026-04-14,357.670013,367.630005,354.769989,364.200012
2026-04-15,366.829987,394.649994,362.500000,391.950012
2026-04-16,393.809998,394.059998,381.799988,388.899994
2026-04-17,395.920013,409.279999,391.649994,400.619995
2026-04-20,402.579987,406.799988,388.329987,392.500000
2026-04-21,393.000000,393.950012,385.220001,386.420013
2026-04-22,387.570007,393.010010,385.299988,387.510010
2026-04-23,375.279999,386.000000,368.390015,373.720001
2026-04-24,373.500000,382.760010,370.730011,376.299988
2026-04-27,372.089996,380.779999,364.019989,378.670013
2026-04-28,374.679993,382.290009,372.540009,376.019989
2026-04-29,375.399994,376.399994,370.040009,372.799988
2026-04-30,372.750000,384.750000,368.170013,381.630005
2026-05-01,382.489990,397.820007,378.799988,390.820007
2026-05-04,390.230011,394.640015,384.799988,392.510010
2026-05-05,395.190002,402.119995,389.000000,389.369995
2026-05-06,386.250000,401.679993,384.019989,398.730011
2026-05-07,407.480011,415.829987,402.119995,411.790009
2026-05-08,416.480011,431.200012,416.390015,428.350006
2026-05-11,422.160004,449.160004,416.799988,445.000000
2026-05-12,441.410004,447.799988,422.260010,433.450012
2026-05-13,436.670013,453.399994,430.209991,445.269989
2026-05-14,446.489990,451.980011,441.160004,443.299988
2026-05-15,433.980011,434.660004,422.000000,422.239990
2026-05-18,419.269989,421.130005,405.329987,409.989990
2026-05-19,403.160004,405.630005,393.630005,404.109985
2026-05-20,407.600006,417.459991,406.390015,417.260010
2026-05-21,422.179993,426.950012,412.899994,417.850006
2026-05-22,422.670013,431.510010,420.510010,426.010010
2026-05-26,430.260010,435.200012,426.119995,433.589996
2026-05-27,442.890015,445.600006,435.519989,440.359985
2026-05-28,437.619995,443.959991,436.299988,442.100006
2026-05-29,439.850006,441.070007,428.140015,435.790009
2026-06-01,427.489990,429.600006,415.429993,415.880005
2026-06-02,418.220001,424.420013,413.649994,423.739990
2026-06-03,418.700012,433.600006,416.000000,423.700012
2026-06-04,419.839996,426.350006,417.160004,418.450012
2026-06-05,420.500000,424.679993,388.589996,391.000000
2026-06-08,396.329987,412.940002,394.720001,408.950012
2026-06-09,411.029999,418.500000,384.239990,396.679993
2026-06-10,391.540009,397.089996,380.149994,381.589996
2026-06-11,388.279999,399.540009,380.660004,399.149994
2026-06-12,399.489990,406.679993,386.760010,406.429993
2026-06-15,412.369995,416.000000,407.100006,411.149994
2026-06-16,404.109985,412.420013,400.540009,404.660004
2026-06-17,401.529999,405.940002,393.760010,396.380005
2026-06-18,398.100006,402.519989,384.700012,400.489990
2026-06-22,394.850006,414.750000,394.399994,405.049988
2026-06-23,392.609985,392.869995,379.059998,381.609985
2026-06-24,380.079987,384.579987,373.049988,375.529999
2026-06-25,375.269989,379.119995,371.220001,375.119995
2026-06-26,370.149994,387.799988,368.600006,379.709991
2026-06-29,381.790009,413.269989,379.299988,411.839996
2026-06-30,406.000000,424.540009,406.000000,420.600006
2026-07-01,421.459991,432.859985,418.089996,425.299988
2026-07-02,428.010010,432.350006,389.299988,393.450012
2026-07-06,397.500000,420.000000,390.500000,419.769989
2026-07-07,416.959991,419.559998,401.880005,402.899994
2026-07-08,399.380005,399.630005,390.510010,394.059998
2026-07-09,393.989990,407.859985,390.859985,406.549988
2026-07-10,410.489990,413.160004,402.809998,407.760010
2026-07-13,404.609985,405.570007,391.369995,394.760010
2026-07-14,399.049988,402.220001,394.760010,396.179993
2026-07-15,399.399994,406.589996,390.660004,394.459991
2026-07-16,392.350006,395.309998,385.320007,391.059998
2026-07-17,381.779999,385.690002,377.220001,380.839996
2026-07-20,386.049988,386.609985,369.429993,369.570007
2026-07-21,371.170013,384.070007,369.980011,378.929993
2026-07-22,375.529999,380.170013,372.899994,374.010010
2026-07-23,341.000000,342.109985,315.739990,319.690002
2026-07-24,320.720001,322.959991,306.510010,313.029999
2026-07-27,313.239990,317.000000,304.279999,309.220001
2026-07-28,305.929993,311.160004,300.690002,307.440002
2026-07-29,307.140015,309.059998,297.380005,298.320007
2026-07-30,302.700012,310.869995,301.329987,308.850006
2026-07-31,309.690002,315.500000,301.970001,311.209991
2026-08-03,310.959991,324.649994,310.429993,322.079987
2026-08-04,324.000000,329.570007,320.790009,327.350006
2026-08-05,323.420013,327.140015,320.279999,321.549988
2026-08-06,317.049988,323.000000,315.519989,319.529999
2026-08-07,322.339996,333.730011,321.250000,328.579987
2026-08-10,326.600006,332.049988,326.149994,330.880005
2026-08-11,332.799988,336.200012,329.529999,332.809998
2026-08-12,335.000000,335.500000,323.640015,327.510010
2026-08-13,327.200012,341.640015,325.239990,339.959991
2026-08-14,342.329987,351.260010,335.329987,342.269989
2026-08-17,340.690002,345.450012,337.480011,339.299988
2026-08-18,333.220001,340.529999,331.119995,336.869995
2026-08-19,338.890015,351.619995,335.700012,351.119995
2026-08-20,346.200012,347.500000,338.959991,345.130005
2026-08-21,349.880005,366.500000,346.899994,362.859985
2026-08-24,361.410004,363.239990,348.260010,348.950012
2026-08-25,349.579987,357.000000,349.200012,350.250000
2026-08-26,345.269989,351.929993,342.529999,345.820007
2026-08-27,346.160004,355.739990,345.450012,354.809998
2026-08-28,357.100006,358.799988,345.200012,348.750000
2026-08-31,347.209991,368.920013,347.149994,367.950012
2026-09-01,360.899994,362.700012,352.959991,356.089996
2026-09-02,360.410004,360.619995,349.920013,357.010010
2026-09-03,365.820007,384.040009,365.820007,376.369995
2026-09-04,362.070007,364.690002,351.320007,354.079987
2026-09-08,357.100006,370.000000,355.750000,368.160004
2026-09-09,368.250000,375.440002,366.000000,367.809998
2026-09-10,360.600006,369.209991,357.679993,363.559998
2026-09-11,364.200012,368.660004,361.600006,365.440002
2026-09-14,359.779999,367.730011,357.040009,358.970001
2026-09-15,358.750000,362.390015,354.049988,356.579987
2026-09-16,357.929993,365.100006,354.890015,358.079987
2026-09-17,367.480011,374.119995,363.220001,366.200012
2026-09-18,369.000000,370.899994,360.750000,364.269989
2026-09-21,371.640015,378.359985,371.070007,375.299988
2026-09-22,379.070007,380.420013,372.880005,378.899994
2026-09-23,380.100006,386.700012,377.579987,380.119995
2026-09-24,377.350006,383.329987,375.700012,377.940002
2026-09-25,384.619995,386.829987,367.670013,372.109985
2026-09-28,368.059998,369.429993,359.269989,360.029999
